t,n1,n2,n3,oracle_n1,oracle_n2,oracle_n3,error_norm,oracle_error_norm,r1,r2,r3,u1,u2,u3,z1,z2,z3
0,2.966735823,3.050856091,3.050856091,2.966735823,3.050856091,3.050856091,0.4760110355,0.4760110355,0.1984237395,0.2078119557,0.1678119557,0.6964152342,0.697410571,0.697410571,0.5278813027,0.5409402215,0.5409402215
0.02,2.965183311,3.049227779,3.049432881,2.965183311,3.049227779,3.049432881,0.4733534364,0.4733534364,0.1985479404,0.2079422207,0.1679258125,0.6958967368,0.6968758716,0.6969432443,0.527260298,0.5402888967,0.5403709376
0.04,2.963640035,3.047609399,3.048016127,2.963640035,3.047609399,3.048016127,0.4707106686,0.4707106686,0.1986714025,0.208071691,0.1680391528,0.695380945,0.6963440405,0.696477736,0.5266429875,0.5396415449,0.5398042359
0.06,2.962105936,3.046000888,3.046605809,2.962105936,3.046000888,3.046605809,0.4680826487,0.4680826487,0.1987941304,0.2082003719,0.1681519782,0.6948678455,0.6958150629,0.6960140438,0.5260293478,0.5389981404,0.5392401088
0.08,2.960580956,3.044402181,3.045201909,2.960580956,3.044402181,3.045201909,0.465469294,0.465469294,0.1989161289,0.2083282685,0.1682642902,0.6943574247,0.6952889244,0.695552165,0.5254193556,0.5383586575,0.5386785489
0.1,2.959065036,3.042813215,3.043804409,2.959065036,3.042813215,3.043804409,0.4628705222,0.4628705222,0.1990374024,0.2084553858,0.1683760903,0.6938496694,0.6947656104,0.6950920973,0.5248129878,0.537723071,0.5381195487
0.12,2.95755812,3.041233926,3.042413289,2.95755812,3.041233926,3.042413289,0.4602862513,0.4602862513,0.1991579557,0.2085817289,0.1684873799,0.6933445663,0.6942451065,0.6946338379,0.5242102215,0.5370913555,0.5375631006
0.14,2.956060151,3.039664252,3.04102853,2.956060151,3.039664252,3.04102853,0.4577164001,0.4577164001,0.1992777932,0.2087073028,0.1685981606,0.6928421022,0.6937273983,0.6941773842,0.5236110338,0.5364634861,0.5370091972
0.16,2.954571072,3.038104132,3.039650114,2.954571072,3.038104132,3.039650114,0.4551608876,0.4551608876,0.1993969196,0.2088321124,0.1687084339,0.6923422639,0.6932124715,0.6937227335,0.5230154021,0.5358394378,0.5364578307
0.18,2.953090827,3.036553502,3.038278021,2.953090827,3.036553502,3.038278021,0.4526196334,0.4526196334,0.1995153392,0.2089561628,0.1688182013,0.6918450384,0.692700312,0.693269883,0.522423304,0.535219186,0.5359089935
0.2,2.95161936,3.035012302,3.036912232,2.95161936,3.035012302,3.036912232,0.4500925576,0.4500925576,0.1996330566,0.2090794588,0.1689274644,0.6913504125,0.6921909054,0.6928188299,0.5218347172,0.5346027061,0.535362678
0.22,2.950156615,3.033480472,3.035552728,2.950156615,3.033480472,3.035552728,0.4475795805,0.4475795805,0.1997500761,0.2092020052,0.1690362247,0.6908583735,0.6916842377,0.6923695713,0.5212496194,0.5339899738,0.5348188765
0.24,2.948702539,3.031957949,3.03419949,2.948702539,3.031957949,3.03419949,0.4450806232,0.4450806232,0.1998664022,0.209323807,0.1691444838,0.6903689083,0.6911802948,0.6919221043,0.5206679888,0.5333809649,0.5342775811
0.26,2.947257075,3.030444676,3.032852497,2.947257075,3.030444676,3.032852497,0.4425956071,0.4425956071,0.1999820393,0.2094448689,0.1692522432,0.6898820041,0.6906790629,0.691476426,0.5200898034,0.5327756555,0.5337387841
0.28,2.94582017,3.028940591,3.031511731,2.94582017,3.028940591,3.031511731,0.440124454,0.440124454,0.2000969917,0.2095651957,0.1693595044,0.6893976482,0.6901805278,0.6910325332,0.5195150415,0.5321740216,0.5332024778
0.3,2.944391771,3.027445636,3.030177173,2.944391771,3.027445636,3.030177173,0.4376670863,0.4376670863,0.2002112637,0.2096847921,0.1694662692,0.6889158277,0.6896846759,0.6905904231,0.5189436817,0.5315760397,0.5326686542
0.32,2.942971823,3.025959752,3.028848801,2.942971823,3.025959752,3.028848801,0.4352234267,0.4352234267,0.2003248595,0.2098036628,0.1695725389,0.6884365301,0.6891914934,0.6901500924,0.5183757025,0.5309816862,0.5321373056
0.34,2.941560274,3.024482881,3.027526597,2.941560274,3.024482881,3.027526597,0.4327933984,0.4327933984,0.2004377834,0.2099218125,0.1696783152,0.6879597428,0.6887009664,0.6897115381,0.5178110828,0.5303909377,0.531608424
0.36,2.94015707,3.023014965,3.026210541,2.94015707,3.023014965,3.026210541,0.4303769251,0.4303769251,0.2005500397,0.2100392458,0.1697835997,0.6874854531,0.6882130813,0.6892747568,0.5172498013,0.5298037711,0.5310820016
0.38,2.93876216,3.021555946,3.024900613,2.93876216,3.021555946,3.024900613,0.4279739309,0.4279739309,0.2006616326,0.2101559673,0.1698883939,0.6870136487,0.6877278246,0.6888397455,0.5166918372,0.5292201634,0.5305580304
0.4,2.937375491,3.020105766,3.023596793,2.937375491,3.020105766,3.023596793,0.4255843403,0.4255843403,0.2007725661,0.2102719817,0.1699926995,0.686544317,0.6872451827,0.6884065008,0.5161371697,0.5286400917,0.5300365024
0.42,2.935997012,3.018664371,3.022299062,2.935997012,3.018664371,3.022299062,0.4232080782,0.4232080782,0.2008828444,0.2103872933,0.170096518,0.6860774457,0.6867651422,0.6879750193,0.515585778,0.5280635334,0.5295174098
0.44,2.934626671,3.017231702,3.021007398,2.934626671,3.017231702,3.021007398,0.42084507,0.42084507,0.2009924716,0.2105019068,0.1701998511,0.6856130225,0.6862876896,0.6875452977,0.5150376418,0.5274904658,0.5290007444
0.46,2.933264418,3.015807704,3.019721783,2.933264418,3.015807704,3.019721783,0.4184952417,0.4184952417,0.2011014519,0.2106158267,0.1703027003,0.6851510352,0.6858128116,0.6871173327,0.5144927406,0.5269208667,0.5284864983
0.48,2.931910202,3.014392321,3.018442196,2.931910202,3.014392321,3.018442196,0.4161585193,0.4161585193,0.2012097892,0.2107290573,0.1704050673,0.6846914715,0.6853404949,0.6866911208,0.5139510542,0.5263547137,0.5279746634
0.5,2.930563973,3.012985499,3.017168616,2.930563973,3.012985499,3.017168616,0.4138348296,0.4138348296,0.2013174875,0.210841603,0.1705069537,0.6842343193,0.6848707263,0.6862666584,0.5134125625,0.5257919849,0.5274652317
0.52,2.929225681,3.011587183,3.015901025,2.929225681,3.011587183,3.015901025,0.4115240996,0.4115240996,0.2014245509,0.2109534683,0.170608361,0.6837795666,0.6844034926,0.6858439421,0.5128772456,0.5252326583,0.526958195
0.54,2.927895276,3.010197317,3.014639401,2.927895276,3.010197317,3.014639401,0.4092262569,0.4092262569,0.2015309833,0.2110646576,0.1707092909,0.6833272012,0.6839387808,0.6854229683,0.5123450836,0.5246767121,0.5264535454
0.56,2.926572709,3.008815849,3.013383724,2.926572709,3.008815849,3.013383724,0.4069412294,0.4069412294,0.2016367886,0.2111751751,0.1708097451,0.6828772112,0.6834765778,0.6850037334,0.5118160569,0.5241241247,0.5259512747
0.58,2.925257932,3.007442724,3.012133974,2.925257932,3.007442724,3.012133974,0.4046689454,0.4046689454,0.2017419708,0.2112850251,0.1709097251,0.6824295848,0.6830168706,0.6845862337,0.511290146,0.5235748747,0.5254513747
0.6,2.923950895,3.006077889,3.01089013,2.923950895,3.006077889,3.01089013,0.4024093337,0.4024093337,0.2018465337,0.2113942119,0.1710092325,0.68198431,0.6825596463,0.6841704657,0.5107673314,0.5230289407,0.5249538374
0.62,2.922651551,3.004721291,3.009652173,2.922651551,3.004721291,3.009652173,0.4001623233,0.4001623233,0.2019504812,0.2115027397,0.1711082691,0.681541375,0.682104892,0.6837564256,0.5102475939,0.5224863017,0.5244586545
0.64,2.921359852,3.003372878,3.008420082,2.921359852,3.003372878,3.008420082,0.397927844,0.397927844,0.2020538171,0.2116106127,0.1712068364,0.6811007681,0.6816525951,0.6833441096,0.5097309143,0.5219469365,0.5239658179
0.66,2.920075751,3.002032598,3.007193836,2.920075751,3.002032598,3.007193836,0.3957058255,0.3957058255,0.2021565453,0.2117178352,0.1713049361,0.6806624777,0.6812027426,0.682933514,0.5092172736,0.5214108242,0.5234753195
0.68,2.918799199,3.000700398,3.005973415,2.918799199,3.000700398,3.005973415,0.3934961983,0.3934961983,0.2022586694,0.2118244112,0.1714025698,0.680226492,0.680755322,0.682524635,0.508706653,0.5208779442,0.522987151
0.7,2.917530151,2.999376227,3.004758798,2.917530151,2.999376227,3.004758798,0.391298893,0.391298893,0.2023601933,0.2119303448,0.1714997391,0.6797927994,0.6803103207,0.6821174687,0.5081990337,0.5203482759,0.5225013043
0.72,2.916268559,2.998060034,3.003549965,2.916268559,2.998060034,3.003549965,0.389113841,0.389113841,0.2024611206,0.2120356402,0.1715964458,0.6793613886,0.6798677261,0.6817120113,0.507694397,0.5198217989,0.522017771
0.74,2.915014378,2.996751769,3.002346895,2.915014378,2.996751769,3.002346895,0.3869409737,0.3869409737,0.2025614551,0.2121403015,0.1716926914,0.6789322479,0.6794275257,0.6813082589,0.5071927245,0.5192984927,0.5215365431
0.76,2.913767561,2.99545138,3.001149568,2.913767561,2.99545138,3.001149568,0.384780223,0.384780223,0.2026612004,0.2122443325,0.1717884775,0.6785053659,0.678989707,0.6809062075,0.5066939979,0.5187783373,0.5210576123
0.78,2.912528064,2.994158819,2.999957963,2.912528064,2.994158819,2.999957963,0.3826315212,0.3826315212,0.2027603602,0.2123477375,0.1718838059,0.6780807314,0.6785542577,0.6805058532,0.5061981989,0.5182613126,0.5205809703
0.8,2.91129584,2.992874034,2.998772059,2.91129584,2.992874034,2.998772059,0.3804948011,0.3804948011,0.2028589381,0.2124505202,0.1719786782,0.6776583329,0.6781211655,0.6801071919,0.5057053093,0.5177473988,0.5201066088
0.82,2.910070844,2.991596977,2.997591836,2.910070844,2.991596977,2.997591837,0.3783699957,0.3783699957,0.2029569378,0.2125526848,0.172073096,0.6772381592,0.6776904182,0.6797102197,0.5052153111,0.517236576,0.5196345198
0.84,2.908853033,2.990327599,2.996417274,2.908853033,2.990327599,2.996417274,0.3762570385,0.3762570385,0.2030543627,0.2126542351,0.172167061,0.6768201991,0.6772620034,0.6793149325,0.5047281866,0.5167288247,0.5191646948
0.86,2.907642361,2.989065851,2.995248351,2.907642361,2.989065851,2.995248351,0.3741558633,0.3741558633,0.2031512164,0.2127551749,0.1722605749,0.6764044415,0.6768359091,0.6789213263,0.5042439179,0.5162241254,0.5186971256
0.88,2.906438785,2.987811684,2.994085047,2.906438785,2.987811684,2.994085047,0.3720664044,0.3720664044,0.2032475025,0.2128555082,0.1723536392,0.6759908753,0.6764121232,0.6785293969,0.5037624875,0.5157224588,0.5182318039
0.9,2.905242261,2.986565051,2.992927341,2.905242261,2.986565051,2.992927341,0.3699885963,0.3699885963,0.2033432244,0.2129552389,0.1724462557,0.6755794893,0.6759906336,0.6781391402,0.5032838778,0.5152238056,0.5177687216
0.92,2.904052745,2.985325904,2.991775213,2.904052745,2.985325904,2.991775213,0.367922374,0.367922374,0.2034383857,0.2130543707,0.172538426,0.6751702726,0.6755714285,0.677750552,0.5028080714,0.5147281467,0.5173078702
0.94,2.902870194,2.984094195,2.990628641,2.902870194,2.984094195,2.990628641,0.3658676728,0.3658676728,0.2035329898,0.2131529073,0.1726301517,0.6747632143,0.6751544958,0.6773636282,0.502335051,0.5142354633,0.5168492415
0.96,2.901694565,2.982869878,2.989487605,2.901694565,2.982869878,2.989487605,0.3638244285,0.3638244285,0.2036270401,0.2132508527,0.1727214345,0.6743583035,0.6747398238,0.6769783645,0.5018647995,0.5137457364,0.5163928273
0.98,2.900525816,2.981652906,2.988352085,2.900525816,2.981652905,2.988352085,0.3617925771,0.3617925771,0.20372054,0.2133482105,0.1728122762,0.6739555292,0.6743274005,0.6765947568,0.5013972999,0.5132589474,0.5159386192
1,2.899363905,2.980443231,2.98722206,2.899363904,2.980443231,2.98722206,0.359772055,0.359772055,0.203813493,0.2134449845,0.1729026782,0.6735548808,0.6739172144,0.6762128008,0.5009325352,0.5127750777,0.515486609
1.02,2.898208788,2.979240809,2.986097508,2.898208788,2.979240809,2.986097508,0.357762799,0.357762799,0.2039059023,0.2135411782,0.1729926423,0.6731563475,0.6735092536,0.6758324921,0.5004704886,0.5122941088,0.5150367884
1.04,2.897060425,2.978045593,2.98497841,2.897060425,2.978045593,2.98497841,0.3557647462,0.3557647462,0.2039977713,0.2136367955,0.1730821702,0.6727599185,0.6731035066,0.6754538265,0.5000111434,0.5118160225,0.514589149
1.06,2.895918774,2.976857539,2.983864744,2.895918774,2.976857539,2.983864744,0.3537778341,0.3537778341,0.2040891034,0.2137318399,0.1731712635,0.6723655833,0.6726999618,0.6750767997,0.499554483,0.5113408006,0.5141436827
1.08,2.894783794,2.9756766,2.98275649,2.894783794,2.9756766,2.98275649,0.3518020007,0.3518020007,0.2041799018,0.213826315,0.1732599238,0.6719733313,0.6722986076,0.6747014073,0.499100491,0.510868425,0.513700381
1.1,2.893655444,2.974502732,2.981653627,2.893655444,2.974502731,2.981653627,0.349837184,0.349837184,0.2042701698,0.2139202244,0.1733481528,0.6715831518,0.6718994326,0.674327645,0.4986491509,0.5103988778,0.5132592359
1.12,2.892533683,2.97333589,2.980556134,2.892533683,2.97333589,2.980556134,0.3478833227,0.3478833227,0.2043599107,0.2140135718,0.1734359522,0.6711950345,0.6715024255,0.6739555084,0.4982004466,0.5099321411,0.5128202388
1.14,2.891418471,2.97217603,2.979463991,2.891418471,2.97217603,2.979463992,0.3459403556,0.3459403556,0.2044491276,0.2141063606,0.1735233237,0.6708089689,0.6711075747,0.673584993,0.4977543619,0.5094681972,0.5123833817
1.16,2.890309768,2.971023109,2.978377177,2.890309768,2.971023109,2.978377178,0.344008222,0.344008222,0.2045378239,0.2141985943,0.1736102688,0.6704249446,0.6707148692,0.6732160945,0.4973108807,0.5090070286,0.5119486561
1.18,2.889207534,2.969877082,2.977295672,2.889207534,2.969877082,2.977295672,0.3420868614,0.3420868614,0.2046260026,0.2142902764,0.1736967892,0.6700429513,0.6703242975,0.6728488083,0.4968699871,0.5085486178,0.5115160539
1.2,2.88811173,2.968737906,2.976219454,2.88811173,2.968737906,2.976219454,0.3401762138,0.3401762138,0.2047136669,0.2143814105,0.1737828867,0.6696629786,0.6699358485,0.6724831301,0.4964316653,0.5080929475,0.5110855667
1.22,2.887022316,2.967605538,2.975148503,2.887022315,2.967605538,2.975148503,0.3382762195,0.3382762195,0.2048008201,0.2144719999,0.1738685627,0.6692850163,0.6695495111,0.6721190554,0.4959958996,0.5076400004,0.5106571863
1.24,2.885939252,2.966479936,2.974082798,2.885939252,2.966479936,2.974082798,0.3363868191,0.3363868191,0.2048874651,0.2145620481,0.1739538191,0.6689090542,0.6691652741,0.6717565796,0.4955626743,0.5071897594,0.5102309044
1.26,2.884862501,2.965361056,2.973022319,2.884862501,2.965361056,2.973022319,0.3345079534,0.3345079534,0.2049736052,0.2146515585,0.1740386574,0.6685350822,0.6687831267,0.6713956982,0.495131974,0.5067422076,0.5098067128
1.28,2.883792024,2.964248857,2.971967045,2.883792024,2.964248857,2.971967045,0.3326395638,0.3326395638,0.2050592434,0.2147405344,0.1741230794,0.6681630902,0.6684030577,0.6710364068,0.4947037831,0.506297328,0.5093846032
1.3,2.882727783,2.963143297,2.970916956,2.882727783,2.963143297,2.970916956,0.3307815919,0.3307815919,0.2051443827,0.2148289792,0.1742070865,0.6677930681,0.6680250563,0.6706787007,0.4942780866,0.505855104,0.5089645674
1.32,2.881669739,2.962044334,2.96987203,2.881669739,2.962044334,2.96987203,0.3289339796,0.3289339796,0.2052290262,0.2149168962,0.1742906806,0.667425006,0.6676491115,0.6703225754,0.493854869,0.5054155188,0.5085465972
1.34,2.880617855,2.960951927,2.968832248,2.880617855,2.960951927,2.968832247,0.3270966691,0.3270966691,0.2053131769,0.2150042888,0.1743738632,0.6670588937,0.6672752127,0.6699680262,0.4934341154,0.5049785559,0.5081306842
1.36,2.879572093,2.959866034,2.967797588,2.879572093,2.959866034,2.967797588,0.3252696031,0.3252696031,0.2053968379,0.2150911602,0.1744566359,0.6666947216,0.6669033489,0.6696150487,0.4930158107,0.5045441989,0.5077168203
1.38,2.878532417,2.958786616,2.96676803,2.878532417,2.958786616,2.96676803,0.3234527244,0.3234527244,0.205480012,0.2151775137,0.1745390005,0.6663324796,0.6665335096,0.6692636382,0.49259994,0.5041124315,0.5073049973
1.4,2.877498788,2.957713631,2.965743554,2.877498788,2.957713631,2.965743554,0.3216459763,0.3216459763,0.2055627023,0.2152633525,0.1746209586,0.6659721581,0.666165684,0.66891379,0.4921864885,0.5036832374,0.5068952069
1.42,2.87647117,2.956647039,2.96472414,2.876471171,2.956647039,2.964724139,0.3198493022,0.3198493022,0.2056449117,0.2153486799,0.1747025118,0.6656137471,0.6657998616,0.6685654996,0.4917754415,0.5032566007,0.506487441
1.44,2.875449528,2.9555868,2.963709766,2.875449528,2.9555868,2.963709765,0.3180626462,0.3180626462,0.2057266431,0.215433499,0.1747836617,0.665257237,0.6654360317,0.6682187622,0.4913667845,0.5028325052,0.5060816914
1.46,2.874433824,2.954532875,2.962700412,2.874433824,2.954532875,2.962700411,0.3162859523,0.3162859523,0.2058078994,0.215517813,0.17486441,0.6649026182,0.6650741839,0.6678735733,0.4909605028,0.5024109352,0.5056779498
1.48,2.873424022,2.953485224,2.961696058,2.873424022,2.953485224,2.961696057,0.3145191651,0.314519165,0.2058886836,0.215601625,0.1749447584,0.6645498809,0.6647143078,0.6675299281,0.4905565821,0.5019918748,0.5052762082
1.5,2.872420087,2.952443808,2.960696683,2.872420087,2.952443808,2.960696683,0.3127622292,0.3127622292,0.2059689984,0.2156849383,0.1750247083,0.6641990156,0.6643563929,0.6671878219,0.490155008,0.5015753084,0.5048764583
1.52,2.871421982,2.951408588,2.959702267,2.871421983,2.951408588,2.959702267,0.31101509,0.31101509,0.2060488467,0.2157677559,0.1751042616,0.6638500128,0.6640004289,0.6668472501,0.4897557663,0.5011612204,0.504478692
1.54,2.870429674,2.950379526,2.95871279,2.870429674,2.950379526,2.95871279,0.3092776927,0.3092776927,0.2061282314,0.2158500809,0.1751834198,0.663502863,0.6636464054,0.6665082078,0.489358843,0.5007495954,0.5040829012
1.56,2.869443126,2.949356582,2.957728232,2.869443126,2.949356582,2.957728231,0.3075499832,0.3075499832,0.2062071552,0.2159319164,0.1752621844,0.6631575567,0.6632943123,0.6661706906,0.4889642238,0.5003404179,0.5036890778
1.58,2.868462304,2.948339719,2.956748571,2.868462304,2.948339719,2.956748571,0.3058319074,0.3058319074,0.206285621,0.2160132654,0.1753405573,0.6628140845,0.6629441393,0.6658346934,0.488571895,0.4999336729,0.5032972135
1.6,2.867487173,2.9473289,2.955773788,2.867487173,2.9473289,2.955773788,0.3041234117,0.3041234117,0.2063636315,0.216094131,0.1754185399,0.6624724371,0.6625958763,0.6655002117,0.4881818426,0.499529345,0.5029073004
1.62,2.866517699,2.946324085,2.954803863,2.866517699,2.946324085,2.954803863,0.3024244427,0.3024244427,0.2064411894,0.2161745161,0.1754961339,0.6621326051,0.6622495132,0.6651672408,0.4877940528,0.4991274193,0.5025193304
1.64,2.865553847,2.945325239,2.953838775,2.865553847,2.945325239,2.953838775,0.3007349473,0.3007349473,0.2065182976,0.2162544239,0.1755733409,0.6617945793,0.6619050399,0.6648357757,0.487408512,0.4987278807,0.5021332953
1.66,2.864595583,2.944332324,2.952878505,2.864595583,2.944332324,2.952878505,0.2990548728,0.2990548728,0.2065949587,0.2163338571,0.1756501626,0.6614583504,0.6615624464,0.6645058118,0.4870252066,0.4983307146,0.501749187
1.68,2.863642874,2.943345302,2.951923031,2.863642874,2.943345302,2.951923031,0.2973841668,0.2973841668,0.2066711754,0.2164128188,0.1757266005,0.6611239093,0.6612217228,0.6641773442,0.4866441231,0.497935906,0.5013669977
1.7,2.862695687,2.942364138,2.950972335,2.862695687,2.942364138,2.950972335,0.295722777,0.295722777,0.2067469504,0.2164913119,0.1758026562,0.6607912469,0.6608828593,0.6638503682,0.486265248,0.4975434405,0.5009867191
1.72,2.861753987,2.941388795,2.950026395,2.861753987,2.941388795,2.950026395,0.2940706515,0.2940706515,0.2068222864,0.2165693393,0.1758783314,0.660460354,0.6605458458,0.663524879,0.4858885682,0.4971533033,0.5006083432
1.74,2.860817742,2.940419237,2.949085192,2.860817742,2.940419237,2.949085192,0.2924277388,0.2924277388,0.206897186,0.216646904,0.1759536276,0.6601312216,0.6602106727,0.6632008718,0.4855140702,0.4967654801,0.5002318621
1.76,2.859886919,2.939455428,2.948148707,2.859886919,2.939455428,2.948148707,0.2907939875,0.2907939875,0.2069716518,0.2167240087,0.1760285464,0.6598038407,0.6598773302,0.6628783418,0.485141741,0.4963799565,0.4998572678
1.78,2.858961485,2.938497333,2.947216918,2.858961485,2.938497333,2.947216918,0.2891693467,0.2891693467,0.2070456865,0.2168006564,0.1761030896,0.6594782023,0.6595458085,0.6625572841,0.4847715675,0.4959967182,0.4994845522
1.8,2.858041408,2.937544915,2.946289806,2.858041408,2.937544915,2.946289806,0.2875537656,0.2875537656,0.2071192926,0.2168768498,0.1761772585,0.6591542975,0.6592160981,0.6622376939,0.4844035368,0.4956157511,0.4991137074
1.82,2.857126656,2.93659814,2.945367351,2.857126656,2.93659814,2.945367351,0.2859471937,0.2859471937,0.2071924728,0.2169525918,0.1762510549,0.6588321175,0.6588881893,0.6619195664,0.4840376358,0.4952370411,0.4987447255
1.84,2.856217196,2.935656973,2.944449533,2.856217196,2.935656973,2.944449533,0.2843495809,0.2843495809,0.2072652296,0.2170278852,0.1763244803,0.6585116534,0.6585620725,0.6616028968,0.4836738519,0.4948605742,0.4983775984
1.86,2.855312997,2.934721379,2.943536333,2.855312997,2.934721379,2.943536333,0.2827608773,0.2827608773,0.2073375656,0.2171027327,0.1763975363,0.6581928963,0.6582377382,0.6612876801,0.4833121722,0.4944863366,0.4980123183
1.88,2.854414027,2.933791323,2.94262773,2.854414027,2.933791323,2.94262773,0.2811810334,0.2811810334,0.2074094832,0.2171771371,0.1764702245,0.6578758377,0.657915177,0.6609739117,0.4829525842,0.4941143143,0.4976488773
1.9,2.853520255,2.932866772,2.941723706,2.853520255,2.932866772,2.941723706,0.2796099997,0.2796099997,0.2074809849,0.2172511012,0.1765425465,0.6575604687,0.6575943794,0.6606615866,0.4825950753,0.4937444938,0.4972872675
1.92,2.852631649,2.931947691,2.940824239,2.852631649,2.931947691,2.940824239,0.2780477272,0.2780477272,0.2075520734,0.2173246277,0.1766145038,0.6572467806,0.6572753361,0.6603506999,0.4822396329,0.4933768614,0.4969274809
1.94,2.851748178,2.931034046,2.939929312,2.851748178,2.931034046,2.939929312,0.2764941671,0.2764941671,0.2076227511,0.2173977193,0.176686098,0.656934765,0.6569580378,0.6600412468,0.4818862447,0.4930114036,0.4965695098
1.96,2.850869813,2.930125805,2.939038903,2.850869813,2.930125805,2.939038903,0.2749492709,0.2749492709,0.2076930203,0.2174703786,0.1767573307,0.6566244131,0.6566424751,0.6597332225,0.4815348984,0.492648107,0.4962133463
1.98,2.849996521,2.929222932,2.938152993,2.849996521,2.929222932,2.938152993,0.2734129905,0.2734129905,0.2077628837,0.2175426084,0.1768282035,0.6563157165,0.6563286388,0.659426622,0.4811855817,0.4922869581,0.4958589825
2,2.849128273,2.928325397,2.937271564,2.849128273,2.928325397,2.937271564,0.2718852778,0.2718852778,0.2078323435,0.2176144112,0.1768987179,0.6560086666,0.6560165198,0.6591214405,0.4808382824,0.4919279438,0.4955064107
2.02,2.848265038,2.927433164,2.936394595,2.848265038,2.927433164,2.936394595,0.2703660851,0.2703660851,0.2079014023,0.2176857898,0.1769688754,0.655703255,0.6557061088,0.6588176731,0.4804929885,0.4915710509,0.4951556231
2.04,2.847406787,2.926546203,2.935522067,2.847406786,2.926546203,2.935522067,0.268855365,0.268855365,0.2079700624,0.2177567467,0.1770386776,0.6553994732,0.6553973969,0.658515315,0.480149688,0.4912162663,0.4948066119
2.06,2.846553489,2.92566448,2.93465396,2.846553489,2.92566448,2.93465396,0.2673530704,0.2673530704,0.2080383262,0.2178272846,0.1771081261,0.655097313,0.6550903749,0.6582143612,0.4798083688,0.490863577,0.4944593693
2.08,2.845705115,2.924787962,2.933790256,2.845705115,2.924787962,2.933790256,0.2658591542,0.2658591542,0.2081061961,0.217897406,0.1771772225,0.6547967659,0.6547850339,0.6579148069,0.4794690193,0.4905129701,0.4941138876
2.1,2.844861635,2.923916619,2.932930935,2.844861635,2.923916619,2.932930935,0.26437357,0.26437357,0.2081736745,0.2179671135,0.1772459682,0.6544978236,0.6544813648,0.6576166472,0.4791316275,0.4901644327,0.4937701591
2.12,2.844023021,2.923050418,2.932075977,2.844023021,2.923050418,2.932075977,0.2628962713,0.2628962713,0.2082407636,0.2180364096,0.1773143648,0.6542004779,0.6541793588,0.6573198772,0.4787961818,0.4898179522,0.493428176
2.14,2.843189243,2.922189327,2.931225364,2.843189243,2.922189327,2.931225364,0.2614272119,0.2614272119,0.2083074659,0.2181052968,0.1773824138,0.6539047206,0.653879007,0.657024492,0.4784626705,0.4894735159,0.4930879308
2.16,2.842360272,2.921333315,2.930379076,2.842360272,2.921333315,2.930379076,0.2599663461,0.2599663461,0.2083737836,0.2181737778,0.1774501169,0.6536105436,0.6535803005,0.6567304868,0.4781310822,0.4891311111,0.4927494156
2.18,2.84153608,2.920482351,2.929537095,2.84153608,2.920482351,2.929537095,0.2585136282,0.2585136281,0.208439719,0.2182418549,0.1775174754,0.6533179385,0.6532832307,0.6564378566,0.4778014052,0.4887907254,0.492412623
2.2,2.840716637,2.919636403,2.9286994,2.840716637,2.919636403,2.9286994,0.2570690128,0.2570690128,0.2085052743,0.2183095307,0.177584491,0.6530268975,0.6529877887,0.6561465966,0.4774736283,0.4884523464,0.4920775452
2.22,2.839901917,2.918795442,2.927865974,2.839901917,2.918795442,2.927865974,0.2556324549,0.2556324549,0.208570452,0.2183768076,0.1776511651,0.6527374123,0.6526939658,0.6558567018,0.47714774,0.4881159618,0.4917441747
2.24,2.83909189,2.917959435,2.927036797,2.839091889,2.917959435,2.927036797,0.2542039096,0.2542039096,0.2086352542,0.2184436881,0.1777174992,0.652449475,0.6524017535,0.6555681674,0.4768237292,0.4877815593,0.4914125038
2.26,2.838286528,2.917128354,2.92621185,2.838286528,2.917128354,2.92621185,0.2527833323,0.2527833323,0.2086996831,0.2185101746,0.177783495,0.6521630776,0.652111143,0.6552809885,0.4765015845,0.4874491268,0.4910825251
2.28,2.837485804,2.916302167,2.925391114,2.837485804,2.916302167,2.925391114,0.2513706786,0.2513706786,0.208763741,0.2185762696,0.1778491538,0.6518782122,0.6518221259,0.6549951602,0.476181295,0.4871186521,0.4907542308
2.3,2.83668969,2.915480845,2.924574571,2.83668969,2.915480845,2.924574571,0.2499659045,0.2499659045,0.2088274301,0.2186419754,0.1779144773,0.6515948708,0.6515346936,0.6547106776,0.4758628495,0.4867901232,0.4904276137
2.32,2.835898159,2.914664358,2.923762202,2.835898159,2.914664358,2.923762202,0.2485689661,0.2485689661,0.2088907526,0.2187072943,0.1779794668,0.6513130457,0.6512488377,0.6544275359,0.4755462372,0.4864635283,0.490102666
2.34,2.835111184,2.913852676,2.922953988,2.835111184,2.913852676,2.922953988,0.2471798198,0.2471798198,0.2089537106,0.2187722289,0.1780441239,0.6510327289,0.6509645497,0.65414573,0.4752314469,0.4861388555,0.4897793803
2.36,2.834328737,2.913045769,2.92214991,2.834328737,2.913045769,2.92214991,0.2457984222,0.2457984222,0.2090163064,0.2188367814,0.1781084502,0.6507539126,0.6506818211,0.6538652552,0.474918468,0.4858160929,0.4894577492
2.38,2.833550791,2.912243609,2.92134995,2.833550791,2.912243609,2.92134995,0.2444247302,0.2444247302,0.2090785421,0.2189009542,0.178172447,0.6504765892,0.6504006438,0.6535861066,0.4746072897,0.485495229,0.4891377652
2.4,2.83277732,2.911446167,2.920554089,2.83277732,2.911446167,2.920554089,0.2430587008,0.2430587008,0.2091404198,0.2189647496,0.1782361158,0.6502007509,0.6501210093,0.6533082793,0.4742979012,0.485176252,0.4888194208
2.42,2.832008297,2.910653413,2.919762309,2.832008297,2.910653413,2.919762309,0.2417002915,0.2417002915,0.2092019416,0.2190281699,0.1782994582,0.64992639,0.6498429094,0.6530317683,0.473990292,0.4848591504,0.4885027088
2.44,2.831243695,2.909865319,2.918974591,2.831243695,2.909865319,2.918974591,0.2403494599,0.2403494599,0.2092631097,0.2190912174,0.1783624757,0.6496534989,0.6495663359,0.6527565689,0.4736844514,0.4845439128,0.4881876216
2.46,2.830483489,2.909081857,2.918190917,2.830483489,2.909081857,2.918190917,0.2390061636,0.2390061636,0.2093239262,0.2191538944,0.1784251696,0.64938207,0.6492912805,0.6524826761,0.473380369,0.4842305278,0.487874152
2.48,2.829727652,2.908302997,2.917411268,2.829727652,2.908302997,2.917411268,0.2376703609,0.2376703609,0.2093843931,0.2192162032,0.1784875415,0.6491120957,0.6490177352,0.6522100852,0.4730780343,0.483918984,0.4875622925
2.5,2.828976159,2.907528713,2.916635627,2.828976159,2.907528713,2.916635627,0.23634201,0.2363420101,0.2094445126,0.219278146,0.1785495928,0.6488435685,0.6487456919,0.6519387911,0.472777437,0.4836092702,0.4872520359
2.52,2.828228983,2.906758975,2.915863974,2.828228984,2.906758975,2.915863974,0.2350210695,0.2350210695,0.2095042867,0.219339725,0.178611325,0.6485764809,0.6484751425,0.651668789,0.4724785667,0.4833013752,0.4869433748
2.54,2.8274861,2.905993757,2.915096292,2.8274861,2.905993757,2.915096292,0.233707498,0.233707498,0.2095637173,0.2194009424,0.1786727396,0.6483108255,0.648206079,0.6514000742,0.4721814133,0.482995288,0.486636302
2.56,2.826747483,2.905233031,2.914332563,2.826747483,2.905233031,2.914332562,0.2324012546,0.2324012546,0.2096228067,0.2194618005,0.178733838,0.6480465948,0.6479384934,0.6511326416,0.4718859665,0.4826909974,0.4863308102
2.58,2.826013107,2.904476769,2.913572768,2.826013107,2.904476769,2.913572767,0.2311022985,0.2311022985,0.2096815568,0.2195223015,0.1787946216,0.6477837814,0.6476723778,0.6508664866,0.4715922162,0.4823884926,0.4860268922
2.6,2.825282948,2.903724944,2.912816889,2.825282948,2.903724944,2.912816889,0.2298105891,0.2298105891,0.2097399695,0.2195824475,0.1788550919,0.6475223781,0.6474077242,0.6506016041,0.4713001525,0.4820877626,0.4857245407
2.62,2.82455698,2.902977529,2.912064909,2.82455698,2.902977529,2.912064909,0.2285260861,0.2285260861,0.2097980469,0.2196422407,0.1789152503,0.6472623774,0.6471445249,0.6503379894,0.4710097653,0.4817887966,0.4854237486
2.64,2.823835178,2.902234497,2.911316809,2.823835178,2.902234497,2.911316809,0.2272487494,0.2272487494,0.2098557911,0.2197016832,0.1789750982,0.6470037722,0.646882772,0.6500756376,0.4707210447,0.481491584,0.4851245088
2.66,2.823117519,2.901495822,2.910572572,2.823117519,2.901495822,2.910572572,0.2259785391,0.2259785391,0.2099132038,0.2197607772,0.1790346372,0.6467465551,0.6466224577,0.649814544,0.4704339808,0.4811961139,0.4848268139
2.68,2.822403976,2.900761477,2.90983218,2.822403976,2.900761477,2.90983218,0.2247154155,0.2247154155,0.2099702872,0.2198195248,0.1790938686,0.646490719,0.6463635744,0.6495547035,0.4701485639,0.4809023758,0.484530657
2.7,2.821694527,2.900031435,2.909095614,2.821694527,2.900031435,2.909095614,0.2234593392,0.2234593393,0.2100270432,0.2198779282,0.1791527938,0.6462362567,0.6461061142,0.6492961115,0.4698647842,0.4806103592,0.4842360309
2.72,2.820989147,2.899305671,2.908362859,2.820989147,2.899305671,2.908362859,0.222210271,0.222210271,0.2100834736,0.2199359893,0.1792114143,0.6459831611,0.6458500697,0.6490387631,0.469582632,0.4803200535,0.4839429286
2.74,2.820287811,2.898584158,2.907633894,2.820287811,2.898584158,2.907633894,0.2209681719,0.2209681719,0.2101395804,0.2199937103,0.1792697314,0.645731425,0.645595433,0.6487826535,0.4693020978,0.4800314485,0.4836513429
2.76,2.819590496,2.897866871,2.906908704,2.819590496,2.897866871,2.906908704,0.219733003,0.219733003,0.2101953656,0.2200510933,0.1793277466,0.6454810414,0.6453421968,0.6485277778,0.4690231719,0.4797445336,0.4833612669
2.78,2.818897179,2.897153784,2.906187271,2.818897179,2.897153784,2.906187271,0.2185047259,0.2185047259,0.210250831,0.2201081402,0.1793854613,0.6452320034,0.6450903533,0.6482741314,0.468745845,0.4794592988,0.4830726935
2.8,2.818207835,2.896444871,2.905469576,2.818207835,2.896444871,2.905469576,0.217283302,0.217283302,0.2103059785,0.2201648533,0.1794428769,0.6449843038,0.6448398952,0.6480217093,0.4684701075,0.4791757337,0.4827856157
2.82,2.817522442,2.895740108,2.904755604,2.817522442,2.895740108,2.904755604,0.2160686934,0.2160686934,0.21036081,0.2202212344,0.1794999947,0.6447379357,0.644590815,0.6477705067,0.4681959501,0.4788938282,0.4825000267
2.84,2.816840975,2.895039468,2.904045335,2.816840975,2.895039468,2.904045335,0.214860862,0.214860862,0.2104153273,0.2202772855,0.1795568161,0.6444928922,0.6443431052,0.6475205189,0.4679233635,0.4786135723,0.4822159193
2.86,2.816163412,2.894342927,2.903338754,2.816163412,2.894342927,2.903338754,0.2136597702,0.2136597702,0.2104695323,0.2203330088,0.1796133427,0.6442491664,0.6440967585,0.6472717412,0.4676523383,0.478334956,0.4819332867
2.88,2.81548973,2.89365046,2.902635842,2.81548973,2.89365046,2.902635842,0.2124653805,0.2124653805,0.2105234269,0.2203884061,0.1796695756,0.6440067515,0.6438517674,0.6470241686,0.4673828656,0.4780579693,0.481652122
2.9,2.814819906,2.892962043,2.901936583,2.814819906,2.892962043,2.901936583,0.2112776554,0.2112776554,0.2105770128,0.2204434796,0.1797255163,0.6437656405,0.6436081248,0.6467777965,0.4671149359,0.4777826022,0.4813724183
2.92,2.814153918,2.89227765,2.901240959,2.814153918,2.89227765,2.901240959,0.210096558,0.210096558,0.2106302919,0.220498231,0.1797811662,0.6435258269,0.6433658234,0.6465326201,0.4668485404,0.4775088451,0.4810941688
2.94,2.813491742,2.891597258,2.900548954,2.813491742,2.891597258,2.900548954,0.2089220513,0.2089220513,0.210683266,0.2205526624,0.1798365267,0.6432873036,0.6431248558,0.6462886346,0.46658367,0.4772366882,0.4808173666
2.96,2.812833356,2.890920841,2.899860549,2.812833356,2.890920841,2.899860549,0.2077540987,0.2077540987,0.2107359369,0.2206067757,0.179891599,0.6430500642,0.6428852149,0.6460458353,0.4663203156,0.4769661217,0.4805420049
2.98,2.812178738,2.890248377,2.899175729,2.812178738,2.890248377,2.899175729,0.2065926637,0.2065926637,0.2107883063,0.2206605728,0.1799463846,0.6428141017,0.6426468936,0.6458042174,0.4660584684,0.4766971361,0.4802680769
3,2.811527866,2.889579841,2.898494477,2.811527866,2.889579841,2.898494477,0.2054377099,0.2054377099,0.2108403761,0.2207140557,0.1800008848,0.6425794097,0.6424098847,0.6455637762,0.4657981196,0.4764297217,0.4799955759
3.02,2.810880717,2.88891521,2.897816775,2.810880717,2.88891521,2.897816775,0.2042892014,0.2042892014,0.2108921479,0.2207672262,0.180055101,0.6423459815,0.6421741812,0.645324507,0.4655392603,0.4761638691,0.4797244951
3.04,2.810237271,2.888254459,2.897142607,2.810237271,2.888254459,2.897142607,0.2031471022,0.2031471022,0.2109436237,0.2208200862,0.1801090344,0.6421138104,0.6419397759,0.645086405,0.4652818817,0.4758995689,0.4794548278
3.06,2.809597505,2.887597566,2.896471955,2.809597505,2.887597566,2.896471955,0.2020113767,0.2020113767,0.210994805,0.2208726377,0.1801626865,0.6418828899,0.641706662,0.6448494656,0.4650259752,0.4756368116,0.4791865673
3.08,2.808961397,2.886944507,2.895804804,2.808961397,2.886944507,2.895804804,0.2008819894,0.2008819894,0.2110456936,0.2209248824,0.1802160586,0.6416532136,0.6414748323,0.644613684,0.4647715321,0.4753755879,0.4789197069
3.1,2.808328926,2.886295258,2.895141137,2.808328926,2.886295258,2.895141137,0.199758905,0.199758905,0.2110962912,0.2209768223,0.180269152,0.6414247748,0.64124428,0.6443790556,0.4645185439,0.4751158885,0.4786542401
3.12,2.807700071,2.885649798,2.894480937,2.807700071,2.885649798,2.894480937,0.1986420885,0.1986420885,0.2111465996,0.2210284591,0.180321968,0.6411975672,0.6410149981,0.6441455756,0.4642670019,0.4748577043,0.4783901601
3.14,2.807074811,2.885008102,2.893824188,2.807074811,2.885008102,2.893824188,0.1975315048,0.1975315048,0.2111966204,0.2210797948,0.1803745079,0.6409715842,0.6407869799,0.6439132393,0.4640168978,0.4746010261,0.4781274603
3.16,2.806453124,2.884370149,2.893170873,2.806453124,2.884370149,2.893170873,0.1964271194,0.1964271194,0.2112463554,0.221130831,0.1804267731,0.6407468196,0.6405602184,0.6436820422,0.4637682231,0.4743458448,0.4778661343
3.18,2.80583499,2.883735916,2.892520975,2.80583499,2.883735916,2.892520976,0.1953288978,0.1953288978,0.2112958061,0.2211815697,0.1804787649,0.6405232668,0.6403347068,0.6434519795,0.4635209694,0.4740921515,0.4776061754
3.2,2.805220387,2.88310538,2.89187448,2.805220387,2.883105379,2.89187448,0.1942368055,0.1942368055,0.2113449743,0.2212320126,0.1805304846,0.6403009197,0.6401104384,0.6432230466,0.4632751283,0.473839937,0.477347577
3.22,2.804609296,2.882478518,2.891231369,2.804609296,2.882478518,2.891231369,0.1931508086,0.1931508086,0.2113938617,0.2212821615,0.1805819334,0.6400797719,0.6398874066,0.6429952389,0.4630306917,0.4735891925,0.4770903328
3.24,2.804001695,2.88185531,2.890591628,2.804001695,2.88185531,2.890591628,0.192070873,0.192070873,0.2114424697,0.2213320182,0.1806331128,0.6398598171,0.6396656045,0.6427685516,0.4627876513,0.4733399092,0.4768344362
3.26,2.803397564,2.881235732,2.889955239,2.803397564,2.881235732,2.889955239,0.1909969651,0.1909969651,0.2114908002,0.2213815844,0.1806840239,0.639641049,0.6394450255,0.6425429802,0.4625459988,0.4730920781,0.4765798807
3.28,2.802796882,2.880619764,2.889322187,2.802796882,2.880619764,2.889322187,0.1899290512,0.1899290512,0.2115388547,0.2214308619,0.180734668,0.6394234615,0.639225663,0.6423185201,0.4623057263,0.4728456907,0.47632666
3.3,2.802199631,2.880007383,2.888692456,2.80219963,2.880007383,2.888692456,0.188867098,0.188867098,0.2115866349,0.2214798524,0.1807850465,0.6392070484,0.6390075104,0.6420951666,0.4620668256,0.4726007382,0.4760747676
3.32,2.801605788,2.879398567,2.88806603,2.801605788,2.879398567,2.88806603,0.1878110724,0.1878110724,0.2116341423,0.2215285576,0.1808351606,0.6389918035,0.6387905611,0.6418729151,0.4618292886,0.472357212,0.475824197
3.34,2.801015335,2.878793296,2.887442892,2.801015335,2.878793296,2.887442892,0.1867609413,0.1867609413,0.2116813785,0.2215769793,0.1808850116,0.6387777208,0.6385748087,0.6416517611,0.4615931075,0.4721151034,0.475574942
3.36,2.800428252,2.878191547,2.886823028,2.800428252,2.878191547,2.886823028,0.1857166718,0.1857166718,0.2117283451,0.2216251192,0.1809346007,0.638564794,0.6383602467,0.6414317,0.4613582743,0.471874404,0.4753269963
3.38,2.799844519,2.8775933,2.886206421,2.799844519,2.8775933,2.886206421,0.1846782315,0.1846782315,0.2117750438,0.2216729789,0.1809839293,0.6383530172,0.6381468685,0.6412127272,0.461124781,0.4716351053,0.4750803534
3.4,2.799264117,2.876998534,2.885593055,2.799264116,2.876998534,2.885593055,0.1836455877,0.1836455877,0.211821476,0.2217205602,0.1810329986,0.6381423843,0.6379346678,0.6409948381,0.46089262,0.4713971989,0.4748350071
3.42,2.798687025,2.876407228,2.884982915,2.798687025,2.876407228,2.884982915,0.1826187083,0.1826187083,0.2118676433,0.2217678647,0.1810818098,0.6379328894,0.6377236382,0.6407780283,0.4606617833,0.4711606764,0.4745909511
3.44,2.798113225,2.875819361,2.884375985,2.798113225,2.875819361,2.884375985,0.1815975612,0.1815975612,0.2119135473,0.2218148941,0.1811303642,0.6377245264,0.6375137733,0.640562293,0.4604322634,0.4709255294,0.4743481792
3.46,2.797542698,2.875234912,2.88377225,2.797542697,2.875234912,2.88377225,0.1805821144,0.1805821143,0.2119591895,0.22186165,0.181178663,0.6375172894,0.6373050669,0.6403476279,0.4602040524,0.4706917498,0.4741066851
3.48,2.796975423,2.874653861,2.883171694,2.796975423,2.87465386,2.883171694,0.1795723361,0.1795723361,0.2120045714,0.2219081341,0.1812267075,0.6373111725,0.6370975125,0.6401340284,0.4599771428,0.4704593294,0.4738664627
3.5,2.796411384,2.874076187,2.882574301,2.796411384,2.874076187,2.882574302,0.1785681949,0.1785681949,0.2120496946,0.221954348,0.1812744989,0.6371061699,0.6368911041,0.6399214899,0.4597515269,0.4702282599,0.4736275057
3.52,2.79585056,2.87350187,2.881980057,2.79585056,2.87350187,2.881980057,0.1775696594,0.1775696594,0.2120945606,0.2220002933,0.1813220384,0.6369022756,0.6366858353,0.6397100081,0.4595271972,0.4699985333,0.4733898081
3.54,2.795292932,2.872930891,2.881388946,2.795292932,2.872930891,2.881388946,0.1765766983,0.1765766983,0.2121391707,0.2220459717,0.1813693273,0.6366994839,0.6364817,0.6394995783,0.4593041463,0.4697701415,0.4731533636
3.56,2.794738483,2.872363228,2.880800953,2.794738483,2.872363228,2.880800953,0.1755892806,0.1755892806,0.2121835267,0.2220913847,0.1814163667,0.636497789,0.6362786919,0.6392901961,0.4590823666,0.4695430765,0.4729181663
3.58,2.794187193,2.871798863,2.880216062,2.794187193,2.871798863,2.880216062,0.1746073754,0.1746073754,0.2122276299,0.2221365339,0.181463158,0.636297185,0.6360768051,0.6390818571,0.4588618507,0.4693173304,0.4726842099
3.6,2.793639045,2.871237775,2.879634258,2.793639045,2.871237775,2.879634258,0.173630952,0.173630952,0.2122714817,0.2221814209,0.1815097023,0.6360976664,0.6358760334,0.6388745568,0.4586425914,0.4690928953,0.4724514885
3.62,2.79309402,2.870679945,2.879055527,2.79309402,2.870679945,2.879055527,0.17265998,0.17265998,0.2123150838,0.2222260473,0.1815560008,0.6358992272,0.6356763707,0.6386682906,0.4584245812,0.4688697633,0.4722199959
3.64,2.792552099,2.870125354,2.878479853,2.792552099,2.870125354,2.878479853,0.1716944289,0.1716944289,0.2123584374,0.2222704147,0.1816020547,0.635701862,0.635477811,0.6384630543,0.4582078129,0.4686479266,0.4719897263
3.66,2.792013265,2.869573981,2.877907221,2.792013265,2.869573981,2.877907221,0.1707342686,0.1707342686,0.2124015441,0.2223145245,0.1816478653,0.635505565,0.6352803484,0.6382588434,0.4579922793,0.4684273774,0.4717606735
3.68,2.7914775,2.869025808,2.877337616,2.7914775,2.869025808,2.877337616,0.169779469,0.1697794691,0.2124444054,0.2223583784,0.1816934337,0.6353103305,0.6350839768,0.6380556533,0.4577779732,0.4682081082,0.4715328317
3.7,2.790944785,2.868480815,2.876771024,2.790944785,2.868480815,2.876771024,0.1688300004,0.1688300004,0.2124870225,0.2224019778,0.181738761,0.6351161531,0.6348886903,0.6378534799,0.4575648874,0.4679901111,0.4713061949
3.72,2.790415104,2.867938984,2.87620743,2.790415104,2.867938984,2.87620743,0.1678858329,0.1678858329,0.212529397,0.2224453243,0.1817838486,0.6349230272,0.634694483,0.6376523186,0.4573530149,0.4677733787,0.4710807571
3.74,2.789888438,2.867400295,2.875646819,2.789888438,2.867400295,2.875646818,0.1669469372,0.1669469372,0.2125715303,0.2224884193,0.1818286975,0.6347309471,0.634501349,0.637452165,0.4571423485,0.4675579033,0.4708565126
3.76,2.78936477,2.866864731,2.875089175,2.78936477,2.866864731,2.875089175,0.1660132837,0.1660132837,0.2126134237,0.2225312645,0.1818733089,0.6345399075,0.6343092826,0.6372530148,0.4569328814,0.4673436774,0.4706334553
3.78,2.788844083,2.866332271,2.874534486,2.788844083,2.866332271,2.874534486,0.1650848434,0.1650848434,0.2126550787,0.2225738613,0.1819176841,0.6343499028,0.6341182779,0.6370548637,0.4567246065,0.4671306936,0.4704115795
3.8,2.788326359,2.865802898,2.873982735,2.788326359,2.865802898,2.873982735,0.1641615872,0.1641615873,0.2126964966,0.2226162111,0.1819618241,0.6341609275,0.6339283291,0.6368577073,0.4565175168,0.4669189445,0.4701908793
3.82,2.787811581,2.865276594,2.87343391,2.787811581,2.865276594,2.873433909,0.1632434863,0.1632434863,0.2127376789,0.2226583155,0.1820057302,0.6339729763,0.6337394304,0.6366615412,0.4563116056,0.4667084226,0.469971349
3.84,2.787299731,2.864753339,2.872887994,2.787299732,2.864753339,2.872887994,0.1623305118,0.1623305119,0.2127786268,0.2227001759,0.1820494035,0.6337860437,0.6335515762,0.6364663611,0.4561068659,0.4664991207,0.4697529827
3.86,2.786790794,2.864233116,2.872344974,2.786790794,2.864233116,2.872344974,0.1614226354,0.1614226354,0.2128193418,0.2227417937,0.1820928451,0.6336001244,0.6333647607,0.6362721628,0.455903291,0.4662910315,0.4695357747
3.88,2.786284752,2.863715906,2.871804835,2.786284752,2.863715907,2.871804835,0.1605198285,0.1605198285,0.2128598252,0.2227831705,0.1821360561,0.633415213,0.6331789784,0.6360789418,0.4557008741,0.4660841477,0.4693197193
3.9,2.785781588,2.863201693,2.871267564,2.785781588,2.863201693,2.871267564,0.1596220629,0.1596220629,0.2129000783,0.2228243076,0.1821790379,0.6332313042,0.6329942235,0.635886694,0.4554996085,0.4658784622,0.4691048107
3.92,2.785281285,2.862690457,2.870733145,2.785281285,2.862690457,2.870733145,0.1587293106,0.1587293107,0.2129401025,0.2228652064,0.1822217913,0.6330483927,0.6328104905,0.635695415,0.4552994875,0.4656739679,0.4688910433
3.94,2.784783828,2.862182181,2.870201566,2.784783828,2.862182181,2.870201566,0.1578415437,0.1578415437,0.2129798991,0.2229058685,0.1822643177,0.6328664733,0.6326277738,0.6355051005,0.4551005044,0.4654706575,0.4686784115
3.96,2.784289198,2.861676847,2.869672811,2.784289198,2.861676847,2.869672811,0.1569587343,0.1569587343,0.2130194695,0.2229462952,0.1823066181,0.6326855406,0.6324460678,0.6353157464,0.4549026527,0.4652685241,0.4684669095
3.98,2.783797381,2.861174439,2.869146867,2.783797381,2.861174439,2.869146867,0.1560808549,0.1560808549,0.2130588148,0.2229864879,0.1823486936,0.6325055895,0.6322653671,0.6351273484,0.4547059258,0.4650675606,0.4682565318
4,2.78330836,2.860674938,2.868623719,2.78330836,2.860674938,2.868623719,0.155207878,0.155207878,0.2130979366,0.223026448,0.1823905454,0.6323266149,0.6320856662,0.6349399022,0.4545103172,0.4648677602,0.4680472728
4.02,2.782822118,2.860178327,2.868103354,2.782822118,2.860178327,2.868103354,0.1543397762,0.1543397762,0.2131368359,0.2230661768,0.1824321746,0.6321486114,0.6319069596,0.6347534036,0.4543158204,0.4646691158,0.4678391269
4.04,2.782338639,2.859684589,2.867585759,2.782338639,2.859684589,2.867585759,0.1534765225,0.1534765225,0.2131755142,0.2231056759,0.1824735823,0.6319715741,0.6317292418,0.6345678484,0.454122429,0.4644716206,0.4676320886
4.06,2.781857908,2.859193707,2.867070918,2.781857908,2.859193707,2.867070918,0.1526180898,0.1526180898,0.2132139727,0.2231449464,0.1825147695,0.6317954978,0.6315525076,0.6343832325,0.4539301365,0.4642752678,0.4674261523
4.08,2.781379908,2.858705663,2.866558818,2.781379908,2.858705663,2.866558818,0.1517644513,0.1517644513,0.2132522127,0.2231839899,0.1825557375,0.6316203774,0.6313767515,0.6341995516,0.4537389366,0.4640800505,0.4672213125
4.1,2.780904624,2.858220442,2.866049447,2.780904624,2.858220442,2.866049447,0.1509155803,0.1509155803,0.2132902354,0.2232228076,0.1825964872,0.6314462078,0.6312019681,0.6340168016,0.453548823,0.463885962,0.4670175638
4.12,2.78043204,2.857738026,2.865542789,2.78043204,2.857738026,2.865542789,0.1500714501,0.1500714501,0.2133280421,0.2232614009,0.1826370199,0.6312729841,0.6310281523,0.6338349782,0.4533597895,0.4636929957,0.4668149007
4.14,2.779962141,2.857258399,2.865038832,2.779962141,2.857258399,2.865038832,0.1492320345,0.1492320345,0.2133656341,0.2232997711,0.1826773364,0.6311007011,0.6308552986,0.6336540774,0.4531718296,0.4635011447,0.4666133178
4.16,2.77949491,2.856781544,2.864537561,2.77949491,2.856781544,2.864537561,0.1483973071,0.1483973071,0.2134030125,0.2233379195,0.1827174381,0.6309293541,0.6306834019,0.6334740951,0.4529849373,0.4633104026,0.4664128097
4.18,2.779030332,2.856307444,2.864038964,2.779030332,2.856307444,2.864038964,0.1475672418,0.1475672418,0.2134401787,0.2233758475,0.1827573258,0.6307589379,0.6305124569,0.633295027,0.4527991064,0.4631207627,0.4662133709
4.2,2.778568393,2.855836083,2.863543028,2.778568393,2.855836083,2.863543028,0.1467418126,0.1467418126,0.2134771339,0.2234135563,0.1827970008,0.6305894476,0.6303424585,0.6331168691,0.4526143306,0.4629322185,0.4660149962
4.22,2.778109077,2.855367446,2.863049738,2.778109077,2.855367446,2.863049738,0.1459209938,0.1459209938,0.2135138792,0.2234510473,0.182836464,0.6304208784,0.6301734013,0.6329396174,0.452430604,0.4627447635,0.4658176802
4.24,2.777652368,2.854901515,2.862559081,2.777652368,2.854901515,2.862559081,0.1451047595,0.1451047595,0.2135504159,0.2234883218,0.1828757165,0.6302532254,0.6300052804,0.6327632676,0.4522479205,0.4625583911,0.4656214175
4.26,2.777198252,2.854438275,2.862071044,2.777198252,2.854438275,2.862071044,0.1442930844,0.1442930844,0.2135867452,0.223525381,0.1829147594,0.6300864836,0.6298380906,0.6325878158,0.452066274,0.4623730951,0.4654262029
4.28,2.776746713,2.85397771,2.861585615,2.776746713,2.85397771,2.861585615,0.1434859429,0.1434859429,0.2136228683,0.2235622262,0.1829535938,0.6299206484,0.6296718267,0.6324132578,0.4518856585,0.462188869,0.4652320312
4.3,2.776297737,2.853519803,2.861102779,2.776297737,2.853519803,2.861102779,0.1426833098,0.1426833098,0.2136587864,0.2235988587,0.1829922206,0.6297557148,0.6295064838,0.6322395897,0.4517060682,0.4620057065,0.4650388969
4.32,2.775851309,2.85306454,2.860622525,2.775851309,2.85306454,2.860622525,0.1418851601,0.1418851601,0.2136945006,0.2236352798,0.183030641,0.6295916781,0.6293420568,0.6320668074,0.451527497,0.4618236012,0.464846795
4.34,2.775407414,2.852611905,2.860144838,2.775407414,2.852611905,2.860144838,0.1410914687,0.1410914687,0.2137300122,0.2236714906,0.183068856,0.6294285336,0.6291785407,0.6318949069,0.4513499391,0.461642547,0.4646557202
4.36,2.774966038,2.852161881,2.859669706,2.774966038,2.852161881,2.859669706,0.1403022107,0.1403022107,0.2137653223,0.2237074925,0.1831068665,0.6292662764,0.6290159305,0.6317238841,0.4511733886,0.4614625375,0.4644656674
4.38,2.774527166,2.851714454,2.859197115,2.774527166,2.851714454,2.859197115,0.1395173615,0.1395173615,0.213800432,0.2237432867,0.1831446737,0.6291049019,0.6288542213,0.6315537351,0.4509978398,0.4612835666,0.4642766313
4.4,2.774090784,2.851269607,2.858727054,2.774090784,2.851269607,2.858727054,0.1387368965,0.1387368965,0.2138353426,0.2237788744,0.1831822786,0.6289444054,0.628693408,0.6313844558,0.4508232868,0.4611056281,0.4640886069
4.42,2.773656876,2.850827327,2.85825951,2.773656876,2.850827327,2.85825951,0.1379607913,0.1379607913,0.2138700552,0.2238142568,0.1832196822,0.6287847823,0.6285334859,0.6312160424,0.4506497239,0.460928716,0.463901589
4.44,2.77322543,2.850387598,2.857794469,2.77322543,2.850387597,2.857794469,0.1371890216,0.1371890216,0.2139045709,0.2238494352,0.1832568855,0.6286260278,0.62837445,0.6310484909,0.4504771454,0.4607528242,0.4637155726
4.46,2.772796431,2.849950403,2.857331918,2.772796431,2.849950403,2.857331918,0.1364215632,0.1364215632,0.2139388909,0.2238844107,0.1832938895,0.6284681375,0.6282162956,0.6308817972,0.4503055457,0.4605779465,0.4635305525
4.48,2.772369864,2.84951573,2.856871847,2.772369864,2.84951573,2.856871847,0.1356583921,0.1356583921,0.2139730162,0.2239191846,0.1833306952,0.6283111066,0.6280590177,0.6307159575,0.450134919,0.4604040771,0.4633465238
4.5,2.771945716,2.849083562,2.85641424,2.771945716,2.849083562,2.85641424,0.1348994844,0.1348994844,0.214006948,0.223953758,0.1833673037,0.6281549307,0.6279026115,0.6305509679,0.4499652598,0.46023121,0.4631634813
4.52,2.771523973,2.848653885,2.855959087,2.771523973,2.848653885,2.855959088,0.1341448163,0.1341448163,0.2140406875,0.2239881322,0.183403716,0.6279996051,0.6277470724,0.6303868245,0.4497965625,0.4600593392,0.4629814201
4.54,2.77110462,2.848226684,2.855506375,2.77110462,2.848226684,2.855506375,0.1333943643,0.1333943643,0.2140742357,0.2240223082,0.1834399329,0.6278451253,0.6275923955,0.6302235232,0.4496288215,0.4598884588,0.4628003353
4.56,2.770687645,2.847801945,2.855056091,2.770687645,2.847801945,2.855056092,0.1326481048,0.1326481047,0.2141075937,0.2240562874,0.1834759557,0.627691487,0.6274385761,0.6300610604,0.4494620314,0.4597185631,0.4626202217
4.58,2.770273033,2.847379652,2.854608224,2.770273033,2.847379652,2.854608224,0.1319060144,0.1319060144,0.2141407627,0.2240900708,0.1835117851,0.6275386855,0.6272856096,0.6298994321,0.4492961866,0.4595496461,0.4624410746
4.6,2.769860771,2.846959793,2.85416276,2.769860771,2.846959792,2.85416276,0.1311680699,0.1311680699,0.2141737436,0.2241236596,0.1835474222,0.6273867164,0.6271334912,0.6297386344,0.4491312818,0.4593817022,0.462262889
4.62,2.769450845,2.846542351,2.853719687,2.769450845,2.846542351,2.853719687,0.1304342483,0.1304342483,0.2142065377,0.2241570549,0.183582868,0.6272355753,0.6269822163,0.6295786636,0.4489673115,0.4592147255,0.46208566
4.64,2.769043243,2.846127313,2.853278994,2.769043242,2.846127313,2.853278994,0.1297045265,0.1297045265,0.2142391459,0.2241902579,0.1836181235,0.6270852579,0.6268317803,0.6294195157,0.4488042704,0.4590487103,0.4619093827
4.66,2.768637949,2.845714665,2.852840668,2.768637949,2.845714665,2.852840668,0.1289788816,0.1289788816,0.2142715694,0.2242232698,0.1836531895,0.6269357596,0.6266821785,0.629261187,0.448642153,0.4588836511,0.4617340523
4.68,2.768234952,2.845304392,2.852404697,2.768234952,2.845304392,2.852404697,0.1282572911,0.128257291,0.2143038092,0.2242560916,0.1836880672,0.6267870761,0.6265334065,0.6291036736,0.4484809541,0.4587195421,0.4615596639
4.7,2.767834238,2.844896481,2.851971069,2.767834238,2.844896481,2.851971069,0.1275397322,0.1275397321,0.2143358663,0.2242887245,0.1837227574,0.6266392032,0.6263854597,0.6289469719,0.4483206685,0.4585563777,0.4613862128
4.72,2.767435793,2.844490918,2.851539772,2.767435793,2.844490918,2.851539773,0.1268261824,0.1268261824,0.2143677419,0.2243211695,0.1837572612,0.6264921364,0.6262383334,0.6287910779,0.4481612907,0.4583941524,0.4612136941
4.74,2.767039606,2.844087689,2.851110795,2.767039606,2.844087689,2.851110795,0.1261166195,0.1261166195,0.2143994369,0.2243534279,0.1837915794,0.6263458715,0.6260920233,0.6286359879,0.4480028157,0.4582328607,0.4610421031
4.76,2.766645662,2.843686779,2.850684125,2.766645662,2.843686779,2.850684125,0.1254110212,0.1254110212,0.2144309524,0.2243855006,0.183825713,0.6262004042,0.6259465249,0.6284816982,0.4478452382,0.4580724969,0.4608714351
4.78,2.766253949,2.843288177,2.85025975,2.766253949,2.843288176,2.85025975,0.1247093655,0.1247093655,0.2144622894,0.2244173888,0.183859663,0.6260557303,0.6258018337,0.6283282051,0.4476885531,0.4579130558,0.4607016852
4.8,2.765864455,2.842891866,2.849837659,2.765864455,2.842891866,2.84983766,0.1240116302,0.1240116302,0.2144934489,0.2244490936,0.1838934302,0.6259118455,0.6256579452,0.6281755048,0.4475327553,0.4577545318,0.4605328489
4.82,2.765477166,2.842497836,2.849417841,2.765477166,2.842497836,2.849417841,0.1233177937,0.1233177937,0.2145244321,0.2244806161,0.1839270157,0.6257687456,0.6255148551,0.6280235936,0.4473778396,0.4575969195,0.4603649214
4.84,2.765092069,2.842106071,2.849000282,2.765092069,2.842106071,2.849000283,0.1226278341,0.1226278341,0.2145552398,0.2245119573,0.1839604204,0.6256264265,0.625372559,0.6278724678,0.447223801,0.4574402135,0.4601978981
4.86,2.764709153,2.841716559,2.848584973,2.764709153,2.841716559,2.848584973,0.1219417298,0.1219417298,0.2145858731,0.2245431183,0.1839936451,0.6254848839,0.6252310525,0.6277221237,0.4470706344,0.4572844087,0.4600317743
4.88,2.764328404,2.841329286,2.848171901,2.764328404,2.841329286,2.848171901,0.1212594594,0.1212594594,0.214616333,0.2245741001,0.1840266909,0.6253441137,0.6250903313,0.6275725576,0.4469183349,0.4571294995,0.4598665455
4.9,2.76394981,2.840944239,2.847761055,2.76394981,2.840944239,2.847761055,0.1205810014,0.1205810014,0.2146466205,0.2246049038,0.1840595586,0.6252041118,0.6249503911,0.6274237659,0.4467668975,0.4569754808,0.459702207
4.92,2.763573359,2.840561405,2.847352423,2.76357336,2.840561405,2.847352423,0.1199063347,0.1199063347,0.2146767366,0.2246355305,0.1840922492,0.6250648741,0.6248112276,0.627275745,0.4466163172,0.4568223473,0.4595387542
4.94,2.763199039,2.840180772,2.846945994,2.763199039,2.840180772,2.846945994,0.119235438,0.119235438,0.2147066822,0.2246659812,0.1841247635,0.6249263965,0.6246728366,0.6271284912,0.446466589,0.4566700939,0.4593761826
4.96,2.762826837,2.839802325,2.846541756,2.762826837,2.839802325,2.846541756,0.1185682904,0.1185682904,0.2147364584,0.2246962569,0.1841571025,0.624788675,0.6245352137,0.6269820008,0.4463177082,0.4565187153,0.4592144877
4.98,2.762456741,2.839426053,2.846139699,2.762456741,2.839426053,2.846139699,0.1179048709,0.117904871,0.214766066,0.2247263587,0.184189267,0.6246517054,0.6243983547,0.6268362704,0.4461696698,0.4563682064,0.4590536649
5,2.762088739,2.839051942,2.845739812,2.762088739,2.839051943,2.845739811,0.1172451588,0.1172451589,0.2147955062,0.2247562876,0.184221258,0.6245154839,0.6242622556,0.6266912962,0.4460224691,0.4562185621,0.4588937098
5.02,2.761722819,2.838679981,2.845342082,2.76172282,2.838679981,2.845342082,0.1165891334,0.1165891335,0.2148247798,0.2247860445,0.1842530764,0.6243800063,0.624126912,0.6265470747,0.4458761011,0.4560697774,0.4587346179
5.04,2.76135897,2.838310155,2.844946499,2.76135897,2.838310155,2.844946499,0.1159367742,0.1159367742,0.2148538878,0.2248156306,0.1842847231,0.6242452688,0.6239923199,0.6264036023,0.4457305612,0.4559218471,0.4585763847
5.06,2.760997178,2.837942453,2.844553051,2.760997178,2.837942453,2.844553051,0.1152880606,0.1152880606,0.2148828311,0.2248450468,0.1843161988,0.6241112673,0.6238584751,0.6262608755,0.4455858446,0.4557747662,0.4584190058
5.08,2.760637433,2.837576862,2.844161729,2.760637433,2.837576862,2.844161729,0.1146429724,0.1146429724,0.2149116107,0.224874294,0.1843475047,0.6239779979,0.6237253735,0.6261188908,0.4454419466,0.4556285299,0.4582624767
5.1,2.760279723,2.83721337,2.84377252,2.760279723,2.83721337,2.84377252,0.1140014894,0.1140014894,0.2149402275,0.2249033734,0.1843786414,0.6238454568,0.6235930111,0.6259776445,0.4452988624,0.455483133,0.4581067932
5.12,2.759924035,2.836851964,2.843385414,2.759924036,2.836851964,2.843385414,0.1133635914,0.1133635914,0.2149686825,0.2249322859,0.1844096098,0.6237136399,0.6234613837,0.6258371333,0.4451565875,0.4553385707,0.4579519508
5.14,2.759570359,2.836492633,2.8430004,2.75957036,2.836492633,2.8430004,0.1127292584,0.1127292585,0.2149969766,0.2249610324,0.184440411,0.6235825435,0.6233304873,0.6256973535,0.4450151171,0.4551948382,0.4577979452
5.16,2.759218683,2.836135363,2.842617467,2.759218684,2.836135363,2.842617467,0.1120984707,0.1120984707,0.2150251106,0.2249896139,0.1844710456,0.6234521637,0.6232003179,0.6255583017,0.4448744468,0.4550519304,0.4576447721
5.18,2.758868996,2.835780144,2.842236605,2.758868996,2.835780144,2.842236604,0.1114712083,0.1114712084,0.2150530856,0.2250180315,0.1845015146,0.6233224966,0.6230708715,0.6254199744,0.4447345718,0.4549098427,0.457492427
5.2,2.758521286,2.835426962,2.841857802,2.758521286,2.835426963,2.841857802,0.1108474517,0.1108474518,0.2150809025,0.225046286,0.1845318188,0.6231935384,0.6229421441,0.6252823682,0.4445954876,0.4547685701,0.4573409059
5.22,2.758175541,2.835075807,2.841481048,2.758175541,2.835075807,2.841481048,0.1102271813,0.1102271814,0.215108562,0.2250743784,0.1845619591,0.6230652854,0.6228141318,0.6251454796,0.4444571898,0.4546281079,0.4571902043
5.24,2.757831751,2.834726666,2.841106332,2.757831751,2.834726666,2.841106332,0.1096103777,0.1096103777,0.2151360652,0.2251023097,0.1845919364,0.6229377337,0.6226868306,0.6250093051,0.4443196738,0.4544884514,0.457040318
5.26,2.757489904,2.834379527,2.840733644,2.757489904,2.834379527,2.840733644,0.1089970215,0.1089970215,0.215163413,0.2251300808,0.1846217514,0.6228108796,0.6225602366,0.6248738414,0.4441829351,0.4543495959,0.4568912429
5.28,2.75714999,2.834034379,2.840362974,2.75714999,2.834034379,2.840362973,0.1083870934,0.1083870935,0.2151906061,0.2251576927,0.1846514051,0.6226847193,0.622434346,0.624739085,0.4440469693,0.4542115366,0.4567429746
5.3,2.756811996,2.833691209,2.83999431,2.756811996,2.833691209,2.83999431,0.1077805745,0.1077805745,0.2152176456,0.2251851462,0.1846808982,0.6225592492,0.6223091548,0.6246050326,0.4439117719,0.4540742688,0.456595509
5.32,2.756475913,2.833350007,2.839627642,2.756475913,2.833350007,2.839627642,0.1071774456,0.1071774456,0.2152445323,0.2252124424,0.1847102316,0.6224344655,0.6221846592,0.6244716806,0.4437773386,0.4539377881,0.456448842
5.34,2.756141729,2.833010761,2.839262961,2.756141729,2.833010761,2.839262961,0.1065776878,0.1065776878,0.215271267,0.2252395821,0.1847394061,0.6223103645,0.6220608554,0.6243390259,0.4436436651,0.4538020896,0.4563029694
5.36,2.755809434,2.83267346,2.838900255,2.755809434,2.83267346,2.838900255,0.1059812824,0.1059812824,0.2152978506,0.2252665662,0.1847684226,0.6221869426,0.6219377395,0.624207065,0.4435107468,0.453667169,0.456157887
5.38,2.755479016,2.832338091,2.838539514,2.755479016,2.832338091,2.838539514,0.1053882107,0.1053882107,0.2153242841,0.2252933957,0.1847972818,0.6220641962,0.6218153078,0.6240757946,0.4433785796,0.4535330215,0.4560135908
5.4,2.755150465,2.832004644,2.838180729,2.755150465,2.832004644,2.838180729,0.104798454,0.104798454,0.2153505682,0.2253200714,0.1848259847,0.6219421216,0.6216935566,0.6239452113,0.4432471592,0.4533996428,0.4558700766
5.42,2.75482377,2.831673108,2.837823888,2.75482377,2.831673108,2.837823888,0.1042119938,0.1042119938,0.2153767038,0.2253465944,0.1848545319,0.6218207152,0.621572482,0.6238153118,0.4431164812,0.4532670282,0.4557273404
5.44,2.75449892,2.831343471,2.837468982,2.75449892,2.831343471,2.837468982,0.1036288119,0.1036288119,0.2154026917,0.2253729653,0.1848829244,0.6216999734,0.6214520803,0.6236860928,0.4429865414,0.4531351734,0.4555853781
5.46,2.754175906,2.831015722,2.837116001,2.754175906,2.831015722,2.837116001,0.1030488898,0.1030488898,0.2154285329,0.2253991852,0.1849111629,0.6215798927,0.6213323478,0.623557551,0.4428573357,0.4530040739,0.4554441856
5.48,2.753854716,2.83068985,2.836764935,2.753854716,2.83068985,2.836764935,0.1024722095,0.1024722095,0.2154542281,0.225425255,0.1849392482,0.6214604695,0.6212132809,0.6234296832,0.4427288597,0.4528737252,0.4553037591
5.5,2.75353534,2.830365845,2.836415773,2.75353534,2.830365845,2.836415773,0.1018987527,0.1018987527,0.2154797781,0.2254511754,0.1849671811,0.6213417003,0.6210948759,0.623302486,0.4426011094,0.4527441231,0.4551640944
5.52,2.753217768,2.830043695,2.836068506,2.753217768,2.830043695,2.836068506,0.1013285016,0.1013285016,0.2155051839,0.2254769474,0.1849949625,0.6212235815,0.6209771291,0.6231759562,0.4424740806,0.452615263,0.4550251876
5.54,2.75290199,2.829723389,2.835723124,2.75290199,2.829723389,2.835723124,0.1007614383,0.1007614383,0.2155304462,0.2255025718,0.185022593,0.6211061097,0.6208600369,0.6230500906,0.4423477692,0.4524871408,0.4548870348
5.56,2.752587994,2.829404917,2.835379617,2.752587994,2.829404917,2.835379617,0.1001975449,0.1001975449,0.2155555658,0.2255280496,0.1850500736,0.6209892815,0.6207435957,0.6229248859,0.4422221711,0.4523597521,0.4547496319
5.58,2.752275772,2.829088268,2.835037975,2.752275772,2.829088268,2.835037975,0.09963680384,0.09963680384,0.2155805436,0.2255533815,0.185077405,0.6208730932,0.6206278019,0.6228003389,0.4420972822,0.4522330925,0.4546129751
5.6,2.751965313,2.828773432,2.834698188,2.751965313,2.828773432,2.834698188,0.09907919746,0.09907919746,0.2156053803,0.2255785684,0.1851045879,0.6207575415,0.6205126519,0.6226764464,0.4419730984,0.452107158,0.4544770605
5.62,2.751656606,2.828460397,2.834360248,2.751656606,2.828460397,2.834360248,0.0985247083,0.0985247083,0.2156300768,0.2256036112,0.1851316232,0.620642623,0.6203981422,0.6225532053,0.4418496158,0.4519819441,0.4543418842
5.64,2.751349642,2.828149154,2.834024143,2.751349642,2.828149154,2.834024143,0.09797331895,0.09797331895,0.2156546339,0.2256285106,0.1851585115,0.6205283343,0.6202842692,0.6224306122,0.4417268303,0.4518574468,0.4542074423
5.66,2.751044412,2.827839691,2.833689865,2.751044412,2.827839691,2.833689865,0.09742501214,0.09742501214,0.2156790524,0.2256532676,0.1851852538,0.620414672,0.6201710295,0.6223086642,0.441604738,0.4517336618,0.454073731
5.68,2.750740904,2.827531999,2.833357403,2.750740904,2.827531999,2.833357403,0.09687977066,0.09687977066,0.215703333,0.225677883,0.1852118507,0.6203016327,0.6200584196,0.6221873579,0.4414833349,0.4516105849,0.4539407464
5.7,2.750439109,2.827226067,2.833026749,2.750439109,2.827226067,2.833026749,0.0963375774,0.0963375774,0.2157274766,0.2257023576,0.1852383031,0.620189213,0.6199464359,0.6220666904,0.441362617,0.4514882122,0.4538084847
5.72,2.750139018,2.826921885,2.832697893,2.750139018,2.826921885,2.832697893,0.09579841536,0.09579841536,0.2157514839,0.2257266921,0.1852646116,0.6200774096,0.6198350751,0.6219466584,0.4412425805,0.4513665393,0.4536769422
5.74,2.74984062,2.826619443,2.832370825,2.74984062,2.826619443,2.832370825,0.09526226763,0.09526226763,0.2157753557,0.2257508875,0.185290777,0.6199662193,0.6197243336,0.6218272588,0.4411232215,0.4512455624,0.453546115
5.76,2.749543907,2.82631873,2.832045536,2.749543907,2.82631873,2.832045536,0.09472911738,0.09472911738,0.2157990928,0.2257749445,0.1853168001,0.6198556387,0.6196142081,0.6217084885,0.4410045361,0.4511252773,0.4534159995
5.78,2.749248868,2.826019737,2.831722017,2.749248868,2.826019737,2.831722017,0.0941989479,0.0941989479,0.2158226959,0.225798864,0.1853426816,0.6197456644,0.6195046952,0.6215903445,0.4408865205,0.4510056799,0.4532865918
5.8,2.748955494,2.825722453,2.831400258,2.748955494,2.825722453,2.831400258,0.09367174254,0.09367174254,0.2158461658,0.2258226467,0.1853684223,0.6196362934,0.6193957915,0.6214728236,0.4407691708,0.4508867663,0.4531578883
5.82,2.748663775,2.825426869,2.83108025,2.748663775,2.825426868,2.83108025,0.09314748478,0.09314748477,0.2158695033,0.2258462935,0.1853940229,0.6195275222,0.6192874936,0.6213559229,0.4406524833,0.4507685326,0.4530298853
5.84,2.748373702,2.825132974,2.830761985,2.748373702,2.825132974,2.830761985,0.09262615815,0.09262615814,0.2158927092,0.2258698051,0.1854194842,0.6194193478,0.6191797981,0.6212396391,0.4405364542,0.4506509746,0.452902579
5.86,2.748085266,2.824840759,2.830445452,2.748085266,2.824840759,2.830445452,0.09210774631,0.0921077463,0.2159157841,0.2258931823,0.1854448068,0.6193117667,0.6190727019,0.6211239694,0.4404210797,0.4505340886,0.4527759658
5.88,2.747798457,2.824550214,2.830130642,2.747798457,2.824550213,2.830130642,0.09159223299,0.09159223297,0.2159387288,0.2259164259,0.1854699916,0.619204776,0.6189662015,0.6210089107,0.4403063561,0.4504178706,0.4526500421
5.9,2.747513266,2.824261329,2.829817548,2.747513266,2.824261329,2.829817548,0.09107960201,0.09107960199,0.2159615441,0.2259395367,0.1854950392,0.6190983723,0.6188602936,0.6208944599,0.4401922797,0.4503023166,0.4525248042
5.92,2.747229684,2.823974094,2.829506158,2.747229684,2.823974094,2.829506158,0.09056983729,0.09056983726,0.2159842306,0.2259625154,0.1855199503,0.6189925526,0.618754975,0.620780614,0.4400788468,0.450187423,0.4524002485
5.94,2.746947701,2.823688501,2.829196466,2.746947701,2.823688501,2.829196466,0.09006292283,0.0900629228,0.2160067892,0.2259853629,0.1855447257,0.6188873136,0.6186502425,0.6206673702,0.4399660538,0.4500731857,0.4522763715
5.96,2.746667309,2.82340454,2.828888461,2.746667309,2.823404539,2.828888461,0.08955884273,0.08955884269,0.2160292206,0.2260080798,0.1855693661,0.6187826522,0.6185460928,0.6205547253,0.4398538969,0.449959601,0.4521531694
5.98,2.746388498,2.8231222,2.828582134,2.746388498,2.8231222,2.828582134,0.08905758116,0.08905758112,0.2160515255,0.226030667,0.1855938722,0.6186785654,0.6184425226,0.6204426764,0.4397423726,0.4498466651,0.4520306389
6,2.74611126,2.822841473,2.828277478,2.74611126,2.822841472,2.828277478,0.0885591224,0.08855912236,0.2160737045,0.2260531252,0.1856182447,0.61857505,0.6183395289,0.6203312206,0.4396314773,0.4497343742,0.4519087763
6.02,2.745835585,2.822562349,2.827974482,2.745835585,2.822562348,2.827974483,0.08806345081,0.08806345076,0.2160957585,0.2260754551,0.1856424844,0.6184721029,0.6182371083,0.620220355,0.4395212074,0.4496227246,0.4517875781
6.04,2.745561465,2.822284818,2.827673139,2.745561465,2.822284818,2.827673139,0.08757055082,0.08757055077,0.2161176881,0.2260976575,0.1856665918,0.6183697211,0.6181352578,0.6201100765,0.4394115593,0.4495117125,0.4516670408
6.06,2.745288891,2.822008873,2.82737344,2.74528889,2.822008873,2.82737344,0.08708040697,0.08708040692,0.2161394941,0.2261197331,0.1856905678,0.6182679015,0.6180339741,0.6200003824,0.4393025296,0.4494013343,0.451547161
6.08,2.745017853,2.821734503,2.827075375,2.745017853,2.821734502,2.827075375,0.08659300387,0.08659300382,0.2161611771,0.2261416828,0.185714413,0.6181666411,0.6179332542,0.6198912696,0.4391941146,0.4492915862,0.451427935
6.1,2.744748344,2.821461699,2.826778936,2.744748344,2.821461698,2.826778936,0.08610832624,0.08610832618,0.2161827378,0.2261635071,0.1857381281,0.6180659369,0.6178330949,0.6197827353,0.4390863108,0.4491824646,0.4513093596
6.12,2.744480354,2.821190452,2.826484115,2.744480354,2.821190452,2.826484115,0.08562635885,0.08562635879,0.216204177,0.2261852068,0.1857617138,0.6179657858,0.6177334931,0.6196747766,0.4389791149,0.4490739659,0.4511914312
6.14,2.744213875,2.820920753,2.826190903,2.744213875,2.820920753,2.826190903,0.08514708657,0.08514708652,0.2162254953,0.2262067827,0.1857851707,0.6178661849,0.6176344458,0.6195673907,0.4388725233,0.4489660864,0.4510741464
6.16,2.743948898,2.820652594,2.825899292,2.743948898,2.820652593,2.825899292,0.08467049437,0.08467049432,0.2162466935,0.2262282355,0.1858084996,0.6177671312,0.6175359499,0.6194605747,0.4387665326,0.4488588226,0.4509575019
6.18,2.743685415,2.820385964,2.825609272,2.743685415,2.820385964,2.825609273,0.08419656729,0.08419656723,0.2162677721,0.2262495658,0.1858317012,0.6176686217,0.6174380024,0.6193543257,0.4386611394,0.4487521708,0.4508414941
6.2,2.743423417,2.820120856,2.825320837,2.743423417,2.820120856,2.825320837,0.08372529044,0.08372529038,0.2162887319,0.2262707745,0.185854776,0.6175706536,0.6173406001,0.6192486409,0.4385563403,0.4486461276,0.4507261198
6.22,2.743162896,2.81985726,2.825033976,2.743162896,2.81985726,2.825033976,0.08325664903,0.08325664898,0.2163095736,0.2262918621,0.1858777249,0.6174732238,0.6172437401,0.6191435176,0.4384521319,0.4485406893,0.4506113756
6.24,2.742903844,2.819595168,2.824748683,2.742903844,2.819595168,2.824748683,0.08279062835,0.08279062831,0.2163302978,0.2263128295,0.1859005484,0.6173763294,0.6171474194,0.6190389528,0.4383485108,0.4484358526,0.4504972582
6.26,2.742646251,2.819334572,2.824464948,2.742646251,2.819334571,2.824464948,0.08232721378,0.08232721374,0.2163509052,0.2263336772,0.1859232472,0.6172799677,0.6170516351,0.6189349438,0.4382454738,0.4483316138,0.4503837642
6.28,2.74239011,2.819075461,2.824182763,2.74239011,2.819075461,2.824182763,0.08186639075,0.08186639072,0.2163713965,0.2263544061,0.1859458219,0.6171841356,0.616956384,0.6188314879,0.4381430174,0.4482279695,0.4502708903
6.3,2.742135413,2.818817828,2.82390212,2.742135413,2.818817828,2.82390212,0.08140814482,0.08140814479,0.2163917723,0.2263750167,0.1859682733,0.6170888304,0.6168616634,0.6187285822,0.4380411385,0.4481249164,0.4501586333
6.32,2.741882151,2.818561664,2.823623012,2.741882151,2.818561664,2.823623012,0.08095246158,0.08095246156,0.2164120333,0.2263955098,0.185990602,0.6169940491,0.6167674702,0.618626224,0.4379398336,0.4480224509,0.4500469898
6.34,2.741630316,2.818306961,2.823345429,2.741630316,2.818306961,2.823345429,0.08049932673,0.08049932672,0.2164321801,0.2264158861,0.1860128087,0.616899789,0.6166738016,0.6185244105,0.4378390996,0.4479205696,0.4499359566
6.36,2.7413799,2.81805371,2.823069363,2.7413799,2.81805371,2.823069363,0.08004872605,0.08004872605,0.2164522134,0.2264361462,0.1860348939,0.6168060472,0.6165806546,0.6184231391,0.4377389332,0.4478192692,0.4498255305
6.38,2.741130895,2.817801903,2.822794808,2.741130895,2.817801903,2.822794808,0.07960064539,0.07960064539,0.2164721338,0.2264562907,0.1860568583,0.616712821,0.6164880264,0.6183224069,0.4376393312,0.4477185463,0.4497157083
6.4,2.740883292,2.817551531,2.822521754,2.740883292,2.817551531,2.822521754,0.07915507067,0.07915507069,0.2164919419,0.2264763205,0.1860787027,0.6166201074,0.6163959141,0.6182222113,0.4375402904,0.4476183975,0.4496064866
6.42,2.740637085,2.817302586,2.822250193,2.740637085,2.817302586,2.822250193,0.07871198792,0.07871198794,0.2165116385,0.2264962361,0.1861004275,0.6165279038,0.6163043148,0.6181225496,0.4374418075,0.4475188196,0.4494978624
6.44,2.740392265,2.81705506,2.821980118,2.740392265,2.81705506,2.821980118,0.0782713832,0.07827138323,0.2165312241,0.2265160382,0.1861220335,0.6164362074,0.6162132257,0.6180234191,0.4373438795,0.4474198092,0.4493898324
6.46,2.740148824,2.816808945,2.821711521,2.740148824,2.816808945,2.821711521,0.07783324269,0.07783324273,0.2165506994,0.2265357274,0.1861435213,0.6163450154,0.616122644,0.6179248171,0.4372465031,0.447321363,0.4492823935
6.48,2.739906755,2.816564232,2.821444394,2.739906755,2.816564232,2.821444394,0.07739755264,0.07739755269,0.216570065,0.2265553044,0.1861648915,0.6162543252,0.6160325668,0.6178267409,0.4371496752,0.4472234778,0.4491755426
6.5,2.739666049,2.816320913,2.821178728,2.739666049,2.816320913,2.821178728,0.07696429935,0.07696429941,0.2165893214,0.2265747699,0.1861861447,0.6161641339,0.6159429914,0.617729188,0.4370533928,0.4471261504,0.4490692765
6.52,2.739426698,2.816078981,2.820914517,2.739426699,2.816078981,2.820914517,0.07653346922,0.07653346929,0.2166084695,0.2265941245,0.1862072816,0.616074439,0.615853915,0.6176321556,0.4369576527,0.4470293774,0.4489635921
6.54,2.739188696,2.815838426,2.820651753,2.739188697,2.815838427,2.820651753,0.07610504873,0.0761050488,0.2166275096,0.2266133689,0.1862283027,0.6159852376,0.6157653348,0.6175356411,0.4368624519,0.4469331557,0.4488584863
6.56,2.738952035,2.815599242,2.820390427,2.738952035,2.815599243,2.820390427,0.07567902442,0.07567902449,0.2166464426,0.2266325036,0.1862492088,0.6158965272,0.6156772481,0.617439642,0.4367677872,0.4468374821,0.448753956
6.58,2.738716706,2.815361421,2.820130532,2.738716706,2.815361421,2.820130532,0.0752553829,0.07525538298,0.2166652689,0.2266515293,0.1862700004,0.615808305,0.6155896522,0.6173441555,0.4366736557,0.4467423534,0.4486499981
6.6,2.738482702,2.815124954,2.819872061,2.738482703,2.815124954,2.819872061,0.07483411087,0.07483411096,0.2166839891,0.2266704467,0.1862906781,0.6157205685,0.6155025443,0.6172491792,0.4365800543,0.4466477666,0.4485466097
6.62,2.738250017,2.814889833,2.819615006,2.738250017,2.814889833,2.819615006,0.07441519511,0.0744151952,0.216702604,0.2266892563,0.1863112425,0.6156333149,0.6154159217,0.6171547104,0.43648698,0.4465537183,0.4484437876
6.64,2.738018641,2.814656051,2.819359359,2.738018641,2.814656051,2.819359359,0.07399862245,0.07399862254,0.216721114,0.2267079589,0.1863316942,0.6155465417,0.6153297818,0.6170607465,0.4363944299,0.4464602056,0.4483415288
6.66,2.737788569,2.8144236,2.819105113,2.737788569,2.814423601,2.819105113,0.07358437981,0.0735843799,0.2167395198,0.2267265549,0.1863520339,0.6154602463,0.6152441219,0.6169672851,0.4363024008,0.4463672254,0.4482398304
6.68,2.737559792,2.814192473,2.81885226,2.737559792,2.814192473,2.81885226,0.07317245418,0.07317245426,0.216757822,0.2267450451,0.1863722621,0.615374426,0.6151589392,0.6168743234,0.43621089,0.4462747744,0.4481386893
6.7,2.737332303,2.813962662,2.818600794,2.737332303,2.813962662,2.818600793,0.07276283262,0.07276283269,0.2167760211,0.22676343,0.1863923795,0.6152890783,0.6150742313,0.6167818592,0.4361198944,0.4461828498,0.4480381026
6.72,2.737106095,2.813734158,2.818350705,2.737106095,2.813734159,2.818350705,0.07235550226,0.07235550233,0.2167941178,0.2267817103,0.1864123866,0.6152042007,0.6149899953,0.6166898897,0.4360294112,0.4460914485,0.4479380672
6.74,2.73688116,2.813506956,2.818101988,2.73688116,2.813506956,2.818101988,0.0719504503,0.07195045036,0.2168121125,0.2267998865,0.1864322839,0.6151197906,0.6149062288,0.6165984124,0.4359394374,0.4460005674,0.4478385803
6.76,2.736657492,2.813281046,2.817854634,2.736657492,2.813281046,2.817854634,0.07154766403,0.07154766408,0.216830006,0.2268179593,0.1864520722,0.6150358453,0.6148229292,0.616507425,0.4358499701,0.4459102035,0.4477396389
6.78,2.736435083,2.813056422,2.817608638,2.736435083,2.813056422,2.817608637,0.07114713078,0.07114713082,0.2168477987,0.2268359292,0.186471752,0.6149523625,0.6147400937,0.6164169248,0.4357610064,0.4458203539,0.4476412402
6.8,2.736213926,2.812833076,2.81736399,2.736213926,2.812833076,2.81736399,0.07074883798,0.07074883801,0.2168654913,0.2268537969,0.1864913238,0.6148693396,0.61465772,0.6163269094,0.4356725436,0.4457310155,0.4475433811
6.82,2.735994013,2.812611001,2.817120684,2.735994014,2.812611001,2.817120684,0.07035277311,0.07035277313,0.2168830843,0.2268715629,0.1865107882,0.6147867742,0.6145758053,0.6162373764,0.4355845787,0.4456421855,0.4474460588
6.84,2.735775339,2.812390189,2.816878713,2.735775339,2.812390189,2.816878713,0.06995892372,0.06995892374,0.2169005782,0.2268892278,0.1865301459,0.6147046636,0.6144943472,0.6161483232,0.435497109,0.4455538608,0.4473492705
6.86,2.735557896,2.812170634,2.81663807,2.735557896,2.812170634,2.81663807,0.06956727745,0.06956727746,0.2169179737,0.2269067923,0.1865493974,0.6146230055,0.6144133431,0.6160597474,0.4354101317,0.4454660387,0.4472530132
6.88,2.735341676,2.811952327,2.816398748,2.735341676,2.811952327,2.816398748,0.06917782199,0.06917782199,0.2169352712,0.2269242568,0.1865685432,0.6145417974,0.6143327905,0.6159716467,0.4353236438,0.4453787161,0.4471572842
6.9,2.735126673,2.811735263,2.816160739,2.735126673,2.811735263,2.816160739,0.06879054509,0.06879054509,0.2169524714,0.226941622,0.1865875839,0.6144610368,0.614252687,0.6158840185,0.4352376428,0.4452918902,0.4470620806
6.92,2.734912881,2.811519432,2.815924036,2.734912881,2.811519432,2.815924036,0.0684054346,0.0684054346,0.2169695749,0.2269588884,0.1866065201,0.6143807214,0.61417303,0.6157968605,0.4351521257,0.4452055581,0.4469673995
6.94,2.734700291,2.81130483,2.815688633,2.734700291,2.81130483,2.815688633,0.06802247842,0.06802247841,0.216986582,0.2269760566,0.1866253523,0.6143008486,0.614093817,0.6157101702,0.4350670899,0.445119717,0.4468732383
6.96,2.734488898,2.811091447,2.815454522,2.734488898,2.811091447,2.815454522,0.0676416645,0.0676416645,0.2170034935,0.2269931272,0.1866440812,0.6142214161,0.6140150456,0.6156239452,0.4349825327,0.445034364,0.4467795941
6.98,2.734278695,2.810879278,2.815221697,2.734278695,2.810879278,2.815221697,0.06726298089,0.06726298088,0.2170203097,0.2270101007,0.1866627072,0.6141424216,0.6139367133,0.6155381833,0.4348984513,0.4449494964,0.446686464
7,2.734069674,2.810668315,2.814990151,2.734069674,2.810668315,2.814990151,0.06688641568,0.06688641568,0.2170370314,0.2270269777,0.1866812309,0.6140638626,0.6138588178,0.6154528819,0.4348148431,0.4448651113,0.4465938455
7.02,2.73386183,2.810458552,2.814759876,2.73386183,2.810458552,2.814759876,0.06651195705,0.06651195705,0.2170536589,0.2270437588,0.1866996529,0.6139857367,0.6137813565,0.6153680388,0.4347317053,0.444781206,0.4465017356
7.04,2.733655155,2.810249981,2.814530867,2.733655155,2.810249981,2.814530867,0.06613959322,0.06613959322,0.2170701929,0.2270604445,0.1867179736,0.6139080416,0.6137043271,0.6152836516,0.4346490353,0.4446977776,0.4464101318
7.06,2.733449643,2.810042596,2.814303115,2.733449643,2.810042596,2.814303115,0.0657693125,0.06576931249,0.2170866339,0.2270770353,0.1867361938,0.6138307749,0.6136277272,0.6151997179,0.4345668304,0.4446148235,0.4463190312
7.08,2.733245287,2.809836389,2.814076615,2.733245287,2.809836389,2.814076615,0.06540110324,0.06540110324,0.2171029824,0.2270935318,0.1867543138,0.6137539344,0.6135515543,0.6151162355,0.4344850881,0.4445323409,0.4462284312
7.1,2.733042081,2.809631355,2.81385136,2.733042081,2.809631355,2.81385136,0.06503495388,0.06503495387,0.2171192389,0.2271099346,0.1867723342,0.6136775177,0.6134758062,0.615033202,0.4344038057,0.4444503271,0.4461383291
7.12,2.732840018,2.809427486,2.813627343,2.732840018,2.809427485,2.813627343,0.0646708529,0.0646708529,0.2171354039,0.2271262441,0.1867902556,0.6136015225,0.6134004805,0.6149506151,0.4343229805,0.4443687794,0.4460487222
7.14,2.732639092,2.809224775,2.813404557,2.732639092,2.809224775,2.813404557,0.06430878888,0.06430878887,0.217151478,0.227142461,0.1868080784,0.6135259465,0.6133255748,0.6148684725,0.4342426101,0.444287695,0.4459596078
7.16,2.732439296,2.809023216,2.813182995,2.732439296,2.809023216,2.813182995,0.06394875041,0.06394875041,0.2171674617,0.2271585857,0.1868258033,0.6134507874,0.6132510868,0.6147867719,0.4341626917,0.4442070715,0.4458709833
7.18,2.732240624,2.808822802,2.812962652,2.732240624,2.808822802,2.812962652,0.0635907262,0.0635907262,0.2171833554,0.2271746188,0.1868434308,0.6133760429,0.6131770142,0.6147055111,0.434083223,0.444126906,0.4457828461
7.2,2.73204307,2.808623527,2.812743521,2.73204307,2.808623527,2.812743521,0.06323470499,0.06323470498,0.2171991597,0.2271905608,0.1868609613,0.6133017109,0.6131033546,0.6146246878,0.4340042013,0.4440471959,0.4456951935
7.22,2.731846627,2.808425384,2.812525594,2.731846627,2.808425384,2.812525594,0.06288067558,0.06288067558,0.2172148752,0.2272064123,0.1868783954,0.613227789,0.6130301058,0.6145442997,0.4339256241,0.4439679387,0.4456080229
7.24,2.731651289,2.808228366,2.812308867,2.731651289,2.808228366,2.812308867,0.06252862685,0.06252862685,0.2172305022,0.2272221737,0.1868957336,0.613154275,0.6129572656,0.6144643446,0.4338474888,0.4438891317,0.4455213318
7.26,2.731457049,2.808032468,2.812093331,2.731457049,2.808032468,2.812093331,0.06217854774,0.06217854773,0.2172460414,0.2272378455,0.1869129765,0.6130811667,0.6128848316,0.6143848203,0.4337697931,0.4438107724,0.4454351175
7.28,2.731263902,2.807837682,2.811878981,2.731263902,2.807837682,2.811878981,0.06183042723,0.06183042723,0.2172614931,0.2272534284,0.1869301245,0.6130084619,0.6128128015,0.6143057245,0.4336925343,0.4437328581,0.4453493775
7.3,2.731071842,2.807644003,2.81166581,2.731071842,2.807644003,2.81166581,0.06148425439,0.06148425439,0.217276858,0.2272689227,0.1869471781,0.6129361584,0.6127411732,0.6142270551,0.43361571,0.4436553863,0.4452641093
7.32,2.730880861,2.807451423,2.811453813,2.730880861,2.807451423,2.811453813,0.06114001834,0.06114001834,0.2172921364,0.2272843291,0.186964138,0.612864254,0.6126699444,0.6141488097,0.4335393179,0.4435783544,0.4451793102
7.34,2.730690955,2.807259937,2.811242982,2.730690955,2.807259937,2.811242982,0.06079770825,0.06079770825,0.2173073289,0.227299648,0.1869810044,0.6127927465,0.612599113,0.6140709863,0.4334633553,0.44350176,0.4450949778
7.36,2.730502116,2.807069538,2.811033311,2.730502116,2.807069538,2.811033311,0.06045731337,0.06045731336,0.217322436,0.2273148799,0.1869977781,0.6127216338,0.6125286766,0.6139935827,0.4333878199,0.4434256004,0.4450111095
7.38,2.73031434,2.80688022,2.810824794,2.73031434,2.80688022,2.810824794,0.06011882298,0.06011882297,0.2173374581,0.2273300253,0.1870144594,0.6126509137,0.6124586331,0.6139165966,0.4333127093,0.4433498733,0.4449277029
7.4,2.730127619,2.806691977,2.810617426,2.730127619,2.806691977,2.810617426,0.05978222646,0.05978222645,0.2173523958,0.2273450848,0.1870310489,0.6125805841,0.6123889803,0.613840026,0.4332380211,0.4432745761,0.4448447554
7.42,2.729941949,2.806504803,2.810411199,2.729941949,2.806504803,2.810411199,0.05944751322,0.0594475132,0.2173672494,0.2273600587,0.1870475471,0.6125106428,0.612319716,0.6137638687,0.4331637529,0.4431997063,0.4447622646
7.44,2.729757322,2.806318691,2.810206107,2.729757322,2.806318691,2.810206107,0.05911467273,0.05911467271,0.2173820196,0.2273749477,0.1870639544,0.6124410877,0.6122508382,0.6136881224,0.4330899022,0.4431252616,0.444680228
7.46,2.729573734,2.806133635,2.810002145,2.729573734,2.806133635,2.810002145,0.05878369453,0.0587836945,0.2173967066,0.2273897521,0.1870802714,0.6123719167,0.6121823445,0.6136127852,0.4330164668,0.4430512394,0.4445986431
7.48,2.729391177,2.80594963,2.809799306,2.729391177,2.80594963,2.809799306,0.05845456822,0.05845456819,0.2174113111,0.2274044725,0.1870964985,0.6123031278,0.612114233,0.6135378549,0.4329434443,0.4429776373,0.4445175076
7.5,2.729209648,2.805766669,2.809597585,2.729209648,2.805766669,2.809597585,0.05812728345,0.05812728341,0.2174258335,0.2274191094,0.1871126362,0.6122347188,0.6120465015,0.6134633293,0.4328708324,0.4429044529,0.444436819
7.52,2.729029138,2.805584747,2.809396974,2.729029138,2.805584746,2.809396974,0.05780182992,0.05780182987,0.2174402743,0.2274336632,0.187128685,0.6121666876,0.6119791479,0.6133892064,0.4327986287,0.4428316838,0.4443565748
7.54,2.728849644,2.805403856,2.809197469,2.728849644,2.805403856,2.809197469,0.05747819741,0.05747819735,0.2174546338,0.2274481345,0.1871446455,0.6120990323,0.61191217,0.6133154841,0.432726831,0.4427593276,0.4442767727
7.56,2.728671159,2.805223992,2.808999063,2.728671159,2.805223992,2.808999063,0.05715637573,0.05715637567,0.2174689126,0.2274625236,0.1871605179,0.6120317507,0.6118455658,0.6132421603,0.4326554369,0.442687382,0.4441974103
7.58,2.728493677,2.805045149,2.80880175,2.728493677,2.805045148,2.80880175,0.05683635477,0.05683635471,0.2174831112,0.2274768311,0.187176303,0.6119648409,0.6117793333,0.613169233,0.4325844442,0.4426158446,0.4441184852
7.6,2.728317193,2.80486732,2.808605525,2.728317193,2.80486732,2.808605525,0.05651812447,0.0565181244,0.2174972299,0.2274910574,0.187192001,0.6118983007,0.6117134703,0.6130967,0.4325138505,0.442544713,0.4440399951
7.62,2.728141701,2.8046905,2.808410381,2.728141701,2.804690499,2.808410381,0.05620167482,0.05620167474,0.2175112693,0.227505203,0.1872076125,0.6118321282,0.6116479748,0.6130245593,0.4324436537,0.442473985,0.4439619376
7.64,2.727967195,2.804514682,2.808216313,2.727967195,2.804514682,2.808216313,0.05588699586,0.05588699578,0.2175252297,0.2275192684,0.1872231379,0.6117663213,0.6115828447,0.6129528089,0.4323738515,0.4424036581,0.4438843103
7.66,2.727793671,2.804339863,2.808023314,2.727793671,2.804339862,2.808023315,0.0555740777,0.05557407762,0.2175391117,0.227533254,0.1872385778,0.6117008781,0.6115180781,0.6128814468,0.4323044417,0.4423337302,0.4438071109
7.68,2.727621122,2.804166034,2.80783138,2.727621121,2.804166034,2.80783138,0.05526291051,0.05526291042,0.2175529156,0.2275471602,0.1872539326,0.6116357966,0.6114536729,0.6128104709,0.432235422,0.4422641989,0.4437303372
7.7,2.727449542,2.803993192,2.807640504,2.727449542,2.803993192,2.807640504,0.05495348449,0.0549534844,0.2175666419,0.2275609876,0.1872692027,0.6115710748,0.6113896271,0.6127398792,0.4321667903,0.4421950619,0.4436539867
7.72,2.727278927,2.80382133,2.80745068,2.727278927,2.803821329,2.80745068,0.05464578992,0.05464578983,0.2175802911,0.2275747366,0.1872843885,0.6115067107,0.6113259386,0.6126696697,0.4320985443,0.442126317,0.4435780573
7.74,2.727109271,2.803650442,2.807261904,2.727109271,2.803650442,2.807261904,0.05433981711,0.05433981702,0.2175938636,0.2275884076,0.1872994907,0.6114427024,0.6112626056,0.6125998404,0.4320306818,0.4420579619,0.4435025466
7.76,2.726940569,2.803480523,2.807074168,2.726940569,2.803480523,2.807074168,0.05403555645,0.05403555636,0.2176073598,0.2276020011,0.1873145095,0.6113790479,0.6111996261,0.6125303894,0.4319632008,0.4419899944,0.4434274524
7.78,2.726772814,2.803311568,2.806887468,2.726772814,2.803311568,2.806887468,0.05373299837,0.05373299828,0.2176207802,0.2276155175,0.1873294455,0.6113157454,0.611136998,0.6124613147,0.4318960991,0.4419224123,0.4433527724
7.8,2.726606003,2.80314357,2.806701798,2.726606003,2.80314357,2.806701798,0.05343213335,0.05343213326,0.2176341251,0.2276289573,0.1873442991,0.6112527928,0.6110747194,0.6123926142,0.4318293745,0.4418552133,0.4432785043
7.82,2.726440129,2.802976525,2.806517152,2.726440128,2.802976525,2.806517152,0.05313295192,0.05313295184,0.217647395,0.2276423209,0.1873590708,0.6111901883,0.6110127884,0.6123242861,0.4317630248,0.4417883953,0.443204646
7.84,2.726275187,2.802810427,2.806333525,2.726275186,2.802810427,2.806333525,0.05283544469,0.0528354446,0.2176605904,0.2276556088,0.187373761,0.61112793,0.6109512031,0.6122563283,0.431697048,0.4417219561,0.4431311952
7.86,2.726111172,2.802645271,2.806150911,2.726111171,2.802645271,2.806150912,0.05253960228,0.0525396022,0.2176737116,0.2276688213,0.1873883701,0.6110660159,0.6108899615,0.6121887391,0.431631442,0.4416558934,0.4430581497
7.88,2.725948078,2.80248105,2.805969306,2.725948078,2.80248105,2.805969306,0.0522454154,0.05224541533,0.2176867591,0.2276819589,0.1874028985,0.6110044442,0.6108290617,0.6121215164,0.4315662046,0.4415902053,0.4429855074
7.9,2.725785901,2.802317761,2.805788702,2.725785901,2.80231776,2.805788702,0.05195287479,0.05195287473,0.2176997332,0.2276950221,0.1874173468,0.6109432131,0.6107685018,0.6120546582,0.4315013338,0.4415248894,0.4429132659
7.92,2.725624636,2.802155396,2.805609095,2.725624635,2.802155396,2.805609095,0.05166197125,0.0516619712,0.2177126345,0.2277080113,0.1874317154,0.6108823206,0.61070828,0.6119881628,0.4314368276,0.4414599437,0.4428414232
7.94,2.725464276,2.801993952,2.80543048,2.725464276,2.801993952,2.80543048,0.05137269563,0.0513726956,0.2177254632,0.2277209268,0.1874460046,0.6108217649,0.6106483943,0.6119220283,0.4313726838,0.441395366,0.442769977
7.96,2.725304818,2.801833423,2.80525285,2.725304818,2.801833423,2.80525285,0.05108503884,0.05108503881,0.2177382199,0.2277337691,0.1874602149,0.6107615441,0.6105888429,0.6118562526,0.4313089004,0.4413311543,0.4426989253
7.98,2.725146255,2.801673803,2.805076202,2.725146255,2.801673803,2.805076202,0.05079899181,0.0507989918,0.2177509049,0.2277465387,0.1874743468,0.6107016565,0.6105296239,0.6117908339,0.4312454754,0.4412673064,0.4426282659
8,2.724988583,2.801515088,2.804900529,2.724988583,2.801515088,2.804900529,0.05051454556,0.05051454556,0.2177635187,0.2277592359,0.1874884007,0.6106421002,0.6104707355,0.6117257705,0.4311824067,0.4412038203,0.4425579966
8.02,2.724831798,2.801357272,2.804725826,2.724831798,2.801357272,2.804725826,0.05023169114,0.05023169115,0.2177760615,0.2277718612,0.1875023769,0.6105828734,0.6104121758,0.6116610603,0.4311196924,0.4411406939,0.4424881154
8.04,2.724675893,2.80120035,2.804552087,2.724675893,2.80120035,2.804552087,0.04995041965,0.04995041967,0.2177885339,0.227784415,0.187516276,0.6105239743,0.610353943,0.6115967016,0.4310573305,0.4410779251,0.4424186201
8.06,2.724520864,2.801044317,2.804379309,2.724520864,2.801044317,2.804379309,0.04967072223,0.04967072227,0.2178009362,0.2277968976,0.1875300983,0.6104654011,0.6102960353,0.6115326925,0.4309953189,0.4410155119,0.4423495086
8.08,2.724366706,2.800889168,2.804207484,2.724366706,2.800889168,2.804207484,0.0493925901,0.04939259015,0.2178132689,0.2278093096,0.1875438442,0.610407152,0.6102384509,0.6114690311,0.4309336557,0.4409534522,0.4422807789
8.1,2.724213414,2.800734897,2.804036609,2.724213414,2.800734897,2.804036609,0.0491160145,0.04911601457,0.2178255322,0.2278216512,0.1875575142,0.6103492253,0.610181188,0.6114057157,0.4308723389,0.4408917441,0.4422124289
8.12,2.724060983,2.800581501,2.803866678,2.724060983,2.800581501,2.803866678,0.04884098673,0.04884098681,0.2178377267,0.2278339229,0.1875711087,0.6102916191,0.6101242447,0.6113427444,0.4308113665,0.4408303854,0.4421444564
8.14,2.723909408,2.800428973,2.803697686,2.723909409,2.800428973,2.803697686,0.04856749814,0.04856749823,0.2178498527,0.2278461251,0.1875846281,0.6102343318,0.6100676194,0.6112801154,0.4307507367,0.4407693743,0.4420768596
8.16,2.723758685,2.800277309,2.803529628,2.723758685,2.800277309,2.803529627,0.04829554012,0.04829554023,0.2178619105,0.2278582583,0.1875980728,0.6101773615,0.6100113103,0.611217827,0.4306904475,0.4407087087,0.4420096362
8.18,2.723608809,2.800126504,2.803362498,2.723608809,2.800126504,2.803362498,0.04802510412,0.04802510424,0.2178739006,0.2278703227,0.1876114431,0.6101207065,0.6099553155,0.6111558772,0.4306304969,0.4406483867,0.4419427843
8.2,2.723459774,2.799976553,2.803196292,2.723459775,2.799976553,2.803196292,0.04775618163,0.04775618176,0.2178858234,0.2278823188,0.1876247396,0.6100643652,0.6098996333,0.6110942644,0.4305708831,0.4405884062,0.4418763019
8.22,2.723311577,2.79982745,2.803031004,2.723311577,2.799827451,2.803031004,0.04748876419,0.04748876433,0.2178976792,0.2278942469,0.1876379626,0.6100083358,0.6098442621,0.6110329868,0.4305116041,0.4405287654,0.4418101869
8.24,2.723164212,2.799679193,2.80286663,2.723164212,2.799679193,2.80286663,0.04722284339,0.04722284353,0.2179094684,0.2279061076,0.1876511125,0.6099526165,0.6097892001,0.6109720426,0.4304526582,0.4404694622,0.4417444374
8.26,2.723017675,2.799531774,2.802703165,2.723017675,2.799531774,2.802703165,0.04695841085,0.04695841099,0.2179211913,0.227917901,0.1876641897,0.6098972058,0.6097344454,0.61091143,0.4303940433,0.4404104948,0.4416790513
8.28,2.722871961,2.79938519,2.802540604,2.722871961,2.79938519,2.802540604,0.04669545826,0.0466954584,0.2179328485,0.2279296278,0.1876771947,0.6098421018,0.6096799966,0.6108511473,0.4303357576,0.4403518612,0.4416140267
8.3,2.722727065,2.799239436,2.802378941,2.722727065,2.799239436,2.802378941,0.04643397735,0.04643397749,0.2179444401,0.2279412881,0.1876901277,0.609787303,0.6096258518,0.6107911927,0.4302777993,0.4402935596,0.4415493616
8.32,2.722582983,2.799094507,2.802218172,2.722582983,2.799094507,2.802218172,0.04617395988,0.04617396002,0.2179559667,0.2279528824,0.1877029892,0.6097328076,0.6095720093,0.6107315646,0.4302201665,0.440235588,0.4414850541
8.34,2.72243971,2.798950398,2.802058293,2.72243971,2.798950399,2.802058292,0.04591539767,0.04591539781,0.2179674285,0.2279644111,0.1877157796,0.609678614,0.6095184675,0.6106722612,0.4301628574,0.4401779445,0.4414211022
8.36,2.722297242,2.798807105,2.801899297,2.722297242,2.798807106,2.801899297,0.0456582826,0.04565828272,0.217978826,0.2279758745,0.1877284992,0.6096247205,0.6094652247,0.6106132807,0.4301058701,0.4401206273,0.4413575039
8.38,2.722155574,2.798664623,2.801741181,2.722155574,2.798664624,2.80174118,0.04540260656,0.04540260667,0.2179901594,0.2279872731,0.1877411485,0.6095711254,0.6094122792,0.6105546216,0.4300492029,0.4400636345,0.4412942574
8.4,2.722014702,2.798522948,2.801583939,2.722014702,2.798522948,2.801583939,0.04514836151,0.04514836162,0.2180014292,0.2279986072,0.1877537279,0.6095178273,0.6093596294,0.610496282,0.429992854,0.4400069642,0.4412313607
8.42,2.72187462,2.798382074,2.801427567,2.72187462,2.798382074,2.801427567,0.04489553945,0.04489553954,0.2180126357,0.2280098771,0.1877662376,0.6094648243,0.6093072736,0.6104382603,0.4299368215,0.4399506147,0.4411688119
8.44,2.721735326,2.798241997,2.80127206,2.721735326,2.798241997,2.80127206,0.04464413243,0.04464413251,0.2180237793,0.2280210832,0.1877786782,0.609412115,0.6092552103,0.6103805548,0.4298811036,0.439894584,0.4411066092
8.46,2.721596813,2.798102713,2.801117414,2.721596813,2.798102713,2.801117413,0.04439413253,0.04439413259,0.2180348603,0.2280322259,0.1877910499,0.6093596976,0.6092034377,0.6103231639,0.4298256987,0.4398388704,0.4410447506
8.48,2.721459079,2.797964217,2.800963623,2.721459079,2.797964217,2.800963623,0.04414553188,0.04414553192,0.218045879,0.2280433056,0.1878033532,0.6093075706,0.6091519542,0.6102660859,0.4297706048,0.439783472,0.4409832342
8.5,2.721322118,2.797826505,2.800810683,2.721322118,2.797826505,2.800810683,0.04389832265,0.04389832269,0.2180568359,0.2280543226,0.1878155883,0.6092557324,0.6091007583,0.610209319,0.4297158204,0.4397283871,0.4409220583
8.52,2.721185925,2.797689571,2.800658589,2.721185925,2.797689572,2.800658589,0.04365249708,0.0436524971,0.2180677313,0.2280652773,0.1878277558,0.6092041814,0.6090498483,0.6101528618,0.4296613436,0.4396736137,0.4408612208
8.54,2.721050498,2.797553413,2.800507337,2.721050498,2.797553413,2.800507337,0.04340804742,0.04340804742,0.2180785655,0.2280761699,0.187839856,0.609152916,0.6089992226,0.6100967125,0.4296071726,0.4396191503,0.4408007201
8.56,2.720915831,2.797418025,2.800356923,2.720915831,2.797418025,2.800356923,0.04316496597,0.04316496597,0.2180893388,0.228087001,0.1878518892,0.6091019347,0.6089488798,0.6100408695,0.4295533058,0.439564995,0.4407405542
8.58,2.72078192,2.797283402,2.80020734,2.72078192,2.797283402,2.80020734,0.04292324509,0.04292324508,0.2181000517,0.2280977708,0.1878638557,0.6090512359,0.6088988181,0.6099853311,0.4294997415,0.439511146,0.4406807213
8.6,2.720648761,2.797149541,2.800058586,2.720648761,2.797149541,2.800058586,0.04268287716,0.04268287716,0.2181107044,0.2281084797,0.1878757561,0.6090008181,0.608849036,0.6099300959,0.429446478,0.4394576016,0.4406212197
8.62,2.72051635,2.797016437,2.799910656,2.72051635,2.797016437,2.799910656,0.04244385463,0.04244385463,0.2181212973,0.228119128,0.1878875905,0.6089506797,0.608799532,0.6098751621,0.4293935135,0.43940436,0.4405620474
8.64,2.720384682,2.796884086,2.799763544,2.720384682,2.796884086,2.799763544,0.04220616997,0.04220616997,0.2181318307,0.2281297161,0.1878993595,0.6089008191,0.6087503045,0.6098205281,0.4293408463,0.4393514196,0.4405032027
8.66,2.720253754,2.796752483,2.799617247,2.720253754,2.796752483,2.799617247,0.04196981571,0.0419698157,0.218142305,0.2281402443,0.1879110632,0.6088512349,0.608701352,0.6097661925,0.4292884749,0.4392987785,0.4404446839
8.68,2.72012356,2.796621625,2.79947176,2.72012356,2.796621625,2.79947176,0.04173478439,0.04173478438,0.2181527205,0.228150713,0.1879227022,0.6088019255,0.6086526729,0.6097121535,0.4292363975,0.4392464352,0.440386489
8.7,2.719994098,2.796491507,2.799327078,2.719994098,2.796491507,2.799327078,0.04150106863,0.04150106862,0.2181630775,0.2281611224,0.1879342767,0.6087528895,0.6086042657,0.6096584096,0.4291846124,0.4391943879,0.4403286164
8.72,2.719865362,2.796362124,2.799183198,2.719865362,2.796362124,2.799183198,0.04126866106,0.04126866106,0.2181733764,0.228171473,0.1879457871,0.6087041253,0.608556129,0.6096049593,0.4291331181,0.4391426348,0.4402710644
8.74,2.719737349,2.796233473,2.799040115,2.719737349,2.796233473,2.799040115,0.04103755438,0.04103755437,0.2181836174,0.2281817651,0.1879572338,0.6086556314,0.6085082612,0.6095518009,0.4290819129,0.4390911744,0.440213831
8.76,2.719610055,2.79610555,2.798897824,2.719610055,2.79610555,2.798897824,0.0408077413,0.04080774129,0.218193801,0.228191999,0.1879686171,0.6086074064,0.6084606607,0.609498933,0.4290309952,0.439040005,0.4401569147
8.78,2.719483475,2.795978349,2.798756321,2.719483475,2.795978349,2.798756321,0.0405792146,0.04057921459,0.2182039273,0.228202175,0.1879799373,0.6085594487,0.6084133262,0.609446354,0.4289803633,0.4389891249,0.4401003136
8.8,2.719357606,2.795851868,2.798615602,2.719357606,2.795851868,2.798615602,0.04035196707,0.04035196707,0.2182139969,0.2282122935,0.1879911948,0.6085117569,0.6083662562,0.6093940623,0.4289300156,0.4389385324,0.440044026
8.82,2.719232443,2.795726102,2.798475663,2.719232443,2.795726102,2.798475663,0.04012599157,0.04012599157,0.2182240099,0.2282223548,0.1880023899,0.6084643296,0.6083194491,0.6093420565,0.4288799506,0.4388882259,0.4399880503
8.84,2.719107983,2.795601047,2.798336499,2.719107983,2.795601047,2.798336499,0.03990128098,0.03990128098,0.2182339667,0.2282323592,0.1880135231,0.6084171653,0.6082729034,0.6092903349,0.4288301666,0.4388382039,0.4399323847
8.86,2.718984222,2.795476698,2.798198106,2.718984222,2.795476698,2.798198106,0.03967782823,0.03967782823,0.2182438676,0.2282423071,0.1880245945,0.6083702625,0.6082266179,0.6092388961,0.428780662,0.4387884645,0.4398770276
8.88,2.718861155,2.795353053,2.79806048,2.718861155,2.795353053,2.79806048,0.03945562628,0.03945562628,0.2182537129,0.2282521987,0.1880356046,0.6083236198,0.6081805909,0.6091877387,0.4287314354,0.4387390064,0.4398219772
8.9,2.718738779,2.795230106,2.797923617,2.718738779,2.795230106,2.797923617,0.03923466814,0.03923466814,0.218263503,0.2282620345,0.1880465536,0.6082772358,0.6081348211,0.609136861,0.428682485,0.4386898277,0.4397672318
8.92,2.71861709,2.795107855,2.797787512,2.71861709,2.795107855,2.797787512,0.03901494686,0.03901494685,0.2182732381,0.2282718146,0.188057442,0.6082311091,0.608089307,0.6090862615,0.4286338095,0.438640927,0.4397127898
8.94,2.718496084,2.794986294,2.797652161,2.718496084,2.794986294,2.797652161,0.0387964555,0.0387964555,0.2182829186,0.2282815395,0.1880682701,0.6081852381,0.6080440472,0.609035939,0.4285854071,0.4385923027,0.4396586496
8.96,2.718375758,2.79486542,2.797517561,2.718375758,2.79486542,2.797517561,0.03857918721,0.03857918721,0.2182925447,0.2282912094,0.1880790381,0.6081396217,0.6079990403,0.6089858917,0.4285372764,0.4385439532,0.4396048094
8.98,2.718256106,2.794745229,2.797383706,2.718256106,2.794745229,2.797383706,0.03836313513,0.03836313513,0.2183021168,0.2283008246,0.1880897465,0.6080942582,0.6079542848,0.6089361183,0.4284894159,0.4384958769,0.4395512677
9,2.718137127,2.794625718,2.797250594,2.718137127,2.794625718,2.797250594,0.03814829246,0.03814829246,0.2183116352,0.2283103855,0.1881003954,0.6080491464,0.6079097794,0.6088866173,0.428441824,0.4384480723,0.4394980228
9.02,2.718018815,2.794506882,2.79711822,2.718018815,2.794506882,2.79711822,0.03793465245,0.03793465245,0.2183211002,0.2283198924,0.1881109854,0.6080042849,0.6078655227,0.6088373873,0.4283944992,0.4384005378,0.439445073
9.04,2.717901167,2.794388717,2.796986579,2.717901167,2.794388717,2.796986579,0.03772220836,0.03772220835,0.218330512,0.2283293456,0.1881215166,0.6079596722,0.6078215133,0.6087884267,0.4283474401,0.4383532719,0.4393924168
9.06,2.717784179,2.79427122,2.796855669,2.717784179,2.79427122,2.796855669,0.0375109535,0.03751095349,0.218339871,0.2283387454,0.1881319895,0.6079153071,0.6077777498,0.6087397342,0.428300645,0.438306273,0.4393400526
9.08,2.717667848,2.794154386,2.796725484,2.717667848,2.794154386,2.796725484,0.03730088123,0.03730088122,0.2183491775,0.2283480921,0.1881424043,0.6078711881,0.6077342309,0.6086913084,0.4282541126,0.4382595397,0.4392879787
9.1,2.71755217,2.794038213,2.796596021,2.71755217,2.794038213,2.796596021,0.03709198493,0.03709198491,0.2183584317,0.2283573859,0.1881527613,0.6078273139,0.6076909551,0.6086431478,0.4282078413,0.4382130704,0.4392361935
9.12,2.717437141,2.793922696,2.796467276,2.717437141,2.793922696,2.796467276,0.03688425802,0.036884258,0.218367634,0.2283666273,0.1881630609,0.6077836832,0.6076479211,0.6085952509,0.4281618298,0.4381668636,0.4391846956
9.14,2.717322758,2.793807832,2.796339245,2.717322758,2.793807832,2.796339245,0.03667769396,0.03667769394,0.2183767847,0.2283758164,0.1881733034,0.6077402945,0.6076051277,0.6085476165,0.4281160764,0.4381209178,0.4391334832
9.16,2.717209016,2.793693616,2.796211924,2.717209016,2.793693616,2.796211924,0.03647228625,0.03647228622,0.218385884,0.2283849537,0.188183489,0.6076971467,0.6075625733,0.608500243,0.4280705798,0.4380752316,0.4390825549
9.18,2.717095913,2.793580046,2.79608531,2.717095913,2.793580046,2.79608531,0.03626802842,0.03626802838,0.2183949323,0.2283940393,0.1881936182,0.6076542383,0.6075202568,0.6084531291,0.4280253385,0.4380298034,0.439031909
9.2,2.716983444,2.793467117,2.795959397,2.716983444,2.793467117,2.795959397,0.03606491404,0.03606491399,0.2184039298,0.2284030736,0.1882036912,0.607611568,0.6074781767,0.6084062734,0.4279803512,0.4379846318,0.4389815441
9.22,2.716871607,2.793354826,2.795834183,2.716871607,2.793354825,2.795834183,0.0358629367,0.03586293665,0.2184128768,0.2284120569,0.1882137083,0.6075691346,0.6074363318,0.6083596746,0.4279356162,0.4379397154,0.4389314585
9.24,2.716760397,2.793243169,2.795709664,2.716760397,2.793243168,2.795709664,0.03566209006,0.03566209,0.2184217735,0.2284209895,0.1882236698,0.6075269367,0.6073947208,0.6083133311,0.4278911323,0.4378950526,0.4388816509
9.26,2.716649812,2.793132142,2.795585836,2.716649812,2.793132142,2.795585836,0.03546236779,0.03546236772,0.2184306204,0.2284298716,0.1882335761,0.607484973,0.6073533423,0.6082672417,0.4278468981,0.437850642,0.4388321195
9.28,2.716539847,2.793021743,2.795462695,2.716539847,2.793021743,2.795462695,0.03526376359,0.03526376352,0.2184394176,0.2284387035,0.1882434274,0.6074432423,0.6073121951,0.6082214051,0.427802912,0.4378064823,0.438782863
9.3,2.716430499,2.792911967,2.795340236,2.716430499,2.792911967,2.795340236,0.03506627122,0.03506627114,0.2184481654,0.2284474856,0.1882532241,0.6074017432,0.6072712778,0.6081758198,0.4277591728,0.4377625719,0.4387338797
9.32,2.716321764,2.792802811,2.795218458,2.716321764,2.792802811,2.795218458,0.03486988445,0.03486988436,0.2184568642,0.2284562181,0.1882629663,0.6073604745,0.6072305892,0.6081304845,0.427715679,0.4377189095,0.4386851683
9.34,2.71621364,2.792694271,2.795097355,2.71621364,2.792694271,2.795097355,0.03467459711,0.03467459701,0.2184655141,0.2284649013,0.1882726546,0.6073194349,0.607190128,0.6080853979,0.4276724293,0.4376754936,0.4386367272
9.36,2.716106122,2.792586344,2.794976924,2.716106122,2.792586344,2.794976924,0.03448040303,0.03448040292,0.2184741156,0.2284735354,0.188282289,0.6072786231,0.6071498929,0.6080405586,0.4276294222,0.4376323228,0.4385885549
9.38,2.715999208,2.792479027,2.794857162,2.715999208,2.792479026,2.794857162,0.0342872961,0.03428729599,0.2184826687,0.2284821208,0.18829187,0.607238038,0.6071098827,0.6079959653,0.4275866565,0.4375893958,0.43854065
9.4,2.715892893,2.792372315,2.794738065,2.715892893,2.792372315,2.794738065,0.03409527025,0.03409527014,0.2184911739,0.2284906578,0.1883013978,0.6071976782,0.6070700962,0.6079516167,0.4275441307,0.4375467112,0.438493011
9.42,2.715787175,2.792266206,2.794619628,2.715787175,2.792266206,2.794619628,0.03390431942,0.03390431931,0.2184996313,0.2284991465,0.1883108727,0.6071575425,0.607030532,0.6079075115,0.4275018435,0.4375042675,0.4384456363
9.44,2.715682051,2.792160696,2.794501849,2.715682051,2.792160695,2.794501849,0.03371443761,0.03371443749,0.2185080413,0.2285075873,0.1883202951,0.6071176296,0.606991189,0.6078636484,0.4274597936,0.4374620634,0.4383985247
9.46,2.715577516,2.792055781,2.794384724,2.715577516,2.792055781,2.794384724,0.03352561882,0.0335256187,0.2185164041,0.2285159805,0.1883296651,0.6070779384,0.6069520658,0.607820026,0.4274179797,0.4374200976,0.4383516746
9.48,2.715473567,2.791951459,2.794268249,2.715473567,2.791951459,2.794268249,0.03333785712,0.033337857,0.2185247199,0.2285243263,0.1883389831,0.6070384677,0.6069131613,0.6077766431,0.4273764003,0.4373783687,0.4383050846
9.5,2.715370202,2.791847725,2.79415242,2.715370202,2.791847725,2.79415242,0.0331511466,0.03315114647,0.2185329892,0.2285326249,0.1883482494,0.6069992161,0.6068744743,0.6077334985,0.4273350542,0.4373368753,0.4382587532
9.52,2.715267417,2.791744577,2.794037235,2.715267417,2.791744577,2.794037235,0.03296548136,0.03296548123,0.218541212,0.2285408768,0.1883574642,0.6069601825,0.6068360036,0.6076905907,0.4272939401,0.4372956161,0.4382126791
9.54,2.715165208,2.791642012,2.793922689,2.715165208,2.791642011,2.793922689,0.03278085556,0.03278085543,0.2185493887,0.228549082,0.1883666278,0.6069213657,0.6067977478,0.6076479185,0.4272530566,0.4372545898,0.4381668608
9.56,2.715063573,2.791540025,2.793808779,2.715063573,2.791540024,2.79380878,0.03259726339,0.03259726327,0.2185575195,0.228557241,0.1883757406,0.6068827645,0.606759706,0.6076054808,0.4272124025,0.437213795,0.438121297
9.58,2.714962508,2.791438613,2.793695502,2.714962508,2.791438613,2.793695502,0.03241469907,0.03241469895,0.2185656047,0.2285653539,0.1883848028,0.6068443778,0.6067218767,0.6075632761,0.4271719765,0.4371732305,0.4380759861
9.6,2.71486201,2.791337774,2.793582854,2.71486201,2.791337774,2.793582854,0.03223315684,0.03223315673,0.2185736445,0.228573421,0.1883938146,0.6068062042,0.6066842589,0.6075213034,0.4271317773,0.4371328949,0.4380309269
9.62,2.714762076,2.791237504,2.793470832,2.714762076,2.791237504,2.793470832,0.03205263099,0.03205263088,0.2185816393,0.2285814426,0.1884027764,0.6067682428,0.6066468515,0.6074795612,0.4270918037,0.4370927869,0.4379861179
9.64,2.714662702,2.7911378,2.793359432,2.714662702,2.7911378,2.793359432,0.03187311583,0.03187311573,0.2185895892,0.228589419,0.1884116884,0.6067304922,0.6066096531,0.6074380484,0.4270520542,0.4370529052,0.4379415578
9.66,2.714563886,2.791038659,2.79324865,2.714563886,2.791038658,2.79324865,0.0316946057,0.03169460562,0.2185974944,0.2285973503,0.1884205509,0.6066929513,0.6065726626,0.6073967637,0.4270125278,0.4370132486,0.4378972453
9.68,2.714465624,2.790940076,2.793138484,2.714465624,2.790940076,2.793138484,0.03151709499,0.03151709492,0.2186053554,0.2286052368,0.1884293642,0.606655619,0.606535879,0.607355706,0.4269732231,0.4369738158,0.4378531788
9.7,2.714367914,2.790842051,2.79302893,2.714367914,2.790842051,2.79302893,0.03134057811,0.03134057804,0.2186131722,0.2286130789,0.1884381286,0.6066184941,0.606499301,0.6073148739,0.4269341389,0.4369346054,0.4378093572
9.72,2.714270752,2.790744578,2.792919984,2.714270751,2.790744578,2.792919984,0.03116504948,0.03116504943,0.2186209452,0.2286208767,0.1884468442,0.6065815755,0.6064629274,0.6072742663,0.426895274,0.4368956163,0.4377657789
9.74,2.714174134,2.790647655,2.792811644,2.714174134,2.790647655,2.792811644,0.03099050359,0.03099050356,0.2186286746,0.2286286306,0.1884555114,0.606544862,0.6064267572,0.607233882,0.4268566271,0.4368568471,0.4377224428
9.76,2.714078059,2.790551279,2.792703906,2.714078059,2.790551279,2.792703906,0.03081693494,0.03081693492,0.2186363606,0.2286363407,0.1884641305,0.6065083525,0.6063907892,0.6071937197,0.4268181969,0.4368182967,0.4376793475
9.78,2.713982523,2.790455446,2.792596766,2.713982523,2.790455446,2.792596766,0.03064433805,0.03064433805,0.2186440035,0.2286440072,0.1884727017,0.6064720459,0.6063550223,0.6071537783,0.4267799824,0.4367799638,0.4376364916
9.8,2.713887522,2.790360155,2.792490222,2.713887522,2.790360155,2.792490222,0.0304727075,0.03047270751,0.2186516036,0.2286516306,0.1884812252,0.6064359411,0.6063194554,0.6071140566,0.4267419822,0.4367418471,0.4375938738
9.82,2.713793054,2.790265401,2.792384269,2.713793054,2.790265401,2.792384269,0.03030203787,0.0303020379,0.218659161,0.2286592109,0.1884897014,0.6064000369,0.6062840873,0.6070745533,0.4267041951,0.4367039454,0.4375514928
9.84,2.713699117,2.790171181,2.792278906,2.713699117,2.790171181,2.792278905,0.03013232379,0.03013232384,0.218666676,0.2286667485,0.1884981305,0.6063643322,0.6062489169,0.6070352674,0.4266666201,0.4366662575,0.4375093474
9.86,2.713605706,2.790077493,2.792174127,2.713605706,2.790077493,2.792174127,0.02996355992,0.02996355998,0.2186741488,0.2286742436,0.1885065128,0.606328826,0.6062139432,0.6069961976,0.4266292558,0.4366287822,0.4374674361
9.88,2.713512819,2.789984333,2.792069932,2.713512819,2.789984333,2.792069932,0.02979574093,0.02979574101,0.2186815798,0.2286816963,0.1885148484,0.6062935171,0.606179165,0.6069573427,0.4265921011,0.4365915183,0.4374257578
9.9,2.713420453,2.789891698,2.791966315,2.713420454,2.789891699,2.791966315,0.02962886154,0.02962886164,0.2186889691,0.2286891071,0.1885231378,0.6062584045,0.6061445812,0.6069187017,0.4265551547,0.4365544645,0.4373843111
9.92,2.713328606,2.789799587,2.791863274,2.713328606,2.789799587,2.791863274,0.0294629165,0.02946291662,0.2186963169,0.228696476,0.188531381,0.606223487,0.6061101908,0.6068802734,0.4265184157,0.4365176198,0.4373430948
9.94,2.713237273,2.789707994,2.791760806,2.713237273,2.789707994,2.791760806,0.02929790057,0.0292979007,0.2187036235,0.2287038034,0.1885395785,0.6061887637,0.6060759927,0.6068420565,0.4264818827,0.4364809828,0.4373021076
9.96,2.713146453,2.789616918,2.791658908,2.713146453,2.789616918,2.791658908,0.02913380857,0.02913380871,0.2187108891,0.2287110895,0.1885477304,0.6061542333,0.6060419858,0.60680405,0.4264455546,0.4364445525,0.4372613482
9.98,2.713056142,2.789526356,2.791557576,2.713056142,2.789526356,2.791557576,0.02897063531,0.02897063546,0.2187181139,0.2287183345,0.1885558369,0.6061198949,0.606008169,0.6067662528,0.4264094303,0.4364083276,0.4372208154
10,2.712966338,2.789436304,2.791456807,2.712966338,2.789436305,2.791456807,0.02880837566,0.02880837582,0.2187252983,0.2287255386,0.1885638984,0.6060857475,0.6059745413,0.6067286636,0.4263735085,0.4363723069,0.4371805079
10.02,2.712877037,2.789346761,2.791356599,2.712877038,2.789346761,2.791356598,0.0286470245,0.02864702468,0.2187324423,0.2287327021,0.1885719151,0.6060517898,0.6059411017,0.6066912815,0.4263377883,0.4363364894,0.4371404246
10.04,2.712788238,2.789257722,2.791256947,2.712788238,2.789257722,2.791256947,0.02848657676,0.02848657695,0.2187395463,0.2287398252,0.1885798872,0.606018021,0.605907849,0.6066541051,0.4263022684,0.4363008739,0.437100564
10.06,2.712699936,2.789169185,2.79115785,2.712699936,2.789169185,2.79115785,0.02832702738,0.02832702757,0.2187466105,0.2287469082,0.188587815,0.6059844399,0.6058747823,0.6066171336,0.4262669477,0.4362654592,0.4370609251
10.08,2.71261213,2.789081148,2.791059304,2.71261213,2.789081148,2.791059304,0.02816837133,0.02816837152,0.218753635,0.2287539512,0.1885956987,0.6059510455,0.6058419004,0.6065803656,0.4262318252,0.4362302442,0.4370215066
10.1,2.712524816,2.788993606,2.790961305,2.712524816,2.788993607,2.790961305,0.02801060362,0.02801060381,0.2187606201,0.2287609545,0.1886035385,0.6059178368,0.6058092024,0.6065438002,0.4261968996,0.4361952277,0.4369823073
10.12,2.712437991,2.788906559,2.790863852,2.712437992,2.788906559,2.790863852,0.02785371927,0.02785371946,0.218767566,0.2287679183,0.1886113348,0.6058848128,0.6057766873,0.6065074363,0.4261621699,0.4361604087,0.436943326
10.14,2.712351654,2.788820002,2.790766941,2.712351654,2.788820002,2.790766941,0.02769771334,0.02769771352,0.218774473,0.2287748428,0.1886190877,0.6058519724,0.605744354,0.6064712726,0.426127635,0.4361257859,0.4369045614
10.16,2.712265801,2.788733933,2.790670568,2.712265801,2.788733933,2.790670568,0.02754258092,0.02754258109,0.2187813413,0.2287817283,0.1886267975,0.6058193146,0.6057122014,0.6064353083,0.4260932937,0.4360913584,0.4368660124
10.18,2.712180429,2.788648349,2.790574732,2.712180429,2.78864835,2.790574732,0.02738831711,0.02738831727,0.218788171,0.228788575,0.1886344644,0.6057868384,0.6056802287,0.6063995421,0.4260591451,0.4360571249,0.4368276779
10.2,2.712095537,2.788563248,2.790479428,2.712095537,2.788563248,2.790479428,0.02723491706,0.02723491721,0.2187949624,0.2287953831,0.1886420887,0.6057545429,0.6056484348,0.6063639731,0.426025188,0.4360230844,0.4367895565
10.22,2.71201112,2.788478627,2.790384655,2.71201112,2.788478627,2.790384655,0.02708237593,0.02708237606,0.2188017157,0.2288021528,0.1886496706,0.605722427,0.6056168186,0.6063286001,0.4259914213,0.4359892358,0.4367516471
10.24,2.711927176,2.788394482,2.790290409,2.711927177,2.788394482,2.790290409,0.02693068892,0.02693068904,0.2188084312,0.2288088844,0.1886572103,0.6056904897,0.6055853793,0.6062934221,0.425957844,0.435955578,0.4367139487
10.26,2.711843704,2.788310812,2.790196687,2.711843704,2.788310812,2.790196687,0.02677985125,0.02677985134,0.218815109,0.228815578,0.188664708,0.60565873,0.6055541158,0.606258438,0.4259244549,0.4359221099,0.4366764599
10.28,2.7117607,2.788227613,2.790103486,2.7117607,2.788227613,2.790103486,0.02662985816,0.02662985823,0.2188217494,0.2288222339,0.1886721641,0.605627147,0.6055230271,0.6062236467,0.4258912532,0.4358888305,0.4366391797
10.3,2.711678161,2.788144884,2.790010804,2.711678161,2.788144884,2.790010804,0.02648070492,0.02648070498,0.2188283525,0.2288288523,0.1886795786,0.6055957396,0.6054921122,0.6061890474,0.4258582376,0.4358557386,0.4366021068
10.32,2.711596085,2.78806262,2.789918638,2.711596085,2.78806262,2.789918638,0.02633238685,0.02633238689,0.2188349186,0.2288354333,0.188686952,0.605564507,0.6054613703,0.6061546388,0.4258254072,0.4358228333,0.4365652402
10.34,2.711514469,2.787980821,2.789826984,2.711514469,2.787980821,2.789826984,0.02618489925,0.02618489927,0.2188414478,0.2288419773,0.1886942843,0.6055334481,0.6054308002,0.60612042,0.4257927609,0.4357901134,0.4365285787
10.36,2.711433311,2.787899482,2.78973584,2.711433311,2.787899482,2.78973584,0.02603823749,0.0260382375,0.2188479405,0.2288484844,0.1887015758,0.6055025619,0.6054004012,0.6060863899,0.4257602976,0.4357575779,0.4364921212
10.38,2.711352608,2.787818601,2.789645204,2.711352608,2.787818601,2.789645204,0.02589239694,0.02589239694,0.2188543967,0.2288549549,0.1887088267,0.6054718476,0.6053701721,0.6060525475,0.4257280164,0.4357252257,0.4364558666
10.4,2.711272357,2.787738177,2.789555071,2.711272357,2.787738177,2.789555071,0.025747373,0.02574737299,0.2188608168,0.2288613888,0.1887160373,0.6054413042,0.6053401121,0.6060188918,0.4256959162,0.4356930559,0.4364198137
10.42,2.711192557,2.787658205,2.789465441,2.711192557,2.787658205,2.789465441,0.02560316111,0.0256031611,0.2188672008,0.2288677865,0.1887232077,0.6054109307,0.6053102202,0.6059854217,0.425663996,0.4356610673,0.4363839614
10.44,2.711113204,2.787578685,2.789376309,2.711113204,2.787578685,2.789376309,0.02545975672,0.02545975671,0.218873549,0.2288741482,0.1887303383,0.6053807262,0.6052804954,0.6059521364,0.4256322549,0.435629259,0.4363483086
10.46,2.711034296,2.787499612,2.789287673,2.711034296,2.787499612,2.789287673,0.02531715532,0.02531715531,0.2188798617,0.228880474,0.1887374292,0.6053506897,0.605250937,0.6059190347,0.4256006917,0.43559763,0.4363128542
10.48,2.71095583,2.787420985,2.78919953,2.71095583,2.787420985,2.78919953,0.02517535241,0.0251753524,0.2188861389,0.2288867642,0.1887444806,0.6053208204,0.6052215438,0.6058861156,0.4255693055,0.4355661791,0.4362775971
10.5,2.710877805,2.787342801,2.789111878,2.710877805,2.787342801,2.789111878,0.02503434352,0.02503434351,0.218892381,0.2288930189,0.1887514927,0.6052911173,0.605192315,0.6058533783,0.4255380952,0.4355349055,0.4362425363
10.52,2.710800217,2.787265057,2.789024714,2.710800217,2.787265057,2.789024714,0.02489412421,0.0248941242,0.218898588,0.2288992384,0.1887584659,0.6052615794,0.6051632497,0.6058208216,0.42550706,0.435503808,0.4362076706
10.54,2.710723064,2.787187752,2.788938034,2.710723064,2.787187752,2.788938034,0.02475469007,0.02475469006,0.2189047602,0.2289054228,0.1887654002,0.605232206,0.605134347,0.6057884447,0.4254761989,0.4354728858,0.4361729989
10.56,2.710646343,2.787110882,2.788851838,2.710646343,2.787110882,2.788851838,0.02461603669,0.02461603668,0.2189108979,0.2289115724,0.1887722959,0.6052029959,0.6051056059,0.6057562464,0.4254455107,0.4354421378,0.4361385203
10.58,2.710570053,2.787034445,2.788766121,2.710570053,2.787034445,2.788766121,0.02447815971,0.0244781597,0.2189170011,0.2289176874,0.1887791533,0.6051739485,0.6050770255,0.605724226,0.4254149947,0.435411563,0.4361042335
10.6,2.710494191,2.786958438,2.788680881,2.710494191,2.786958438,2.788680881,0.02434105479,0.02434105477,0.2189230701,0.2289237679,0.1887859725,0.6051450627,0.605048605,0.6056923823,0.4253846497,0.4353811605,0.4360701377
10.62,2.710418754,2.78688286,2.788596116,2.710418754,2.78688286,2.788596116,0.02420471759,0.02420471758,0.218929105,0.2289298142,0.1887927537,0.6051163376,0.6050203435,0.6056607144,0.4253544749,0.4353509292,0.4360362316
10.64,2.71034374,2.786807708,2.788511823,2.71034374,2.786807708,2.788511823,0.02406914383,0.02406914382,0.2189351061,0.2289358264,0.1887994971,0.6050877725,0.6049922401,0.6056292215,0.4253244693,0.4353208682,0.4360025143
10.66,2.710269146,2.786732979,2.788427999,2.710269146,2.786732979,2.788427999,0.02393432923,0.02393432922,0.2189410736,0.2289418047,0.1888062031,0.6050593663,0.6049642938,0.6055979024,0.4252946319,0.4352909766,0.4359689847
10.68,2.710194971,2.78665867,2.788344641,2.710194971,2.78665867,2.788344641,0.02380026955,0.02380026954,0.2189470076,0.2289477493,0.1888128717,0.6050311182,0.6049365039,0.6055667564,0.4252649619,0.4352612533,0.4359356417
10.7,2.710121212,2.786584781,2.788261748,2.710121212,2.786584781,2.788261748,0.02366696055,0.02366696055,0.2189529084,0.2289536605,0.1888195031,0.6050030273,0.6049088693,0.6055357824,0.4252354582,0.4352316975,0.4359024845
10.72,2.710047866,2.786511307,2.788179317,2.710047866,2.786511307,2.788179317,0.02353439805,0.02353439804,0.218958776,0.2289595384,0.1888260976,0.6049750929,0.6048813894,0.6055049794,0.4252061199,0.4352023081,0.4358695118
10.74,2.709974932,2.786438248,2.788097344,2.709974932,2.786438248,2.788097344,0.02340257785,0.02340257785,0.2189646108,0.2289653831,0.1888326555,0.6049473139,0.6048540632,0.6054743467,0.4251769461,0.4351730843,0.4358367227
10.76,2.709902406,2.7863656,2.788015828,2.709902406,2.7863656,2.788015828,0.02327149581,0.02327149581,0.2189704128,0.228971195,0.1888391768,0.6049196895,0.6048268898,0.6054438832,0.4251479359,0.4351440251,0.4358041162
10.78,2.709830287,2.786293361,2.787934765,2.709830287,2.786293361,2.787934765,0.0231411478,0.02314114779,0.2189761823,0.2289769741,0.1888456617,0.604892219,0.6047998684,0.605413588,0.4251190883,0.4351151295,0.4357716913
10.8,2.709758573,2.786221529,2.787854155,2.709758573,2.786221529,2.787854155,0.0230115297,0.0230115297,0.2189819195,0.2289827207,0.1888521106,0.6048649013,0.6047729982,0.6053834602,0.4250904025,0.4350863967,0.435739447
10.82,2.70968726,2.786150101,2.787773993,2.70968726,2.786150101,2.787773993,0.02288263743,0.02288263743,0.2189876245,0.2289884349,0.1888585236,0.6048377358,0.6047462783,0.605353499,0.4250618775,0.4350578256,0.4357073822
10.84,2.709616348,2.786079076,2.787694277,2.709616348,2.786079076,2.787694277,0.02275446693,0.02275446693,0.2189932975,0.2289941169,0.1888649008,0.6048107215,0.6047197078,0.6053237033,0.4250335124,0.4350294155,0.435675496
10.86,2.709545833,2.786008451,2.787615006,2.709545833,2.786008451,2.787615006,0.02262701417,0.02262701416,0.2189989387,0.2289997669,0.1888712425,0.6047838575,0.604693286,0.6052940723,0.4250053064,0.4350011654,0.4356437874
10.88,2.709475713,2.785938223,2.787536176,2.709475713,2.785938223,2.787536176,0.02250027511,0.0225002751,0.2190045483,0.2290053851,0.1888775489,0.6047571432,0.6046670119,0.6052646051,0.4249772585,0.4349730744,0.4356122554
10.9,2.709405986,2.785868391,2.787457785,2.709405986,2.785868391,2.787457785,0.02237424577,0.02237424576,0.2190101264,0.2290109717,0.1888838202,0.6047305776,0.6046408849,0.6052353008,0.4249493678,0.4349451415,0.435580899
10.92,2.70933665,2.785798952,2.78737983,2.70933665,2.785798952,2.78737983,0.02224892218,0.02224892217,0.2190156733,0.2290165268,0.1888900565,0.6047041599,0.604614904,0.6052061585,0.4249216335,0.4349173659,0.4355497173
10.94,2.709267703,2.785729904,2.78730231,2.709267703,2.785729904,2.78730231,0.02212430038,0.02212430037,0.2190211891,0.2290220506,0.1888962582,0.6046778894,0.6045890684,0.6051771773,0.4248940547,0.4348897468,0.4355187092
10.96,2.709199143,2.785661245,2.787225222,2.709199143,2.785661245,2.787225222,0.02200037645,0.02200037643,0.2190266739,0.2290275434,0.1889024252,0.6046517651,0.6045633774,0.6051483564,0.4248666306,0.4348622831,0.4354878739
10.98,2.709130967,2.785592972,2.787148563,2.709130967,2.785592972,2.787148563,0.02187714649,0.02187714646,0.219032128,0.2290330052,0.1889085579,0.6046257863,0.60453783,0.6051196948,0.4248393601,0.4348349741,0.4354572104
11,2.709063173,2.785525084,2.787072331,2.709063173,2.785525084,2.787072331,0.0217546066,0.02175460657,0.2190375515,0.2290384362,0.1889146565,0.6045999521,0.6045124256,0.6050911918,0.4248122426,0.4348078188,0.4354267177
11.02,2.708995759,2.785457578,2.786996524,2.708995759,2.785457578,2.786996524,0.02163275292,0.02163275289,0.2190429446,0.2290438367,0.188920721,0.6045742618,0.6044871634,0.6050628464,0.4247852771,0.4347808165,0.4353963948
11.04,2.708928723,2.785390452,2.786921139,2.708928723,2.785390452,2.786921139,0.02151158162,0.02151158158,0.2190483075,0.2290492068,0.1889267518,0.6045487146,0.6044620424,0.6050346577,0.4247584627,0.4347539661,0.4353662409
11.06,2.708862063,2.785323704,2.786846175,2.708862063,2.785323704,2.786846175,0.02139108888,0.02139108883,0.2190536403,0.2290545466,0.188932749,0.6045233097,0.604437062,0.605006625,0.4247317987,0.4347272669,0.435336255
11.08,2.708795777,2.785257332,2.786771628,2.708795777,2.785257332,2.786771628,0.02127127089,0.02127127083,0.2190589432,0.2290598564,0.1889387128,0.6044980463,0.6044122213,0.6049787474,0.4247052842,0.4347007181,0.4353064362
11.1,2.708729862,2.785191334,2.786697496,2.708729862,2.785191334,2.786697496,0.02115212388,0.02115212381,0.2190642163,0.2290651363,0.1889446433,0.6044729236,0.6043875196,0.604951024,0.4246789183,0.4346743186,0.4352767835
11.12,2.708664317,2.785125707,2.786623777,2.708664317,2.785125707,2.786623777,0.02103364409,0.02103364402,0.21906946,0.2290703864,0.1889505408,0.6044479408,0.604362956,0.604923454,0.4246527002,0.4346480678,0.435247296
11.14,2.708599139,2.785060449,2.786550469,2.708599139,2.785060449,2.786550469,0.0209158278,0.02091582772,0.2190746742,0.229075607,0.1889564054,0.6044230971,0.6043385299,0.6048960365,0.4246266291,0.4346219648,0.4352179728
11.16,2.708534327,2.784995559,2.78647757,2.708534327,2.784995559,2.78647757,0.02079867127,0.02079867119,0.2190798592,0.2290807983,0.1889622374,0.6043983918,0.6043142405,0.6048687708,0.4246007042,0.4345960087,0.4351888131
11.18,2.708469878,2.784931034,2.786405077,2.708469878,2.784931034,2.786405077,0.02068217084,0.02068217074,0.2190850151,0.2290859603,0.1889680368,0.6043738242,0.6042900869,0.6048416559,0.4245749245,0.4345701987,0.4351598158
11.2,2.70840579,2.784866872,2.786332988,2.70840579,2.784866872,2.786332988,0.02056632281,0.02056632271,0.2190901421,0.2290910932,0.188973804,0.6043493934,0.6042660685,0.6048146911,0.4245492894,0.434544534,0.4351309802
11.22,2.708342062,2.784803072,2.7862613,2.708342062,2.784803071,2.7862613,0.02045112354,0.02045112343,0.2190952404,0.2290961972,0.188979539,0.6043250987,0.6042421845,0.6047878756,0.4245237981,0.4345190138,0.4351023052
11.24,2.70827869,2.78473963,2.786190012,2.70827869,2.78473963,2.786190012,0.02033656939,0.02033656928,0.2191003101,0.2291012726,0.188985242,0.6043009393,0.604218434,0.6047612085,0.4244984496,0.4344936372,0.43507379
11.26,2.708215674,2.784676546,2.786119122,2.708215674,2.784676545,2.786119122,0.02022265676,0.02022265664,0.2191053514,0.2291063193,0.1889909132,0.6042769145,0.6041948165,0.604734689,0.4244732432,0.4344684034,0.4350454338
11.28,2.708153012,2.784613816,2.786048626,2.708153012,2.784613816,2.786048626,0.02010938206,0.02010938193,0.2191103644,0.2291113377,0.1889965529,0.6042530236,0.6041713311,0.6047083163,0.4244481781,0.4344433116,0.4350172356
11.3,2.7080907,2.78455144,2.785978524,2.7080907,2.78455144,2.785978524,0.01999674171,0.01999674157,0.2191153493,0.2291163278,0.1890021611,0.6042292658,0.604147977,0.6046820896,0.4244232535,0.4344183611,0.4349891946
11.32,2.708028738,2.784489415,2.785908812,2.708028738,2.784489414,2.785908812,0.01988473216,0.01988473202,0.2191203063,0.2291212898,0.189007738,0.6042056403,0.6041247537,0.6046560081,0.4243984686,0.434393551,0.4349613098
11.34,2.707967123,2.784427738,2.785839488,2.707967123,2.784427738,2.785839488,0.01977334988,0.01977334974,0.2191252355,0.2291262239,0.1890132839,0.6041821465,0.6041016603,0.604630071,0.4243738227,0.4343688805,0.4349335805
11.36,2.707905854,2.784366409,2.785770552,2.707905854,2.784366409,2.785770552,0.01966259136,0.01966259122,0.219130137,0.2291311302,0.1890187988,0.6041587835,0.604078696,0.6046042776,0.4243493149,0.4343443489,0.4349060058
11.38,2.707844928,2.784305425,2.785701999,2.707844928,2.784305425,2.785701999,0.01955245311,0.01955245297,0.2191350111,0.2291360089,0.189024283,0.6041355507,0.6040558603,0.604578627,0.4243249445,0.4343199553,0.4348785848
11.4,2.707784343,2.784244784,2.785633829,2.707784343,2.784244784,2.785633829,0.01944293166,0.01944293151,0.2191398579,0.2291408602,0.1890297367,0.6041124474,0.6040331523,0.6045531184,0.4243007107,0.4342956989,0.4348513166
11.42,2.707724098,2.784184485,2.785566038,2.707724098,2.784184485,2.785566038,0.01933402355,0.0193340234,0.2191446775,0.2291456842,0.1890351599,0.6040894728,0.6040105714,0.6045277512,0.4242766127,0.4342715791,0.4348242005
11.44,2.707664191,2.784124525,2.785498626,2.707664191,2.784124524,2.785498626,0.01922572535,0.0192257252,0.21914947,0.229150481,0.1890405529,0.6040666263,0.6039881169,0.6045025244,0.4242526498,0.434247595,0.4347972355
11.46,2.70760462,2.784064902,2.785431589,2.70760462,2.784064902,2.785431589,0.01911803364,0.0191180335,0.2191542357,0.2291552508,0.1890459158,0.604043907,0.6039657879,0.6044774374,0.4242288213,0.4342237458,0.4347704209
11.48,2.707545382,2.784005614,2.785364926,2.707545382,2.784005614,2.785364926,0.01901094504,0.0190109449,0.2191589747,0.2291599938,0.1890512489,0.6040213144,0.6039435839,0.6044524894,0.4242051263,0.4342000309,0.4347437557
11.5,2.707486477,2.783946661,2.785298635,2.707486477,2.78394666,2.785298635,0.01890445616,0.01890445603,0.2191636872,0.2291647101,0.1890565522,0.6039988476,0.6039215042,0.6044276796,0.4241815641,0.4341764494,0.4347172392
11.52,2.707427902,2.783888038,2.785232714,2.707427902,2.783888038,2.785232714,0.01879856364,0.01879856352,0.2191683732,0.2291693999,0.1890618259,0.6039765061,0.603899548,0.6044030072,0.424158134,0.4341530005,0.4346908706
11.54,2.707369655,2.783829746,2.78516716,2.707369655,2.783829746,2.78516716,0.01869326416,0.01869326405,0.2191730329,0.2291740633,0.1890670702,0.6039542891,0.6038777146,0.6043784715,0.4241348353,0.4341296836,0.434664649
11.56,2.707311734,2.783771782,2.785101971,2.707311734,2.783771782,2.785101971,0.01858855439,0.01858855428,0.2191776666,0.2291787004,0.1890722853,0.6039321958,0.6038560034,0.6043540718,0.4241116671,0.4341064979,0.4346385736
11.58,2.707254139,2.783714144,2.785037146,2.707254139,2.783714144,2.785037146,0.01848443102,0.01848443093,0.2191822742,0.2291833115,0.1890774713,0.6039102258,0.6038344137,0.6043298073,0.4240886288,0.4340834427,0.4346126436
11.6,2.707196866,2.78365683,2.784972683,2.707196866,2.78365683,2.784972683,0.01838089078,0.0183808907,0.2191868561,0.2291878966,0.1890826284,0.6038883781,0.6038129448,0.6043056773,0.4240657196,0.4340605171,0.4345868582
11.62,2.707139914,2.783599838,2.784908579,2.707139914,2.783599838,2.784908579,0.0182779304,0.01827793034,0.2191914122,0.2291924559,0.1890877567,0.6038666523,0.603791596,0.604281681,0.4240429389,0.4340377205,0.4345612166
11.64,2.707083281,2.783543168,2.784844832,2.707083281,2.783543168,2.784844832,0.01817554664,0.01817554659,0.2191959428,0.2291969896,0.1890928564,0.6038450475,0.6037703667,0.6042578177,0.4240202858,0.4340150522,0.4345357179
11.66,2.707026966,2.783486816,2.784781441,2.707026966,2.783486816,2.784781441,0.01807373626,0.01807373622,0.2192004481,0.2292014977,0.1890979277,0.6038235631,0.6037492561,0.6042340867,0.4239977597,0.4339925114,0.4345103615
11.68,2.706970966,2.783430781,2.784718403,2.706970966,2.783430781,2.784718403,0.01797249606,0.01797249604,0.219204928,0.2292059805,0.1891029707,0.6038021985,0.6037282637,0.6042104873,0.4239753598,0.4339700974,0.4344851465
11.7,2.70691528,2.783375061,2.784655717,2.70691528,2.783375061,2.784655717,0.01787182285,0.01787182285,0.2192093829,0.2292104381,0.1891079856,0.603780953,0.6037073888,0.6041870186,0.4239530855,0.4339478095,0.4344600721
11.72,2.706859907,2.783319655,2.784593381,2.706859907,2.783319655,2.784593381,0.01777171344,0.01777171346,0.2192138128,0.2292148706,0.1891129725,0.603759826,0.6036866307,0.6041636801,0.4239309361,0.433925647,0.4344351376
11.74,2.706804844,2.78326456,2.784531392,2.706804844,2.78326456,2.784531392,0.0176721647,0.01767216473,0.2192182178,0.2292192782,0.1891179316,0.6037388167,0.6036659887,0.604140471,0.4239089108,0.4339036091,0.4344103421
11.76,2.706750089,2.783209775,2.784469749,2.706750089,2.783209775,2.784469749,0.01757317347,0.01757317352,0.2192225982,0.229223661,0.189122863,0.6037179245,0.6036454622,0.6041173905,0.423887009,0.4338816952,0.4343856849
11.78,2.706695641,2.783155298,2.78440845,2.706695641,2.783155299,2.78440845,0.01747473664,0.01747473671,0.219226954,0.2292280191,0.189127767,0.6036971488,0.6036250506,0.604094438,0.4238652299,0.4338599045,0.4343611652
11.8,2.706641499,2.783101128,2.784347493,2.706641499,2.783101128,2.784347493,0.0173768511,0.01737685119,0.2192312854,0.2292323527,0.1891326435,0.6036764889,0.6036047532,0.6040716129,0.4238435728,0.4338382365,0.4343367824
11.82,2.70658766,2.783047263,2.784286876,2.70658766,2.783047263,2.784286876,0.01727951377,0.01727951387,0.2192355926,0.2292366619,0.1891374929,0.6036559442,0.6035845694,0.6040489142,0.4238220372,0.4338166903,0.4343125355
11.84,2.706534122,2.7829937,2.784226597,2.706534122,2.7829937,2.784226597,0.01718272157,0.01718272169,0.2192398755,0.2292409469,0.1891423152,0.603635514,0.6035644986,0.6040263415,0.4238006223,0.4337952653,0.4342884239
11.86,2.706480885,2.782940439,2.784166654,2.706480885,2.782940439,2.784166654,0.01708647146,0.0170864716,0.2192441345,0.2292452079,0.1891471107,0.6036151977,0.6035445401,0.604003894,0.4237793274,0.4337739607,0.4342644467
11.88,2.706427946,2.782887477,2.784107046,2.706427946,2.782887477,2.784107046,0.01699076041,0.01699076056,0.2192483696,0.2292494448,0.1891518793,0.6035949947,0.6035246932,0.603981571,0.4237581518,0.4337527761,0.4342406034
11.9,2.706375304,2.782834813,2.78404777,2.706375304,2.782834814,2.78404777,0.01689558539,0.01689558555,0.219252581,0.2292536579,0.1891566214,0.6035749044,0.6035049574,0.6039593718,0.4237370949,0.4337317105,0.434216893
11.92,2.706322957,2.782782446,2.783988824,2.706322957,2.782782446,2.783988824,0.0168009434,0.01680094358,0.2192567688,0.2292578473,0.189161337,0.603554926,0.6034853321,0.6039372958,0.4237161561,0.4337107635,0.4341933149
11.94,2.706270903,2.782730373,2.783930208,2.706270903,2.782730373,2.783930208,0.01670683146,0.01670683165,0.2192609331,0.2292620132,0.1891660263,0.6035350591,0.6034658166,0.6039153422,0.4236953346,0.4336899342,0.4341698684
11.96,2.706219141,2.782678592,2.783871919,2.706219141,2.782678593,2.783871919,0.0166132466,0.0166132468,0.219265074,0.2292661556,0.1891706895,0.6035153029,0.6034464103,0.6038935104,0.4236746298,0.4336692221,0.4341465527
11.98,2.706167669,2.782627103,2.783813955,2.706167669,2.782627103,2.783813955,0.01652018588,0.01652018608,0.2192691918,0.2292702747,0.1891753266,0.6034956569,0.6034271126,0.6038717998,0.423654041,0.4336486264,0.434123367
12,2.706116486,2.782575904,2.783756314,2.706116486,2.782575904,2.783756314,0.01642764635,0.01642764656,0.2192732865,0.2292743707,0.1891799379,0.6034761205,0.6034079229,0.6038502096,0.4236335677,0.4336281466,0.4341003107
12.02,2.706065589,2.782524992,2.783698995,2.706065589,2.782524992,2.783698995,0.0163356251,0.01633562531,0.2192773582,0.2292784436,0.1891845234,0.603456693,0.6033888406,0.6038287392,0.4236132091,0.433607782,0.4340773831
12.04,2.706014978,2.782474367,2.783641996,2.706014978,2.782474367,2.783641996,0.01624411923,0.01624411944,0.2192814071,0.2292824936,0.1891890833,0.6034373738,0.6033698651,0.603807388,0.4235929646,0.4335875319,0.4340545834
12.06,2.70596465,2.782424026,2.783585314,2.705964651,2.782424026,2.783585314,0.01615312586,0.01615312606,0.2192854333,0.2292865209,0.1891936178,0.6034181624,0.6033509957,0.6037861552,0.4235728335,0.4335673956,0.4340319109
12.08,2.705914605,2.782373969,2.783528949,2.705914605,2.782373969,2.783528949,0.0160626421,0.0160626423,0.2192894369,0.2292905255,0.189198127,0.6033990581,0.603332232,0.6037650403,0.4235528153,0.4335473726,0.4340093649
12.1,2.70586484,2.782324192,2.783472899,2.70586484,2.782324193,2.783472899,0.01597266512,0.01597266531,0.2192934182,0.2292945076,0.1892026111,0.6033800603,0.6033135733,0.6037440426,0.4235329092,0.4335274621,0.4339869447
12.12,2.705815354,2.782274696,2.783417161,2.705815354,2.782274696,2.783417161,0.01588319207,0.01588319225,0.219297377,0.2292984673,0.1892070701,0.6033611685,0.603295019,0.6037231614,0.4235131148,0.4335076636,0.4339646496
12.14,2.705766145,2.782225478,2.783361735,2.705766145,2.782225478,2.783361735,0.01579422013,0.0157942203,0.2193013138,0.2293024047,0.1892115042,0.6033423821,0.6032765686,0.6037023961,0.4234934312,0.4334879765,0.433942479
12.16,2.705717212,2.782176537,2.783306617,2.705717212,2.782176537,2.783306617,0.0157057465,0.01570574666,0.2193052284,0.22930632,0.1892159136,0.6033237004,0.6032582214,0.6036817461,0.423473858,0.4334684,0.4339204321
12.18,2.705668553,2.782127871,2.783251808,2.705668553,2.782127871,2.783251808,0.01561776839,0.01561776852,0.2193091211,0.2293102133,0.1892202984,0.603305123,0.6032399769,0.6036612108,0.4234543945,0.4334489336,0.4338985082
12.2,2.705620167,2.782079479,2.783197304,2.705620167,2.782079479,2.783197304,0.01553028301,0.01553028313,0.219312992,0.2293140847,0.1892246587,0.6032866491,0.6032218345,0.6036407894,0.42343504,0.4334295767,0.4338767066
12.22,2.705572052,2.782031359,2.783143104,2.705572052,2.782031359,2.783143104,0.01544328762,0.01544328772,0.2193168412,0.2293179343,0.1892289947,0.6032682783,0.6032037936,0.6036204814,0.4234157941,0.4334103286,0.4338550267
12.24,2.705524206,2.781983509,2.783089207,2.705524207,2.781983509,2.783089207,0.01535677946,0.01535677955,0.2193206688,0.2293217623,0.1892333064,0.60325001,0.6031858537,0.6036002862,0.423396656,0.4333911887,0.4338334679
12.26,2.705476629,2.781935928,2.78303561,2.705476629,2.781935928,2.78303561,0.01527075582,0.01527075588,0.219324475,0.2293255687,0.1892375941,0.6032318436,0.6031680142,0.6035802031,0.4233776251,0.4333721564,0.4338120293
12.28,2.705429319,2.781888615,2.782982313,2.705429319,2.781888615,2.782982313,0.01518521397,0.01518521401,0.2193282598,0.2293293538,0.1892418579,0.6032137784,0.6031502746,0.6035602316,0.4233587009,0.4333532311,0.4337907104
12.3,2.705382273,2.781841568,2.782929313,2.705382273,2.781841568,2.782929313,0.01510015122,0.01510015125,0.2193320235,0.2293331176,0.1892460979,0.6031958141,0.6031326342,0.6035403709,0.4233398827,0.4333344122,0.4337695105
12.32,2.705335492,2.781794785,2.782876609,2.705335492,2.781794785,2.782876609,0.01501556489,0.0150155649,0.219335766,0.2293368602,0.1892503142,0.60317795,0.6031150926,0.6035206205,0.4233211701,0.4333156991,0.4337484289
12.34,2.705288972,2.781748265,2.7828242,2.705288972,2.781748265,2.7828242,0.0149314523,0.0149314523,0.2193394876,0.2293405818,0.189254507,0.6031601855,0.6030976491,0.6035009798,0.4233025622,0.4332970912,0.433727465
12.36,2.705242713,2.781702007,2.782772082,2.705242713,2.781702007,2.782772082,0.0148478108,0.01484781079,0.2193431883,0.2293442824,0.1892586764,0.6031425201,0.6030803033,0.6034814482,0.4232840587,0.4332785879,0.4337066181
12.38,2.705196714,2.781656009,2.782720256,2.705196714,2.781656009,2.782720256,0.01476463776,0.01476463775,0.2193468682,0.2293479623,0.1892628225,0.6031249533,0.6030630546,0.6034620251,0.4232656588,0.4332601886,0.4336858876
12.4,2.705150972,2.781610269,2.782668719,2.705150972,2.781610269,2.782668719,0.01468193055,0.01468193054,0.2193505276,0.2293516215,0.1892669455,0.6031074845,0.6030459023,0.6034427099,0.4232473621,0.4332418927,0.4336652727
12.42,2.705105486,2.781564786,2.78261747,2.705105486,2.781564786,2.78261747,0.01459968658,0.01459968657,0.2193541664,0.2293552601,0.1892710454,0.6030901131,0.6030288461,0.6034235019,0.4232291679,0.4332236997,0.433644773
12.44,2.705060256,2.78151956,2.782566506,2.705060256,2.78151956,2.782566506,0.01451790323,0.01451790322,0.2193577849,0.2293588782,0.1892751225,0.6030728387,0.6030118854,0.6034044007,0.4232110757,0.433205609,0.4336243877
12.46,2.705015279,2.781474587,2.782515828,2.705015279,2.781474587,2.782515828,0.01443657795,0.01443657794,0.219361383,0.229362476,0.1892791768,0.6030556606,0.6029950196,0.6033854056,0.4231930848,0.4331876199,0.4336041162
12.48,2.704970554,2.781429867,2.782465432,2.704970554,2.781429867,2.782465432,0.01435570815,0.01435570814,0.219364961,0.2293660536,0.1892832084,0.6030385783,0.6029782481,0.603366516,0.4231751948,0.433169732,0.4335839579
12.5,2.704926079,2.781385399,2.782415317,2.704926079,2.781385399,2.782415317,0.0142752913,0.01427529129,0.219368519,0.2293696111,0.1892872176,0.6030215914,0.6029615706,0.6033477314,0.4231574051,0.4331519446,0.4335639121
12.52,2.704881854,2.78134118,2.782365483,2.704881854,2.78134118,2.782365483,0.01419532485,0.01419532484,0.219372057,0.2293731486,0.1892912044,0.6030046992,0.6029449864,0.6033290511,0.423139715,0.4331342572,0.4335439782
12.54,2.704837877,2.78129721,2.782315926,2.704837877,2.78129721,2.782315926,0.01411580628,0.01411580627,0.2193755752,0.2293766662,0.1892951689,0.6029879013,0.602928495,0.6033104746,0.423122124,0.4331166692,0.4335241556
12.56,2.704794146,2.781253487,2.782266646,2.704794146,2.781253487,2.782266646,0.01403673309,0.01403673308,0.2193790737,0.229380164,0.1892991113,0.6029711972,0.6029120959,0.6032920014,0.4231046317,0.43309918,0.4335044437
12.58,2.70475066,2.78121001,2.782217642,2.70475066,2.78121001,2.782217642,0.01395810278,0.01395810277,0.2193825525,0.2293836422,0.1893030316,0.6029545862,0.6028957887,0.6032736308,0.4230872374,0.4330817891,0.4334848418
12.6,2.704707418,2.781166777,2.782168911,2.704707418,2.781166777,2.782168911,0.01387991287,0.01387991286,0.2193860119,0.2293871008,0.1893069301,0.6029380679,0.6028795726,0.6032553623,0.4230699405,0.433064496,0.4334653494
12.62,2.704664418,2.781123787,2.782120452,2.704664418,2.781123787,2.782120452,0.0138021609,0.01380216089,0.2193894519,0.22939054,0.1893108068,0.6029216418,0.6028634474,0.6032371953,0.4230527406,0.4330473001,0.4334459658
12.64,2.704621659,2.781081039,2.782072263,2.704621659,2.781081039,2.782072263,0.01372484441,0.0137248444,0.2193928726,0.2293939598,0.1893146619,0.6029053073,0.6028474124,0.6032191293,0.423035637,0.4330302008,0.4334266904
12.66,2.70457914,2.781038531,2.782024344,2.70457914,2.781038531,2.782024344,0.01364796096,0.01364796095,0.2193962741,0.2293973605,0.1893184955,0.602889064,0.6028314672,0.6032011637,0.4230186293,0.4330131977,0.4334075227
12.68,2.704536859,2.780996262,2.781976692,2.704536859,2.780996262,2.781976692,0.01357150814,0.01357150813,0.2193996566,0.229400742,0.1893223076,0.6028729114,0.6028156112,0.603183298,0.4230017169,0.43299629,0.433388462
12.7,2.704494815,2.780954231,2.781929306,2.704494815,2.780954231,2.781929306,0.01349548353,0.01349548352,0.2194030201,0.2294041045,0.1893260985,0.6028568489,0.602799844,0.6031655316,0.4229848993,0.4329794774,0.4333695077
12.72,2.704453006,2.780912435,2.781882185,2.704453006,2.780912435,2.781882185,0.01341988472,0.01341988472,0.2194063648,0.2294074481,0.1893298681,0.602840876,0.602784165,0.6031478639,0.422968176,0.4329627593,0.4333506593
12.74,2.704411432,2.780870875,2.781835327,2.704411432,2.780870875,2.781835327,0.01334470935,0.01334470934,0.2194096907,0.229410773,0.1893336168,0.6028249923,0.6027685738,0.6031302945,0.4229515463,0.4329461351,0.4333319161
12.76,2.704370091,2.780829548,2.781788731,2.704370091,2.780829548,2.781788731,0.01326995503,0.01326995503,0.219412998,0.2294140791,0.1893373445,0.6028091972,0.6027530698,0.6031128227,0.4229350098,0.4329296044,0.4333132776
12.78,2.704328982,2.780788453,2.781742395,2.704328982,2.780788453,2.781742395,0.01319561941,0.01319561941,0.2194162868,0.2294173667,0.1893410514,0.6027934902,0.6027376527,0.603095448,0.422918566,0.4329131665,0.4332947432
12.8,2.704288103,2.78074759,2.781696318,2.704288103,2.78074759,2.781696318,0.01312170015,0.01312170014,0.2194195571,0.2294206358,0.1893447375,0.6027778709,0.6027223218,0.60307817,0.4229022144,0.432896821,0.4332763123
12.82,2.704247452,2.780706956,2.781650498,2.704247452,2.780706956,2.781650498,0.01304819491,0.0130481949,0.2194228091,0.2294238865,0.1893484031,0.6027623388,0.6027070768,0.603060988,0.4228859543,0.4328805674,0.4332579843
12.84,2.70420703,2.78066655,2.781604934,2.70420703,2.78066655,2.781604934,0.01297510138,0.01297510137,0.2194260429,0.229427119,0.1893520483,0.6027468934,0.602691917,0.6030439016,0.4228697854,0.4328644051,0.4332397586
12.86,2.704166834,2.780626371,2.781559624,2.704166834,2.780626371,2.781559624,0.01290241724,0.01290241723,0.2194292586,0.2294303333,0.189355673,0.6027315342,0.6026768422,0.6030269102,0.4228537071,0.4328483336,0.4332216348
12.88,2.704126864,2.780586418,2.781514567,2.704126864,2.780586418,2.781514567,0.01283014022,0.01283014021,0.2194324562,0.2294335295,0.1893592776,0.6027162607,0.6026618517,0.6030100133,0.4228377189,0.4328323524,0.4332036122
12.9,2.704087117,2.78054669,2.781469763,2.704087117,2.78054669,2.781469763,0.01275826802,0.01275826801,0.2194356359,0.2294367078,0.189362862,0.6027010725,0.6026469452,0.6029932103,0.4228218203,0.432816461,0.4331856902
12.92,2.704047594,2.780507184,2.781425208,2.704047594,2.780507184,2.781425208,0.01268679838,0.01268679837,0.2194387978,0.2294398682,0.1893664263,0.602685969,0.602632122,0.6029765008,0.4228060108,0.4328006589,0.4331678683
12.94,2.704008291,2.780467901,2.781380902,2.704008291,2.780467901,2.781380902,0.01261572905,0.01261572903,0.219441942,0.2294430109,0.1893699708,0.6026709499,0.6026173819,0.6029598842,0.4227902898,0.4327849456,0.433150146
12.96,2.703969209,2.780428839,2.781336844,2.703969209,2.780428839,2.781336844,0.01254505779,0.01254505777,0.2194450686,0.2294461359,0.1893734955,0.6026560145,0.6026027243,0.60294336,0.422774657,0.4327693206,0.4331325226
12.98,2.703930346,2.780389996,2.781293031,2.703930346,2.780389995,2.781293031,0.01247478236,0.01247478234,0.2194481776,0.2294492433,0.1893770005,0.6026411626,0.6025881487,0.6029269278,0.4227591118,0.4327537834,0.4331149977
13,2.703891701,2.780351371,2.781249464,2.703891701,2.780351371,2.781249464,0.01240490056,0.01240490052,0.2194512693,0.2294523333,0.1893804859,0.6026263935,0.6025736547,0.6029105869,0.4227436536,0.4327383334,0.4330975707
13.02,2.703853272,2.780312963,2.78120614,2.703853272,2.780312963,2.78120614,0.01233541017,0.01233541013,0.2194543436,0.2294554059,0.1893839518,0.6026117069,0.6025592419,0.6028943369,0.4227282821,0.4327229703,0.433080241
13.04,2.703815058,2.780274771,2.781163057,2.703815058,2.780274771,2.781163057,0.012266309,0.01226630896,0.2194574007,0.2294584613,0.1893873984,0.6025971023,0.6025449097,0.6028781774,0.4227129967,0.4327076935,0.4330630081
13.06,2.703777059,2.780236793,2.781120216,2.703777059,2.780236793,2.781120216,0.01219759488,0.01219759483,0.2194604406,0.2294614995,0.1893908257,0.6025825792,0.6025306578,0.6028621077,0.422697797,0.4326925025,0.4330458715
13.08,2.703739273,2.780199029,2.781077614,2.703739273,2.780199029,2.781077614,0.01212926563,0.01212926558,0.2194634635,0.2294645206,0.1893942339,0.6025681372,0.6025164856,0.6028461274,0.4226826824,0.4326773968,0.4330288306
13.1,2.703701698,2.780161477,2.781035249,2.703701698,2.780161477,2.781035249,0.01206131911,0.01206131905,0.2194664695,0.2294675248,0.189397623,0.6025537758,0.6025023928,0.6028302361,0.4226676526,0.4326623761,0.4330118849
13.12,2.703664334,2.780124136,2.780993122,2.703664334,2.780124136,2.780993122,0.01199375317,0.0119937531,0.2194694586,0.2294705121,0.1894009932,0.6025394946,0.6024883788,0.6028144331,0.4226527069,0.4326474397,0.4329950338
13.14,2.703627179,2.780087005,2.780951229,2.703627179,2.780087005,2.780951229,0.01192656568,0.0119265656,0.219472431,0.2294734826,0.1894043446,0.6025252931,0.6024744433,0.6027987181,0.422637845,0.4326325872,0.4329782769
13.16,2.703590233,2.780050082,2.780909571,2.703590233,2.780050082,2.780909571,0.01185975451,0.01185975443,0.2194753867,0.2294764364,0.1894076773,0.6025111709,0.6024605859,0.6027830905,0.4226230664,0.4326178181,0.4329616136
13.18,2.703553493,2.780013367,2.780868146,2.703553493,2.780013367,2.780868146,0.01179331757,0.01179331748,0.2194783259,0.2294793736,0.1894109913,0.6024971276,0.602446806,0.6027675499,0.4226083706,0.432603132,0.4329450434
13.2,2.703516959,2.779976858,2.780826951,2.703516959,2.779976858,2.780826951,0.01172725275,0.01172725265,0.2194812486,0.2294822943,0.1894142868,0.6024831626,0.6024331032,0.6027520957,0.4225937572,0.4325885285,0.4329285658
13.22,2.703480631,2.779940554,2.780785988,2.70348063,2.779940554,2.780785987,0.01166155797,0.01166155787,0.2194841549,0.2294851986,0.189417564,0.6024692756,0.6024194772,0.6027367276,0.4225792256,0.4325740069,0.4329121802
13.24,2.703444505,2.779904454,2.780745252,2.703444505,2.779904454,2.780745252,0.01159623116,0.01159623105,0.2194870449,0.2294880866,0.1894208228,0.6024554662,0.6024059274,0.6027214449,0.4225647754,0.4325595669,0.4328958861
13.26,2.703408582,2.779868557,2.780704745,2.703408582,2.779868557,2.780704745,0.01153127026,0.01153127015,0.2194899188,0.2294909584,0.1894240634,0.6024417339,0.6023924535,0.6027062473,0.4225504062,0.4325452081,0.4328796831
13.28,2.703372861,2.779832862,2.780664464,2.70337286,2.779832862,2.780664464,0.01146667323,0.0114666731,0.2194927765,0.229493814,0.1894272859,0.6024280782,0.602379055,0.6026911344,0.4225361176,0.4325309299,0.4328635706
13.3,2.703337339,2.779797367,2.780624408,2.703337339,2.779797367,2.780624408,0.01140243801,0.01140243788,0.2194956182,0.2294966536,0.1894304904,0.6024144988,0.6023657315,0.6026761055,0.422521909,0.4325167319,0.4328475482
13.32,2.703302017,2.779762071,2.780584575,2.703302016,2.779762071,2.780584575,0.01133856259,0.01133856245,0.219498444,0.2294994773,0.189433677,0.6024009952,0.6023524826,0.6026611602,0.42250778,0.4325026136,0.4328316152
13.34,2.703266892,2.779726974,2.780544965,2.703266892,2.779726974,2.780544965,0.01127504495,0.01127504481,0.219501254,0.2295022851,0.1894368457,0.602387567,0.6023393079,0.6026462982,0.4224937302,0.4324885747,0.4328157713
13.36,2.703231964,2.779692074,2.780505577,2.703231964,2.779692073,2.780505577,0.01121188308,0.01121188294,0.2195040482,0.2295050771,0.1894399968,0.6023742138,0.6023262069,0.6026315189,0.4224797591,0.4324746146,0.4328000159
13.38,2.703197232,2.779657369,2.780466409,2.703197232,2.779657369,2.780466408,0.01114907501,0.01114907486,0.2195068267,0.2295078534,0.1894431303,0.6023609351,0.6023131793,0.6026168218,0.4224658663,0.4324607329,0.4327843486
13.4,2.703162695,2.77962286,2.780427459,2.703162695,2.77962286,2.780427459,0.01108661873,0.01108661859,0.2195095897,0.2295106142,0.1894462463,0.6023477306,0.6023002246,0.6026022066,0.4224520513,0.4324469292,0.4327687687
13.42,2.703128351,2.779588545,2.780388727,2.703128351,2.779588545,2.780388727,0.01102451229,0.01102451215,0.2195123373,0.2295133594,0.1894493448,0.6023345999,0.6022873424,0.6025876727,0.4224383137,0.432433203,0.432753276
13.44,2.703094199,2.779554422,2.780350212,2.703094199,2.779554422,2.780350212,0.01096275373,0.01096275358,0.2195150694,0.2295160892,0.189452426,0.6023215424,0.6022745324,0.6025732198,0.4224246531,0.4324195539,0.4327378698
13.46,2.703060239,2.779520491,2.780311911,2.703060239,2.779520491,2.780311911,0.01090134109,0.01090134094,0.2195177862,0.2295188037,0.1894554901,0.6023085579,0.602261794,0.6025588473,0.4224110691,0.4324059815,0.4327225497
13.48,2.70302647,2.77948675,2.780273825,2.703026469,2.77948675,2.780273825,0.01084027244,0.01084027229,0.2195204878,0.2295215029,0.189458537,0.6022956459,0.602249127,0.6025445548,0.4223975612,0.4323924853,0.4327073152
13.5,2.702992889,2.779453199,2.780235952,2.702992889,2.779453199,2.780235952,0.01077954585,0.01077954571,0.2195231742,0.229524187,0.1894615668,0.602282806,0.6022365309,0.6025303419,0.4223841289,0.4323790649,0.4326921658
13.52,2.702959496,2.779419837,2.78019829,2.702959496,2.779419837,2.78019829,0.01071915941,0.01071915928,0.2195258456,0.229526856,0.1894645798,0.6022700378,0.6022240053,0.6025162081,0.422370772,0.4323657199,0.4326771011
13.54,2.702926291,2.779386662,2.780160839,2.702926291,2.779386661,2.780160839,0.01065911121,0.01065911108,0.219528502,0.22952951,0.1894675759,0.6022573409,0.6022115499,0.6025021531,0.4223574898,0.4323524498,0.4326621206
13.56,2.702893272,2.779353673,2.780123597,2.702893272,2.779353673,2.780123597,0.01059939937,0.01059939924,0.2195311436,0.2295321492,0.1894705552,0.6022447149,0.6021991641,0.6024881763,0.4223442821,0.4323392542,0.4326472238
13.58,2.702860438,2.779320869,2.780086563,2.702860438,2.779320869,2.780086563,0.01054002198,0.01054002187,0.2195337703,0.2295347734,0.189473518,0.6022321594,0.6021868477,0.6024742773,0.4223311484,0.4323261328,0.4326324102
13.6,2.702827787,2.77928825,2.780049736,2.702827787,2.77928825,2.780049736,0.01048097719,0.01048097708,0.2195363823,0.229537383,0.1894764641,0.6022196741,0.6021746003,0.6024604557,0.4223180883,0.432313085,0.4326176794
13.62,2.70279532,2.779255814,2.780013115,2.70279532,2.779255813,2.780013115,0.01042226312,0.01042226303,0.2195389797,0.2295399779,0.1894793938,0.6022072585,0.6021624214,0.6024467112,0.4223051013,0.4323001106,0.432603031
13.64,2.702763034,2.779223559,2.779976698,2.702763034,2.779223559,2.779976698,0.01036387794,0.01036387785,0.2195415626,0.2295425582,0.1894823071,0.6021949122,0.6021503107,0.6024330431,0.4222921871,0.4322872089,0.4325884644
13.66,2.70273093,2.779191487,2.779940485,2.70273093,2.779191486,2.779940485,0.01030581979,0.01030581972,0.2195441309,0.229545124,0.1894852042,0.6021826349,0.6021382678,0.6024194512,0.4222793453,0.4322743798,0.4325739792
13.68,2.702699005,2.779159594,2.779904475,2.702699005,2.779159594,2.779904475,0.01024808684,0.01024808678,0.2195466849,0.2295476755,0.189488085,0.6021704261,0.6021262924,0.602405935,0.4222665755,0.4322616226,0.432559575
13.7,2.702667259,2.77912788,2.779868665,2.702667259,2.77912788,2.779868665,0.01019067728,0.01019067723,0.2195492246,0.2295502126,0.1894909497,0.6021582856,0.602114384,0.602392494,0.4222538771,0.4322489372,0.4325452513
13.72,2.702635692,2.779096344,2.779833056,2.702635692,2.779096344,2.779833056,0.01013358929,0.01013358926,0.21955175,0.2295527354,0.1894937985,0.6021462128,0.6021025422,0.6023791279,0.42224125,0.4322363229,0.4325310076
13.74,2.7026043,2.779064986,2.779797646,2.7026043,2.779064986,2.779797646,0.01007682107,0.01007682105,0.2195542613,0.2295552441,0.1894966313,0.6021342075,0.6020907668,0.6023658363,0.4222286936,0.4322237795,0.4325168435
13.76,2.702573085,2.779033803,2.779762434,2.702573085,2.779033803,2.779762434,0.01002037083,0.01002037083,0.2195567585,0.2295577387,0.1894994483,0.6021222693,0.6020790573,0.6023526187,0.4222162075,0.4322113065,0.4325027587
13.78,2.702542045,2.779002796,2.779727418,2.702542045,2.779002796,2.779727418,0.009964236787,0.009964236806,0.2195592417,0.2295602193,0.1895022495,0.6021103977,0.6020674133,0.6023394748,0.4222037914,0.4321989036,0.4324887525
13.8,2.702511179,2.778971963,2.779692599,2.702511179,2.778971963,2.779692599,0.009908417177,0.009908417213,0.219561711,0.2295626859,0.1895050351,0.6020985925,0.6020558345,0.602326404,0.4221914448,0.4321865703,0.4324748246
13.82,2.702480485,2.778941303,2.779657974,2.702480485,2.778941303,2.779657974,0.009852910235,0.009852910288,0.2195641665,0.2295651388,0.1895078051,0.6020868531,0.6020443206,0.6023134061,0.4221791675,0.4321743062,0.4324609746
13.84,2.702449964,2.778910815,2.779623542,2.702449964,2.778910815,2.779623542,0.009797714212,0.009797714282,0.2195666082,0.2295675778,0.1895105596,0.6020751794,0.6020328711,0.6023004806,0.4221669589,0.4321621111,0.432447202
13.86,2.702419613,2.778880498,2.779589303,2.702419614,2.778880498,2.779589303,0.009742827365,0.009742827452,0.2195690362,0.2295700031,0.1895132987,0.6020635709,0.6020214857,0.6022876271,0.4221548188,0.4321499844,0.4324335063
13.88,2.702389433,2.778850351,2.779555255,2.702389433,2.778850352,2.779555255,0.009688247964,0.009688248067,0.2195714507,0.2295724149,0.1895160226,0.6020520272,0.6020101641,0.6022748452,0.4221427466,0.4321379257,0.4324198872
13.9,2.702359422,2.778820374,2.779521398,2.702359422,2.778820374,2.779521398,0.009633974286,0.009633974406,0.2195738516,0.229574813,0.1895187311,0.602040548,0.6019989058,0.6022621345,0.4221307421,0.4321259348,0.4324063443
13.92,2.702329579,2.778790565,2.77948773,2.702329579,2.778790565,2.77948773,0.009580004621,0.009580004755,0.219576239,0.2295771977,0.1895214246,0.6020291329,0.6019877106,0.6022494947,0.4221188049,0.4321140113,0.432392877
13.94,2.702299903,2.778760924,2.77945425,2.702299903,2.778760924,2.77945425,0.009526337265,0.009526337414,0.2195786131,0.2295795691,0.189524103,0.6020177817,0.6019765781,0.6022369253,0.4221069345,0.4321021546,0.4323794851
13.96,2.702270393,2.778731449,2.779420957,2.702270393,2.778731449,2.779420957,0.009472970526,0.009472970688,0.2195809739,0.2295819271,0.1895267664,0.6020064938,0.6019655079,0.6022244259,0.4220951306,0.4320903646,0.432366168
13.98,2.702241049,2.778702139,2.77938785,2.702241049,2.778702139,2.77938785,0.00941990272,0.009419902894,0.2195833214,0.2295842719,0.1895294149,0.601995269,0.6019544997,0.6022119962,0.4220833929,0.4320786407,0.4323529253
14,2.702211869,2.778672994,2.779354929,2.702211869,2.778672994,2.779354929,0.009367132174,0.009367132359,0.2195856558,0.2295866035,0.1895320487,0.6019841068,0.6019435531,0.6021996357,0.422071721,0.4320669827,0.4323397567
14.02,2.702182853,2.778644012,2.779322191,2.702182853,2.778644013,2.779322191,0.009314657223,0.009314657416,0.2195879771,0.229588922,0.1895346677,0.6019730071,0.6019326678,0.6021873441,0.4220601144,0.4320553901,0.4323266616
14.04,2.702153999,2.778615194,2.779289637,2.702153999,2.778615194,2.779289637,0.009262476211,0.009262476411,0.2195902854,0.2295912275,0.189537272,0.6019619694,0.6019218435,0.602175121,0.4220485729,0.4320438626,0.4323136398
14.06,2.702125307,2.778586537,2.779257264,2.702125307,2.778586537,2.779257264,0.009210587493,0.009210587698,0.2195925808,0.22959352,0.1895398618,0.6019509933,0.6019110797,0.6021629661,0.422037096,0.4320323998,0.4323006908
14.08,2.702096775,2.778558041,2.779225073,2.702096775,2.778558041,2.779225073,0.009158989431,0.00915898964,0.2195948633,0.2295957997,0.1895424372,0.6019400786,0.6019003762,0.6021508789,0.4220256835,0.4320210014,0.4322878142
14.1,2.702068404,2.778529705,2.779193061,2.702068404,2.778529705,2.779193061,0.009107680398,0.009107680609,0.219597133,0.2295980666,0.1895449981,0.6019292248,0.6018897327,0.602138859,0.4220143349,0.432009667,0.4322750095
14.12,2.702040191,2.778501528,2.779161228,2.702040191,2.778501528,2.779161228,0.009056658776,0.009056658986,0.21959939,0.2296003208,0.1895475447,0.6019184317,0.6018791487,0.6021269062,0.4220030499,0.4319983962,0.4322622765
14.14,2.702012137,2.778473509,2.779129574,2.702012137,2.778473509,2.779129574,0.009005922955,0.009005923162,0.2196016344,0.2296025623,0.1895500771,0.6019076989,0.6018686241,0.6021150199,0.4219918281,0.4319871887,0.4322496146
14.16,2.701984239,2.778445647,2.779098096,2.70198424,2.778445647,2.779098096,0.008955471334,0.008955471535,0.2196038662,0.2296047912,0.1895525953,0.601897026,0.6018581583,0.6021031999,0.4219806691,0.4319760441,0.4322370235
14.18,2.701956498,2.778417942,2.779066794,2.701956499,2.778417942,2.779066794,0.008905302322,0.008905302516,0.2196060855,0.2296070076,0.1895550994,0.6018864128,0.6018477511,0.6020914458,0.4219695727,0.4319649621,0.4322245028
14.2,2.701928913,2.778390393,2.779035667,2.701928913,2.778390393,2.779035668,0.008855414335,0.00885541452,0.2196082923,0.2296092116,0.1895575896,0.6018758589,0.6018374023,0.6020797573,0.4219585385,0.4319539422,0.4322120522
14.22,2.701901482,2.778362998,2.779004715,2.701901482,2.778362998,2.779004715,0.008805805801,0.008805805973,0.2196104868,0.2296114031,0.1895600658,0.6018653639,0.6018271113,0.6020681338,0.4219475661,0.4319429843,0.4321996711
14.24,2.701874205,2.778335757,2.778973935,2.701874205,2.778335757,2.778973935,0.008756475153,0.008756475312,0.219612669,0.2296135824,0.1895625282,0.6018549276,0.601816878,0.6020565752,0.4219366552,0.4319320879,0.4321873592
14.26,2.70184708,2.778308669,2.778943328,2.70184708,2.778308669,2.778943328,0.008707420836,0.008707420979,0.2196148389,0.2296157495,0.1895649768,0.6018445497,0.601806702,0.602045081,0.4219258054,0.4319212526,0.4321751162
14.28,2.701820108,2.778281732,2.778912891,2.701820108,2.778281733,2.778912891,0.008658641301,0.008658641427,0.2196169967,0.2296179044,0.1895674117,0.6018342297,0.6017965829,0.6020336509,0.4219150164,0.4319104781,0.4321629417
14.3,2.701793286,2.778254948,2.778882625,2.701793286,2.778254948,2.778882625,0.008610135009,0.008610135117,0.2196191424,0.2296200472,0.189569833,0.6018239673,0.6017865205,0.6020222845,0.4219042878,0.4318997642,0.4321508352
14.32,2.701766615,2.778228313,2.778852528,2.701766615,2.778228313,2.778852528,0.00856190043,0.008561900519,0.2196212761,0.2296221779,0.1895722407,0.6018137624,0.6017765145,0.6020109815,0.4218936194,0.4318891104,0.4321387964
14.34,2.701740093,2.778201828,2.778822599,2.701740093,2.778201828,2.778822599,0.008513936041,0.008513936111,0.2196233979,0.2296242967,0.189574635,0.6018036144,0.6017665645,0.6019997415,0.4218830107,0.4318785164,0.4321268249
14.36,2.70171372,2.778175492,2.778792838,2.70171372,2.778175492,2.778792838,0.008466240328,0.00846624038,0.2196255077,0.2296264036,0.1895770159,0.6017935232,0.6017566702,0.6019885642,0.4218724614,0.4318679818,0.4321149204
14.38,2.701687495,2.778149303,2.778763243,2.701687495,2.778149303,2.778763243,0.008418811786,0.00841881182,0.2196276057,0.2296284987,0.1895793835,0.6017834883,0.6017468313,0.6019774492,0.4218619713,0.4318575064,0.4321030824
14.4,2.701661416,2.778123262,2.778733814,2.701661416,2.778123262,2.778733814,0.008371648919,0.008371648937,0.219629692,0.229630582,0.1895817379,0.6017735095,0.6017370475,0.6019663962,0.4218515399,0.4318470898,0.4320913106
14.42,2.701635484,2.778097366,2.778704549,2.701635484,2.778097366,2.778704549,0.008324750236,0.008324750241,0.2196317666,0.2296326537,0.1895840791,0.6017635865,0.6017273184,0.6019554048,0.421841167,0.4318367317,0.4320796046
14.44,2.701609697,2.778071616,2.778675447,2.701609697,2.778071616,2.778675447,0.008278114258,0.008278114253,0.2196338296,0.2296347137,0.1895864072,0.6017537189,0.6017176439,0.6019444746,0.4218308522,0.4318264317,0.4320679641
14.46,2.701584055,2.778046011,2.778646509,2.701584055,2.778046011,2.778646509,0.008231739512,0.008231739502,0.219635881,0.2296367621,0.1895887223,0.6017439065,0.6017080235,0.6019336055,0.4218205952,0.4318161895,0.4320563887
14.48,2.701558556,2.778020549,2.778617732,2.701558556,2.778020549,2.778617732,0.008185624536,0.008185624525,0.2196379209,0.229638799,0.1895910244,0.6017341489,0.601698457,0.6019227969,0.4218103957,0.4318060048,0.432044878
14.5,2.7015332,2.77799523,2.778589116,2.7015332,2.77799523,2.778589116,0.008139767878,0.008139767867,0.2196399494,0.2296408245,0.1895933137,0.6017244459,0.601688944,0.6019120487,0.4218002532,0.4317958773,0.4320334317
14.52,2.701507986,2.777970054,2.778560661,2.701507986,2.777970054,2.778560661,0.008094168093,0.008094168081,0.2196419665,0.2296428387,0.1895955901,0.601714797,0.6016794844,0.6019013603,0.4217901677,0.4317858066,0.4320220494
14.54,2.701482913,2.777945018,2.778532364,2.701482913,2.777945018,2.778532364,0.008048823741,0.008048823728,0.2196439723,0.2296448415,0.1895978539,0.6017052021,0.6016700776,0.6018907316,0.4217801386,0.4317757924,0.4320107307
14.56,2.701457981,2.777920123,2.778504226,2.701457981,2.777920123,2.778504226,0.008003733392,0.008003733378,0.2196459669,0.2296468331,0.1896001049,0.6016956609,0.6016607236,0.6018801622,0.4217701657,0.4317658345,0.4319994754
14.58,2.701433188,2.777895368,2.778476244,2.701433188,2.777895368,2.778476244,0.007958895623,0.007958895609,0.2196479503,0.2296488135,0.1896023434,0.6016861729,0.6016514219,0.6018696517,0.4217602487,0.4317559324,0.4319882829
14.6,2.701408535,2.777870752,2.77844842,2.701408535,2.777870752,2.77844842,0.00791430902,0.007914309005,0.2196499225,0.2296507828,0.1896045694,0.601676738,0.6016421724,0.6018591998,0.4217503873,0.4317460859,0.4319771531
14.62,2.701384019,2.777846274,2.778420751,2.701384019,2.777846274,2.778420751,0.007869972175,0.00786997216,0.2196518838,0.2296527411,0.1896067829,0.6016673558,0.6016329746,0.6018488062,0.4217405811,0.4317362947,0.4319660855
14.64,2.701359641,2.777821933,2.778393237,2.701359641,2.777821933,2.778393237,0.00782588369,0.007825883675,0.219653834,0.2296546883,0.189608984,0.601658026,0.6016238283,0.6018384706,0.4217308298,0.4317265584,0.4319550798
14.66,2.7013354,2.777797729,2.778365876,2.7013354,2.777797729,2.778365876,0.007782042174,0.007782042159,0.2196557734,0.2296566246,0.1896111729,0.6016487484,0.6016147332,0.6018281926,0.4217211332,0.4317168768,0.4319441357
14.68,2.701311294,2.777773661,2.778338669,2.701311294,2.777773661,2.778338669,0.007738446244,0.007738446229,0.2196577018,0.2296585501,0.1896133495,0.6016395227,0.6016056891,0.601817972,0.4217114909,0.4317072495,0.4319332527
14.7,2.701287323,2.777749728,2.778311614,2.701287323,2.777749728,2.778311614,0.007695094524,0.007695094509,0.2196596195,0.2296604647,0.1896155139,0.6016303485,0.6015966956,0.6018078084,0.4217019026,0.4316976763,0.4319224307
14.72,2.701263487,2.777725929,2.77828471,2.701263487,2.777725929,2.77828471,0.007651985647,0.007651985633,0.2196615264,0.2296623687,0.1896176662,0.6016212256,0.6015877524,0.6017977014,0.421692368,0.4316881567,0.4319116691
14.74,2.701239784,2.777702264,2.778257956,2.701239784,2.777702264,2.778257956,0.007609118252,0.007609118238,0.2196634226,0.2296642619,0.1896198065,0.6016121536,0.6015788594,0.6017876509,0.4216828869,0.4316786906,0.4319009677
14.76,2.701216214,2.777678731,2.778231353,2.701216214,2.777678731,2.778231353,0.007566490987,0.007566490974,0.2196653082,0.2296661445,0.1896219348,0.6016031324,0.6015700161,0.6017776564,0.4216734589,0.4316692777,0.4318903262
14.78,2.701192776,2.777655331,2.778204898,2.701192776,2.777655331,2.778204898,0.007524102507,0.007524102495,0.2196671833,0.2296680165,0.1896240512,0.6015941616,0.6015612224,0.6017677177,0.4216640837,0.4316599175,0.4318797442
14.8,2.701169469,2.777632062,2.778178591,2.701169469,2.777632062,2.778178591,0.007481951474,0.007481951464,0.2196690478,0.229669878,0.1896261557,0.601585241,0.6015524779,0.6017578344,0.421654761,0.4316506099,0.4318692214
14.82,2.701146293,2.777608923,2.778152431,2.701146293,2.777608923,2.778152431,0.00744003656,0.00744003655,0.2196709019,0.2296717291,0.1896282485,0.6015763702,0.6015437824,0.6017480063,0.4216454906,0.4316413545,0.4318587574
14.84,2.701123247,2.777585915,2.778126417,2.701123247,2.777585915,2.778126417,0.007398356441,0.007398356432,0.2196727456,0.2296735698,0.1896303296,0.601567549,0.6015351355,0.601738233,0.421636272,0.4316321511,0.431848352
14.86,2.70110033,2.777563035,2.778100549,2.70110033,2.777563035,2.778100549,0.007356909802,0.007356909795,0.219674579,0.2296754001,0.1896323991,0.6015587771,0.6015265371,0.6017285142,0.4216271052,0.4316229993,0.4318380047
14.88,2.701077541,2.777540284,2.778074826,2.701077541,2.777540284,2.778074826,0.007315695337,0.00731569533,0.2196764021,0.2296772202,0.1896344569,0.6015500543,0.6015179868,0.6017188497,0.4216179897,0.4316138989,0.4318277154
14.9,2.70105488,2.777517661,2.778049246,2.70105488,2.777517661,2.778049246,0.007274711744,0.007274711737,0.2196782149,0.2296790301,0.1896365033,0.6015413802,0.6015094844,0.601709239,0.4216089253,0.4316048495,0.4318174836
14.92,2.701032346,2.777495164,2.77802381,2.701032346,2.777495164,2.77802381,0.00723395773,0.007233957724,0.2196800177,0.2296808298,0.1896385382,0.6015327546,0.6015010296,0.601699682,0.4215999116,0.4315958509,0.431807309
14.94,2.701009938,2.777472794,2.777998515,2.701009938,2.777472794,2.777998515,0.00719343201,0.007193432004,0.2196818103,0.2296826194,0.1896405617,0.6015241772,0.6014926222,0.6016901783,0.4215909485,0.4315869029,0.4317971913
14.96,2.700987655,2.77745055,2.777973363,2.700987655,2.77745055,2.777973363,0.007153133305,0.007153133298,0.2196835929,0.229684399,0.189642574,0.6015156477,0.6014842619,0.6016807277,0.4215820355,0.431578005,0.4317871302
14.98,2.700965498,2.77742843,2.777948351,2.700965498,2.77742843,2.777948351,0.007113060344,0.007113060336,0.2196853655,0.2296861686,0.1896445749,0.601507166,0.6014759483,0.6016713298,0.4215731725,0.4315691571,0.4317771254
15,2.700943465,2.777406434,2.777923478,2.700943465,2.777406434,2.777923478,0.007073211862,0.007073211853,0.2196871282,0.2296879282,0.1896465647,0.6014987316,0.6014676813,0.6016619843,0.4215643592,0.4315603588,0.4317671765
15.02,2.700921555,2.777384562,2.777898745,2.700921555,2.777384562,2.777898745,0.007033586602,0.007033586591,0.219688881,0.229689678,0.1896485433,0.6014903444,0.6014594606,0.601652691,0.4215555952,0.4315516099,0.4317572833
15.04,2.700899768,2.777362812,2.777874151,2.700899767,2.777362812,2.777874151,0.006994183314,0.006994183301,0.2196906239,0.229691418,0.1896505109,0.6014820041,0.601451286,0.6016434495,0.4215468804,0.4315429101,0.4317474455
15.06,2.700878102,2.777341185,2.777849694,2.700878102,2.777341185,2.777849694,0.006955000754,0.006955000739,0.2196923571,0.2296931482,0.1896524675,0.6014737104,0.6014431571,0.6016342596,0.4215382143,0.4315342591,0.4317376627
15.08,2.700856559,2.777319679,2.777825373,2.700856559,2.777319679,2.777825373,0.006916037687,0.006916037668,0.2196940806,0.2296948687,0.1896544131,0.6014654631,0.6014350737,0.601625121,0.4215295968,0.4315256566,0.4317279345
15.1,2.700835136,2.777298293,2.777801189,2.700835136,2.777298293,2.777801189,0.006877292883,0.006877292861,0.2196957945,0.2296965795,0.1896563478,0.6014572619,0.6014270356,0.6016160334,0.4215210276,0.4315171024,0.4317182608
15.12,2.700813833,2.777277028,2.77777714,2.700813833,2.777277028,2.77777714,0.006838765118,0.006838765093,0.2196974987,0.2296982807,0.1896582717,0.6014491066,0.6014190426,0.6016069965,0.4215125064,0.4315085963,0.4317086413
15.14,2.700792649,2.777255882,2.777753226,2.700792649,2.777255882,2.777753226,0.006800453179,0.006800453149,0.2196991934,0.2296999724,0.1896601849,0.6014409968,0.6014110942,0.6015980101,0.421504033,0.4315001378,0.4316990755
15.16,2.700771584,2.777234854,2.777729445,2.700771584,2.777234854,2.777729445,0.006762355856,0.006762355821,0.2197008786,0.2297016546,0.1896620874,0.6014329324,0.6014031904,0.6015890738,0.421495607,0.4314917268,0.4316895632
15.18,2.700750637,2.777213945,2.777705798,2.700750637,2.777213945,2.777705798,0.006724471946,0.006724471906,0.2197025544,0.2297033274,0.1896639792,0.601424913,0.6013953309,0.6015801874,0.4214872282,0.431483363,0.4316801042
15.2,2.700729808,2.777193152,2.777682282,2.700729807,2.777193152,2.777682282,0.006686800255,0.00668680021,0.2197042207,0.2297049908,0.1896658604,0.6014169385,0.6013875153,0.6015713506,0.4214788964,0.4314750462,0.4316706981
15.22,2.700709095,2.777172477,2.777658898,2.700709095,2.777172477,2.777658898,0.006649339594,0.006649339543,0.2197058778,0.2297066448,0.1896677311,0.6014090086,0.6013797436,0.6015625631,0.4214706112,0.431466776,0.4316613445
15.24,2.700688498,2.777151918,2.777635646,2.700688498,2.777151917,2.777635645,0.00661208878,0.006612088723,0.2197075255,0.2297082896,0.1896695913,0.6014011231,0.6013720153,0.6015538246,0.4214623725,0.4314585522,0.4316520434
15.26,2.700668016,2.777131473,2.777612523,2.700668016,2.777131473,2.777612523,0.006575046639,0.006575046576,0.219709164,0.2297099251,0.1896714412,0.6013932816,0.6013643303,0.6015451349,0.4214541799,0.4314503745,0.4316427942
15.28,2.70064765,2.777111144,2.777589529,2.70064765,2.777111144,2.777589529,0.006538212002,0.006538211932,0.2197107934,0.2297115515,0.1896732806,0.6013854839,0.6013566884,0.6015364938,0.4214460332,0.4314422427,0.4316335968
15.3,2.700627397,2.777090929,2.777566664,2.700627397,2.777090929,2.777566664,0.006501583705,0.006501583629,0.2197124136,0.2297131687,0.1896751098,0.6013777299,0.6013490893,0.6015279008,0.4214379321,0.4314341566,0.4316244508
15.32,2.700607258,2.777070827,2.777543927,2.700607258,2.777070827,2.777543927,0.006465160594,0.006465160511,0.2197140247,0.2297147768,0.1896769288,0.6013700192,0.6013415327,0.6015193559,0.4214298765,0.4314261158,0.431615356
15.34,2.700587231,2.777050838,2.777521317,2.700587231,2.777050838,2.777521317,0.006428941519,0.00642894143,0.2197156268,0.229716376,0.1896787376,0.6013623516,0.6013340184,0.6015108586,0.4214218659,0.4314181202,0.4316063121
15.36,2.700567317,2.777030961,2.777498834,2.700567317,2.777030961,2.777498834,0.006392925338,0.006392925242,0.2197172199,0.2297179661,0.1896805362,0.6013547269,0.6013265462,0.6015024088,0.4214139003,0.4314101694,0.4315973188
15.38,2.700547515,2.777011195,2.777476477,2.700547515,2.777011195,2.777476477,0.006357110913,0.006357110811,0.2197188041,0.2297195474,0.1896823248,0.6013471448,0.6013191159,0.6014940061,0.4214059793,0.4314022632,0.4315883758
15.4,2.700527823,2.776991541,2.777454244,2.700527823,2.77699154,2.777454244,0.006321497115,0.006321497006,0.2197203795,0.2297211197,0.1896841034,0.6013396051,0.6013117272,0.6014856504,0.4213981026,0.4313944014,0.4315794828
15.42,2.700508242,2.776971996,2.777432136,2.700508242,2.776971996,2.777432136,0.006286082819,0.006286082705,0.219721946,0.2297226833,0.1896858721,0.6013321076,0.6013043798,0.6014773413,0.4213902701,0.4313865837,0.4315706396
15.44,2.70048877,2.776952562,2.777410152,2.70048877,2.776952562,2.777410152,0.006250866909,0.00625086679,0.2197235037,0.229724238,0.1896876308,0.601324652,0.6012970736,0.6014690786,0.4213824815,0.4313788098,0.4315618458
15.46,2.700469408,2.776933236,2.77738829,2.700469408,2.776933236,2.77738829,0.006215848273,0.006215848149,0.2197250527,0.2297257841,0.1896893797,0.6013172381,0.6012898083,0.601460862,0.4213747365,0.4313710796,0.4315531013
15.48,2.700450154,2.776914019,2.777366551,2.700450154,2.776914019,2.777366551,0.006181025806,0.006181025677,0.219726593,0.2297273215,0.1896911189,0.6013098656,0.6012825837,0.6014526913,0.4213670349,0.4313633927,0.4315444057
15.5,2.700431008,2.776894909,2.777344934,2.700431007,2.776894909,2.777344934,0.00614639841,0.006146398276,0.2197281247,0.2297288502,0.1896928483,0.6013025344,0.6012753996,0.6014445662,0.4213593764,0.431355749,0.4315357587
15.52,2.700411969,2.776875907,2.777323437,2.700411969,2.776875907,2.777323437,0.00611196499,0.006111964854,0.2197296478,0.2297303704,0.189694568,0.6012952442,0.6012682556,0.6014364865,0.4213517608,0.4313481481,0.4315271601
15.54,2.700393036,2.776857012,2.777302061,2.700393036,2.776857012,2.777302061,0.006077724462,0.006077724323,0.2197311624,0.229731882,0.1896962781,0.6012879947,0.6012611517,0.6014284519,0.4213441879,0.4313405899,0.4315186096
15.56,2.70037421,2.776838222,2.777280805,2.70037421,2.776838222,2.777280804,0.006043675744,0.006043675603,0.2197326685,0.2297333852,0.1896979786,0.6012807857,0.6012540876,0.6014204621,0.4213366575,0.4313330741,0.431510107
15.58,2.70035549,2.776819538,2.777259667,2.700355489,2.776819538,2.777259667,0.006009817763,0.00600981762,0.2197341662,0.2297348799,0.1896996696,0.6012736171,0.601247063,0.601412517,0.4213291692,0.4313256004,0.4315016519
15.6,2.700336874,2.776800959,2.777238647,2.700336874,2.776800959,2.777238647,0.005976149449,0.005976149305,0.2197356554,0.2297363663,0.1897013512,0.6012664886,0.6012400778,0.6014046162,0.4213217229,0.4313181687,0.4314932441
15.62,2.700318362,2.776782484,2.777217746,2.700318362,2.776782484,2.777217745,0.00594266974,0.005942669597,0.2197371364,0.2297378443,0.1897030233,0.6012593999,0.6012331317,0.6013967596,0.4213143182,0.4313107787,0.4314848834
15.64,2.700299954,2.776764112,2.777196961,2.700299954,2.776764112,2.777196961,0.00590937758,0.005909377438,0.219738609,0.229739314,0.1897046861,0.6012523509,0.6012262245,0.6013889468,0.4213069551,0.4313034301,0.4314765694
15.66,2.70028165,2.776745844,2.777176292,2.70028165,2.776745844,2.777176292,0.005876271918,0.005876271779,0.2197400734,0.2297407755,0.1897063396,0.6012453413,0.601219356,0.6013811776,0.4212996332,0.4312961227,0.431468302
15.68,2.700263448,2.776727678,2.777155739,2.700263447,2.776727678,2.777155739,0.00584335171,0.005843351574,0.2197415295,0.2297422287,0.1897079838,0.6012383709,0.6012125259,0.6013734519,0.4212923524,0.4312888564,0.4314600808
15.7,2.700245347,2.776709614,2.777135301,2.700245347,2.776709614,2.777135301,0.005810615917,0.005810615785,0.2197429775,0.2297436738,0.1897096189,0.6012314394,0.6012057341,0.6013657692,0.4212851123,0.4312816308,0.4314519056
15.72,2.700227349,2.776691651,2.777114978,2.700227349,2.776691651,2.777114978,0.005778063506,0.005778063379,0.2197444174,0.2297451108,0.1897112448,0.6012245468,0.6011989803,0.6013581295,0.4212779128,0.4312744458,0.4314437762
15.74,2.700209451,2.77667379,2.777094768,2.700209451,2.77667379,2.777094768,0.005745693449,0.005745693329,0.2197458493,0.2297465398,0.1897128615,0.6012176926,0.6011922644,0.6013505324,0.4212707536,0.431267301,0.4314356923
15.76,2.700191653,2.776656028,2.777074671,2.700191653,2.776656028,2.777074671,0.005713504726,0.005713504613,0.2197472731,0.2297479607,0.1897144693,0.6012108768,0.601185586,0.6013429778,0.4212636346,0.4312601963,0.4314276536
15.78,2.700173955,2.776638366,2.777054687,2.700173955,2.776638366,2.777054687,0.00568149632,0.005681496215,0.2197486889,0.2297493737,0.189716068,0.6012040992,0.6011789451,0.6013354654,0.4212565554,0.4312531315,0.4314196598
15.8,2.700156356,2.776620803,2.777034814,2.700156356,2.776620803,2.777034814,0.005649667222,0.005649667126,0.2197500968,0.2297507787,0.1897176578,0.6011973594,0.6011723414,0.6013279949,0.4212495158,0.4312461064,0.4314117108
15.82,2.700138856,2.776603339,2.777015053,2.700138856,2.776603339,2.777015053,0.005618016427,0.005618016341,0.2197514968,0.2297521759,0.1897192387,0.6011906573,0.6011657746,0.6013205661,0.4212425158,0.4312391206,0.4314038063
15.84,2.700121454,2.776585972,2.776995402,2.700121454,2.776585972,2.776995402,0.005586542937,0.005586542862,0.219752889,0.2297535652,0.1897208108,0.6011839927,0.6011592446,0.6013131788,0.4212355549,0.431232174,0.431395946
15.86,2.700104149,2.776568703,2.776975861,2.700104149,2.776568703,2.776975861,0.005555245759,0.005555245695,0.2197542734,0.2297549467,0.1897223741,0.6011773654,0.6011527512,0.6013058328,0.421228633,0.4312252664,0.4313881297
15.88,2.700086941,2.776551531,2.77695643,2.700086941,2.776551531,2.77695643,0.005524123904,0.005524123852,0.21975565,0.2297563205,0.1897239286,0.6011707751,0.6011462941,0.6012985278,0.4212217499,0.4312183975,0.4313803571
15.9,2.70006983,2.776534455,2.776937107,2.70006983,2.776534455,2.776937107,0.005493176391,0.005493176353,0.2197570189,0.2297576866,0.1897254744,0.6011642217,0.6011398732,0.6012912636,0.4212149054,0.4312115672,0.431372628
15.92,2.700052815,2.776517475,2.776917893,2.700052815,2.776517475,2.776917893,0.005462402244,0.005462402219,0.2197583802,0.229759045,0.1897270116,0.601157705,0.6011334883,0.60128404,0.4212080992,0.4312047752,0.4313649422
15.94,2.700035894,2.77650059,2.776898786,2.700035894,2.77650059,2.776898786,0.005431800492,0.005431800481,0.2197597338,0.2297603957,0.1897285401,0.6011512247,0.6011271391,0.6012768568,0.4212013311,0.4311980213,0.4313572994
15.96,2.700019069,2.7764838,2.776879785,2.700019069,2.7764838,2.776879785,0.005401370169,0.005401370172,0.2197610798,0.229761739,0.1897300601,0.6011447806,0.6011208255,0.6012697136,0.421194601,0.4311913052,0.4313496993
15.98,2.700002338,2.776467104,2.776860892,2.700002338,2.776467104,2.776860892,0.005371110314,0.005371110333,0.2197624183,0.2297630746,0.1897315716,0.6011383726,0.6011145473,0.6012626104,0.4211879086,0.4311846269,0.4313421418
16,2.699985701,2.776450502,2.776842104,2.699985701,2.776450502,2.776842104,0.005341019974,0.005341020008,0.2197637493,0.2297644028,0.1897330747,0.6011320004,0.6011083042,0.6012555468,0.4211812536,0.431177986,0.4313346266
16.02,2.699969156,2.776433993,2.776823421,2.699969157,2.776433993,2.776823421,0.005311098198,0.005311098247,0.2197650728,0.2297657235,0.1897345693,0.6011256639,0.601102096,0.6012485227,0.421174636,0.4311713823,0.4313271534
16.04,2.699952705,2.776417576,2.776804842,2.699952705,2.776417576,2.776804842,0.005281344043,0.005281344107,0.2197663889,0.2297670369,0.1897360556,0.6011193628,0.6010959227,0.6012415378,0.4211680554,0.4311648157,0.431319722
16.06,2.699936346,2.776401252,2.776786368,2.699936346,2.776401252,2.776786368,0.00525175657,0.005251756649,0.2197676977,0.2297683428,0.1897375336,0.6011130969,0.6010897839,0.601234592,0.4211615117,0.4311582859,0.4313123322
16.08,2.699920078,2.776385019,2.776767997,2.699920078,2.776385019,2.776767997,0.005222334845,0.00522233494,0.2197689991,0.2297696414,0.1897390032,0.6011068661,0.6010836795,0.6012276849,0.4211550046,0.4311517928,0.4313049838
16.1,2.699903902,2.776368877,2.776749728,2.699903902,2.776368877,2.776749728,0.005193077941,0.005193078049,0.2197702932,0.2297709328,0.1897404647,0.6011006702,0.6010776093,0.6012208165,0.421148534,0.4311453361,0.4312976765
16.12,2.699887816,2.776352826,2.776731562,2.699887816,2.776352826,2.776731562,0.005163984933,0.005163985056,0.2197715801,0.2297722169,0.189741918,0.6010945089,0.601071573,0.6012139864,0.4211420996,0.4311389155,0.4312904101
16.14,2.69987182,2.776336865,2.776713498,2.69987182,2.776336865,2.776713498,0.005135054905,0.005135055041,0.2197728597,0.2297734938,0.1897433631,0.6010883821,0.6010655706,0.6012071944,0.4211357013,0.431132531,0.4312831844
16.16,2.699855914,2.776320993,2.776695535,2.699855914,2.776320993,2.776695535,0.005106286943,0.005106287091,0.2197741322,0.2297747635,0.1897448002,0.6010822895,0.6010596018,0.6012004404,0.4211293389,0.4311261824,0.4312759991
16.18,2.699840097,2.77630521,2.776677672,2.699840097,2.77630521,2.776677672,0.00507768014,0.005077680299,0.2197753976,0.2297760261,0.1897462292,0.601076231,0.6010536664,0.6011937242,0.421123012,0.4311198693,0.431268854
16.2,2.699824368,2.776289516,2.776659909,2.699824368,2.776289516,2.776659909,0.005049233592,0.005049233762,0.2197766559,0.2297772817,0.1897476502,0.6010702064,0.6010477643,0.6011870454,0.4211167207,0.4311135916,0.4312617489
16.22,2.699808728,2.77627391,2.776642246,2.699808728,2.77627391,2.776642246,0.005020946404,0.005020946583,0.2197779071,0.2297785302,0.1897490633,0.6010642155,0.6010418952,0.601180404,0.4211104645,0.4311073492,0.4312546835
16.24,2.699793175,2.776258391,2.776624681,2.699793175,2.776258392,2.776624682,0.004992817681,0.004992817868,0.2197791513,0.2297797717,0.1897504685,0.6010582581,0.601036059,0.6011737997,0.4211042435,0.4311011417,0.4312476577
16.26,2.69977771,2.77624296,2.776607215,2.69977771,2.77624296,2.776607215,0.004964846538,0.00496484673,0.2197803886,0.2297810062,0.1897518657,0.601052334,0.6010302555,0.6011672323,0.4210980572,0.4310949691,0.4312406713
16.28,2.699762331,2.776227615,2.776589847,2.699762331,2.776227615,2.776589847,0.00493703209,0.004937032287,0.2197816189,0.2297822338,0.1897532552,0.6010464431,0.6010244845,0.6011607015,0.4210919057,0.4310888311,0.4312337239
16.3,2.699747038,2.776212356,2.776572576,2.699747038,2.776212356,2.776572576,0.00490937346,0.00490937366,0.2197828423,0.2297834545,0.1897546369,0.6010405851,0.6010187458,0.6011542073,0.4210857885,0.4310827275,0.4312268154
16.32,2.699731831,2.776197183,2.776555401,2.699731831,2.776197183,2.776555401,0.004881869777,0.004881869978,0.2197840589,0.2297846684,0.1897560109,0.6010347599,0.6010130392,0.6011477493,0.4210797057,0.4310766582,0.4312199455
16.34,2.699716709,2.776182094,2.776538322,2.699716709,2.776182094,2.776538323,0.004854520171,0.004854520371,0.2197852686,0.2297858754,0.1897573772,0.6010289673,0.6010073647,0.6011413275,0.421073657,0.4310706229,0.4312131142
16.36,2.699701672,2.776167091,2.77652134,2.699701672,2.776167091,2.77652134,0.00482732378,0.004827323978,0.2197864716,0.2297870757,0.1897587358,0.6010232071,0.6010017218,0.6011349415,0.4210676421,0.4310646214,0.431206321
16.38,2.699686719,2.776152171,2.776504452,2.699686719,2.776152171,2.776504452,0.004800279746,0.004800279939,0.2197876678,0.2297882693,0.1897600868,0.6010174791,0.6009961106,0.6011285912,0.4210616609,0.4310586537,0.4311995659
16.4,2.69967185,2.776137335,2.776487658,2.69967185,2.776137336,2.776487659,0.004773387214,0.004773387402,0.2197888574,0.2297894561,0.1897614303,0.6010117832,0.6009905309,0.6011222764,0.4210557132,0.4310527193,0.4311928485
16.42,2.699657064,2.776122583,2.776470959,2.699657064,2.776122583,2.776470959,0.004746645338,0.004746645517,0.2197900402,0.2297906363,0.1897627662,0.6010061191,0.6009849823,0.6011159968,0.4210497989,0.4310468183,0.4311861688
16.44,2.699642361,2.776107913,2.776454353,2.699642361,2.776107913,2.776454353,0.004720053272,0.004720053441,0.2197912165,0.2297918099,0.1897640947,0.6010004867,0.6009794649,0.6011097524,0.4210439177,0.4310409504,0.4311795265
16.46,2.69962774,2.776093325,2.77643784,2.69962774,2.776093326,2.77643784,0.004693610177,0.004693610335,0.2197923861,0.2297929769,0.1897654157,0.6009948858,0.6009739783,0.6011035428,0.4210380694,0.4310351153,0.4311729213
16.48,2.699613201,2.77607882,2.77642142,2.699613201,2.77607882,2.77642142,0.00466731522,0.004667315364,0.2197935492,0.2297941374,0.1897667294,0.6009893162,0.6009685225,0.601097368,0.4210322539,0.4310293131,0.4311663531
16.5,2.699598744,2.776064395,2.776405091,2.699598744,2.776064395,2.776405091,0.004641167569,0.004641167699,0.2197947058,0.2297952913,0.1897680357,0.6009837778,0.6009630972,0.6010912276,0.421026471,0.4310235433,0.4311598216
16.52,2.699584368,2.776050052,2.776388854,2.699584368,2.776050052,2.776388854,0.004615166399,0.004615166514,0.2197958559,0.2297964388,0.1897693346,0.6009782704,0.6009577024,0.6010851216,0.4210207205,0.4310178059,0.4311533268
16.54,2.699570072,2.776035789,2.776372708,2.699570072,2.776035789,2.776372708,0.00458931089,0.004589310989,0.2197969996,0.2297975799,0.1897706264,0.6009727938,0.6009523377,0.6010790497,0.4210150022,0.4310121007,0.4311468682
16.56,2.699555856,2.776021606,2.776356652,2.699555856,2.776021606,2.776356652,0.004563600226,0.004563600307,0.2197981368,0.2297987145,0.1897719108,0.6009673478,0.6009470031,0.6010730117,0.4210093159,0.4310064275,0.4311404458
16.58,2.69954172,2.776007502,2.776340686,2.69954172,2.776007502,2.776340686,0.004538033594,0.004538033659,0.2197992677,0.2297998428,0.1897731881,0.6009619323,0.6009416984,0.6010670075,0.4210036615,0.4310007861,0.4311340594
16.6,2.699527663,2.775993478,2.776324809,2.699527664,2.775993478,2.776324809,0.004512610188,0.004512610236,0.2198003922,0.2298009647,0.1897744583,0.6009565471,0.6009364233,0.6010610368,0.4209980388,0.4309951763,0.4311277087
16.62,2.699513685,2.775979532,2.776309021,2.699513685,2.775979532,2.776309021,0.004487329204,0.004487329236,0.2198015105,0.2298020804,0.1897757213,0.600951192,0.6009311778,0.6010550995,0.4209924475,0.430989598,0.4311213936
16.64,2.699499786,2.775965665,2.776293321,2.699499786,2.775965665,2.776293322,0.004462189845,0.004462189862,0.2198026225,0.2298031898,0.1897769772,0.6009458669,0.6009259617,0.6010491954,0.4209868876,0.430984051,0.4311151138
16.66,2.699485964,2.775951875,2.77627771,2.699485964,2.775951875,2.77627771,0.004437191315,0.004437191321,0.2198037282,0.229804293,0.1897782262,0.6009405716,0.6009207748,0.6010433243,0.4209813588,0.430978535,0.4311088691
16.68,2.699472219,2.775938162,2.776262186,2.699472219,2.775938162,2.776262186,0.004412332827,0.004412332822,0.2198048278,0.22980539,0.1897794681,0.6009353059,0.600915617,0.6010374859,0.420975861,0.4309730501,0.4311026594
16.7,2.699458552,2.775924527,2.776246748,2.699458552,2.775924527,2.776246748,0.004387613593,0.004387613583,0.2198059212,0.2298064808,0.1897807031,0.6009300696,0.600910488,0.6010316803,0.420970394,0.4309675958,0.4310964845
16.72,2.699444961,2.775910968,2.776231397,2.699444961,2.775910968,2.776231397,0.004363032834,0.004363032823,0.2198070085,0.2298075656,0.1897819312,0.6009248627,0.6009053878,0.601025907,0.4209649577,0.4309621722,0.4310903441
16.74,2.699431446,2.775897485,2.776216132,2.699431446,2.775897485,2.776216132,0.004338589778,0.004338589766,0.2198080896,0.2298086442,0.1897831524,0.6009196848,0.6009003162,0.601020166,0.4209595518,0.430956779,0.4310842381
16.76,2.699418007,2.775884077,2.776200953,2.699418007,2.775884077,2.776200953,0.004314283653,0.004314283641,0.2198091648,0.2298097168,0.1897843668,0.600914536,0.6008952729,0.6010144571,0.4209541761,0.430951416,0.4310781662
16.78,2.699404643,2.775870745,2.776185858,2.699404643,2.775870745,2.776185858,0.004290113694,0.004290113681,0.2198102339,0.2298107834,0.1897855743,0.6009094159,0.6008902579,0.6010087802,0.4209488306,0.4309460831,0.4310721284
16.8,2.699391354,2.775857487,2.776170848,2.699391354,2.775857487,2.776170848,0.004266079136,0.004266079123,0.219811297,0.229811844,0.1897867751,0.6009043245,0.600885271,0.6010031349,0.4209435151,0.4309407801,0.4310661243
16.82,2.69937814,2.775844304,2.776155922,2.69937814,2.775844304,2.776155922,0.004242179222,0.004242179209,0.2198123541,0.2298128986,0.1897879692,0.6008992616,0.600880312,0.6009975212,0.4209382293,0.4309355069,0.4310601539
16.84,2.699364999,2.775831195,2.776141079,2.699364999,2.775831195,2.776141079,0.004218413198,0.004218413183,0.2198134054,0.2298139474,0.1897891566,0.600894227,0.6008753808,0.6009919389,0.4209329731,0.4309302632,0.4310542169
16.86,2.699351933,2.775818159,2.77612632,2.699351933,2.775818159,2.77612632,0.004194780313,0.004194780298,0.2198144507,0.2298149902,0.1897903374,0.6008892206,0.6008704772,0.6009863878,0.4209277464,0.4309250489,0.4310483131
16.88,2.699338939,2.775805197,2.776111643,2.699338939,2.775805197,2.776111643,0.004171279821,0.004171279806,0.2198154902,0.2298160272,0.1897915115,0.6008842422,0.600865601,0.6009808677,0.4209225489,0.4309198639,0.4310424423
16.9,2.699326018,2.775792307,2.776097048,2.699326018,2.775792307,2.776097048,0.004147910981,0.004147910966,0.2198165239,0.2298170584,0.1897926791,0.6008792916,0.6008607522,0.6009753785,0.4209173806,0.4309147079,0.4310366044
16.92,2.69931317,2.775779489,2.776082535,2.69931317,2.775779489,2.776082535,0.004124673056,0.00412467304,0.2198175518,0.2298180838,0.1897938402,0.6008743688,0.6008559305,0.6009699199,0.4209122412,0.4309095809,0.4310307992
16.94,2.699300393,2.775766744,2.776068103,2.699300393,2.775766744,2.776068103,0.004101565311,0.004101565296,0.2198185739,0.2298191035,0.1897949947,0.6008694735,0.6008511359,0.6009644919,0.4209071306,0.4309044826,0.4310250265
16.96,2.699287688,2.775754069,2.776053752,2.699287688,2.775754069,2.776053752,0.004078587019,0.004078587004,0.2198195903,0.2298201174,0.1897961428,0.6008646056,0.6008463681,0.6009590942,0.4209020487,0.4308994129,0.4310192861
16.98,2.699275055,2.775741466,2.776039482,2.699275055,2.775741466,2.776039482,0.004055737453,0.004055737438,0.219820601,0.2298211257,0.1897972844,0.6008597649,0.600841627,0.6009537267,0.4208969952,0.4308943716,0.4310135778
17,2.699262492,2.775728934,2.776025291,2.699262492,2.775728934,2.776025291,0.004033015892,0.004033015879,0.219821606,0.2298221283,0.1897984197,0.6008549513,0.6008369124,0.6009483892,0.42089197,0.4308893586,0.4310079015
17.02,2.699249999,2.775716471,2.77601118,2.699249999,2.775716471,2.77601118,0.004010421621,0.004010421608,0.2198226054,0.2298231253,0.1897995486,0.6008501646,0.6008322243,0.6009430815,0.420886973,0.4308843737,0.431002257
17.04,2.699237577,2.775704079,2.775997147,2.699237576,2.775704079,2.775997147,0.003987953924,0.003987953912,0.2198235992,0.2298241166,0.1898006712,0.6008454047,0.6008275624,0.6009378035,0.420882004,0.4308794168,0.4309966441
17.06,2.699225224,2.775691756,2.775983193,2.699225224,2.775691756,2.775983193,0.003965612095,0.003965612084,0.2198245874,0.2298251025,0.1898017875,0.6008406715,0.6008229266,0.600932555,0.4208770628,0.4308744876,0.4309910625
17.08,2.69921294,2.775679502,2.775969318,2.69921294,2.775679502,2.775969318,0.003943395427,0.003943395417,0.2198255701,0.2298260828,0.1898028975,0.6008359647,0.6008183168,0.6009273359,0.4208721493,0.4308695861,0.4309855123
17.1,2.699200725,2.775667317,2.77595552,2.699200725,2.775667317,2.77595552,0.003921303219,0.00392130321,0.2198265473,0.2298270576,0.1898040014,0.6008312842,0.6008137328,0.6009221459,0.4208672633,0.4308647121,0.430979993
17.12,2.699188578,2.775655201,2.775941799,2.699188578,2.775655201,2.775941799,0.003899334775,0.003899334767,0.2198275191,0.2298280269,0.1898050991,0.60082663,0.6008091745,0.6009169849,0.4208624047,0.4308598654,0.4309745047
17.14,2.6991765,2.775643152,2.775928155,2.6991765,2.775643152,2.775928155,0.003877489401,0.003877489393,0.2198284853,0.2298289908,0.1898061906,0.6008220018,0.6008046417,0.6009118528,0.4208575733,0.4308550459,0.4309690472
17.16,2.699164489,2.775631171,2.775914587,2.699164489,2.775631171,2.775914587,0.003855766408,0.0038557664,0.2198294462,0.2298299493,0.189807276,0.6008173995,0.6008001343,0.6009067494,0.420852769,0.4308502534,0.4309636201
17.18,2.699152545,2.775619257,2.775901096,2.699152545,2.775619257,2.775901096,0.00383416511,0.003834165103,0.2198304017,0.2298309024,0.1898083553,0.6008128229,0.6007956522,0.6009016745,0.4208479915,0.4308454878,0.4309582235
17.2,2.699140669,2.775607409,2.77588768,2.699140669,2.775607409,2.77588768,0.003812684825,0.003812684818,0.2198313518,0.2298318502,0.1898094286,0.600808272,0.6007911951,0.600896628,0.4208432409,0.4308407489,0.430952857
17.22,2.699128859,2.775595629,2.775874339,2.699128859,2.775595629,2.775874339,0.003791324876,0.003791324869,0.2198322966,0.2298327927,0.1898104959,0.6008037465,0.6007867631,0.6008916097,0.4208385169,0.4308360366,0.4309475206
17.24,2.699117115,2.775583914,2.775861072,2.699117115,2.775583914,2.775861072,0.003770084589,0.003770084582,0.2198332361,0.2298337299,0.1898115572,0.6007992464,0.6007823558,0.6008866194,0.4208338193,0.4308313507,0.4309422141
17.26,2.699105437,2.775572265,2.77584788,2.699105437,2.775572265,2.77584788,0.003748963293,0.003748963285,0.2198341704,0.2298346618,0.1898126125,0.6007947714,0.6007779732,0.6008816571,0.4208291481,0.4308266911,0.4309369373
17.28,2.699093824,2.775560681,2.775834762,2.699093824,2.775560681,2.775834762,0.003727960323,0.003727960314,0.2198350994,0.2298355885,0.189813662,0.6007903215,0.6007736152,0.6008767225,0.420824503,0.4308220576,0.43093169
17.3,2.699082276,2.775549162,2.775821717,2.699082276,2.775549162,2.775821717,0.003707075014,0.003707075003,0.2198360232,0.22983651,0.1898147056,0.6007858964,0.6007692816,0.6008718155,0.4208198839,0.4308174501,0.4309264721
17.32,2.699070793,2.775537708,2.775808746,2.699070793,2.775537708,2.775808746,0.003686306708,0.003686306696,0.2198369419,0.2298374263,0.1898157433,0.6007814962,0.6007649723,0.6008669359,0.4208152907,0.4308128685,0.4309212834
17.34,2.699059375,2.775526318,2.775795846,2.699059375,2.775526318,2.775795846,0.003665654749,0.003665654735,0.2198378553,0.2298383375,0.1898167753,0.6007771205,0.6007606871,0.6008620836,0.4208107233,0.4308083125,0.4309161237
17.36,2.69904802,2.775514992,2.775783019,2.69904802,2.775514992,2.775783019,0.003645118487,0.00364511847,0.2198387637,0.2298392436,0.1898178014,0.6007727694,0.6007564259,0.6008572585,0.4208061814,0.430803782,0.430910993
17.38,2.699036729,2.77550373,2.775770264,2.699036729,2.77550373,2.775770264,0.003624697272,0.003624697252,0.219839667,0.2298401446,0.1898188218,0.6007684425,0.6007521885,0.6008524603,0.420801665,0.430799277,0.4309058909
17.4,2.699025501,2.77549253,2.775757581,2.699025501,2.77549253,2.775757581,0.00360439046,0.003604390438,0.2198405652,0.2298410406,0.1898198365,0.6007641399,0.6007479749,0.600847689,0.4207971739,0.4307947972,0.4309008174
17.42,2.699014336,2.775481394,2.775744968,2.699014336,2.775481394,2.775744968,0.003584197411,0.003584197385,0.2198414584,0.2298419315,0.1898208455,0.6007598614,0.6007437849,0.6008429443,0.4207927079,0.4307903426,0.4308957724
17.44,2.699003234,2.775470319,2.775732426,2.699003234,2.775470319,2.775732426,0.003564117487,0.003564117457,0.2198423466,0.2298428174,0.1898218489,0.6007556068,0.6007396184,0.6008382262,0.420788267,0.4307859129,0.4308907555
17.46,2.698992194,2.775459307,2.775719954,2.698992194,2.775459307,2.775719954,0.003544150054,0.00354415002,0.2198432298,0.2298436984,0.1898228466,0.6007513761,0.6007354752,0.6008335344,0.4207838509,0.4307815081,0.4308857668
17.48,2.698981216,2.775448357,2.775707552,2.698981216,2.775448357,2.775707552,0.003524294482,0.003524294444,0.2198441081,0.2298445744,0.1898238388,0.600747169,0.6007313552,0.6008288689,0.4207794596,0.4307771279,0.430880806
17.5,2.698970299,2.775437468,2.775695219,2.698970299,2.775437468,2.775695219,0.003504550145,0.003504550102,0.2198449814,0.2298454455,0.1898248254,0.6007429854,0.6007272583,0.6008242295,0.4207750929,0.4307727723,0.4308758729
17.52,2.698959443,2.77542664,2.775682956,2.698959443,2.77542664,2.775682956,0.003484916419,0.003484916371,0.2198458499,0.2298463118,0.1898258065,0.6007388253,0.6007231844,0.600819616,0.4207707506,0.4307684412,0.4308709675
17.54,2.698948648,2.775415873,2.775670761,2.698948648,2.775415873,2.775670761,0.003465392685,0.003465392632,0.2198467135,0.2298471731,0.1898267821,0.6007346884,0.6007191332,0.6008150283,0.4207664327,0.4307641343,0.4308660895
17.56,2.698937914,2.775405166,2.775658634,2.698937914,2.775405166,2.775658634,0.003445978327,0.003445978268,0.2198475722,0.2298480297,0.1898277522,0.6007305747,0.6007151048,0.6008104662,0.420762139,0.4307598516,0.4308612389
17.58,2.69892724,2.775394519,2.775646576,2.69892724,2.775394519,2.775646576,0.003426672732,0.003426672667,0.2198484261,0.2298488814,0.1898287169,0.600726484,0.6007110989,0.6008059297,0.4207578693,0.4307555929,0.4308564154
17.6,2.698916625,2.775383932,2.775634584,2.698916625,2.775383932,2.775634584,0.00340747529,0.003407475219,0.2198492753,0.2298497284,0.1898296762,0.6007224162,0.6007071154,0.6008014186,0.4207536235,0.430751358,0.4308516189
17.62,2.69890607,2.775373404,2.77562266,2.69890607,2.775373404,2.77562266,0.003388385395,0.003388385319,0.2198501197,0.2298505706,0.1898306302,0.6007183712,0.6007031543,0.6007969326,0.4207494016,0.4307471469,0.4308468492
17.64,2.698895575,2.775362936,2.775610803,2.698895575,2.775362936,2.775610803,0.003369402446,0.003369402364,0.2198509594,0.2298514081,0.1898315787,0.6007143488,0.6006992153,0.6007924718,0.4207452032,0.4307429595,0.4308421063
17.66,2.698885138,2.775352526,2.775599012,2.698885138,2.775352526,2.775599012,0.003350525843,0.003350525755,0.2198517943,0.2298522409,0.189832522,0.6007103489,0.6006952985,0.6007880359,0.4207410284,0.4307387955,0.4308373899
17.68,2.698874759,2.775342174,2.775587287,2.698874759,2.775342174,2.775587287,0.00333175499,0.003331754897,0.2198526246,0.229853069,0.18983346,0.6007063714,0.6006914035,0.6007836248,0.420736877,0.4307346548,0.4308327
17.7,2.698864439,2.775331881,2.775575628,2.698864439,2.77533188,2.775575628,0.003313089294,0.003313089196,0.2198534502,0.2298538925,0.1898343928,0.6007024162,0.6006875304,0.6007792384,0.4207327488,0.4307305374,0.4308280362
17.72,2.698854176,2.775321645,2.775564034,2.698854176,2.775321645,2.775564034,0.003294528168,0.003294528064,0.2198542712,0.2298547114,0.1898353203,0.6006984831,0.6006836789,0.6007748765,0.4207286438,0.430726443,0.4308233986
17.74,2.698843971,2.775311466,2.775552505,2.698843971,2.775311466,2.775552504,0.003276071024,0.003276070915,0.2198550876,0.2298555257,0.1898362426,0.600694572,0.6006798491,0.600770539,0.4207245618,0.4307223716,0.430818787
17.76,2.698833823,2.775301345,2.77554104,2.698833823,2.775301345,2.77554104,0.00325771728,0.003257717167,0.2198558995,0.2298563354,0.1898371598,0.6006906828,0.6006760407,0.6007662258,0.4207205026,0.430718323,0.4308142012
17.78,2.698823732,2.77529128,2.77552964,2.698823732,2.77529128,2.77552964,0.003239466358,0.00323946624,0.2198567068,0.2298571406,0.1898380718,0.6006868154,0.6006722536,0.6007619366,0.4207164662,0.4307142972,0.430809641
17.8,2.698813697,2.775281272,2.775518303,2.698813697,2.775281272,2.775518303,0.00322131768,0.003221317558,0.2198575095,0.2298579412,0.1898389787,0.6006829696,0.6006684877,0.6007576715,0.4207124524,0.4307102939,0.4308051064
17.82,2.698803719,2.77527132,2.77550703,2.698803719,2.77527132,2.77550703,0.003203270675,0.003203270549,0.2198583078,0.2298587374,0.1898398806,0.6006791453,0.6006647429,0.6007534302,0.420708461,0.430706313,0.4308005972
17.84,2.698793797,2.775261423,2.77549582,2.698793797,2.775261423,2.77549582,0.003185324772,0.003185324643,0.2198591016,0.2298595291,0.1898407774,0.6006753424,0.6006610191,0.6007492127,0.4207044921,0.4307023545,0.4307961132
17.86,2.69878393,2.775251582,2.775484673,2.69878393,2.775251582,2.775484673,0.003167479405,0.003167479274,0.2198598909,0.2298603164,0.1898416691,0.6006715608,0.6006573162,0.6007450187,0.4207005453,0.4306984181,0.4307916543
17.88,2.698774118,2.775241797,2.775473588,2.698774118,2.775241797,2.775473588,0.003149734011,0.003149733878,0.2198606759,0.2298610992,0.1898425559,0.6006678004,0.600653634,0.6007408482,0.4206966207,0.4306945038,0.4307872204
17.9,2.698764362,2.775232066,2.775462565,2.698764362,2.775232066,2.775462565,0.00313208803,0.003132087895,0.2198614564,0.2298618777,0.1898434377,0.6006640611,0.6006499724,0.600736701,0.4206927181,0.4306906115,0.4307828113
17.92,2.69875466,2.77522239,2.775451604,2.69875466,2.77522239,2.775451604,0.003114540904,0.003114540769,0.2198622325,0.2298626518,0.1898443146,0.6006603426,0.6006463313,0.600732577,0.4206888373,0.430686741,0.4307784269
17.94,2.698745012,2.775212768,2.775440705,2.698745012,2.775212767,2.775440705,0.003097092081,0.003097091946,0.2198630044,0.2298634216,0.1898451866,0.600656645,0.6006427107,0.6007284761,0.4206849782,0.4306828922,0.430774067
17.96,2.698735419,2.775203199,2.775429866,2.698735419,2.775203199,2.775429866,0.003079741009,0.003079740874,0.2198637718,0.229864187,0.1898460537,0.600652968,0.6006391103,0.6007243981,0.4206811408,0.430679065,0.4307697316
17.98,2.698725879,2.775193685,2.775419088,2.698725879,2.775193685,2.775419088,0.003062487141,0.003062487008,0.219864535,0.2298649482,0.1898469159,0.6006493117,0.6006355301,0.600720343,0.4206773249,0.4306752592,0.4307654204
18,2.698716393,2.775184224,2.775408371,2.698716392,2.775184224,2.77540837,0.003045329932,0.003045329801,0.2198652939,0.2298657051,0.1898477733,0.6006456758,0.6006319699,0.6007163105,0.4206735304,0.4306714747,0.4307611334
18.02,2.698706959,2.775174816,2.775397713,2.698706959,2.775174816,2.775397713,0.00302826884,0.003028268713,0.2198660486,0.2298664577,0.1898486259,0.6006420602,0.6006284297,0.6007123005,0.4206697571,0.4306677115,0.4307568704
18.04,2.698697579,2.775165461,2.775387115,2.698697579,2.775165461,2.775387115,0.003011303328,0.003011303204,0.219866799,0.2298672061,0.1898494738,0.6006384649,0.6006249093,0.600708313,0.4206660049,0.4306639694,0.4307526312
18.06,2.698688251,2.775156158,2.775376577,2.698688251,2.775156158,2.775376576,0.00299443286,0.00299443274,0.2198675452,0.2298679504,0.1898503168,0.6006348897,0.6006214086,0.6007043478,0.4206622738,0.4306602482,0.4307484158
18.08,2.698678976,2.775146907,2.775366097,2.698678975,2.775146907,2.775366097,0.002977656903,0.002977656789,0.2198682873,0.2298686904,0.1898511552,0.6006313346,0.6006179275,0.6007004048,0.4206585636,0.430656548,0.4307442239
18.1,2.698669752,2.775137708,2.775355676,2.698669752,2.775137708,2.775355676,0.002960974928,0.00296097482,0.2198690252,0.2298694263,0.1898519889,0.6006277993,0.6006144659,0.6006964838,0.4206548741,0.4306528684,0.4307400556
18.12,2.69866058,2.775128561,2.775345314,2.69866058,2.775128561,2.775345314,0.002944386408,0.002944386307,0.2198697589,0.2298701581,0.1898528179,0.6006242838,0.6006110237,0.6006925848,0.4206512054,0.4306492095,0.4307359106
18.14,2.698651459,2.775119465,2.775335009,2.698651459,2.775119465,2.775335009,0.00292789082,0.002927890727,0.2198704886,0.2298708858,0.1898536422,0.600620788,0.6006076008,0.6006887075,0.4206475572,0.4306455711,0.4307317888
18.16,2.69864239,2.77511042,2.775324762,2.69864239,2.77511042,2.775324762,0.002911487644,0.002911487559,0.2198712141,0.2298716094,0.189854462,0.6006173117,0.6006041971,0.600684852,0.4206439294,0.4306419531,0.43072769
18.18,2.698633371,2.775101426,2.775314573,2.698633371,2.775101426,2.775314573,0.002895176361,0.002895176286,0.2198719356,0.2298723289,0.1898552771,0.6006138549,0.6006008124,0.600681018,0.4206403219,0.4306383554,0.4307236143
18.2,2.698624403,2.775092482,2.77530444,2.698624403,2.775092482,2.77530444,0.002878956457,0.002878956392,0.2198726531,0.2298730444,0.1898560877,0.6006104175,0.6005974467,0.6006772055,0.4206367347,0.4306347779,0.4307195613
18.22,2.698615485,2.775083588,2.775294365,2.698615485,2.775083588,2.775294365,0.002862827421,0.002862827366,0.2198733665,0.2298737559,0.1898568938,0.6006069993,0.6005940999,0.6006734143,0.4206331675,0.4306312204,0.4307155311
18.24,2.698606617,2.775074744,2.775284346,2.698606617,2.775074744,2.775284345,0.002846788742,0.002846788698,0.2198740759,0.2298744634,0.1898576953,0.6006036002,0.6005907718,0.6006696443,0.4206296203,0.4306276828,0.4307115234
18.26,2.698597799,2.77506595,2.775274382,2.698597799,2.77506595,2.775274382,0.002830839916,0.002830839883,0.2198747814,0.229875167,0.1898584924,0.6006002202,0.6005874623,0.6006658954,0.4206260931,0.4306241651,0.4307075381
18.28,2.69858903,2.775057205,2.775264475,2.69858903,2.775057205,2.775264475,0.002814980438,0.002814980417,0.2198754829,0.2298758666,0.189859285,0.600596859,0.6005841714,0.6006621675,0.4206225855,0.4306206671,0.4307035752
18.3,2.698580311,2.775048509,2.775254623,2.698580311,2.775048509,2.775254623,0.002799209808,0.0027992098,0.2198761805,0.2298765623,0.1898600731,0.6005935167,0.6005808989,0.6006584604,0.4206190976,0.4306171887,0.4306996344
18.32,2.69857164,2.775039862,2.775244826,2.69857164,2.775039862,2.775244826,0.002783527529,0.002783527534,0.2198768741,0.229877254,0.1898608569,0.6005901931,0.6005776447,0.600654774,0.4206156293,0.4306137298,0.4306957157
18.34,2.698563018,2.775031263,2.775235085,2.698563018,2.775031263,2.775235085,0.002767933105,0.002767933124,0.2198775639,0.2298779419,0.1898616362,0.6005868881,0.6005744088,0.6006511083,0.4206121804,0.4306102903,0.430691819
18.36,2.698554444,2.775022712,2.775225397,2.698554444,2.775022712,2.775225397,0.002752426046,0.002752426077,0.2198782498,0.229878626,0.1898624112,0.6005836016,0.600571191,0.6006474631,0.4206087508,0.4306068701,0.4306879441
18.38,2.698545918,2.77501421,2.775215764,2.698545918,2.77501421,2.775215764,0.00273700586,0.002737005905,0.2198789319,0.2298793062,0.1898631818,0.6005803335,0.6005679912,0.6006438383,0.4206053404,0.4306034691,0.4306840908
18.4,2.698537439,2.775005755,2.775206185,2.698537439,2.775005755,2.775206185,0.002721672062,0.00272167212,0.2198796102,0.2298799826,0.1898639482,0.6005770837,0.6005648093,0.6006402337,0.4206019491,0.4306000871,0.4306802592
18.42,2.698529009,2.774997347,2.77519666,2.698529009,2.774997347,2.77519666,0.002706424168,0.00270642424,0.2198802846,0.2298806552,0.1898647102,0.6005738521,0.6005616453,0.6006366493,0.4205985768,0.4305967241,0.430676449
18.44,2.698520625,2.774988987,2.775187187,2.698520625,2.774988987,2.775187187,0.002691261697,0.002691261782,0.2198809553,0.229881324,0.189865468,0.6005706385,0.6005584989,0.600633085,0.4205952235,0.4305933799,0.4306726601
18.46,2.698512289,2.774980673,2.775177768,2.698512289,2.774980673,2.775177768,0.002676184171,0.002676184268,0.2198816222,0.2298819891,0.1898662215,0.600567443,0.6005553703,0.6006295406,0.4205918889,0.4305900545,0.4306688925
18.48,2.698503999,2.774972406,2.775168402,2.698503999,2.774972407,2.775168402,0.002661191112,0.002661191222,0.2198822854,0.2298826505,0.1898669708,0.6005642653,0.6005522591,0.6006260161,0.4205885729,0.4305867477,0.4306651459
18.5,2.698495756,2.774964186,2.775159088,2.698495756,2.774964186,2.775159088,0.00264628205,0.002646282171,0.2198829449,0.2298833081,0.1898677159,0.6005611055,0.6005491653,0.6006225112,0.4205852756,0.4305834595,0.4306614204
18.52,2.698487558,2.774956011,2.775149826,2.698487558,2.774956011,2.775149826,0.002631456512,0.002631456644,0.2198836007,0.2298839621,0.1898684569,0.6005579633,0.6005460889,0.600619026,0.4205819967,0.4305801897,0.4306577156
18.54,2.698479407,2.774947883,2.775140616,2.698479407,2.774947883,2.775140616,0.002616714032,0.002616714174,0.2198842528,0.2298846124,0.1898691937,0.6005548387,0.6005430298,0.6006155603,0.4205787362,0.4305769382,0.4306540317
18.56,2.698471302,2.7749398,2.775131458,2.698471302,2.7749398,2.775131458,0.002602054143,0.002602054295,0.2198849012,0.229885259,0.1898699263,0.6005517316,0.6005399877,0.6006121139,0.420575494,0.430573705,0.4306503684
18.58,2.698463241,2.774931762,2.775122351,2.698463241,2.774931762,2.775122351,0.002587476385,0.002587476545,0.219885546,0.229885902,0.1898706549,0.6005486419,0.6005369627,0.6006086869,0.4205722699,0.4305704899,0.4306467255
18.6,2.698455226,2.774923769,2.775113295,2.698455226,2.774923769,2.775113295,0.002572980295,0.002572980464,0.2198861872,0.2298865414,0.1898713794,0.6005455694,0.6005339546,0.600605279,0.4205690639,0.4305672928,0.4306431031
18.62,2.698447256,2.774915821,2.77510429,2.698447256,2.774915821,2.77510429,0.002558565418,0.002558565593,0.2198868248,0.2298871773,0.1898720998,0.6005425142,0.6005309634,0.6006018902,0.4205658759,0.4305641136,0.430639501
18.64,2.698439331,2.774907918,2.775095335,2.698439331,2.774907918,2.775095335,0.002544231298,0.002544231478,0.2198874589,0.2298878096,0.1898728162,0.6005394761,0.600527989,0.6005985203,0.4205627057,0.4305609522,0.430635919
18.66,2.69843145,2.774900059,2.77508643,2.69843145,2.774900059,2.77508643,0.002529977483,0.002529977667,0.2198880894,0.2298884383,0.1898735286,0.600536455,0.6005250312,0.6005951693,0.4205595532,0.4305578086,0.4306323571
18.68,2.698423613,2.774892244,2.775077575,2.698423613,2.774892244,2.775077575,0.002515803523,0.00251580371,0.2198887163,0.2298890635,0.189874237,0.6005334508,0.60052209,0.600591837,0.4205564185,0.4305546826,0.4306288151
18.7,2.69841582,2.774884472,2.77506877,2.69841582,2.774884473,2.77506877,0.002501708971,0.002501709159,0.2198893397,0.2298896852,0.1898749414,0.6005304634,0.6005191652,0.6005885234,0.4205533013,0.4305515741,0.430625293
18.72,2.69840807,2.774876745,2.775060014,2.698408071,2.774876745,2.775060014,0.002487693383,0.00248769357,0.2198899597,0.2298903034,0.1898756419,0.6005274928,0.6005162569,0.6005852284,0.4205502015,0.4305484831,0.4306217906
18.74,2.698400364,2.77486906,2.775051307,2.698400365,2.774869061,2.775051307,0.002473756315,0.0024737565,0.2198905762,0.2298909181,0.1898763384,0.6005245387,0.6005133648,0.6005819517,0.4205471192,0.4305454093,0.4306183078
18.76,2.698392702,2.774861419,2.775042648,2.698392702,2.774861419,2.775042649,0.002459897327,0.00245989751,0.2198911892,0.2298915294,0.1898770311,0.6005216012,0.6005104889,0.6005786934,0.420544054,0.4305423528,0.4306148445
18.78,2.698385082,2.774853821,2.775034039,2.698385082,2.774853821,2.775034039,0.002446115984,0.002446116162,0.2198917988,0.2298921373,0.1898777199,0.6005186802,0.6005076292,0.6005754534,0.4205410061,0.4305393135,0.4306114006
18.8,2.698377505,2.774846265,2.775025477,2.698377505,2.774846265,2.775025477,0.002432411849,0.00243241202,0.219892405,0.2298927418,0.1898784048,0.6005157755,0.6005047854,0.6005722314,0.4205379752,0.4305362911,0.430607976
18.82,2.69836997,2.774838751,2.775016964,2.69836997,2.774838752,2.775016964,0.00241878449,0.002418784653,0.2198930077,0.2298933429,0.1898790859,0.6005128871,0.6005019576,0.6005690275,0.4205349614,0.4305332857,0.4306045706
18.84,2.698362478,2.77483128,2.775008498,2.698362478,2.77483128,2.775008498,0.002405233476,0.002405233631,0.2198936071,0.2298939406,0.1898797632,0.6005100148,0.6004991456,0.6005658415,0.4205319644,0.4305302972,0.4306011842
18.86,2.698355027,2.774823851,2.775000079,2.698355027,2.774823851,2.775000079,0.002391758381,0.002391758525,0.2198942032,0.2298945349,0.1898804366,0.6005071586,0.6004963494,0.6005626734,0.4205289842,0.4305273254,0.4305978168
18.88,2.698347618,2.774816463,2.774991708,2.698347618,2.774816463,2.774991708,0.002378358779,0.002378358911,0.2198947959,0.2298951259,0.1898811063,0.6005043184,0.6004935689,0.6005595229,0.4205260207,0.4305243703,0.4305944683
18.9,2.698340251,2.774809116,2.774983383,2.698340251,2.774809117,2.774983383,0.002365034246,0.002365034365,0.2198953853,0.2298957137,0.1898817723,0.6005014941,0.6004908039,0.6005563901,0.4205230737,0.4305214317,0.4305911385
18.92,2.698332925,2.774801811,2.774975105,2.698332925,2.774801811,2.774975106,0.002351784362,0.002351784467,0.2198959713,0.2298962981,0.1898824345,0.6004986857,0.6004880544,0.6005532748,0.4205201433,0.4305185096,0.4305878274
18.94,2.69832564,2.774794547,2.774966874,2.69832564,2.774794547,2.774966874,0.002338608708,0.0023386088,0.2198965541,0.2298968792,0.189883093,0.6004958929,0.6004853203,0.600550177,0.4205172294,0.4305156039,0.4305845348
18.96,2.698318396,2.774787323,2.774958689,2.698318396,2.774787323,2.774958689,0.002325506869,0.002325506946,0.2198971337,0.2298974571,0.1898837479,0.6004931158,0.6004826015,0.6005470965,0.4205143317,0.4305127145,0.4305812606
18.98,2.698311192,2.77478014,2.774950549,2.698311192,2.77478014,2.774950549,0.002312478431,0.002312478492,0.2198977099,0.2298980317,0.189884399,0.6004903542,0.600479898,0.6005440332,0.4205114503,0.4305098413,0.4305780048
19,2.698304029,2.774772998,2.774942455,2.698304029,2.774772998,2.774942455,0.002299522982,0.002299523028,0.219898283,0.2298986032,0.1898850466,0.6004876081,0.6004772096,0.6005409871,0.420508585,0.4305069842,0.4305747672
19.02,2.698296906,2.774765895,2.774934406,2.698296906,2.774765895,2.774934406,0.002286640112,0.002286640145,0.2198988528,0.2298991714,0.1898856905,0.6004848773,0.6004745362,0.600537958,0.4205057358,0.4305041431,0.4305715477
19.04,2.698289823,2.774758832,2.774926403,2.698289823,2.774758832,2.774926403,0.002273829415,0.002273829435,0.2198994195,0.2298997364,0.1898863307,0.6004821619,0.6004718779,0.6005349459,0.4205029025,0.4305013179,0.4305683463
19.06,2.698282779,2.774751808,2.774918444,2.698282779,2.774751808,2.774918444,0.002261090486,0.002261090495,0.219899983,0.2299002983,0.1898869674,0.6004794616,0.6004692344,0.6005319506,0.4205000851,0.4304985085,0.4305651628
19.08,2.698275775,2.774744824,2.77491053,2.698275775,2.774744824,2.77491053,0.002248422923,0.002248422922,0.2199005433,0.229900857,0.1898876006,0.6004767765,0.6004666057,0.6005289721,0.4204972835,0.4304957149,0.4305619971
19.1,2.698268811,2.77473788,2.77490266,2.698268811,2.77473788,2.77490266,0.002235826324,0.002235826316,0.2199011005,0.2299014126,0.1898882302,0.6004741063,0.6004639918,0.6005260102,0.4204944976,0.430492937,0.4305588491
19.12,2.698261885,2.774730974,2.774894834,2.698261885,2.774730974,2.774894834,0.002223300292,0.002223300281,0.2199016545,0.2299019651,0.1898888562,0.6004714512,0.6004613925,0.6005230649,0.4204917273,0.4304901746,0.4305557188
19.14,2.698254998,2.774724106,2.774887052,2.698254998,2.774724106,2.774887052,0.002210844431,0.002210844421,0.2199022055,0.2299025144,0.1898894788,0.6004688109,0.6004588077,0.6005201361,0.4204889725,0.4304874278,0.430552606
19.16,2.698248149,2.774717278,2.774879314,2.698248149,2.774717278,2.774879314,0.002198458352,0.002198458342,0.2199027534,0.2299030607,0.1898900979,0.6004661854,0.6004562374,0.6005172237,0.4204862331,0.4304846963,0.4305495107
19.18,2.698241339,2.774710487,2.774871619,2.698241339,2.774710487,2.774871619,0.002186141664,0.002186141653,0.2199032982,0.229903604,0.1898907135,0.6004635745,0.6004536816,0.6005143276,0.4204835091,0.4304819801,0.4305464326
19.2,2.698234567,2.774703735,2.774863967,2.698234567,2.774703735,2.774863967,0.002173893978,0.002173893967,0.2199038399,0.2299041442,0.1898913256,0.6004609783,0.60045114,0.6005114477,0.4204808003,0.4304792791,0.4305433718
19.22,2.698227833,2.77469702,2.774856358,2.698227833,2.77469702,2.774856358,0.002161714907,0.002161714896,0.2199043786,0.2299046813,0.1898919344,0.6004583967,0.6004486127,0.6005085839,0.4204781068,0.4304765933,0.4305403282
19.24,2.698221137,2.774690344,2.774848791,2.698221137,2.774690344,2.774848791,0.002149604067,0.002149604056,0.2199049143,0.2299052155,0.1898925397,0.6004558295,0.6004460996,0.6005057362,0.4204754283,0.4304739226,0.4305373016
19.26,2.698214479,2.774683704,2.774841267,2.698214479,2.774683704,2.774841267,0.002137561076,0.002137561065,0.219905447,0.2299057466,0.1898931416,0.6004532766,0.6004436005,0.6005029043,0.4204727648,0.4304712668,0.4305342919
19.28,2.698207857,2.774677102,2.774833785,2.698207857,2.774677102,2.774833785,0.002125585553,0.002125585543,0.2199059768,0.2299062748,0.1898937402,0.6004507381,0.6004411154,0.6005000884,0.4204701162,0.4304686259,0.4305312991
19.3,2.698201273,2.774670537,2.774826345,2.698201273,2.774670537,2.774826345,0.002113677121,0.002113677111,0.2199065035,0.2299068,0.1898943354,0.6004482137,0.6004386442,0.6004972881,0.4204674825,0.4304659998,0.4305283231
19.32,2.698194725,2.774664008,2.774818946,2.698194725,2.774664008,2.774818946,0.002101835404,0.002101835394,0.2199070273,0.2299073223,0.1898949273,0.6004457035,0.6004361869,0.6004945036,0.4204648635,0.4304633884,0.4305253637
19.34,2.698188215,2.774657516,2.774811589,2.698188215,2.774657516,2.774811589,0.002090060028,0.002090060018,0.2199075482,0.2299078417,0.1898955158,0.6004432074,0.6004337434,0.6004917346,0.4204622592,0.4304607917,0.4305224209
19.36,2.69818174,2.774651061,2.774804274,2.69818174,2.774651061,2.774804274,0.002078350622,0.002078350612,0.2199080661,0.2299083581,0.1898961011,0.6004407252,0.6004313135,0.6004889811,0.4204596695,0.4304582095,0.4305194946
19.38,2.698175302,2.774644641,2.774796999,2.698175302,2.774644641,2.774796999,0.002066706815,0.002066706805,0.2199085811,0.2299088716,0.1898966831,0.6004382569,0.6004288972,0.6004862431,0.4204570943,0.4304556418,0.4305165847
19.4,2.6981689,2.774638258,2.774789765,2.6981689,2.774638258,2.774789765,0.002055128241,0.002055128231,0.2199090933,0.2299093823,0.1898972618,0.6004358024,0.6004264945,0.6004835204,0.4204545335,0.4304530884,0.430513691
19.42,2.698162534,2.774631911,2.774782571,2.698162534,2.774631911,2.774782571,0.002043614534,0.002043614524,0.2199096026,0.2299098901,0.1898978373,0.6004333617,0.6004241053,0.6004808129,0.4204519871,0.4304505494,0.4305108136
19.44,2.698156204,2.774625599,2.774775418,2.698156204,2.774625599,2.774775418,0.00203216533,0.00203216532,0.219910109,0.2299103951,0.1898984095,0.6004309347,0.6004217294,0.6004781205,0.4204494549,0.4304480246,0.4305079523
19.46,2.698149909,2.774619322,2.774768305,2.698149909,2.774619322,2.774768305,0.002020780269,0.002020780259,0.2199106126,0.2299108972,0.1898989786,0.6004285212,0.6004193668,0.6004754432,0.420446937,0.430445514,0.430505107
19.48,2.698143649,2.774613081,2.774761231,2.698143649,2.774613081,2.774761231,0.00200945899,0.00200945898,0.2199111134,0.2299113965,0.1898995445,0.6004261212,0.6004170175,0.6004727809,0.4204444331,0.4304430175,0.4305022776
19.5,2.698137425,2.774606874,2.774754197,2.698137425,2.774606874,2.774754197,0.001998201137,0.001998201127,0.2199116113,0.229911893,0.1899001072,0.6004237347,0.6004146813,0.6004701335,0.4204419433,0.4304405349,0.4304994641
19.52,2.698131235,2.774600703,2.774747203,2.698131235,2.774600703,2.774747203,0.001987006354,0.001987006344,0.2199121065,0.2299123867,0.1899006667,0.6004213616,0.6004123582,0.6004675009,0.4204394674,0.4304380663,0.4304966664
19.54,2.69812508,2.774594566,2.774740248,2.69812508,2.774594566,2.774740248,0.001975874288,0.001975874279,0.2199125989,0.2299128777,0.1899012231,0.6004190017,0.6004100482,0.6004648831,0.4204370053,0.4304356115,0.4304938843
19.56,2.698118959,2.774588463,2.774733332,2.698118959,2.774588463,2.774733332,0.001964804588,0.001964804578,0.2199130886,0.2299133659,0.1899017764,0.600416655,0.600407751,0.6004622799,0.4204345571,0.4304331704,0.4304911178
19.58,2.698112873,2.774582395,2.774726454,2.698112873,2.774582395,2.774726454,0.001953796904,0.001953796894,0.2199135755,0.2299138514,0.1899023266,0.6004143215,0.6004054668,0.6004596913,0.4204321226,0.430430743,0.4304883668
19.6,2.698106821,2.77457636,2.774719615,2.698106821,2.77457636,2.774719615,0.001942850888,0.001942850879,0.2199140597,0.2299143341,0.1899028738,0.6004120011,0.6004031953,0.6004571171,0.4204297017,0.4304283293,0.4304856311
19.62,2.698100803,2.77457036,2.774712814,2.698100803,2.77457036,2.774712814,0.001931966196,0.001931966187,0.2199145411,0.2299148142,0.1899034178,0.6004096936,0.6004009366,0.6004545574,0.4204272944,0.430425929,0.4304829109
19.64,2.698094818,2.774564393,2.774706052,2.698094818,2.774564393,2.774706052,0.001921142484,0.001921142474,0.2199150199,0.2299152915,0.1899039588,0.6004073991,0.6003986905,0.600452012,0.4204249006,0.4304235423,0.4304802058
19.66,2.698088867,2.774558459,2.774699327,2.698088867,2.774558459,2.774699327,0.00191037941,0.0019103794,0.219915496,0.2299157662,0.1899044968,0.6004051174,0.600396457,0.6004494808,0.4204225201,0.4304211689,0.4304775159
19.68,2.698082949,2.774552559,2.77469264,2.698082949,2.774552559,2.77469264,0.001899676634,0.001899676624,0.2199159694,0.2299162382,0.1899050318,0.6004028484,0.600394236,0.6004469639,0.4204201531,0.4304188088,0.4304748411
19.7,2.698077065,2.774546692,2.77468599,2.698077065,2.774546692,2.77468599,0.001889033818,0.001889033809,0.2199164402,0.2299167076,0.1899055638,0.6004005922,0.6003920274,0.600444461,0.4204177992,0.4304164619,0.4304721812
19.72,2.698071213,2.774540858,2.774679378,2.698071213,2.774540858,2.774679378,0.001878450628,0.001878450619,0.2199169083,0.2299171744,0.1899060927,0.6003983486,0.6003898312,0.6004419721,0.4204154586,0.4304141282,0.4304695363
19.74,2.698065394,2.774535056,2.774672802,2.698065394,2.774535056,2.774672802,0.001867926728,0.001867926719,0.2199173738,0.2299176385,0.1899066188,0.6003961176,0.6003876473,0.6004394971,0.4204131311,0.4304118075,0.4304669061
19.76,2.698059608,2.774529287,2.774666264,2.698059608,2.774529287,2.774666264,0.001857461787,0.001857461778,0.2199178367,0.2299181,0.1899071419,0.6003938991,0.6003854757,0.600437036,0.4204108166,0.4304094999,0.4304642907
19.78,2.698053854,2.77452355,2.774659762,2.698053854,2.77452355,2.774659762,0.001847055474,0.001847055465,0.219918297,0.229918559,0.189907662,0.600391693,0.6003833162,0.6004345886,0.4204085151,0.4304072052,0.4304616899
19.8,2.698048133,2.774517845,2.774653296,2.698048133,2.774517845,2.774653296,0.00183670746,0.001836707451,0.2199187547,0.2299190153,0.1899081793,0.6003894992,0.6003811688,0.600432155,0.4204062265,0.4304049234,0.4304591037
19.82,2.698042443,2.774512173,2.774646867,2.698042443,2.774512173,2.774646867,0.00182641742,0.001826417411,0.2199192099,0.2299194691,0.1899086936,0.6003873177,0.6003790335,0.600429735,0.4204039507,0.4304026543,0.430456532
19.84,2.698036786,2.774506532,2.774640474,2.698036786,2.774506532,2.774640474,0.001816185029,0.00181618502,0.2199196625,0.2299199204,0.1899092051,0.6003851485,0.6003769101,0.6004273285,0.4204016876,0.430400398,0.4304539747
19.86,2.69803116,2.774500923,2.774634116,2.69803116,2.774500923,2.774634116,0.001806009962,0.001806009954,0.2199201126,0.2299203691,0.1899097137,0.6003829914,0.6003747986,0.6004249355,0.4203994372,0.4303981543,0.4304514317
19.88,2.698025565,2.774495345,2.774627794,2.698025565,2.774495345,2.774627794,0.0017958919,0.001795891892,0.2199205601,0.2299208154,0.1899102194,0.6003808463,0.6003726989,0.6004225559,0.4203971995,0.4303959232,0.4304489029
19.9,2.698020002,2.774489799,2.774621508,2.698020002,2.774489799,2.774621508,0.001785830523,0.001785830515,0.2199210052,0.2299212591,0.1899107223,0.6003787133,0.600370611,0.6004201896,0.4203949742,0.4303937046,0.4304463884
19.92,2.69801447,2.774484283,2.774615257,2.69801447,2.774484283,2.774615257,0.001775825514,0.001775825505,0.2199214477,0.2299217003,0.1899112224,0.6003765922,0.6003685348,0.6004178366,0.4203927615,0.4303914984,0.4304438879
19.94,2.698008969,2.774478799,2.77460904,2.698008969,2.774478799,2.77460904,0.001765876556,0.001765876547,0.2199218878,0.2299221391,0.1899117197,0.600374483,0.6003664702,0.6004154967,0.4203905611,0.4303893046,0.4304414014
19.96,2.698003499,2.774473345,2.774602859,2.698003499,2.774473345,2.774602859,0.001755983336,0.001755983327,0.2199223254,0.2299225754,0.1899122142,0.6003723856,0.6003644172,0.6004131699,0.420388373,0.4303871231,0.4304389288
19.98,2.69799806,2.774467922,2.774596712,2.69799806,2.774467922,2.774596712,0.001746145541,0.001746145532,0.2199227605,0.2299230092,0.189912706,0.6003702999,0.6003623757,0.6004108561,0.4203861973,0.4303849538,0.4304364701
20,2.697992651,2.774462529,2.7745906,2.697992651,2.774462529,2.7745906,0.00173636286,0.001736362852,0.2199231933,0.2299234407,0.189913195,0.600368226,0.6003603456,0.6004085553,0.4203840337,0.4303827967,0.4304340251
