t,n1,n2,n3,oracle_n1,oracle_n2,oracle_n3,error_norm,oracle_error_norm,r1,r2,r3,u1,u2,u3,z1,z2,z3
0,2.966735823,2.496154983,3.050856091,2.966735823,2.496154983,3.050856091,0.4760110355,0.4760110355,0.1984237395,0.2521880443,0.1678119557,0.6964152342,0.4868282752,0.697410571,0.5278813027,0.3190597785,0.5409402215
0.02,2.964261917,2.499824205,3.048001003,2.964261917,2.499824205,3.048001003,0.4708086217,0.4708086217,0.1986216519,0.2518945066,0.1680403627,0.6955888351,0.4884522478,0.6964727651,0.5268917403,0.3205274672,0.5397981864
0.04,2.961811942,2.503448565,3.045177979,2.961811942,2.503448565,3.045177979,0.4656659763,0.4656659763,0.19881765,0.2516045577,0.1682662046,0.6947694726,0.490052653,0.6955442896,0.5259117502,0.3219772113,0.5386689769
0.06,2.959385659,2.507028594,3.042386642,2.959385659,2.507028594,3.042386642,0.4605824087,0.4605824087,0.1990117526,0.2513181554,0.1684895116,0.6939570923,0.4916298774,0.6946250573,0.5249412371,0.3234092228,0.5375524421
0.08,2.956982833,2.510564815,3.03962662,2.956982833,2.510564815,3.03962662,0.4555572361,0.4555572361,0.1992039787,0.2510352578,0.1687103134,0.6931516401,0.4931842996,0.6937149819,0.5239801067,0.3248237111,0.5364484332
0.1,2.954603231,2.514057746,3.036897545,2.954603231,2.514057746,3.036897545,0.4505897836,0.4505897836,0.1993943469,0.2507558233,0.1689286394,0.6923530624,0.4947162909,0.6928139778,0.5230282657,0.3262208835,0.535356803
0.12,2.952246621,2.517507899,3.034199053,2.952246621,2.517507899,3.034199053,0.4456793843,0.4456793843,0.1995828756,0.2504798111,0.1691445187,0.6915613058,0.496226215,0.6919219597,0.5220856218,0.3276009446,0.5342774063
0.14,2.949912775,2.520915779,3.031530785,2.949912775,2.520915779,3.031530785,0.4408253788,0.4408253788,0.1997695833,0.2502071807,0.1693579802,0.690776317,0.4977144284,0.6910388433,0.5211520835,0.3289640967,0.5332100992
0.16,2.947601467,2.524281887,3.028892387,2.947601467,2.524281887,3.028892387,0.4360271152,0.4360271152,0.1999544879,0.249937892,0.169569052,0.6899980433,0.4991812806,0.6901645447,0.5202275603,0.3303105398,0.53215474
0.18,2.945312473,2.527606716,3.026283508,2.945312473,2.527606716,3.026283508,0.4312839494,0.4312839494,0.2001376075,0.2496719057,0.1697777623,0.6892264322,0.5006271143,0.6892989806,0.5193119626,0.3316404715,0.5311111885
0.2,2.943045571,2.530890755,3.023703802,2.943045571,2.530890755,3.023703802,0.4265952444,0.4265952444,0.2003189597,0.2494091826,0.1699841388,0.6884614314,0.5020522656,0.6884420685,0.5184052016,0.3329540872,0.5300793061
0.22,2.94080054,2.534134487,3.021152927,2.94080054,2.534134487,3.021152927,0.4219603708,0.4219603708,0.2004985621,0.249149684,0.1701882088,0.6877029891,0.5034570638,0.6875937264,0.5175071896,0.3342515799,0.5290589559
0.24,2.938577165,2.537338388,3.018630544,2.938577165,2.537338388,3.018630544,0.4173787064,0.4173787064,0.2006764321,0.2488933719,0.1703899994,0.6869510537,0.504841832,0.6867538728,0.5166178395,0.3355331404,0.5280500028
0.26,2.93637523,2.540502931,3.01613632,2.93637523,2.540502931,3.01613632,0.4128496359,0.4128496359,0.2008525869,0.2486402085,0.1705895374,0.6862055738,0.5062068872,0.6859224272,0.5157370653,0.3367989574,0.5270523131
0.28,2.934194521,2.54362858,3.013669924,2.934194521,2.54362858,3.013669924,0.4083725516,0.4083725516,0.2010270436,0.2483901566,0.170786849,0.6854664985,0.5075525402,0.6850993092,0.5148647818,0.3380492172,0.5260657549
0.3,2.932034828,2.546715798,3.011231031,2.932034828,2.546715798,3.011231031,0.4039468523,0.4039468523,0.2011998191,0.2481431792,0.1709819605,0.684733777,0.508879096,0.6842844394,0.5140009047,0.3392841042,0.5250901977
0.32,2.929895943,2.549765038,3.008819319,2.929895943,2.549765038,3.008819319,0.399571944,0.399571944,0.2013709299,0.2478992399,0.1711748975,0.684007359,0.5101868536,0.683477739,0.5131453504,0.3405038004,0.5241255126
0.34,2.927777657,2.552776752,3.006434468,2.927777657,2.552776752,3.006434468,0.3952472396,0.3952472396,0.2015403928,0.2476583028,0.1713656855,0.6832871944,0.5114761067,0.6826791296,0.5122980362,0.3417084858,0.5231715723
0.36,2.925679768,2.555751383,3.004076165,2.925679768,2.555751383,3.004076165,0.3909721584,0.3909721584,0.2017082239,0.2474203324,0.1715543498,0.6825732334,0.5127471431,0.6818885335,0.5114588804,0.3428983382,0.5222282511
0.38,2.923602072,2.558689371,3.001744099,2.923602072,2.558689371,3.001744099,0.3867461269,0.3867461269,0.2018744396,0.2471852933,0.1717409151,0.6818654266,0.5140002457,0.6811058737,0.510627802,0.3440735336,0.5212954246
0.4,2.921544368,2.561591151,2.999437962,2.921544368,2.561591151,2.999437962,0.3825685778,0.3825685778,0.2020390559,0.2469531509,0.171925406,0.6811637246,0.5152356918,0.6803310737,0.5098047206,0.3452342456,0.5203729701
0.42,2.919506459,2.564457152,2.997157452,2.919506459,2.564457152,2.997157452,0.3784389504,0.3784389505,0.2022020886,0.2467238708,0.1721078468,0.6804680788,0.5164537536,0.6795640576,0.508989557,0.3463806461,0.5194607661
0.44,2.917488148,2.567287799,2.99490227,2.917488148,2.567287799,2.99490227,0.3743566908,0.3743566908,0.2023635535,0.2464974191,0.1722882614,0.6797784404,0.5176546985,0.6788047502,0.5081822324,0.3475129047,0.518558693
0.46,2.91548924,2.57008351,2.992672117,2.91548924,2.57008351,2.992672117,0.3703212509,0.3703212509,0.2025234662,0.2462737621,0.1724666736,0.6790947613,0.5188387888,0.6780530769,0.5073826692,0.3486311893,0.5176666321
0.48,2.913509542,2.572844701,2.990466703,2.913509542,2.572844701,2.990466703,0.3663320895,0.3663320895,0.2026818419,0.2460528669,0.1726431067,0.6784169935,0.5200062821,0.6773089636,0.5065907903,0.3497356656,0.5167844665
0.5,2.911548865,2.575571781,2.988285738,2.911548865,2.575571781,2.988285738,0.3623886712,0.3623886712,0.2028386961,0.2458347005,0.1728175839,0.6777450892,0.5211574313,0.6765723368,0.5058065194,0.3508264976,0.5159120805
0.52,2.909607019,2.578265155,2.986128937,2.909607019,2.578265155,2.986128937,0.358490467,0.358490467,0.2029940438,0.2456192306,0.172990128,0.6770790011,0.5222924848,0.6758431237,0.5050297811,0.3519038472,0.51504936
0.54,2.907683818,2.580925223,2.983996017,2.907683818,2.580925223,2.983996017,0.3546369538,0.3546369538,0.2031478999,0.2454064251,0.1731607616,0.6764186822,0.5234116865,0.675121252,0.5042605005,0.3529678745,0.5141961919
0.56,2.905779076,2.583552382,2.981886699,2.905779076,2.583552382,2.981886699,0.3508276148,0.3508276148,0.2033002792,0.2451962524,0.173329507,0.6757640857,0.5245152759,0.67440665,0.5034986038,0.3540187378,0.5133524649
0.58,2.903892611,2.586147021,2.979800709,2.903892611,2.586147021,2.979800709,0.3470619389,0.3470619389,0.2034511965,0.2449886813,0.1734963863,0.6751151651,0.5256034882,0.6736992467,0.5027440177,0.3550565934,0.5125180686
0.6,2.902024241,2.588709527,2.977737773,2.902024241,2.588709527,2.977737773,0.3433394211,0.3433394211,0.203600666,0.2447836808,0.1736614211,0.6744718743,0.5266765546,0.6729989715,0.5019966698,0.356081596,0.5116928943
0.62,2.900173787,2.591240283,2.975697623,2.900173787,2.591240283,2.975697623,0.3396595619,0.3396595619,0.2037487024,0.2445812204,0.1738246331,0.6738341673,0.5277347019,0.6723057546,0.5012564881,0.3570938982,0.5108768344
0.64,2.898341071,2.593739665,2.973679993,2.898341071,2.593739665,2.973679993,0.3360218679,0.3360218679,0.2038953197,0.2443812698,0.1739860435,0.6732019987,0.5287781533,0.6716195265,0.5005234017,0.358093651,0.5100697825
0.66,2.896525917,2.596208047,2.971684621,2.896525917,2.596208047,2.971684621,0.3324258512,0.3324258512,0.2040405319,0.2441837992,0.1741456733,0.6725753231,0.5298071278,0.6709402186,0.4997973403,0.3590810038,0.5092716337
0.68,2.894728152,2.598645797,2.969711247,2.894728152,2.598645797,2.969711247,0.3288710295,0.3288710295,0.2041843532,0.2439887792,0.1743035432,0.6719540956,0.5308218407,0.6702677626,0.4990782342,0.3600561039,0.5084822841
0.7,2.892947603,2.60105328,2.967759616,2.892947603,2.60105328,2.967759615,0.3253569261,0.3253569261,0.2043267971,0.2437961806,0.1744596737,0.6713382714,0.5318225035,0.669602091,0.4983660144,0.3610190971,0.5077016314
0.72,2.891184099,2.603430856,2.965829472,2.891184099,2.603430856,2.965829472,0.3218830699,0.3218830699,0.2044678774,0.2436059745,0.1746140852,0.6707278063,0.5328093241,0.6689431367,0.4976606128,0.3619701274,0.5069295741
0.74,2.889437471,2.605778881,2.963920568,2.889437471,2.605778881,2.963920567,0.318448995,0.3184489949,0.2046076076,0.2434181325,0.1747667976,0.6701226561,0.5337825067,0.6682908333,0.4969619618,0.3629093374,0.5061660122
0.76,2.887707553,2.608097706,2.962032654,2.887707553,2.608097706,2.962032654,0.315054241,0.3150542409,0.2047460011,0.2432326265,0.1749178306,0.669522777,0.5347422523,0.6676451149,0.4962699945,0.3638368676,0.5054108468
0.78,2.885994179,2.61038768,2.960165487,2.885994178,2.61038768,2.960165487,0.3116983527,0.3116983526,0.204883071,0.2430494286,0.175067204,0.6689281255,0.535688758,0.667005916,0.4955846448,0.3647528572,0.5046639802
0.8,2.884297184,2.612649146,2.958318827,2.884297184,2.612649146,2.958318826,0.3083808804,0.3083808802,0.2050188306,0.2428685113,0.1752149368,0.6683386585,0.5366222179,0.6663731721,0.494905847,0.3656574437,0.5039253158
0.82,2.882616407,2.614882444,2.956492433,2.882616407,2.614882444,2.956492433,0.3051013792,0.305101379,0.2051532927,0.2426898474,0.1753610483,0.667754333,0.5375428228,0.6657468188,0.4942335363,0.3665507628,0.5031947583
0.84,2.880951688,2.617087909,2.954686071,2.880951688,2.617087909,2.95468607,0.3018594095,0.3018594093,0.2052864703,0.2425134102,0.1755055573,0.6671751063,0.53845076,0.6651267925,0.4935676485,0.3674329489,0.5024722134
0.86,2.879302866,2.619265874,2.952899507,2.879302866,2.619265874,2.952899507,0.2986545369,0.2986545367,0.205418376,0.2423391731,0.1756484824,0.6666009362,0.539346214,0.6645130301,0.4929081199,0.3683041346,0.501757588
0.88,2.877669786,2.621416665,2.951132512,2.877669786,2.621416665,2.951132512,0.2954863318,0.2954863316,0.2055490225,0.2421671098,0.175789842,0.6660317807,0.5402293659,0.6639054691,0.4922548877,0.3691644512,0.50105079
0.9,2.876052291,2.623540608,2.949384859,2.876052291,2.623540608,2.949384859,0.2923543696,0.2923543694,0.2056784221,0.2419971944,0.1759296543,0.6654675979,0.541100394,0.6633040474,0.4916078896,0.3700140282,0.5003517286
0.92,2.874450226,2.625638022,2.947656322,2.874450226,2.625638022,2.947656322,0.2892582306,0.2892582304,0.2058065872,0.2418294012,0.1760679372,0.6649083464,0.5419594734,0.6627087035,0.4909670638,0.3708529938,0.4996603139
0.94,2.87286344,2.627709223,2.94594668,2.87286344,2.627709223,2.94594668,0.2861974999,0.2861974998,0.2059335301,0.2416637051,0.1762047086,0.664353985,0.5428067766,0.6621193767,0.4903323493,0.3716814745,0.4989764572
0.96,2.871291781,2.629754526,2.944255714,2.871291781,2.629754526,2.944255714,0.2831717674,0.2831717674,0.2060592629,0.2415000809,0.1763399858,0.6638044729,0.543642473,0.6615360064,0.4897036856,0.3724995955,0.4983000708
0.98,2.869735099,2.631774238,2.942583207,2.869735099,2.631774238,2.942583207,0.2801806278,0.2801806278,0.2061837974,0.2413385039,0.1764737864,0.6632597694,0.5444667293,0.6609585329,0.489081013,0.3733074806,0.497631068
1,2.868193247,2.633768667,2.940928945,2.868193247,2.633768666,2.940928945,0.2772236804,0.2772236805,0.2063071456,0.2411789496,0.1766061274,0.6627198342,0.5452797095,0.6603868968,0.4884642721,0.3741052518,0.4969693632
1.02,2.866666077,2.635738112,2.939292717,2.866666077,2.635738112,2.939292717,0.274300529,0.2743005291,0.2064293192,0.241021394,0.1767370256,0.6621846273,0.5460815748,0.6598210393,0.4878534042,0.37489303,0.4963148718
1.04,2.865153445,2.637682874,2.937674313,2.865153445,2.637682873,2.937674313,0.271410782,0.2714107823,0.2065503297,0.2408658131,0.176866498,0.661654109,0.546872484,0.6592609023,0.4872483515,0.3756709346,0.4956675102
1.06,2.863655207,2.639603246,2.936073527,2.863655207,2.639603246,2.936073527,0.2685540526,0.2685540529,0.2066701887,0.2407121833,0.1769945608,0.6611282397,0.5476525931,0.658706428,0.4866490563,0.3764390836,0.4950271959
1.08,2.862171221,2.641499521,2.934490155,2.862171221,2.641499521,2.934490155,0.2657299581,0.2657299584,0.2067889077,0.2405604813,0.1771212306,0.6606069804,0.5484220557,0.6581575591,0.4860554617,0.3771975936,0.4943938471
1.1,2.860701346,2.643371987,2.932923996,2.860701346,2.643371986,2.932923996,0.2629381202,0.2629381205,0.2069064977,0.240410684,0.1772465233,0.660090292,0.5491810228,0.657614239,0.4854675116,0.3779465798,0.4937673834
1.12,2.859245442,2.645220928,2.93137485,2.859245442,2.645220927,2.93137485,0.2601781652,0.2601781655,0.20702297,0.2402627687,0.177370455,0.659578136,0.5499296431,0.6570764116,0.48488515,0.3786861563,0.493147725
1.14,2.857803371,2.647046626,2.92984252,2.857803371,2.647046625,2.92984252,0.2574497235,0.2574497238,0.2071383356,0.2401167129,0.1774930414,0.659070474,0.550668063,0.656544021,0.4843083218,0.3794164354,0.4925347932
1.16,2.856374997,2.648849358,2.928326813,2.856374997,2.648849358,2.928326813,0.2547524299,0.2547524301,0.2072526055,0.2399724943,0.177614298,0.6585672679,0.5513964262,0.6560170123,0.4837369723,0.3801375285,0.4919285102
1.18,2.854960185,2.650629401,2.926827535,2.854960185,2.650629401,2.926827535,0.2520859232,0.2520859233,0.2073657905,0.2398300909,0.1777342402,0.65806848,0.5521148746,0.6554953307,0.4831710475,0.3808495456,0.4913287992
1.2,2.853558801,2.652387025,2.925344498,2.853558801,2.652387025,2.925344498,0.2494498465,0.2494498466,0.2074779012,0.2396894809,0.1778528832,0.6575740728,0.5528235476,0.6549789221,0.4826104938,0.3815525953,0.4907355842
1.22,2.852170712,2.6541225,2.923877513,2.852170712,2.6541225,2.923877513,0.246843847,0.246843847,0.2075889484,0.239550643,0.177970242,0.6570840088,0.5535225823,0.6544677329,0.4820552582,0.382246785,0.4901487902
1.24,2.850795787,2.655836089,2.922426394,2.850795787,2.655836089,2.922426394,0.2442675758,0.2442675758,0.2076989424,0.2394135558,0.1780863314,0.6565982513,0.5542121138,0.6539617098,0.4815052881,0.3829322209,0.4895683429
1.26,2.849433896,2.657528057,2.92099096,2.849433896,2.657528057,2.92099096,0.2417206883,0.2417206883,0.2078078937,0.2392781984,0.1782011661,0.6561167636,0.554892275,0.6534608002,0.4809605317,0.3836090079,0.4889941693
1.28,2.84808491,2.659198661,2.919571029,2.84808491,2.659198661,2.919571029,0.2392028436,0.2392028436,0.2079158125,0.2391445501,0.1783147606,0.655639509,0.5555631968,0.652964952,0.4804209375,0.3842772496,0.4884261968
1.3,2.846748703,2.660848158,2.918166422,2.846748703,2.660848158,2.918166422,0.2367137049,0.2367137049,0.2080227091,0.2390125903,0.1784271292,0.6551664516,0.556225008,0.6524741135,0.4798864545,0.3849370485,0.487864354
1.32,2.845425148,2.662476802,2.916776962,2.845425148,2.662476802,2.916776962,0.2342529393,0.2342529392,0.2081285935,0.2388822988,0.178538286,0.6546975555,0.5568778354,0.6519882334,0.4793570325,0.3855885058,0.4873085701
1.34,2.84411412,2.664084841,2.915402476,2.84411412,2.664084841,2.915402476,0.2318202174,0.2318202174,0.2082334757,0.2387536557,0.1786482449,0.6542327849,0.5575218039,0.6515072611,0.4788326214,0.3862317217,0.4867587754
1.36,2.842815496,2.665672525,2.914042789,2.842815496,2.665672525,2.914042789,0.229415214,0.229415214,0.2083373656,0.238626641,0.1787570198,0.6537721046,0.5581570363,0.6510311463,0.4783131719,0.386866795,0.4862149008
1.38,2.841529154,2.667240096,2.912697733,2.841529154,2.667240096,2.912697733,0.2270376074,0.2270376074,0.208440273,0.2385012353,0.1788646244,0.6533154794,0.5587836537,0.6505598392,0.4777986351,0.3874938235,0.4856768782
1.4,2.840254973,2.668787797,2.911367138,2.840254973,2.668787797,2.911367138,0.2246870797,0.2246870797,0.2085422075,0.2383774192,0.178971072,0.6528628745,0.5594017752,0.6500932905,0.4772889625,0.3881129038,0.4851446402
1.42,2.838992832,2.670315865,2.910050838,2.838992832,2.670315865,2.910050838,0.2223633165,0.2223633165,0.2086431787,0.2382551737,0.179076376,0.6524142554,0.5600115182,0.6496314514,0.4767841063,0.3887241313,0.4846181202
1.44,2.837742614,2.671824538,2.908748668,2.837742614,2.671824538,2.908748668,0.2200660073,0.2200660073,0.2087431962,0.2381344799,0.1791805495,0.6519695877,0.5606129982,0.6491742735,0.476284019,0.3893276004,0.4840972524
1.46,2.836504201,2.673314048,2.907460467,2.836504201,2.673314048,2.907460467,0.2177948449,0.2177948449,0.2088422693,0.2380153191,0.1792836056,0.6515288374,0.561206329,0.6487217089,0.4757886537,0.3899234043,0.4835819719
1.48,2.835277476,2.674784625,2.906186073,2.835277476,2.674784625,2.906186073,0.2155495258,0.2155495257,0.2089404073,0.237897673,0.1793855571,0.6510919707,0.5617916226,0.6482737102,0.4752979637,0.3905116352,0.4830722144
1.5,2.834062325,2.676236497,2.904925328,2.834062325,2.676236498,2.904925328,0.2133297498,0.2133297497,0.2090376194,0.2377815232,0.1794864167,0.6506589541,0.5623689894,0.6478302303,0.4748119032,0.3910923842,0.4825679165
1.52,2.832858633,2.67766989,2.903678076,2.832858633,2.67766989,2.903678075,0.2111352204,0.2111352203,0.2091339147,0.2376668518,0.1795861969,0.6502297543,0.562938538,0.6473912227,0.4743304265,0.3916657412,0.4820690154
1.54,2.831666288,2.679085025,2.90244416,2.831666288,2.679085025,2.90244416,0.2089656443,0.2089656442,0.2092293023,0.237553641,0.1796849102,0.6498043382,0.5635003756,0.6469566412,0.4738534886,0.3922317952,0.4815754492
1.56,2.830485178,2.680482122,2.901223429,2.830485178,2.680482123,2.901223429,0.2068207317,0.2068207316,0.2093237911,0.2374418732,0.1797825687,0.6493826732,0.5640546076,0.6465264403,0.4733810447,0.3927906341,0.4810871566
1.58,2.829315193,2.681861399,2.90001573,2.829315193,2.681861399,2.90001573,0.2047001961,0.204700196,0.2094173899,0.237331531,0.1798791846,0.6489647267,0.5646013378,0.6461005747,0.4729130507,0.3933423448,0.4806040772
1.6,2.828156223,2.68322307,2.898820915,2.828156223,2.68322307,2.898820915,0.2026037543,0.2026037541,0.2095101075,0.2372225974,0.1799747697,0.6485504664,0.5651406686,0.6456789995,0.4724494627,0.3938870132,0.4801261513
1.62,2.827008161,2.684567347,2.897638836,2.827008161,2.684567347,2.897638836,0.2005311262,0.2005311261,0.2096019525,0.2371150552,0.1800693361,0.6481398604,0.5656727007,0.6452616706,0.4719902376,0.394424724,0.4796533196
1.64,2.825870897,2.68589444,2.896469347,2.825870897,2.68589444,2.896469347,0.1984820352,0.1984820351,0.2096929335,0.2370088878,0.1801628952,0.6477328768,0.5661975334,0.6448485438,0.4715353323,0.3949555611,0.4791855239
1.66,2.824744328,2.687204556,2.895312303,2.824744328,2.687204556,2.895312303,0.1964562078,0.1964562077,0.2097830591,0.2369040785,0.1802554587,0.6473294842,0.5667152645,0.6444395758,0.4710847045,0.3954796075,0.4787227064
1.68,2.823628347,2.688497899,2.894167563,2.823628347,2.6884979,2.894167563,0.1944533734,0.1944533733,0.2098723376,0.236800611,0.180347038,0.6469296513,0.5672259904,0.6440347235,0.4706383121,0.3959969449,0.4782648102
1.7,2.82252285,2.689774673,2.893034985,2.82252285,2.689774673,2.893034985,0.1924732648,0.1924732648,0.2099607773,0.2366984691,0.1804376442,0.646533347,0.5677298061,0.6436339442,0.4701961134,0.3965076544,0.477811779
1.72,2.821427735,2.691035077,2.89191443,2.821427735,2.691035077,2.89191443,0.1905156178,0.1905156178,0.2100483865,0.2365976368,0.1805272886,0.6461405406,0.568226805,0.6432371957,0.4697580673,0.3970118159,0.4773635571
1.74,2.820342899,2.692279308,2.890805761,2.820342899,2.692279308,2.890805761,0.1885801711,0.1885801712,0.2101351734,0.2364980983,0.1806159821,0.6457512016,0.5687170794,0.6428444362,0.469324133,0.3975095084,0.4769200896
1.76,2.819268242,2.693507562,2.889708842,2.819268242,2.693507562,2.889708842,0.1866666667,0.1866666668,0.210221146,0.236399838,0.1807037356,0.6453652995,0.5692007201,0.6424556242,0.4688942702,0.3980008101,0.476481322
1.78,2.818203664,2.694720032,2.888623539,2.818203664,2.694720032,2.888623539,0.1847748492,0.1847748494,0.2103063122,0.2363028404,0.1807905598,0.6449828045,0.5696778166,0.6420707188,0.4684684388,0.3984857982,0.4760472008
1.8,2.817149065,2.695916909,2.887549719,2.817149065,2.695916909,2.887549719,0.1829044665,0.1829044667,0.2103906801,0.2362070902,0.1808764654,0.6446036867,0.570148457,0.6416896794,0.4680465994,0.3989645488,0.4756176729
1.82,2.816104348,2.697098381,2.886487251,2.816104348,2.697098381,2.886487252,0.1810552691,0.1810552693,0.2104742575,0.2361125725,0.1809614629,0.6442279164,0.5706127283,0.6413124658,0.4676287127,0.3994371376,0.4751926857
1.84,2.815069416,2.698264634,2.885436006,2.815069416,2.698264634,2.885436006,0.1792270105,0.1792270107,0.210557052,0.2360192722,0.1810455625,0.6438554644,0.5710707161,0.6409390382,0.4672147399,0.3999036388,0.4747721876
1.86,2.814044173,2.699415853,2.884395856,2.814044173,2.699415853,2.884395856,0.1774194471,0.1774194473,0.2106390715,0.2359271747,0.1811287745,0.6434863014,0.5715225049,0.6405693571,0.4668046427,0.4003641263,0.4743561274
1.88,2.813028524,2.700552219,2.883366673,2.813028524,2.700552218,2.883366673,0.1756323379,0.1756323381,0.2107203234,0.2358362655,0.1812111091,0.6431203988,0.5719681778,0.6402033837,0.4663983831,0.4008186726,0.4739444544
1.9,2.812022375,2.701673912,2.882348334,2.812022375,2.701673912,2.882348334,0.1738654449,0.173865445,0.2108008153,0.23574653,0.1812925763,0.6427577277,0.5724078168,0.6398410792,0.4659959235,0.4012673498,0.4735371187
1.92,2.811025633,2.702781109,2.881340714,2.811025633,2.702781109,2.881340714,0.1721185326,0.1721185327,0.2108805547,0.2356579542,0.1813731858,0.6423982598,0.5728415027,0.6394824055,0.4655972265,0.401710229,0.4731340709
1.94,2.810038205,2.703873988,2.880343693,2.810038205,2.703873988,2.880343693,0.1703913685,0.1703913685,0.2109595489,0.235570524,0.1814529476,0.6420419669,0.5732693152,0.6391273246,0.4652022554,0.4021473802,0.4727352622
1.96,2.809060001,2.70495272,2.879357148,2.809060001,2.70495272,2.879357148,0.1686837225,0.1686837225,0.2110378053,0.2354842254,0.1815318711,0.641688821,0.5736913328,0.6387757991,0.4648109736,0.402578873,0.4723406443
1.98,2.808090929,2.706017477,2.878380961,2.808090929,2.706017477,2.878380961,0.1669953673,0.1669953673,0.211115331,0.2353990448,0.1816099661,0.6413387944,0.5741076329,0.6384277919,0.4644233451,0.403004776,0.4719501696
2,2.807130901,2.707068429,2.877415014,2.807130901,2.707068429,2.877415014,0.1653260781,0.1653260781,0.2111921332,0.2353149686,0.1816872418,0.6409918595,0.5745182918,0.6380832663,0.464039334,0.4034251569,0.4715637909
2.02,2.806179829,2.708105744,2.876459192,2.806179829,2.708105744,2.876459192,0.1636756329,0.1636756329,0.211268219,0.2352319835,0.1817637076,0.6406479892,0.5749233847,0.6377421859,0.4636589049,0.4038400826,0.4711814618
2.04,2.805237623,2.709129586,2.875513378,2.805237623,2.709129586,2.875513378,0.1620438121,0.1620438121,0.2113435955,0.2351500761,0.1818393727,0.6403071562,0.5753229857,0.6374045147,0.4632820227,0.4042496195,0.4708031363
2.06,2.804304199,2.710140119,2.874577459,2.804304199,2.710140119,2.874577459,0.1604303985,0.1604303985,0.2114182694,0.2350692334,0.1819142462,0.6399693339,0.5757171678,0.6370702171,0.4629086529,0.4046538328,0.4704287689
2.08,2.803379469,2.711137505,2.873651324,2.803379469,2.711137505,2.873651324,0.1588351777,0.1588351777,0.2114922478,0.2349894426,0.181988337,0.6396344955,0.5761060032,0.6367392579,0.4625387609,0.4050527872,0.4700583148
2.1,2.802463349,2.712121904,2.872734861,2.802463349,2.712121904,2.872734861,0.1572579375,0.1572579375,0.2115655374,0.2349106907,0.1820616541,0.6393026146,0.5764895629,0.6364116021,0.4621723128,0.4054465467,0.4696917294
2.12,2.801555754,2.713093473,2.87182796,2.801555754,2.713093473,2.87182796,0.1556984683,0.1556984683,0.211638145,0.2348329651,0.1821342062,0.6389736651,0.5768679169,0.6360872151,0.461809275,0.4058351743,0.4693289691
2.14,2.800656602,2.714052368,2.870930513,2.800656602,2.714052368,2.870930513,0.1541565629,0.1541565629,0.2117100772,0.2347562535,0.1822060019,0.6386476209,0.5772411343,0.6357660628,0.461449614,0.4062187324,0.4689699904
2.16,2.799765809,2.714998744,2.870042414,2.799765809,2.714998744,2.870042414,0.1526320165,0.1526320165,0.2117813406,0.2346805435,0.1822770499,0.6383244564,0.5776092831,0.6354481114,0.4610932969,0.4065972827,0.4686147506
2.18,2.798883294,2.715932752,2.869163555,2.798883294,2.715932752,2.869163555,0.1511246264,0.1511246264,0.2118519418,0.2346058228,0.1823473585,0.6380041459,0.5779724305,0.6351333272,0.4607402911,0.4069708861,0.4682632073
2.2,2.798008977,2.716854544,2.868293834,2.798008977,2.716854544,2.868293834,0.1496341927,0.1496341926,0.2119218872,0.2345320795,0.1824169363,0.6376866641,0.5783306426,0.6348216771,0.4603905641,0.4073396027,0.4679153186
2.22,2.797142776,2.717764268,2.867433146,2.797142776,2.717764268,2.867433146,0.1481605173,0.1481605172,0.2119911832,0.2344593016,0.1824857913,0.637371986,0.5786839848,0.6345131283,0.4600440839,0.4077034922,0.4675710434
2.24,2.796284614,2.71866207,2.866581389,2.796284614,2.71866207,2.866581389,0.1467034047,0.1467034047,0.2120598362,0.2343874774,0.1825539319,0.6370600865,0.5790325213,0.6342076483,0.4597008189,0.4080626132,0.4672303407
2.26,2.795434411,2.719548097,2.865738463,2.795434411,2.719548097,2.865738463,0.1452626617,0.1452626616,0.2121278525,0.2343165952,0.1826213659,0.6367509409,0.5793763157,0.6339052049,0.4593607377,0.4084170239,0.4668931703
2.28,2.79459209,2.720422491,2.864904267,2.79459209,2.720422491,2.864904267,0.143838097,0.1438380969,0.2121952382,0.2342466437,0.1826881016,0.6364445248,0.5797154305,0.6336057663,0.4590238092,0.4087667817,0.4665594921
2.3,2.793757573,2.721285395,2.864078704,2.793757573,2.721285395,2.864078704,0.1424295219,0.1424295217,0.2122619995,0.2341776113,0.1827541466,0.6361408139,0.5800499275,0.633309301,0.4586900026,0.4091119433,0.4662292668
2.32,2.792930786,2.722136949,2.863261676,2.792930786,2.722136949,2.863261676,0.1410367495,0.1410367493,0.2123281425,0.234109487,0.1828195089,0.635839784,0.5803798674,0.6330157777,0.4583592876,0.4094525648,0.4659024556
2.34,2.792111651,2.722977291,2.862453087,2.792111651,2.722977291,2.862453086,0.1396595953,0.1396595951,0.2123936732,0.2340422597,0.182884196,0.6355414113,0.5807053104,0.6327251657,0.4580316339,0.4097887016,0.4655790198
2.36,2.791300096,2.723806558,2.861652841,2.791300096,2.723806558,2.861652841,0.1382978768,0.1382978766,0.2124585977,0.2339759183,0.1829482157,0.635245672,0.5810263156,0.6324374344,0.4577070117,0.4101204084,0.4652589214
2.38,2.790496045,2.724624886,2.860860845,2.790496045,2.724624886,2.860860844,0.1369514137,0.1369514136,0.2125229217,0.2339104521,0.1830115754,0.6349525426,0.5813429414,0.6321525536,0.4573853915,0.4104477394,0.464942123
2.4,2.789699427,2.725432407,2.860077005,2.789699427,2.725432407,2.860077005,0.1356200277,0.1356200276,0.2125866512,0.2338458504,0.1830742825,0.6346619999,0.5816552454,0.6318704933,0.4570667441,0.4107707479,0.4646285873
2.42,2.788910168,2.726229254,2.859301231,2.788910168,2.726229255,2.859301231,0.1343035427,0.1343035426,0.2126497919,0.2337821026,0.1831363445,0.6343740208,0.5819632843,0.6315912239,0.4567510404,0.4110894869,0.4643182776
2.44,2.788128196,2.727015559,2.858533431,2.788128196,2.727015559,2.858533431,0.1330017844,0.1330017843,0.2127123496,0.2337191983,0.1831977685,0.6340885823,0.5822671143,0.6313147161,0.4564382519,0.4114040086,0.4640111577
2.46,2.787353442,2.727791448,2.857773516,2.787353442,2.727791448,2.857773516,0.1317145806,0.1317145806,0.21277433,0.2336571271,0.1832585617,0.6338056617,0.5825667904,0.631040941,0.4561283501,0.4117143645,0.4637071917
2.48,2.786585834,2.728557051,2.857021398,2.786585834,2.728557051,2.857021398,0.1304417612,0.1304417612,0.2128357386,0.2335958789,0.1833187312,0.6335252365,0.5828623673,0.6307698697,0.4558213069,0.4120206056,0.4634063442
2.5,2.785825303,2.729312493,2.856276988,2.785825303,2.729312493,2.856276988,0.1291831579,0.129183158,0.2128965811,0.2335354435,0.1833782839,0.6332472843,0.5831538986,0.6305014741,0.4555170946,0.4123227823,0.4631085803
2.52,2.785071781,2.730057898,2.8555402,2.785071781,2.730057898,2.8555402,0.1279386045,0.1279386046,0.2129568629,0.2334758111,0.1834372269,0.6329717831,0.5834414374,0.6302357258,0.4552156856,0.4126209443,0.4628138653
2.54,2.784325198,2.730793389,2.85481095,2.784325198,2.730793389,2.85481095,0.1267079366,0.1267079368,0.2130165895,0.2334169718,0.183495567,0.6326987108,0.583725036,0.6299725972,0.4549170527,0.4129151409,0.462522165
2.56,2.783585489,2.731519089,2.854089151,2.783585489,2.731519089,2.854089151,0.1254909917,0.1254909919,0.2130757662,0.2333589159,0.1835533109,0.6324280457,0.584004746,0.6297120607,0.4546211688,0.4132054207,0.4622334456
2.58,2.782852585,2.732235116,2.853374722,2.782852585,2.732235116,2.853374722,0.1242876093,0.1242876095,0.2131343985,0.2333016337,0.1836104652,0.6321597663,0.5842806182,0.629454089,0.4543280073,0.4134918317,0.4619476738
2.6,2.782126421,2.732941591,2.852667579,2.782126421,2.73294159,2.852667579,0.1230976305,0.1230976307,0.2131924917,0.2332451157,0.1836670367,0.631893851,0.5845527029,0.6291986553,0.4540375417,0.4137744214,0.4616648167
2.62,2.781406931,2.733638629,2.851967641,2.781406931,2.733638628,2.851967641,0.1219208985,0.1219208987,0.2132500508,0.2331893527,0.1837230317,0.6316302787,0.5848210496,0.6289457328,0.4537497459,0.4140532366,0.4613848414
2.64,2.780694051,2.734326347,2.851274827,2.780694051,2.734326346,2.851274827,0.1207572582,0.1207572584,0.2133070812,0.2331343352,0.1837784568,0.6313690284,0.5850857071,0.6286952951,0.4534645938,0.4143283238,0.461107716
2.66,2.779987716,2.735004859,2.850589058,2.779987716,2.735004859,2.850589058,0.1196065562,0.1196065564,0.213363588,0.2330800543,0.1838333183,0.6311100792,0.5853467237,0.6284473163,0.4531820599,0.4145997287,0.4608334084
2.68,2.779287863,2.735674279,2.849910255,2.779287863,2.735674278,2.849910255,0.1184686411,0.1184686412,0.2134195763,0.2330265007,0.1838876225,0.6308534105,0.5856041468,0.6282017703,0.4529021187,0.4148674966,0.4605618873
2.7,2.778594429,2.736334717,2.849238341,2.778594429,2.736334717,2.849238341,0.117343363,0.1173433631,0.213475051,0.2329736656,0.1839413757,0.6305990016,0.5858580234,0.6279586317,0.4526247451,0.4151316721,0.4602931215
2.72,2.777907352,2.736986286,2.848573238,2.777907352,2.736986286,2.848573238,0.1162305739,0.1162305739,0.2135300172,0.2329215401,0.1839945839,0.6303468324,0.5861083999,0.6277178751,0.4523499142,0.4153922996,0.4600270803
2.74,2.77722657,2.737629094,2.847914871,2.77722657,2.737629094,2.847914871,0.1151301274,0.1151301274,0.2135844797,0.2328701155,0.1840472533,0.6300968827,0.5863553217,0.6274794755,0.4520776013,0.4156494227,0.4597637334
2.76,2.776552022,2.738263248,2.847263164,2.776552022,2.738263248,2.847263164,0.1140418788,0.1140418788,0.2136384436,0.2328193831,0.1840993899,0.6298491324,0.5865988341,0.6272434081,0.451807782,0.4159030845,0.4595030506
2.78,2.775883647,2.738888856,2.846618043,2.775883647,2.738888856,2.846618043,0.1129656852,0.1129656852,0.2136919136,0.2327693345,0.1841509995,0.6296035619,0.5868389815,0.6270096485,0.4515404322,0.4161533276,0.4592450024
2.8,2.775221387,2.739506023,2.845979436,2.775221387,2.739506023,2.845979436,0.1119014053,0.1119014053,0.2137448944,0.2327199611,0.1842020881,0.6293601514,0.5870758076,0.6267781724,0.451275528,0.4164001943,0.4589895594
2.82,2.774565181,2.740114852,2.845347269,2.774565181,2.740114852,2.845347269,0.1108488993,0.1108488993,0.2137973909,0.2326712548,0.1842526615,0.6291188815,0.5873093559,0.6265489557,0.4510130457,0.416643726,0.4587366926
2.84,2.773914971,2.740715447,2.844721471,2.773914971,2.740715447,2.844721471,0.1098080293,0.1098080293,0.2138494077,0.2326232072,0.1843027253,0.628879733,0.5875396689,0.6263219748,0.4507529617,0.4168839641,0.4584863735
2.86,2.773270699,2.74130791,2.844101971,2.773270699,2.74130791,2.844101971,0.1087786586,0.1087786586,0.2139009494,0.2325758102,0.1843522853,0.6286426867,0.5877667888,0.6260972062,0.450495253,0.417120949,0.4582385736
2.88,2.772632308,2.74189234,2.8434887,2.772632308,2.74189234,2.8434887,0.1077606524,0.1077606524,0.2139520207,0.2325290558,0.184401347,0.6284077236,0.5879907572,0.6258746265,0.4502398965,0.417354721,0.4579932651
2.9,2.771999741,2.742468837,2.842881588,2.771999741,2.742468837,2.842881588,0.1067538774,0.1067538774,0.2140026261,0.232482936,0.1844499159,0.628174825,0.5882116151,0.6256542129,0.4499868696,0.4175853198,0.4577504203
2.92,2.77137294,2.743037499,2.842280567,2.77137294,2.743037499,2.842280567,0.1057582018,0.1057582018,0.2140527701,0.2324374431,0.1844979976,0.6279439723,0.588429403,0.6254359426,0.4497361496,0.4178127846,0.4575100119
2.94,2.770751852,2.743598423,2.841685569,2.770751852,2.743598423,2.841685569,0.1047734953,0.1047734953,0.2141024572,0.2323925692,0.1845455974,0.6277151469,0.5886441608,0.625219793,0.4494877142,0.4180371542,0.4572720128
2.96,2.77013642,2.744151704,2.841096528,2.77013642,2.744151704,2.841096528,0.1037996292,0.1037996292,0.2141516917,0.2323483067,0.1845927207,0.6274883306,0.5888559279,0.6250057419,0.4492415415,0.4182584667,0.4570363964
2.98,2.76952659,2.744697438,2.840513378,2.76952659,2.744697438,2.840513378,0.1028364762,0.1028364761,0.2142004781,0.232304648,0.1846393727,0.6272635052,0.5890647432,0.6247937673,0.4489976095,0.4184767602,0.4568031364
3,2.768922308,2.745235717,2.839936054,2.768922308,2.745235717,2.839936054,0.1018839104,0.1018839104,0.2142488207,0.2322615856,0.1846855587,0.6270406529,0.5892706451,0.6245838473,0.4487558966,0.4186920719,0.4565722066
3.02,2.76832352,2.745766634,2.839364491,2.76832352,2.745766634,2.83936449,0.1009418077,0.1009418076,0.2142967237,0.2322191122,0.1847312837,0.6268197556,0.5894736715,0.6243759605,0.4485163814,0.4189044388,0.4563435814
3.04,2.767730173,2.746290281,2.838798625,2.767730173,2.746290281,2.838798625,0.100010045,0.100010045,0.2143441915,0.2321772205,0.184776553,0.6266007958,0.5896738597,0.6241700853,0.4482790427,0.4191138975,0.4561172351
3.06,2.767142215,2.746806747,2.838238394,2.767142215,2.746806747,2.838238394,0.09908850101,0.09908850092,0.2143912281,0.2321359032,0.1848213714,0.626383756,0.5898712466,0.6239662008,0.4480438595,0.4193204839,0.4558931428
3.08,2.766559594,2.747316121,2.837683736,2.766559594,2.747316122,2.837683736,0.09817705557,0.09817705547,0.2144378378,0.2320951533,0.1848657441,0.6261686187,0.5900658686,0.6237642861,0.447810811,0.4195242337,0.4556712795
3.1,2.765982258,2.747818493,2.837134589,2.765982258,2.747818493,2.837134589,0.09727559006,0.09727558994,0.2144840247,0.2320549636,0.1849096759,0.6259553669,0.5902577617,0.6235643204,0.4475798766,0.4197251822,0.4554516206
3.12,2.765410157,2.748313947,2.836590892,2.765410157,2.748313948,2.836590892,0.09638398719,0.09638398706,0.2145297928,0.2320153272,0.1849531716,0.6257439834,0.5904469613,0.6233662834,0.447351036,0.4199233642,0.4552341419
3.14,2.764843239,2.748802572,2.836052585,2.764843239,2.748802572,2.836052585,0.09550213107,0.09550213093,0.2145751462,0.2319762372,0.1849962361,0.6255344513,0.5906335024,0.6231701548,0.447124269,0.4201188139,0.4550188193
3.16,2.764281455,2.749284451,2.83551961,2.764281455,2.749284451,2.83551961,0.09462990711,0.09462990697,0.2146200889,0.2319376869,0.1850388742,0.6253267539,0.5908174195,0.6229759146,0.4468995555,0.4203115655,0.4548056292
3.18,2.763724757,2.749759668,2.834991907,2.763724756,2.749759668,2.834991907,0.09376720208,0.09376720195,0.2146646248,0.2318996695,0.1850810904,0.6251208746,0.5909987467,0.622783543,0.446676876,0.4205016524,0.454594548
3.2,2.763173093,2.750228307,2.834469419,2.763173093,2.750228307,2.834469419,0.09291390408,0.09291390396,0.2147087579,0.2318621784,0.1851228895,0.6249167969,0.5911775176,0.6225930204,0.4464562107,0.4206891078,0.4543855526
3.22,2.762626417,2.750690449,2.833952087,2.762626417,2.750690449,2.833952087,0.09206990248,0.09206990237,0.2147524919,0.2318252071,0.185164276,0.6247145046,0.5913537654,0.6224043275,0.4462375403,0.4208739646,0.4541786201
3.24,2.762084681,2.751146175,2.833439857,2.762084681,2.751146175,2.833439857,0.09123508796,0.09123508788,0.2147958309,0.231788749,0.1852052544,0.6245139813,0.591527523,0.622217445,0.4460208456,0.4210562551,0.4539737278
3.26,2.761547836,2.751595565,2.832932671,2.761547836,2.751595565,2.832932671,0.09040935248,0.09040935243,0.2148387785,0.2317527978,0.1852458293,0.6243152112,0.5916988225,0.6220323541,0.4458061076,0.4212360112,0.4537708535
3.28,2.761015835,2.752038699,2.832430474,2.761015835,2.752038699,2.832430474,0.08959258924,0.08959258922,0.2148813385,0.2317173471,0.185286005,0.6241181783,0.5918676959,0.6218490359,0.4455933075,0.4214132647,0.4535699748
3.3,2.760488634,2.752475654,2.831933212,2.760488634,2.752475654,2.831933212,0.08878469269,0.08878469271,0.2149235146,0.2316823907,0.185325786,0.6239228669,0.5920341748,0.621667472,0.4453824268,0.4215880467,0.4533710701
3.32,2.759966184,2.752906507,2.831440831,2.759966184,2.752906507,2.831440831,0.08798555852,0.08798555859,0.2149653106,0.2316479224,0.1853651765,0.6237292614,0.5921982902,0.6214876439,0.4451734469,0.4217603881,0.4531741176
3.34,2.759448441,2.753331336,2.830953277,2.759448441,2.753331336,2.830953278,0.08719508365,0.08719508375,0.2150067301,0.2316139361,0.1854041808,0.6235373463,0.5923600729,0.6213095335,0.4449663496,0.4219303194,0.4529790961
3.36,2.758935359,2.753750214,2.830470498,2.758935359,2.753750214,2.830470498,0.08641316616,0.0864131663,0.2150477766,0.2315804258,0.1854428031,0.6233471064,0.592519553,0.6211331228,0.4447611169,0.4220978708,0.4527859845
3.38,2.758426894,2.754163217,2.829992442,2.758426894,2.754163217,2.829992442,0.08563970537,0.08563970553,0.2150884538,0.2315473856,0.1854810476,0.6231585264,0.5926767605,0.6209583941,0.4445577309,0.4222630719,0.4525947618
3.4,2.757923001,2.754570418,2.829519056,2.757923001,2.754570418,2.829519056,0.08487460173,0.08487460192,0.2151287652,0.2315148095,0.1855189185,0.6229715912,0.5928317249,0.6207853297,0.4443561738,0.4224259523,0.4524054075
3.42,2.757423637,2.754971889,2.82905029,2.757423637,2.754971889,2.82905029,0.08411775691,0.0841177571,0.2151687144,0.2314826918,0.1855564198,0.622786286,0.5929844753,0.6206139124,0.4441564281,0.4225865409,0.4522179011
3.44,2.756928758,2.755367704,2.828586094,2.756928758,2.755367703,2.828586094,0.08336907366,0.08336907385,0.2152083047,0.2314510267,0.1855935555,0.622602596,0.5931350406,0.6204441248,0.4439584765,0.4227448666,0.4520322226
3.46,2.756438321,2.755757931,2.828126417,2.756438321,2.755757931,2.828126417,0.08262845593,0.0826284561,0.2152475396,0.2314198085,0.1856303296,0.6224205066,0.5932834489,0.6202759499,0.4437623018,0.4229009577,0.4518483521
3.48,2.755952284,2.756142642,2.827671211,2.755952284,2.756142642,2.827671212,0.08189580875,0.08189580889,0.2152864226,0.2313890316,0.1856667461,0.6222400031,0.5934297285,0.620109371,0.443567887,0.4230548421,0.4516662697
3.5,2.755470604,2.756521906,2.827220428,2.755470604,2.756521906,2.827220428,0.08117103829,0.08117103839,0.215324957,0.2313586905,0.1857028088,0.6220610712,0.5935739069,0.6199443714,0.4433752151,0.4232065477,0.4514859562
3.52,2.754993241,2.756895791,2.826774018,2.754993241,2.756895791,2.826774018,0.08045405178,0.08045405184,0.2153631461,0.2313287796,0.1857385215,0.6218836968,0.5937160114,0.6197809345,0.4431842697,0.4233561018,0.4513073923
3.54,2.754520152,2.757264365,2.826331935,2.754520152,2.757264365,2.826331935,0.07974475758,0.0797447576,0.2154009932,0.2312992937,0.1857738882,0.6217078655,0.5938560691,0.6196190441,0.442995034,0.4235035313,0.451130559
3.56,2.754051296,2.757627695,2.825894131,2.754051296,2.757627695,2.825894131,0.07904306509,0.07904306508,0.2154385016,0.2312702274,0.1858089125,0.6215335635,0.5939941064,0.6194586841,0.4428074918,0.4236488632,0.4509554375
3.58,2.753586634,2.757985846,2.82546056,2.753586634,2.757985846,2.82546056,0.07834888478,0.07834888477,0.2154756746,0.2312415753,0.1858435982,0.6213607768,0.5941301496,0.6192998385,0.442621627,0.4237921237,0.4507820091
3.6,2.753126125,2.758338884,2.825031176,2.753126125,2.758338884,2.825031176,0.07766212821,0.07766212819,0.2155125153,0.2312133322,0.1858779489,0.6211894917,0.5942642247,0.6191424915,0.4424374234,0.4239333389,0.4506102557
3.62,2.75266973,2.758686874,2.824605935,2.75266973,2.758686874,2.824605935,0.07698270795,0.07698270793,0.215549027,0.2311854931,0.1859119682,0.6210196946,0.5943963572,0.6189866275,0.4422548652,0.4240725347,0.4504401591
3.64,2.752217408,2.759029878,2.82418479,2.752217408,2.759029878,2.82418479,0.0763105376,0.07631053758,0.2155852127,0.2311580527,0.1859456598,0.620851372,0.5945265725,0.6188322312,0.4420739367,0.4242097364,0.4502717012
3.66,2.751769122,2.75936796,2.823767698,2.751769122,2.75936796,2.823767698,0.07564553177,0.07564553176,0.2156210755,0.2311310062,0.1859790271,0.6206845104,0.5946548954,0.6186792871,0.4418946223,0.4243449692,0.4501048645
3.68,2.751324833,2.759701182,2.823354615,2.751324833,2.759701182,2.823354615,0.07498760609,0.07498760608,0.2156566187,0.2311043484,0.1860120737,0.6205190966,0.5947813505,0.6185277803,0.4417169067,0.4244782579,0.4499396313
3.7,2.750884503,2.760029605,2.822945498,2.750884503,2.760029605,2.822945498,0.07433667717,0.07433667716,0.2156918451,0.2310780746,0.1860448031,0.6203551176,0.5949059622,0.6183776958,0.4415407746,0.4246096272,0.4497759845
3.72,2.750448094,2.76035329,2.822540304,2.750448094,2.76035329,2.822540304,0.07369266261,0.0736926626,0.2157267578,0.2310521797,0.1860772186,0.6201925601,0.5950287544,0.6182290188,0.4413662109,0.4247391013,0.4496139068
3.74,2.750015568,2.760672297,2.82213899,2.750015568,2.760672297,2.82213899,0.07305548096,0.07305548095,0.2157613599,0.2310266592,0.1861093237,0.6200314114,0.5951497509,0.6180817346,0.4411932007,0.4248667041,0.4494533813
3.76,2.749586889,2.760986685,2.821741516,2.749586889,2.760986686,2.821741516,0.07242505176,0.07242505175,0.2157956542,0.2310015081,0.1861411217,0.6198716587,0.5952689749,0.6179358288,0.4410217291,0.4249924594,0.4492943914
3.78,2.749162021,2.761296513,2.821347838,2.749162021,2.761296513,2.821347838,0.07180129548,0.07180129547,0.2158296437,0.2309767219,0.1861726159,0.6197132893,0.5953864497,0.6177912872,0.4408517816,0.4251163904,0.4491369205
3.8,2.748740926,2.761601838,2.820957918,2.748740926,2.761601838,2.820957918,0.07118413353,0.07118413351,0.2158633313,0.2309522959,0.1862038095,0.6195562905,0.5955021979,0.6176480955,0.4406833436,0.4252385205,0.4489809523
3.82,2.748323568,2.761902718,2.820571714,2.748323568,2.761902718,2.820571714,0.07057348826,0.07057348824,0.2158967199,0.2309282255,0.1862347059,0.6194006501,0.595616242,0.6175062397,0.4405164007,0.4253588723,0.4488264706
3.84,2.747909914,2.762199208,2.820189186,2.747909913,2.762199208,2.820189186,0.06996928292,0.06996928289,0.2159298122,0.2309045063,0.1862653081,0.6192463556,0.5957286043,0.6173657061,0.4403509388,0.4254774684,0.4486734595
3.86,2.747499926,2.762491365,2.819810295,2.747499926,2.762491365,2.819810295,0.06937144168,0.06937144164,0.2159626113,0.2308811338,0.1862956194,0.6190933948,0.5958393068,0.6172264809,0.4401869437,0.4255943312,0.4485219031
3.88,2.74709357,2.762779244,2.819435002,2.74709357,2.762779244,2.819435002,0.06877988961,0.06877988955,0.2159951197,0.2308581035,0.1863256428,0.6189417557,0.5959483709,0.6170885506,0.4400244015,0.4257094827,0.4483717859
3.9,2.746690813,2.763062899,2.819063268,2.746690813,2.763062899,2.819063268,0.06819455264,0.06819455257,0.2160273403,0.2308354111,0.1863553815,0.6187914261,0.5960558182,0.6169519017,0.4398632985,0.4258229446,0.4482230925
3.92,2.746291619,2.763342383,2.818695056,2.746291619,2.763342383,2.818695056,0.06761535761,0.06761535752,0.2160592758,0.2308130523,0.1863848385,0.6186423944,0.5961616696,0.616816521,0.4397036209,0.4259347384,0.4480758077
3.94,2.745895955,2.763617751,2.818330328,2.745895955,2.763617751,2.818330328,0.06704223221,0.06704223211,0.2160909289,0.2307910229,0.1864140167,0.6184946485,0.5962659461,0.6166823954,0.4395453553,0.4260448854,0.4479299163
3.96,2.745503787,2.763889053,2.817969046,2.745503787,2.763889054,2.817969046,0.06647510499,0.06647510488,0.2161223024,0.2307693187,0.1864429193,0.618348177,0.5963686682,0.6165495119,0.4393884882,0.4261534065,0.4477854035
3.98,2.745115083,2.764156343,2.817611173,2.745115083,2.764156344,2.817611173,0.06591390535,0.06591390523,0.2161533987,0.2307479355,0.1864715491,0.6182029681,0.5964698562,0.6164178578,0.4392330064,0.4262603225,0.4476422545
4,2.744729808,2.764419672,2.817256674,2.744729808,2.764419672,2.817256674,0.06535856351,0.06535856339,0.2161842207,0.2307268692,0.186499909,0.6180590105,0.5965695301,0.6162874202,0.4390788967,0.4263656539,0.4475004549
4.02,2.744347932,2.764679089,2.816905512,2.744347932,2.764679089,2.816905512,0.06480901056,0.06480901044,0.2162147708,0.2307061158,0.186528002,0.6179162928,0.5966677098,0.6161581867,0.4389261462,0.4264694209,0.4473599901
4.04,2.743969421,2.764934646,2.816557652,2.743969421,2.764934646,2.816557652,0.06426517837,0.06426517826,0.2162450516,0.2306856713,0.1865558308,0.6177748038,0.5967644147,0.6160301448,0.438774742,0.4265716434,0.4472208461
4.06,2.743594245,2.76518639,2.816213059,2.743594245,2.76518639,2.816213059,0.06372699963,0.06372699953,0.2162750658,0.2306655317,0.1865833983,0.6176345322,0.5968596642,0.6159032823,0.4386246712,0.4266723413,0.4470830087
4.08,2.74322237,2.765434372,2.815871697,2.74322237,2.765434372,2.815871697,0.06319440785,0.06319440777,0.2163048157,0.2306456932,0.1866107072,0.6174954671,0.5969534773,0.615777587,0.4384759214,0.426771534,0.4469464641
4.1,2.742853767,2.765678639,2.815533533,2.742853767,2.765678639,2.815533533,0.06266733731,0.06266733725,0.216334304,0.2306261518,0.1866377603,0.6173575974,0.5970458727,0.6156530468,0.4383284801,0.4268692409,0.4468111984
4.12,2.742488403,2.765919239,2.815198533,2.742488403,2.765919239,2.815198533,0.06214572308,0.06214572305,0.2163635331,0.2306069038,0.1866645604,0.6172209125,0.5971368692,0.61552965,0.4381823347,0.4269654809,0.4466771982
4.14,2.74212625,2.766156219,2.814866662,2.74212625,2.766156219,2.814866662,0.06162950101,0.061629501,0.2163925054,0.2305879454,0.18669111,0.6170854014,0.597226485,0.6154073847,0.4380374732,0.4270602729,0.4465444501
4.16,2.741767275,2.766389626,2.814537889,2.741767275,2.766389626,2.814537889,0.06111860771,0.06111860773,0.2164212233,0.2305692729,0.1867174119,0.6169510536,0.5973147381,0.6152862393,0.4378938834,0.4271536355,0.4464129406
4.18,2.74141145,2.766619505,2.814212179,2.74141145,2.766619504,2.814212179,0.06061298054,0.0606129806,0.2164496894,0.2305508826,0.1867434686,0.6168178585,0.5974016465,0.6151662023,0.4377515532,0.427245587,0.4462826568
4.2,2.741058744,2.766845901,2.813889501,2.741058744,2.766845901,2.813889501,0.06011255763,0.06011255772,0.2164779058,0.2305327709,0.1867692829,0.6166858056,0.5974872278,0.6150472624,0.4376104708,0.4273361455,0.4461535857
4.22,2.740709128,2.76706886,2.813569823,2.740709128,2.76706886,2.813569823,0.05961727784,0.05961727796,0.2165058751,0.2305149342,0.1867948571,0.6165548847,0.5975714995,0.6149294082,0.4374706244,0.427425329,0.4460257144
4.24,2.740362573,2.767288425,2.813253113,2.740362573,2.767288425,2.813253113,0.05912708074,0.05912708088,0.2165335995,0.230497369,0.1868201939,0.6164250853,0.5976544786,0.6148126287,0.4373320024,0.4275131552,0.4458990303
4.26,2.74001905,2.767504641,2.812939339,2.74001905,2.767504641,2.812939339,0.05864190666,0.05864190681,0.2165610814,0.2304800717,0.1868452958,0.6162963974,0.5977361823,0.6146969128,0.4371945932,0.4275996416,0.4457735208
4.28,2.73967853,2.767717551,2.812628471,2.73967853,2.767717551,2.812628471,0.05816169661,0.05816169677,0.2165883229,0.2304630389,0.1868701653,0.616168811,0.5978166272,0.6145822497,0.4370583854,0.4276848055,0.4456491736
4.3,2.739340986,2.767927197,2.812320478,2.739340986,2.767927196,2.812320478,0.05768639233,0.0576863925,0.2166153265,0.2304462672,0.1868948047,0.6160423159,0.5978958299,0.6144686286,0.4369233677,0.4277686638,0.4455259764
4.32,2.739006389,2.768133621,2.81201533,2.739006389,2.768133621,2.81201533,0.05721593626,0.05721593641,0.2166420942,0.2304297533,0.1869192166,0.6159169023,0.5979738068,0.6143560387,0.4367895288,0.4278512335,0.4454039171
4.34,2.738674711,2.768336865,2.811712996,2.738674711,2.768336865,2.811712997,0.0567502715,0.05675027163,0.2166686284,0.2304134937,0.1869434032,0.6157925604,0.5980505739,0.6142444696,0.4366568578,0.4279325313,0.4452829838
4.36,2.738345925,2.768536971,2.811413448,2.738345925,2.768536971,2.811413449,0.05628934187,0.05628934196,0.2166949313,0.2303974853,0.1869673671,0.6156692805,0.5981261473,0.6141339109,0.4365253435,0.4280125735,0.4451631645
4.38,2.738020005,2.768733978,2.811116656,2.738020005,2.768733978,2.811116656,0.05583309183,0.05583309189,0.216721005,0.2303817247,0.1869911105,0.615547053,0.5982005427,0.6140243522,0.4363949752,0.4280913765,0.4450444477
4.4,2.737696922,2.768927928,2.810822592,2.737696922,2.768927928,2.810822592,0.05538146654,0.05538146657,0.2167468516,0.2303662087,0.1870146356,0.6154258684,0.5982737755,0.6139157833,0.436265742,0.4281689563,0.4449268218
4.42,2.73737665,2.769118859,2.810531225,2.73737665,2.769118859,2.810531225,0.05493441178,0.05493441178,0.2167724733,0.2303509342,0.1870379449,0.6153057171,0.5983458612,0.6138081942,0.4361376334,0.4282453288,0.4448102753
4.44,2.737059163,2.769306811,2.810242529,2.737059163,2.769306811,2.810242529,0.05449187401,0.05449187401,0.2167978723,0.2303358981,0.1870610406,0.6151865899,0.5984168149,0.6137015748,0.4360106387,0.4283205096,0.4446947968
4.46,2.736744435,2.769491823,2.809956476,2.736744435,2.769491823,2.809956476,0.05405380035,0.05405380034,0.2168230505,0.2303210971,0.1870839249,0.6150684774,0.5984866515,0.6135959153,0.4358847475,0.4283945143,0.4445803754
4.48,2.73643244,2.769673932,2.809673037,2.73643244,2.769673932,2.809673037,0.05362013854,0.05362013853,0.2168480101,0.2303065284,0.1871066,0.6149513706,0.5985553858,0.6134912059,0.4357599494,0.428467358,0.4444669998
4.5,2.736123152,2.769853177,2.809392185,2.736123152,2.769853177,2.809392185,0.05319083695,0.05319083694,0.2168727532,0.2302921888,0.1871290681,0.6148352602,0.5986230323,0.6133874369,0.4356362342,0.428539056,0.4443546593
4.52,2.735816546,2.770029595,2.809113894,2.735816546,2.770029595,2.809113894,0.05276584458,0.05276584457,0.2168972816,0.2302780754,0.1871513314,0.6147201373,0.5986896056,0.6132845989,0.4355135918,0.4286096232,0.4442433429
4.54,2.735512597,2.770203223,2.808838137,2.735512597,2.770203223,2.808838137,0.05234511104,0.05234511103,0.2169215976,0.2302641852,0.187173392,0.6146059929,0.5987551196,0.6131826823,0.4353920121,0.4286790742,0.4441330401
4.56,2.73521128,2.770374096,2.808564888,2.73521128,2.770374096,2.808564888,0.05192858655,0.05192858654,0.216945703,0.2302505153,0.187195252,0.6144928182,0.5988195887,0.6130816778,0.4352714852,0.4287474237,0.4440237402
4.58,2.73491257,2.770542252,2.808294119,2.73491257,2.770542252,2.808294119,0.05151622193,0.05151622193,0.2169695998,0.2302370628,0.1872169134,0.6143806044,0.5988830264,0.6129815762,0.4351520012,0.428814686,0.4439154328
4.6,2.734616442,2.770707726,2.808025806,2.734616442,2.770707726,2.808025806,0.05110796861,0.05110796861,0.2169932899,0.2302238249,0.1872383785,0.6142693428,0.5989454466,0.6128823683,0.4350335503,0.4288808754,0.4438081077
4.62,2.734322874,2.770870552,2.807759924,2.734322874,2.770870552,2.807759924,0.05070377859,0.05070377859,0.2170167754,0.2302107988,0.1872596491,0.6141590249,0.5990068628,0.612784045,0.4349161229,0.4289460059,0.4437017546
4.64,2.73403184,2.771030765,2.807496446,2.73403184,2.771030765,2.807496446,0.05030360446,0.05030360445,0.2170400581,0.2301979817,0.1872807273,0.614049642,0.5990672882,0.6126865974,0.4347997095,0.4290100913,0.4435963634
4.66,2.733743318,2.771188401,2.807235348,2.733743318,2.771188401,2.807235348,0.04990739937,0.04990739936,0.2170631399,0.2301853709,0.1873016152,0.6139411858,0.5991267361,0.6125900167,0.4346843006,0.4290731454,0.4434919242
4.68,2.733457283,2.771343491,2.806976605,2.733457283,2.771343491,2.806976605,0.04951511707,0.04951511706,0.2170860227,0.2301729637,0.1873223146,0.6138336478,0.5991852195,0.6124942941,0.4345698867,0.4291351816,0.4433884271
4.7,2.733173713,2.771496071,2.806720193,2.733173713,2.771496071,2.806720193,0.04912671184,0.04912671183,0.2171087083,0.2301607573,0.1873428275,0.6137270198,0.5992427512,0.612399421,0.4344564587,0.4291962134,0.4432858624
4.72,2.732892585,2.771646172,2.806466088,2.732892585,2.771646172,2.806466088,0.04874213854,0.04874213852,0.2171311985,0.2301487492,0.1873631559,0.6136212935,0.5992993438,0.6123053887,0.4343440073,0.429256254,0.4431842205
4.74,2.732613875,2.771793828,2.806214266,2.732613875,2.771793828,2.806214266,0.04836135256,0.04836135252,0.2171534953,0.2301369367,0.1873833017,0.6135164609,0.59935501,0.6122121888,0.4342325234,0.4293153163,0.4430834917
4.76,2.732337561,2.77193907,2.805964704,2.732337561,2.771939071,2.805964704,0.04798430984,0.04798430979,0.2171756004,0.2301253173,0.1874032667,0.6134125138,0.599409762,0.612119813,0.434121998,0.4293734133,0.4429836667
4.78,2.732063622,2.772081931,2.805717378,2.732063622,2.772081932,2.805717378,0.04761096685,0.04761096679,0.2171975156,0.2301138884,0.1874230528,0.6133094443,0.5994636121,0.6120282528,0.4340124221,0.4294305578,0.4428847362
4.8,2.731792034,2.772222442,2.805472265,2.731792034,2.772222443,2.805472265,0.0472412806,0.04724128053,0.2172192426,0.2301026476,0.1874426618,0.6132072444,0.5995165722,0.6119375002,0.4339037871,0.4294867621,0.442786691
4.82,2.731522777,2.772360634,2.805229342,2.731522777,2.772360634,2.805229342,0.04687520863,0.04687520855,0.2172407832,0.2300915922,0.1874620956,0.6131059062,0.5995686545,0.611847547,0.433796084,0.4295420389,0.4426895219
4.84,2.731255827,2.772496538,2.804988587,2.731255827,2.772496538,2.804988587,0.04651270897,0.04651270888,0.2172621391,0.2300807199,0.187481356,0.6130054222,0.5996198704,0.6117583852,0.4336893043,0.4295964003,0.44259322
4.86,2.730991165,2.772630183,2.804749978,2.730991165,2.772630183,2.804749978,0.04615374019,0.0461537401,0.2172833121,0.2300700283,0.1875004447,0.6129057844,0.5996702318,0.6116700068,0.4335834393,0.4296498585,0.4424977764
4.88,2.730728768,2.772761601,2.804513493,2.730728768,2.772761601,2.804513493,0.04579826136,0.04579826126,0.2173043039,0.2300595149,0.1875193635,0.6128069853,0.5997197499,0.611582404,0.4334784805,0.4297024254,0.4424031823
4.9,2.730468616,2.772890819,2.804279109,2.730468616,2.772890819,2.804279109,0.04544623203,0.04544623193,0.2173251161,0.2300491774,0.1875381142,0.6127090174,0.5997684363,0.611495569,0.4333744196,0.4297541128,0.4423094289
4.92,2.730210687,2.773017868,2.804046806,2.730210687,2.773017869,2.804046806,0.04509761227,0.04509761217,0.2173457503,0.2300390135,0.1875566985,0.6126118731,0.5998163019,0.6114094942,0.4332712483,0.4298049325,0.4422165077
4.94,2.729954962,2.773142777,2.803816562,2.729954962,2.773142777,2.803816562,0.04475236263,0.04475236254,0.2173662084,0.2300290208,0.187575118,0.612515545,0.5998633578,0.6113241719,0.4331689581,0.4298548959,0.4421244101
4.96,2.729701419,2.773265573,2.803588357,2.729701419,2.773265574,2.803588356,0.04441044414,0.04441044406,0.2173864918,0.2300191971,0.1875933744,0.6124200258,0.599909615,0.6112395946,0.4330675411,0.4299040145,0.4420331278
4.98,2.729450039,2.773386286,2.803362168,2.729450039,2.773386286,2.803362168,0.04407181831,0.04407181824,0.2174066022,0.2300095401,0.1876114695,0.6123253082,0.5999550841,0.611155755,0.4329669891,0.4299522995,0.4419426524
5,2.729200802,2.773504942,2.803137976,2.729200802,2.773504942,2.803137976,0.04373644712,0.04373644707,0.2174265412,0.2300000476,0.1876294049,0.6122313851,0.5999997759,0.6110726455,0.4328672941,0.4299997619,0.4418529757
5.02,2.728953687,2.773621569,2.802915761,2.728953687,2.773621569,2.802915761,0.04340429302,0.04340429299,0.2174463104,0.2299907174,0.1876471821,0.6121382491,0.6000437007,0.610990259,0.4327684481,0.4300464129,0.4417640895
5.04,2.728708675,2.773736195,2.802695502,2.728708675,2.773736195,2.802695502,0.04307531892,0.04307531891,0.2174659113,0.2299815474,0.1876648028,0.6120458933,0.6000868689,0.6109085883,0.4326704434,0.4300922632,0.4416759859
5.06,2.728465747,2.773848846,2.802477179,2.728465747,2.773848846,2.802477179,0.04274948817,0.04274948819,0.2174853456,0.2299725353,0.1876822686,0.6119543107,0.6001292908,0.6108276262,0.4325732721,0.4301373235,0.4415886569
5.08,2.728224883,2.773959548,2.802260774,2.728224883,2.773959548,2.802260774,0.0424267646,0.04242676464,0.2175046147,0.2299636791,0.1876995811,0.6118634943,0.6001709764,0.6107473657,0.4324769265,0.4301816044,0.4415020946
5.1,2.727986064,2.774068328,2.802046265,2.727986064,2.774068328,2.802046265,0.04210711246,0.04210711253,0.2175237202,0.2299549767,0.1877167417,0.6117734371,0.6002119357,0.6106677998,0.4323813991,0.4302251163,0.4414162913
5.12,2.727749272,2.774175211,2.801833635,2.727749272,2.774175211,2.801833635,0.04179049645,0.04179049654,0.2175426636,0.2299464261,0.1877337522,0.6116841325,0.6002521785,0.6105889216,0.4322866822,0.4302678696,0.4413312392
5.14,2.727514487,2.774280223,2.801622864,2.727514488,2.774280223,2.801622864,0.04147688171,0.04147688182,0.2175614463,0.2299380251,0.1877506138,0.6115955736,0.6002917146,0.6105107244,0.4321927684,0.4303098745,0.4412469308
5.16,2.727281692,2.77438339,2.801413933,2.727281692,2.774383389,2.801413934,0.04116623379,0.04116623391,0.21758007,0.2299297718,0.1877673283,0.6115077538,0.6003305535,0.6104332013,0.4320996502,0.430351141,0.4411633585
5.18,2.727050868,2.774484735,2.801206824,2.727050868,2.774484735,2.801206825,0.04085851868,0.04085851881,0.2175985359,0.2299216642,0.187783897,0.6114206664,0.6003687048,0.6103563458,0.4320073204,0.4303916791,0.4410805149
5.2,2.726821996,2.774584283,2.801001519,2.726821996,2.774584283,2.801001519,0.04055370278,0.04055370292,0.2176168457,0.2299137003,0.1878003215,0.6113343048,0.6004061777,0.6102801511,0.4319157717,0.4304314985,0.4409983927
5.22,2.726595059,2.77468206,2.800797999,2.726595059,2.774682059,2.800797999,0.04025175292,0.04025175305,0.2176350006,0.2299058782,0.1878166031,0.6112486625,0.6004429815,0.6102046108,0.4318249969,0.430470609,0.4409169846
5.24,2.726370039,2.774778088,2.800596246,2.726370039,2.774778087,2.800596246,0.03995263632,0.03995263644,0.2176530022,0.229898196,0.1878327433,0.6111637332,0.6004791253,0.6101297185,0.4317349889,0.4305090202,0.4408362834
5.26,2.726146918,2.774872391,2.800396242,2.726146918,2.774872391,2.800396242,0.0396563206,0.0396563207,0.2176708519,0.2298906517,0.1878487436,0.6110795103,0.6005146182,0.6100554676,0.4316457406,0.4305467414,0.440756282
5.28,2.725925679,2.774964993,2.80019797,2.725925679,2.774964992,2.800197971,0.03936277381,0.03936277389,0.217688551,0.2298832436,0.1878646053,0.6109959876,0.6005494689,0.609981852,0.431557245,0.4305837822,0.4406769733
5.3,2.725706305,2.775055916,2.800001413,2.725706305,2.775055916,2.800001413,0.03907196436,0.03907196441,0.2177061009,0.2298759697,0.1878803299,0.6109131588,0.6005836864,0.6099088653,0.4314694953,0.4306201516,0.4405983505
5.32,2.725488778,2.775145184,2.799806554,2.725488778,2.775145184,2.799806554,0.03878386106,0.03878386108,0.2177235031,0.2298688282,0.1878959187,0.6108310177,0.6006172792,0.6098365014,0.4313824845,0.4306558588,0.4405204066
5.34,2.725273082,2.775232819,2.799613374,2.725273082,2.775232819,2.799613374,0.03849843311,0.03849843311,0.2177407588,0.2298618174,0.187911373,0.6107495581,0.6006502559,0.6097647542,0.431296206,0.4306909128,0.4404431349
5.36,2.725059199,2.775318843,2.799421859,2.725059199,2.775318844,2.799421859,0.03821565009,0.03821565008,0.2177578694,0.2298549355,0.1879266943,0.610668774,0.600682625,0.6096936175,0.4312106529,0.4307253226,0.4403665286
5.38,2.724847113,2.775403279,2.79923199,2.724847113,2.775403279,2.79923199,0.03793548195,0.03793548194,0.2177748363,0.2298481806,0.1879418838,0.6105886592,0.6007143947,0.6096230854,0.4311258187,0.4307590968,0.440290581
5.4,2.724636808,2.775486147,2.799043751,2.724636808,2.775486147,2.799043751,0.03765789903,0.03765789903,0.2177916607,0.2298415512,0.1879569429,0.6105092079,0.6007455735,0.6095531521,0.4310416967,0.4307922441,0.4402152857
5.42,2.724428268,2.77556747,2.798857127,2.724428268,2.77556747,2.798857127,0.03738287204,0.03738287203,0.2178083439,0.2298350454,0.1879718728,0.610430414,0.6007761693,0.6094838115,0.4309582804,0.4308247731,0.440140636
5.44,2.724221475,2.775647268,2.798672101,2.724221475,2.775647268,2.798672101,0.03711037203,0.03711037202,0.2178248873,0.2298286615,0.1879866749,0.6103522717,0.6008061902,0.609415058,0.4308755634,0.4308566923,0.4400666256
5.46,2.724016415,2.775725562,2.798488658,2.724016415,2.775725562,2.798488658,0.03684037041,0.0368403704,0.2178412921,0.229822398,0.1880013504,0.6102747752,0.6008356441,0.6093468858,0.4307935393,0.43088801,0.4399932482
5.48,2.723813071,2.775802373,2.79830678,2.723813071,2.775802373,2.79830678,0.03657283896,0.03657283896,0.2178575596,0.2298162531,0.1880159005,0.6101979187,0.6008645389,0.6092792893,0.4307122018,0.4309187345,0.4399204974
5.5,2.723611428,2.775877722,2.798126454,2.723611428,2.775877722,2.798126454,0.03630774981,0.0363077498,0.2178736911,0.2298102252,0.1880303266,0.6101216966,0.6008928823,0.6092122627,0.4306315445,0.4309488739,0.4398483669
5.52,2.72341147,2.775951628,2.797947664,2.72341147,2.775951628,2.797947664,0.03604507542,0.03604507541,0.2178896877,0.2298043128,0.1880446298,0.6100461031,0.6009206819,0.6091458006,0.4305515613,0.4309784362,0.4397768508
5.54,2.723213182,2.776024111,2.797770394,2.723213182,2.776024111,2.797770394,0.0357847886,0.0357847886,0.2179055508,0.2297985141,0.1880588114,0.6099711326,0.6009479453,0.6090798975,0.430472246,0.4310074294,0.4397059428
5.56,2.723016548,2.776095191,2.797594629,2.723016548,2.776095191,2.797594629,0.0355268625,0.0355268625,0.2179212815,0.2297928277,0.1880728726,0.6098967797,0.6009746798,0.6090145479,0.4303935925,0.4310358614,0.4396356369
5.58,2.722821554,2.776164887,2.797420355,2.722821554,2.776164887,2.797420355,0.0352712706,0.03527127059,0.217936881,0.229787252,0.1880868145,0.6098230387,0.6010008929,0.6089497465,0.4303155948,0.4310637398,0.4395659273
5.6,2.722628184,2.776233218,2.797247557,2.722628184,2.776233218,2.797247557,0.03501798671,0.0350179867,0.2179523506,0.2297817855,0.1881006384,0.6097499043,0.6010265918,0.6088854879,0.430238247,0.4310910724,0.439496808
5.62,2.722436424,2.776300204,2.79707622,2.722436424,2.776300204,2.79707622,0.03476698496,0.03476698495,0.2179676914,0.2297764267,0.1881143453,0.609677371,0.6010517837,0.6088217669,0.430161543,0.4311178667,0.4394282733
5.64,2.722246259,2.776365863,2.79690633,2.722246259,2.776365863,2.79690633,0.03451823981,0.0345182398,0.2179829046,0.229771174,0.1881279366,0.6096054335,0.6010764756,0.6087585783,0.4300854771,0.4311441302,0.4393603172
5.66,2.722057675,2.776430213,2.796737873,2.722057675,2.776430213,2.796737873,0.03427172604,0.03427172602,0.2179979913,0.229766026,0.1881414131,0.6095340865,0.6011006745,0.608695917,0.4300100434,0.4311698702,0.4392929343
5.68,2.721870657,2.776493272,2.796570834,2.721870657,2.776493272,2.796570834,0.03402741873,0.03402741871,0.2180129527,0.2297609812,0.1881547763,0.6094633248,0.6011243873,0.6086337778,0.4299352363,0.431195094,0.4392261187
5.7,2.721685191,2.776555059,2.7964052,2.721685191,2.776555059,2.7964052,0.03378529328,0.03378529325,0.21802779,0.2297560382,0.188168027,0.609393143,0.6011476208,0.6085721556,0.4298610499,0.4312198088,0.4391598651
5.72,2.721501263,2.776615591,2.796240957,2.721501263,2.776615591,2.796240956,0.03354532539,0.03354532535,0.2180425043,0.2297511957,0.1881811664,0.6093235362,0.6011703817,0.6085110456,0.4297874787,0.4312440216,0.4390941678
5.74,2.721318859,2.776674886,2.796078091,2.721318859,2.776674886,2.79607809,0.03330749106,0.03330749101,0.2180570966,0.2297464521,0.1881941957,0.6092544992,0.6011926767,0.6084504428,0.4297145171,0.4312677396,0.4390290214
5.76,2.721137966,2.776732961,2.795916588,2.721137966,2.776732961,2.795916588,0.03307176661,0.03307176655,0.2180715681,0.2297418061,0.1882071159,0.6091860269,0.6012145123,0.6083903422,0.4296421596,0.4312909696,0.4389644205
5.78,2.720958568,2.776789833,2.795756437,2.720958568,2.776789833,2.795756437,0.03283812862,0.03283812855,0.2180859199,0.2297372563,0.188219928,0.6091181143,0.601235895,0.6083307392,0.4295704007,0.4313137185,0.4389003598
5.8,2.720780654,2.77684552,2.795597622,2.720780654,2.77684552,2.795597622,0.03260655398,0.03260655391,0.218100153,0.2297328014,0.1882326332,0.6090507564,0.6012568311,0.6082716288,0.4294992349,0.431335993,0.4388368341
5.82,2.720604209,2.776900036,2.795440132,2.720604209,2.776900036,2.795440132,0.03237701988,0.0323770198,0.2181142686,0.2297284401,0.1882452324,0.6089839484,0.601277327,0.6082130064,0.429428657,0.4313577997,0.438773838
5.84,2.72042922,2.7769534,2.795283954,2.72042922,2.7769534,2.795283953,0.03214950376,0.03214950368,0.2181282677,0.2297241709,0.1882577267,0.6089176854,0.6012973889,0.6081548673,0.4293586615,0.4313791453,0.4387113666
5.86,2.720255675,2.777005628,2.795129073,2.720255675,2.777005628,2.795129073,0.03192398339,0.0319239833,0.2181421513,0.2297199928,0.1882701171,0.6088519625,0.6013170229,0.6080972069,0.4292892433,0.4314000362,0.4386494145
5.88,2.720083559,2.777056734,2.794975479,2.720083559,2.777056735,2.794975479,0.03170043676,0.03170043668,0.2181559206,0.2297159042,0.1882824046,0.6087867749,0.6013362352,0.6080400206,0.4292203971,0.4314204789,0.4385879769
5.9,2.719912861,2.777106736,2.794823159,2.719912861,2.777106737,2.794823159,0.03147884218,0.0314788421,0.2181695765,0.2297119041,0.1882945902,0.6087221179,0.6013550316,0.6079833038,0.4291521177,0.4314404797,0.4385270488
5.92,2.719743567,2.777155649,2.7946721,2.719743567,2.777155649,2.7946721,0.0312591782,0.03125917814,0.21818312,0.229707991,0.188306675,0.6086579869,0.6013734181,0.6079270521,0.4290844001,0.4314600449,0.4384666251
5.94,2.719575664,2.777203489,2.79452229,2.719575664,2.777203489,2.79452229,0.03104142366,0.03104142361,0.2181965522,0.2297041639,0.1883186598,0.6085943772,0.6013914006,0.6078712611,0.4290172391,0.4314791806,0.438406701
5.96,2.719409141,2.777250269,2.794373716,2.719409141,2.777250269,2.794373716,0.03082555766,0.03082555761,0.218209874,0.2297004214,0.1883305457,0.6085312841,0.6014089847,0.6078159263,0.4289506298,0.4314978929,0.4383472717
5.98,2.719243984,2.777296007,2.794226368,2.719243984,2.777296007,2.794226368,0.03061155953,0.0306115595,0.2182230866,0.2296967624,0.1883423335,0.6084687031,0.6014261763,0.6077610435,0.4288845671,0.4315161879,0.4382883324
6,2.719080182,2.777340716,2.794080233,2.719080182,2.777340716,2.794080233,0.0303994089,0.03039940889,0.2182361908,0.2296931857,0.1883540243,0.6084066297,0.6014429808,0.6077066083,0.4288190462,0.4315340715,0.4382298784
6.02,2.718917722,2.777384411,2.7939353,2.718917722,2.777384411,2.7939353,0.03018908563,0.03018908564,0.2182491876,0.2296896901,0.188365619,0.6083450594,0.601459404,0.6076526165,0.4287540622,0.4315515496,0.438171905
6.04,2.718756592,2.777427107,2.793791556,2.718756592,2.777427107,2.793791556,0.02998056983,0.02998056986,0.2182620779,0.2296862744,0.1883771185,0.6082839877,0.6014754511,0.6075990638,0.4286896103,0.4315686279,0.4381144075
6.06,2.718596781,2.777468818,2.793648991,2.718596781,2.777468818,2.793648991,0.02977384187,0.02977384192,0.2182748629,0.2296829375,0.1883885237,0.6082234103,0.6014911277,0.6075459462,0.4286256857,0.4315853123,0.4380573815
6.08,2.718438276,2.777509558,2.793507593,2.718438276,2.777509558,2.793507593,0.02956888236,0.02956888243,0.2182875433,0.2296796783,0.1883998355,0.6081633229,0.6015064391,0.6074932595,0.4285622836,0.4316016083,0.4380008224
6.1,2.718281065,2.777549341,2.793367351,2.718281065,2.777549341,2.793367352,0.02936567214,0.02936567222,0.2183001201,0.2296764957,0.1884110549,0.608103721,0.6015213905,0.6074409997,0.4284993993,0.4316175216,0.4379447257
6.12,2.718125137,2.777588181,2.793228255,2.718125137,2.777588181,2.793228255,0.02916419231,0.0291641924,0.2183125943,0.2296733885,0.1884221826,0.6080446005,0.6015359871,0.6073891627,0.4284370283,0.4316330576,0.437889087
6.14,2.717970481,2.777626091,2.793090292,2.717970481,2.777626091,2.793090292,0.02896442418,0.02896442428,0.2183249668,0.2296703557,0.1884332196,0.607985957,0.6015502342,0.6073377445,0.4283751659,0.4316482217,0.437833902
6.16,2.717817086,2.777663086,2.792953452,2.717817086,2.777663086,2.792953453,0.02876634931,0.02876634942,0.2183372385,0.2296673961,0.1884441668,0.6079277864,0.6015641366,0.6072867412,0.4283138076,0.4316630195,0.4377791662
6.18,2.717664939,2.777699177,2.792817725,2.717664939,2.777699177,2.792817726,0.02856994949,0.0285699496,0.2183494102,0.2296645088,0.1884550249,0.6078700846,0.6015776996,0.6072361489,0.4282529488,0.4316774561,0.4377248754
6.2,2.717514029,2.777734379,2.7926831,2.717514029,2.777734379,2.792683101,0.02837520672,0.02837520683,0.218361483,0.2296616926,0.1884657949,0.6078128474,0.6015909279,0.6071859637,0.4281925851,0.4316915368,0.4376710253
6.22,2.717364347,2.777768704,2.792549567,2.717364347,2.777768704,2.792549567,0.02818210325,0.02818210334,0.2183734576,0.2296589466,0.1884764776,0.6077560707,0.6016038264,0.6071361818,0.4281327121,0.4317052668,0.4376176119
6.24,2.71721588,2.777802165,2.792417114,2.71721588,2.777802165,2.792417114,0.02799062152,0.02799062159,0.2183853349,0.2296562698,0.1884870738,0.6076997505,0.6016164001,0.6070867995,0.4280733253,0.4317186511,0.4375646308
6.26,2.717068618,2.777834774,2.792285732,2.717068618,2.777834774,2.792285732,0.02780074421,0.02780074426,0.2183971159,0.229653661,0.1884975844,0.6076438828,0.6016286536,0.6070378129,0.4280144205,0.4317316949,0.4375120781
6.28,2.71692255,2.777866545,2.792155411,2.71692255,2.777866545,2.792155411,0.0276124542,0.02761245423,0.2184088013,0.2296511194,0.1885080101,0.6075884637,0.6016405916,0.6069892184,0.4279559933,0.4317444031,0.4374599496
6.3,2.716777665,2.777897489,2.792026141,2.716777665,2.777897489,2.792026141,0.02742573459,0.0274257346,0.2184203921,0.2296486439,0.1885183517,0.6075334891,0.6016522187,0.6069410124,0.4278980395,0.4317567806,0.4374082414
6.32,2.716633954,2.777927618,2.791897911,2.716633954,2.777927618,2.791897911,0.02724056869,0.02724056869,0.218431889,0.2296462335,0.1885286101,0.6074789552,0.6016635396,0.6068931911,0.4278405548,0.4317688323,0.4373569495
6.34,2.716491404,2.777956944,2.791770712,2.716491404,2.777956944,2.791770712,0.02705694002,0.02705694001,0.218443293,0.2296438874,0.188538786,0.6074248581,0.6016745588,0.6068457511,0.4277835351,0.4317805629,0.4373060699
6.36,2.716350007,2.77798548,2.791644534,2.716350007,2.77798548,2.791644534,0.0268748323,0.02687483229,0.2184546047,0.2296416046,0.1885488803,0.6073711941,0.6016852806,0.6067986887,0.4277269763,0.4317919772,0.4372555987
6.38,2.716209752,2.778013237,2.791519367,2.716209752,2.778013237,2.791519367,0.02669422945,0.02669422945,0.2184658252,0.229639384,0.1885588936,0.6073179592,0.6016957096,0.6067520004,0.4276708742,0.4318030799,0.4372055321
6.4,2.716070629,2.778040226,2.791395203,2.716070629,2.778040226,2.791395203,0.02651511562,0.02651511561,0.218476955,0.2296372249,0.1885688267,0.6072651499,0.60170585,0.6067056829,0.4276152248,0.4318138755,0.4371558664
6.42,2.715932627,2.778066459,2.791272031,2.715932627,2.778066459,2.791272031,0.0263374751,0.02633747509,0.2184879952,0.2296351263,0.1885786805,0.6072127623,0.6017157061,0.6066597326,0.4275600241,0.4318243686,0.4371065977
6.44,2.715795737,2.778091946,2.791149843,2.715795737,2.778091946,2.791149843,0.02616129243,0.02616129242,0.2184989464,0.2296330873,0.1885884555,0.6071607928,0.6017252822,0.6066141461,0.427505268,0.4318345637,0.4370577223
6.46,2.715659948,2.7781167,2.791028628,2.715659948,2.7781167,2.791028628,0.02598655231,0.0259865523,0.2185098095,0.2296311069,0.1885981527,0.6071092377,0.6017345824,0.6065689201,0.4274509527,0.4318444653,0.4370092365
6.48,2.715525252,2.778140731,2.790908379,2.715525252,2.778140731,2.790908379,0.02581323963,0.02581323962,0.2185205852,0.2296291845,0.1886077727,0.6070580934,0.6017436108,0.6065240513,0.4273970742,0.4318540776,0.4369611367
6.5,2.715391638,2.77816405,2.790789085,2.715391638,2.77816405,2.790789085,0.02564133948,0.02564133947,0.2185312743,0.229627319,0.1886173162,0.6070073564,0.6017523716,0.6064795363,0.4273436287,0.4318634051,0.4369134192
6.52,2.715259097,2.778186667,2.790670739,2.715259097,2.778186667,2.790670739,0.02547083712,0.02547083712,0.2185418775,0.2296255096,0.1886267839,0.606957023,0.6017608687,0.6064353719,0.4272906123,0.431872452,0.4368660806
6.54,2.71512762,2.778208593,2.79055333,2.71512762,2.778208593,2.79055333,0.02530171802,0.02530171802,0.2185523958,0.2296237555,0.1886361766,0.6069070898,0.6017691062,0.6063915548,0.4272380212,0.4318812225,0.4368191172
6.56,2.714997196,2.778229839,2.790436851,2.714997196,2.778229839,2.790436851,0.02513396779,0.02513396779,0.2185628297,0.2296220558,0.1886454949,0.6068575533,0.6017770878,0.6063480819,0.4271858517,0.4318897208,0.4367725257
6.58,2.714867817,2.778250414,2.790321293,2.714867817,2.778250414,2.790321293,0.02496757225,0.02496757225,0.21857318,0.2296204098,0.1886547395,0.60680841,0.6017848176,0.60630495,0.4271341001,0.4318979509,0.4367263024
6.6,2.714739473,2.77827033,2.790206647,2.714739473,2.77827033,2.790206647,0.02480251738,0.02480251737,0.2185834475,0.2296188166,0.1886639112,0.6067596566,0.6017922992,0.606262156,0.4270827626,0.431905917,0.4366804441
6.62,2.714612156,2.778289595,2.790092905,2.714612156,2.778289595,2.790092905,0.02463878934,0.02463878933,0.2185936329,0.2296172754,0.1886730106,0.6067112895,0.6017995365,0.6062196968,0.4270318357,0.431913623,0.4366349472
6.64,2.714485856,2.778308219,2.789980058,2.714485856,2.778308219,2.789980058,0.02447637444,0.02447637443,0.2186037369,0.2296157854,0.1886820383,0.6066633055,0.6018065331,0.6061775692,0.4269813156,0.4319210728,0.4365898085
6.66,2.714360564,2.778326213,2.789868099,2.714360564,2.778326213,2.789868099,0.0243152592,0.02431525918,0.2186137602,0.2296143459,0.1886909951,0.6066157013,0.6018132928,0.6061357704,0.4269311988,0.4319282704,0.4365450247
6.68,2.714236271,2.778343586,2.789757018,2.714236271,2.778343586,2.789757018,0.02415543026,0.02415543024,0.2186237036,0.2296129561,0.1886998815,0.6065684735,0.6018198192,0.6060942972,0.4268814818,0.4319352196,0.4365005925
6.7,2.714112969,2.778360348,2.789646809,2.714112969,2.778360348,2.789646809,0.02399687446,0.02399687443,0.2186335678,0.2296116152,0.1887086983,0.6065216189,0.6018261158,0.6060531468,0.426832161,0.4319419242,0.4364565086
6.72,2.713990649,2.778376507,2.789537462,2.713990649,2.778376507,2.789537462,0.02383957878,0.02383957875,0.2186433534,0.2296103224,0.188717446,0.6064751343,0.6018321861,0.6060123161,0.426783233,0.431948388,0.4364127698
6.74,2.713869302,2.778392074,2.78942897,2.713869302,2.778392074,2.78942897,0.02368353037,0.02368353033,0.2186530611,0.2296090771,0.1887261254,0.6064290164,0.6018380337,0.6059718022,0.4267346943,0.4319546147,0.436369373
6.76,2.71374892,2.778407057,2.789321325,2.71374892,2.778407057,2.789321325,0.02352871654,0.02352871649,0.2186626917,0.2296078784,0.188734737,0.6063832621,0.601843662,0.6059316024,0.4266865414,0.4319606078,0.436326315
6.78,2.713629494,2.778421465,2.789214519,2.713629494,2.778421465,2.789214519,0.02337512474,0.02337512469,0.2186722458,0.2296067258,0.1887432815,0.6063378683,0.6018490743,0.6058917137,0.4266387711,0.431966371,0.4362835927
6.8,2.713511016,2.778435307,2.789108545,2.713511016,2.778435307,2.789108544,0.0232227426,0.02322274254,0.218681724,0.2296056184,0.1887517594,0.6062928317,0.6018542741,0.6058521333,0.4265913798,0.4319719079,0.436241203
6.82,2.713393478,2.778448592,2.789003394,2.713393478,2.778448592,2.789003394,0.02307155787,0.02307155781,0.2186911271,0.2296045556,0.1887601714,0.6062481494,0.6018592645,0.6058128584,0.4265443645,0.431977222,0.4361991429
6.84,2.713276871,2.778461329,2.78889906,2.713276871,2.778461329,2.78889906,0.02292155848,0.02292155842,0.2187004557,0.2296035366,0.1887685181,0.6062038182,0.6018640489,0.6057738863,0.4264977216,0.4319823168,0.4361574093
6.86,2.713161187,2.778473526,2.788795535,2.713161187,2.778473526,2.788795535,0.0227727325,0.02277273243,0.2187097104,0.2296025609,0.1887768001,0.6061598352,0.6018686305,0.6057352142,0.426451448,0.4319871956,0.4361159993
6.88,2.713046418,2.778485192,2.788692812,2.713046418,2.778485192,2.788692812,0.02262506812,0.02262506806,0.2187188919,0.2296016276,0.188785018,0.6061161973,0.6018730125,0.6056968395,0.4264055404,0.4319918618,0.43607491
6.9,2.712932556,2.778496334,2.788590883,2.712932556,2.778496334,2.788590883,0.02247855371,0.02247855365,0.2187280009,0.2296007362,0.1887931723,0.6060729016,0.601877198,0.6056587593,0.4263599957,0.4319963189,0.4360341384
6.92,2.712819593,2.778506962,2.788489741,2.712819593,2.778506962,2.788489741,0.02233317777,0.02233317771,0.2187370379,0.229599886,0.1888012637,0.6060299451,0.6018811901,0.6056209712,0.4263148107,0.43200057,0.4359936815
6.94,2.712707522,2.778517083,2.788389379,2.712707522,2.778517083,2.788389379,0.02218892892,0.02218892887,0.2187460036,0.2295990763,0.1888092927,0.6059873249,0.6018849918,0.6055834725,0.4262699822,0.4320046184,0.4359535367
6.96,2.712596334,2.778526705,2.78828979,2.712596334,2.778526705,2.78828979,0.02204579596,0.02204579591,0.2187548986,0.2295983065,0.1888172598,0.6059450381,0.6018886061,0.6055462605,0.4262255071,0.4320084673,0.435913701
6.98,2.712486023,2.778535837,2.788190966,2.712486022,2.778535837,2.788190966,0.02190376778,0.02190376775,0.2187637235,0.229597576,0.1888251657,0.6059030819,0.6018920361,0.6055093327,0.4261813824,0.4320121199,0.4358741716
7,2.712376579,2.778544485,2.788092902,2.712376579,2.778544485,2.788092902,0.02176283344,0.02176283342,0.218772479,0.2295968841,0.1888330108,0.6058614533,0.6018952846,0.6054726866,0.4261376049,0.4320155793,0.4358349458
7.02,2.712267996,2.778552659,2.787995589,2.712267996,2.778552659,2.787995589,0.02162298212,0.02162298211,0.2187811656,0.2295962303,0.1888407958,0.6058201496,0.6018983546,0.6054363197,0.4260941718,0.4320188486,0.4357960209
7.04,2.712160266,2.778560364,2.787899022,2.712160266,2.778560364,2.787899022,0.02148420313,0.02148420313,0.218789784,0.2295956138,0.1888485212,0.605779168,0.6019012489,0.6054002294,0.4260510799,0.4320219308,0.435757394
7.06,2.712053382,2.778567609,2.787803194,2.712053382,2.778567609,2.787803194,0.02134648591,0.02134648593,0.2187983347,0.2295950342,0.1888561875,0.6057385057,0.6019039704,0.6053644132,0.4260083263,0.4320248289,0.4357190626
7.08,2.711947337,2.778574402,2.787708097,2.711947337,2.778574402,2.787708097,0.02120982004,0.02120982007,0.2188068184,0.2295944908,0.1888637952,0.6056981601,0.6019065217,0.6053288689,0.4259659081,0.4320275459,0.4356810239
7.1,2.711842123,2.778580749,2.787613726,2.711842123,2.778580749,2.787613726,0.0210741952,0.02107419525,0.2188152355,0.2295939831,0.1888713449,0.6056581283,0.6019089057,0.6052935938,0.4259238224,0.4320300847,0.4356432754
7.12,2.711737732,2.778586657,2.787520073,2.711737732,2.778586657,2.787520073,0.02093960123,0.02093960128,0.2188235868,0.2295935104,0.1888788371,0.6056184077,0.6019111251,0.6052585858,0.4258820662,0.4320324481,0.4356058144
7.14,2.711634159,2.778592135,2.787427133,2.711634159,2.778592135,2.787427133,0.02080602806,0.02080602812,0.2188318726,0.2295930722,0.1888862723,0.6055789956,0.6019131825,0.6052238422,0.4258406368,0.4320346392,0.4355686384
7.16,2.711531395,2.778597188,2.787334899,2.711531395,2.778597188,2.787334899,0.02067346575,0.02067346583,0.2188400937,0.2295926679,0.188893651,0.6055398894,0.6019150806,0.6051893609,0.4257995313,0.4320366605,0.4355317448
7.18,2.711429434,2.778601824,2.787243365,2.711429434,2.778601824,2.787243365,0.0205419045,0.02054190458,0.2188482506,0.229592297,0.1889009738,0.6055010865,0.6019168219,0.6051551396,0.4257587469,0.4320385149,0.4354951311
7.2,2.711328269,2.77860605,2.787152524,2.711328269,2.77860605,2.787152524,0.02041133461,0.02041133469,0.2188563438,0.229591959,0.188908241,0.6054625843,0.6019184091,0.6051211758,0.4257182808,0.4320402052,0.4354587948
7.22,2.711227892,2.778609872,2.787062371,2.711227892,2.778609872,2.787062371,0.0202817465,0.02028174658,0.2188643739,0.2295916532,0.1889154533,0.6054243802,0.6019198447,0.6050874674,0.4256781303,0.432041734,0.4354227334
7.24,2.711128298,2.778613297,2.786972898,2.711128298,2.778613297,2.786972898,0.02015313069,0.02015313077,0.2188723415,0.2295913792,0.1889226111,0.6053864717,0.6019211312,0.6050540121,0.4256382926,0.4320431041,0.4353869445
7.26,2.711029479,2.778616332,2.786884101,2.711029479,2.778616332,2.786884101,0.02002547784,0.02002547791,0.218880247,0.2295911364,0.1889297149,0.6053488563,0.601922271,0.6050208076,0.4255987651,0.4320443179,0.4353514256
7.28,2.710931429,2.778618983,2.786795973,2.710931429,2.778618982,2.786795973,0.01989877871,0.01989877877,0.218888091,0.2295909244,0.1889367651,0.6053115314,0.6019232666,0.6049878518,0.425559545,0.4320453782,0.4353161744
7.3,2.710834141,2.778621256,2.786708508,2.710834141,2.778621256,2.786708508,0.01977302417,0.01977302421,0.218895874,0.2295907425,0.1889437623,0.6052744947,0.6019241204,0.6049551425,0.4255206298,0.4320462874,0.4352811885
7.32,2.710737609,2.778623158,2.786621701,2.710737609,2.778623158,2.786621701,0.01964820519,0.01964820522,0.2189035966,0.2295905904,0.1889507069,0.6052377435,0.6019248347,0.6049226775,0.4254820168,0.4320470482,0.4352464655
7.34,2.710641825,2.778624694,2.786535545,2.710641825,2.778624694,2.786535545,0.01952431286,0.01952431288,0.2189112593,0.2295904674,0.1889575994,0.6052012756,0.601925412,0.6048904547,0.4254437034,0.4320476629,0.4352120032
7.36,2.710546784,2.778625872,2.786450035,2.710546784,2.778625872,2.786450035,0.01940133838,0.01940133838,0.2189188626,0.2295903732,0.1889644402,0.6051650885,0.6019258545,0.604858472,0.425405687,0.4320481342,0.4351777991
7.38,2.710452479,2.778626698,2.786365165,2.710452479,2.778626698,2.786365165,0.01927927303,0.01927927303,0.218926407,0.2295903072,0.1889712298,0.6051291798,0.6019261644,0.6048267272,0.425367965,0.4320484642,0.4351438511
7.4,2.710358904,2.778627176,2.786280929,2.710358904,2.778627176,2.786280929,0.01915810822,0.01915810822,0.218933893,0.2295902689,0.1889779686,0.6050935471,0.6019263441,0.6047952183,0.4253305351,0.4320486556,0.4351101569
7.42,2.710266053,2.778627314,2.786197323,2.710266053,2.778627314,2.786197323,0.01903783546,0.01903783545,0.2189413211,0.2295902579,0.1889846572,0.6050581882,0.6019263958,0.6047639432,0.4252933945,0.4320487106,0.4350767142
7.44,2.710173919,2.778627116,2.786114339,2.710173919,2.778627116,2.786114339,0.01891844635,0.01891844634,0.2189486918,0.2295902737,0.1889912958,0.6050231007,0.6019263216,0.6047329,0.425256541,0.4320486316,0.4350435209
7.46,2.710082496,2.778626589,2.786031974,2.710082496,2.778626589,2.786031974,0.01879993259,0.01879993259,0.2189560056,0.2295903158,0.188997885,0.6049882822,0.6019261237,0.6047020865,0.4252199719,0.4320484208,0.4350105748
7.48,2.709991779,2.778625739,2.785950221,2.709991779,2.778625739,2.785950221,0.018682286,0.01868228599,0.218963263,0.2295903839,0.1890044253,0.6049537306,0.6019258042,0.6046715008,0.4251836849,0.4320480806,0.4349778736
7.5,2.709901761,2.77862457,2.785869075,2.709901761,2.77862457,2.785869075,0.01856549846,0.01856549845,0.2189704645,0.2295904774,0.1890109169,0.6049194436,0.6019253652,0.604641141,0.4251476776,0.4320476131,0.4349454153
7.52,2.709812436,2.778623089,2.785788532,2.709812435,2.778623089,2.785788532,0.01844956197,0.01844956196,0.2189776105,0.2295905959,0.1890173604,0.6048854189,0.6019248089,0.6046110051,0.4251119476,0.4320470206,0.4349131978
7.54,2.709723798,2.7786213,2.785708584,2.709723798,2.7786213,2.785708584,0.01833446862,0.01833446861,0.2189847015,0.2295907389,0.1890237562,0.6048516543,0.6019241372,0.604581091,0.4250764924,0.4320463053,0.4348812189
7.56,2.709635841,2.77861921,2.785629228,2.709635841,2.77861921,2.785629228,0.01822021059,0.01822021058,0.218991738,0.2295909062,0.1890301047,0.6048181477,0.6019233521,0.6045513971,0.4250413098,0.4320454692,0.4348494765
7.58,2.70954856,2.778616824,2.785550459,2.70954856,2.778616824,2.785550459,0.01810678015,0.01810678015,0.2189987205,0.2295910971,0.1890364063,0.6047848967,0.6019224557,0.6045219212,0.4250063975,0.4320445146,0.4348179687
7.6,2.709461949,2.778614146,2.78547227,2.709461949,2.778614146,2.78547227,0.01799416967,0.01799416967,0.2190056494,0.2295913113,0.1890426613,0.6047518994,0.6019214499,0.6044926616,0.424971753,0.4320434435,0.4347866933
7.62,2.709376002,2.778611182,2.785394658,2.709376002,2.778611182,2.785394658,0.0178823716,0.0178823716,0.2190125252,0.2295915484,0.1890488703,0.6047191535,0.6019203367,0.6044636164,0.4249373742,0.432042258,0.4347556485
7.64,2.709290714,2.778607937,2.785317617,2.709290714,2.778607937,2.785317617,0.01777137849,0.01777137848,0.2190193482,0.229591808,0.1890550336,0.604686657,0.6019191179,0.6044347837,0.4249032589,0.43204096,0.434724832
7.66,2.709206078,2.778604416,2.785241142,2.709206078,2.778604416,2.785241142,0.01766118295,0.01766118295,0.2190261191,0.2295920897,0.1890611516,0.6046544077,0.6019177955,0.6044061618,0.4248694046,0.4320395517,0.4346942421
7.68,2.70912209,2.778600625,2.785165229,2.70912209,2.778600625,2.785165229,0.01755177771,0.0175517777,0.2190328381,0.229592393,0.1890672247,0.6046224035,0.6019163712,0.6043777489,0.4248358093,0.432038035,0.4346638767
7.7,2.709038743,2.778596567,2.785089872,2.709038743,2.778596567,2.785089872,0.01744315556,0.01744315555,0.2190395058,0.2295927176,0.1890732532,0.6045906425,0.601914847,0.604349543,0.4248024708,0.4320364118,0.4346337339
7.72,2.708956033,2.778592247,2.785015067,2.708956033,2.778592247,2.785015067,0.01733530939,0.01733530938,0.2190461226,0.2295930632,0.1890792376,0.6045591225,0.6019132247,0.6043215426,0.4247693868,0.4320346841,0.4346038118
7.74,2.708873954,2.778587672,2.784940808,2.708873954,2.778587672,2.784940808,0.01722823216,0.01722823214,0.219052689,0.2295934292,0.1890851783,0.6045278416,0.601911506,0.6042937458,0.4247365552,0.4320328538,0.4345741084
7.76,2.708792501,2.778582844,2.784867092,2.708792501,2.778582844,2.784867092,0.01712191691,0.01712191689,0.2190592052,0.2295938155,0.1890910756,0.6044967977,0.6019096926,0.6042661509,0.4247039738,0.4320309227,0.434544622
7.78,2.708711668,2.778577769,2.784793914,2.708711668,2.778577769,2.784793914,0.01701635678,0.01701635676,0.2190656719,0.2295942215,0.1890969299,0.6044659889,0.6019077864,0.6042387561,0.4246716406,0.4320288927,0.4345153507
7.8,2.70863145,2.778572451,2.784721268,2.70863145,2.778572451,2.784721268,0.01691154496,0.01691154494,0.2190720893,0.2295946469,0.1891027415,0.6044354131,0.6019057891,0.6042115599,0.4246395535,0.4320267657,0.4344862925
7.82,2.708551842,2.778566895,2.784649152,2.708551842,2.778566896,2.784649152,0.01680747475,0.01680747472,0.2190784579,0.2295950913,0.1891085108,0.6044050685,0.6019037022,0.6041845605,0.4246077103,0.4320245433,0.4344574458
7.84,2.708472839,2.778561106,2.784577559,2.708472839,2.778561106,2.784577559,0.0167041395,0.01670413947,0.2190847782,0.2295955545,0.1891142383,0.604374953,0.6019015276,0.6041577561,0.4245761091,0.4320222275,0.4344288086
7.86,2.708394436,2.778555087,2.784506485,2.708394436,2.778555087,2.784506485,0.01660153265,0.01660153262,0.2190910505,0.229596036,0.1891199241,0.6043450649,0.6018992668,0.6041311453,0.4245447477,0.4320198199,0.4344003793
7.88,2.708316627,2.778548843,2.784435927,2.708316627,2.778548843,2.784435927,0.01649964772,0.01649964768,0.2190972752,0.2295965355,0.1891255688,0.6043154022,0.6018969214,0.6041047264,0.4245136241,0.4320173223,0.4343721559
7.9,2.708239408,2.778542378,2.784365879,2.708239408,2.778542378,2.784365879,0.01639847828,0.01639847823,0.2191034527,0.2295970527,0.1891311726,0.6042859629,0.6018944931,0.6040784976,0.4244827365,0.4320147364,0.4343441369
7.92,2.708162773,2.778535697,2.784296338,2.708162773,2.778535697,2.784296338,0.016298018,0.01629801795,0.2191095835,0.2295975872,0.1891367359,0.6042567453,0.6018919835,0.6040524575,0.4244520826,0.4320120638,0.4343163204
7.94,2.708086718,2.778528803,2.784227299,2.708086718,2.778528803,2.784227299,0.01619826061,0.01619826056,0.2191156679,0.2295981387,0.1891422591,0.6042277475,0.601889394,0.6040266045,0.4244216607,0.4320093063,0.4342887047
7.96,2.708011238,2.778521701,2.784158758,2.708011238,2.778521701,2.784158758,0.01609919991,0.01609919986,0.2191217063,0.2295987069,0.1891477424,0.6041989677,0.6018867262,0.6040009369,0.4243914687,0.4320064654,0.4342612882
7.98,2.707936328,2.778514394,2.78409071,2.707936328,2.778514394,2.78409071,0.01600082977,0.01600082973,0.2191276991,0.2295992915,0.1891531862,0.604170404,0.6018839817,0.6039754533,0.4243615047,0.4320035427,0.4342340691
8,2.707861984,2.778506887,2.784023152,2.707861984,2.778506887,2.784023152,0.01590314415,0.01590314411,0.2191336466,0.229599892,0.1891585908,0.6041420547,0.6018811618,0.603950152,0.4243317669,0.4320005399,0.4342070459
8.02,2.7077882,2.778499183,2.783956079,2.7077882,2.778499184,2.783956079,0.01580613704,0.015806137,0.2191395494,0.2296005083,0.1891639567,0.604113918,0.6018782682,0.6039250316,0.4243022532,0.4319974585,0.4341802167
8.04,2.707714971,2.778491287,2.783889487,2.707714971,2.778491287,2.783889487,0.01570980254,0.0157098025,0.2191454076,0.22960114,0.189169284,0.6040859921,0.6018753022,0.6039000906,0.4242729619,0.4319943001,0.4341535801
8.06,2.707642294,2.778483203,2.783823373,2.707642294,2.778483203,2.783823373,0.01561413477,0.01561413474,0.2191512218,0.2296017868,0.1891745731,0.6040582753,0.6018722653,0.6038753274,0.424243891,0.4319910662,0.4341271343
8.08,2.707570163,2.778474933,2.783757732,2.707570163,2.778474933,2.783757732,0.01551912796,0.01551912794,0.2191569922,0.2296024484,0.1891798244,0.6040307658,0.6018691589,0.6038507406,0.4242150388,0.4319877582,0.4341008778
8.1,2.707498575,2.778466481,2.78369256,2.707498575,2.778466481,2.78369256,0.01542477638,0.01542477637,0.2191627193,0.2296031245,0.1891850382,0.6040034619,0.6018659844,0.6038263287,0.4241864033,0.4319843777,0.434074809
8.12,2.707427524,2.778457853,2.783627853,2.707427524,2.778457853,2.783627853,0.01533107437,0.01533107437,0.2191684034,0.2296038148,0.1891902147,0.6039763619,0.601862743,0.6038020902,0.4241579828,0.4319809262,0.4340489264
8.14,2.707357006,2.77844905,2.783563608,2.707357006,2.77844905,2.783563608,0.01523801634,0.01523801634,0.2191740449,0.229604519,0.1891953543,0.6039494642,0.6018594363,0.6037780238,0.4241297756,0.431977405,0.4340232283
8.16,2.707287016,2.778440076,2.78349982,2.707287016,2.778440076,2.78349982,0.01514559674,0.01514559676,0.2191796441,0.2296052369,0.1892004574,0.603922767,0.6018560655,0.603754128,0.4241017797,0.4319738156,0.4339977132
8.18,2.70721755,2.778430936,2.783436486,2.70721755,2.778430935,2.783436486,0.01505381012,0.01505381014,0.2191852013,0.2296059681,0.1892055241,0.6038962687,0.601852632,0.6037304013,0.4240739935,0.4319701594,0.4339723797
8.2,2.707148605,2.778421631,2.783373603,2.707148605,2.778421631,2.783373603,0.01496265104,0.01496265107,0.2191907169,0.2296067125,0.1892105548,0.6038699677,0.601849137,0.6037068424,0.4240464153,0.4319664377,0.4339472262
8.22,2.707080174,2.778412167,2.783311165,2.707080175,2.778412167,2.783311165,0.01487211417,0.01487211421,0.2191961914,0.2296074696,0.1892155498,0.6038438623,0.6018455818,0.60368345,0.4240190432,0.431962652,0.4339222511
8.24,2.707012255,2.778402546,2.78324917,2.707012255,2.778402546,2.78324917,0.01478219422,0.01478219427,0.2192016249,0.2296082393,0.1892205094,0.603817951,0.6018419676,0.6036602225,0.4239918755,0.4319588036,0.4338974531
8.26,2.706944843,2.778392771,2.783187614,2.706944843,2.778392771,2.783187614,0.01469288594,0.01469288599,0.2192070179,0.2296090213,0.1892254339,0.6037922321,0.6018382958,0.6036371588,0.4239649107,0.4319548937,0.4338728307
8.28,2.706877934,2.778382847,2.783126493,2.706877934,2.778382846,2.783126493,0.01460418416,0.01460418421,0.2192123706,0.2296098152,0.1892303235,0.603766704,0.6018345676,0.6036142574,0.4239381469,0.4319509238,0.4338483823
8.3,2.706811523,2.778372775,2.783065804,2.706811523,2.778372775,2.783065804,0.01451608376,0.01451608382,0.2192176835,0.229610621,0.1892351787,0.6037413652,0.601830784,0.603591517,0.4239115825,0.431946895,0.4338241067
8.32,2.706745606,2.778362559,2.783005543,2.706745607,2.778362559,2.783005543,0.01442857967,0.01442857973,0.2192229568,0.2296114383,0.1892399996,0.6037162141,0.6018269465,0.6035689362,0.4238852159,0.4319428087,0.4338000022
8.34,2.70668018,2.778352202,2.782945706,2.70668018,2.778352202,2.782945706,0.0143416669,0.01434166695,0.2192281909,0.2296122668,0.1892447865,0.6036912492,0.601823056,0.6035465139,0.4238590455,0.4319386662,0.4337760677
8.36,2.70661524,2.778341708,2.782886291,2.706615241,2.778341708,2.782886291,0.01425534047,0.01425534053,0.2192333861,0.2296131063,0.1892495397,0.6036664689,0.6018191138,0.6035242486,0.4238330695,0.4319344685,0.4337523015
8.38,2.706550783,2.77833108,2.782827293,2.706550783,2.778331079,2.782827293,0.0141695955,0.01416959555,0.2192385427,0.2296139566,0.1892542595,0.6036418718,0.601815121,0.6035021392,0.4238072865,0.431930217,0.4337287024
8.4,2.706486804,2.778320319,2.78276871,2.706486804,2.778320319,2.78276871,0.01408442714,0.01408442718,0.219243661,0.2296148174,0.1892589462,0.6036174563,0.6018110787,0.6034801843,0.4237816948,0.4319259128,0.433705269
8.42,2.706423298,2.77830943,2.782710537,2.706423299,2.77830943,2.782710537,0.01399983058,0.01399983062,0.2192487414,0.2296156886,0.1892636,0.603593221,0.6018069881,0.6034583826,0.4237562928,0.4319215572,0.4336819999
8.44,2.706360264,2.778298415,2.782652772,2.706360264,2.778298415,2.782652772,0.0139158011,0.01391580112,0.2192537842,0.2296165697,0.1892682212,0.6035691644,0.6018028502,0.603436733,0.4237310789,0.4319171513,0.4336588938
8.46,2.706297696,2.778287278,2.782595411,2.706297696,2.778287278,2.782595411,0.01383233399,0.013832334,0.2192587897,0.2296174608,0.1892728101,0.6035452849,0.6017986661,0.6034152342,0.4237060517,0.4319126962,0.4336359494
8.48,2.706235591,2.77827602,2.78253845,2.706235591,2.77827602,2.78253845,0.01374942462,0.01374942462,0.2192637581,0.2296183614,0.1892773669,0.6035215813,0.6017944369,0.603393885,0.4236812096,0.4319081931,0.4336131653
8.5,2.706173944,2.778264645,2.782481888,2.706173944,2.778264645,2.782481888,0.01366706838,0.01366706838,0.2192686898,0.2296192714,0.189281892,0.6034980519,0.6017901636,0.6033726841,0.423656551,0.4319036431,0.4335905402
8.52,2.706112753,2.778253155,2.782425719,2.706112753,2.778253155,2.782425719,0.01358526075,0.01358526074,0.2192735851,0.2296201905,0.1892863854,0.6034746955,0.6017858473,0.6033516304,0.4236320744,0.4318990473,0.4335680729
8.54,2.706052013,2.778241554,2.782369942,2.706052013,2.778241554,2.782369942,0.01350399722,0.01350399721,0.2192784443,0.2296211186,0.1892908476,0.6034515106,0.6017814889,0.6033307227,0.4236077785,0.4318944068,0.433545762
8.56,2.70599172,2.778229844,2.782314553,2.70599172,2.778229844,2.782314553,0.01342327335,0.01342327335,0.2192832677,0.2296220555,0.1892952787,0.6034284958,0.6017770895,0.6033099598,0.4235836616,0.4318897226,0.4335236063
8.58,2.705931872,2.778218027,2.782259548,2.705931872,2.778218027,2.782259548,0.01334308475,0.01334308475,0.2192880556,0.2296230008,0.1892996791,0.6034056498,0.6017726501,0.6032893406,0.4235597222,0.4318849958,0.4335016045
8.6,2.705872464,2.778206106,2.782204926,2.705872464,2.778206106,2.782204926,0.01326342707,0.01326342707,0.2192928082,0.2296239545,0.1893040489,0.6033829711,0.6017681715,0.6032688638,0.4235359591,0.4318802274,0.4334797554
8.62,2.705813493,2.778194083,2.782150682,2.705813493,2.778194083,2.782150682,0.01318429599,0.01318429599,0.2192975259,0.2296249163,0.1893083884,0.6033604583,0.6017636549,0.6032485284,0.4235123706,0.4318754185,0.4334580578
8.64,2.705754955,2.778181962,2.782096813,2.705754955,2.778181962,2.782096813,0.01310568727,0.01310568726,0.2193022089,0.229625886,0.1893126979,0.6033381103,0.6017591011,0.6032283332,0.4234889555,0.43187057,0.4334365104
8.66,2.705696847,2.778169745,2.782043317,2.705696847,2.778169745,2.782043317,0.01302759668,0.01302759667,0.2193068576,0.2296268634,0.1893169776,0.6033159255,0.6017545111,0.6032082771,0.4234657122,0.431865683,0.433415112
8.68,2.705639165,2.778157433,2.781990191,2.705639165,2.778157433,2.781990191,0.01295002005,0.01295002005,0.2193114721,0.2296278483,0.1893212277,0.6032939027,0.6017498857,0.603188359,0.4234426393,0.4318607584,0.4333938615
8.7,2.705581906,2.77814503,2.781937431,2.705581906,2.77814503,2.781937431,0.01287295326,0.01287295326,0.2193160529,0.2296288406,0.1893254485,0.6032720406,0.6017452259,0.6031685777,0.4234197356,0.4318557972,0.4333727575
8.72,2.705525065,2.778132538,2.781885035,2.705525065,2.778132538,2.781885035,0.01279639222,0.01279639222,0.2193206001,0.2296298399,0.1893296402,0.6032503379,0.6017405326,0.6031489323,0.4233969995,0.4318508003,0.4333517991
8.74,2.705468641,2.778119959,2.781832999,2.705468641,2.778119959,2.781832999,0.0127203329,0.0127203329,0.219325114,0.2296308463,0.189333803,0.6032287933,0.6017358066,0.6031294216,0.4233744298,0.4318457687,0.4333309849
8.76,2.705412629,2.778107295,2.781781322,2.705412629,2.778107295,2.781781322,0.01264477129,0.01264477129,0.219329595,0.2296318593,0.1893379372,0.6032074055,0.6017310489,0.6031100445,0.423352025,0.4318407033,0.4333103139
8.78,2.705357026,2.77809455,2.781729999,2.705357026,2.77809455,2.781729999,0.01256970344,0.01256970344,0.2193340432,0.229632879,0.189342043,0.6031861732,0.6017262602,0.6030908,0.4233297838,0.431835605,0.4332897849
8.8,2.705301829,2.778081724,2.781679029,2.705301829,2.778081724,2.781679029,0.01249512543,0.01249512543,0.219338459,0.2296339051,0.1893461206,0.6031650952,0.6017214415,0.603071687,0.423307705,0.4318304747,0.4332693968
8.82,2.705247034,2.77806882,2.781628408,2.705247034,2.77806882,2.781628408,0.01242103339,0.01242103338,0.2193428426,0.2296349373,0.1893501703,0.6031441703,0.6017165934,0.6030527045,0.4232857871,0.4318253133,0.4332491484
8.84,2.705192639,2.778055841,2.781578134,2.705192639,2.778055841,2.781578134,0.01234742347,0.01234742347,0.2193471942,0.2296359757,0.1893541923,0.6031233972,0.6017117169,0.6030338515,0.423264029,0.4318201216,0.4332290387
8.86,2.70513864,2.778042788,2.781528203,2.70513864,2.778042788,2.781528203,0.01227429189,0.01227429188,0.2193515142,0.2296370199,0.1893581867,0.6031027747,0.6017068128,0.6030151269,0.4232424292,0.4318149005,0.4332090665
8.88,2.705085033,2.778029664,2.781478614,2.705085033,2.778029664,2.781478614,0.01220163488,0.01220163487,0.2193558027,0.2296380698,0.1893621539,0.6030823015,0.6017018818,0.6029965298,0.4232209865,0.4318096509,0.4331892307
8.9,2.705031816,2.778016471,2.781429363,2.705031816,2.778016471,2.781429363,0.01212944873,0.01212944872,0.2193600601,0.2296391253,0.1893660939,0.6030619766,0.6016969247,0.6029780591,0.4231996996,0.4318043735,0.4331695303
8.92,2.704978985,2.77800321,2.781380448,2.704978985,2.77800321,2.781380448,0.01205772976,0.01205772974,0.2193642865,0.2296401861,0.1893700072,0.6030417986,0.6016919424,0.6029597138,0.4231785674,0.4317990693,0.4331499642
8.94,2.704926538,2.777989884,2.781331866,2.704926538,2.777989884,2.781331866,0.01198647431,0.0119864743,0.2193684823,0.2296412522,0.1893738937,0.6030217665,0.6016869354,0.602941493,0.4231575884,0.4317937389,0.4331305314
8.96,2.70487447,2.777976495,2.781283614,2.70487447,2.777976495,2.781283614,0.0119156788,0.01191567878,0.2193726477,0.2296423234,0.1893777539,0.603001879,0.6016819047,0.6029233956,0.4231367615,0.4317883832,0.4331112307
8.98,2.70482278,2.777963045,2.78123569,2.70482278,2.777963045,2.78123569,0.01184533964,0.01184533961,0.2193767829,0.2296433994,0.1893815878,0.602982135,0.6016768509,0.6029054208,0.4231160855,0.431783003,0.4330920612
9,2.704771464,2.777949535,2.781188092,2.704771464,2.777949535,2.781188092,0.0117754533,0.01177545327,0.2193808882,0.2296444802,0.1893853956,0.6029625333,0.6016717747,0.6028875675,0.4230955592,0.4317775991,0.4330730218
9.02,2.70472052,2.777935967,2.781140816,2.70472052,2.777935967,2.781140816,0.01170601628,0.01170601625,0.2193849638,0.2296455656,0.1893891777,0.6029430728,0.6016666769,0.6028698348,0.4230751812,0.4317721721,0.4330541115
9.04,2.704669943,2.777922344,2.78109386,2.704669943,2.777922344,2.78109386,0.01163702512,0.01163702509,0.2193890099,0.2296466554,0.1893929341,0.6029237524,0.6016615581,0.6028522217,0.4230549506,0.4317667229,0.4330353293
9.06,2.704619731,2.777908667,2.781047223,2.704619731,2.777908668,2.781047222,0.0115684764,0.01156847637,0.2193930268,0.2296477496,0.1893966652,0.6029045709,0.6016564191,0.6028347274,0.4230348659,0.4317612521,0.4330166742
9.08,2.704569882,2.777894939,2.7810009,2.704569882,2.777894939,2.7810009,0.01150036671,0.01150036668,0.2193970148,0.2296488479,0.189400371,0.6028855273,0.6016512606,0.6028173509,0.4230149262,0.4317557606,0.4329981451
9.1,2.704520392,2.77788116,2.78095489,2.704520392,2.77788116,2.78095489,0.0114326927,0.01143269267,0.219400974,0.2296499502,0.1894040518,0.6028666204,0.6016460831,0.6028000913,0.4229951302,0.431750249,0.4329797412
9.12,2.704471259,2.777867332,2.780909191,2.704471258,2.777867332,2.78090919,0.01136545104,0.01136545101,0.2194049046,0.2296510564,0.1894077077,0.6028478492,0.6016408874,0.6027829477,0.4229754768,0.431744718,0.4329614614
9.14,2.704422479,2.777853458,2.780863799,2.704422478,2.777853458,2.780863799,0.01129863844,0.01129863841,0.219408807,0.2296521663,0.1894113391,0.6028292126,0.601635674,0.6027659192,0.4229559648,0.4317391683,0.4329433047
9.16,2.704374049,2.777839539,2.780818713,2.704374049,2.777839539,2.780818713,0.01123225164,0.0112322516,0.2194126814,0.2296532799,0.1894149459,0.6028107094,0.6016304438,0.6027490049,0.4229365931,0.4317336006,0.4329252703
9.18,2.704325968,2.777825576,2.78077393,2.704325968,2.777825576,2.78077393,0.0111662874,0.01116628736,0.2194165279,0.2296543969,0.1894185286,0.6027923388,0.6016251972,0.6027322039,0.4229173606,0.4317280156,0.4329073571
9.2,2.704278232,2.777811572,2.780729448,2.704278232,2.777811572,2.780729448,0.01110074252,0.01110074249,0.2194203468,0.2296555172,0.1894220872,0.6027740995,0.6016199349,0.6027155153,0.4228982661,0.4317224139,0.4328895642
9.22,2.704230838,2.777797528,2.780685264,2.704230838,2.777797528,2.780685264,0.01103561386,0.01103561383,0.2194241383,0.2296566408,0.1894256219,0.6027559905,0.6016146575,0.6026989384,0.4228793086,0.4317167962,0.4328718907
9.24,2.704183784,2.777783445,2.780641376,2.704183784,2.777783445,2.780641376,0.01097089826,0.01097089824,0.2194279026,0.2296577674,0.1894291329,0.6027380109,0.6016093656,0.6026824721,0.422860487,0.4317111631,0.4328543357
9.26,2.704137067,2.777769325,2.780597783,2.704137067,2.777769325,2.780597783,0.01090659263,0.01090659261,0.21943164,0.229658897,0.1894326204,0.6027201596,0.6016040598,0.6026661158,0.4228418002,0.4317055152,0.4328368982
9.28,2.704090684,2.77775517,2.780554481,2.704090684,2.77775517,2.780554481,0.01084269388,0.01084269387,0.2194353506,0.2296600294,0.1894360845,0.6027024355,0.6015987407,0.6026498684,0.4228232471,0.4316998532,0.4328195774
9.3,2.704044633,2.777740981,2.780511468,2.704044633,2.777740981,2.780511468,0.01077919899,0.01077919898,0.2194390347,0.2296611645,0.1894395255,0.6026848377,0.6015934089,0.6026337293,0.4228048266,0.4316941777,0.4328023723
9.32,2.703998911,2.77772676,2.780468742,2.703998911,2.77772676,2.780468742,0.01071610493,0.01071610493,0.2194426925,0.2296623022,0.1894429436,0.6026673652,0.6015880648,0.6026176975,0.4227865377,0.4316884892,0.4327852821
9.34,2.703953515,2.777712508,2.780426302,2.703953515,2.777712508,2.780426302,0.01065340871,0.01065340872,0.2194463241,0.2296634423,0.1894463388,0.602650017,0.6015827091,0.6026017723,0.4227683794,0.4316827884,0.4327683058
9.36,2.703908443,2.777698227,2.780384144,2.703908443,2.777698227,2.780384144,0.01059110739,0.0105911074,0.2194499299,0.2296645848,0.1894497115,0.602632792,0.6015773424,0.6025859529,0.4227503506,0.4316770759,0.4327514427
9.38,2.703863692,2.777683918,2.780342266,2.703863692,2.777683917,2.780342267,0.01052919803,0.01052919805,0.2194535099,0.2296657296,0.1894530616,0.6026156894,0.6015719651,0.6025702383,0.4227324503,0.4316713522,0.4327346918
9.4,2.70381926,2.777669582,2.780300668,2.70381926,2.777669582,2.780300668,0.01046767773,0.01046767776,0.2194570645,0.2296668764,0.1894563896,0.6025987082,0.6015665778,0.6025546279,0.4227146775,0.4316656178,0.4327180522
9.42,2.703775144,2.777655221,2.780259345,2.703775144,2.777655221,2.780259345,0.01040654363,0.01040654366,0.2194605938,0.2296680253,0.1894596954,0.6025818474,0.6015611809,0.6025391209,0.4226970311,0.4316598734,0.4327015232
9.44,2.703731342,2.777640836,2.780218297,2.703731342,2.777640836,2.780218297,0.01034579287,0.01034579291,0.219464098,0.2296691761,0.1894629792,0.6025651061,0.6015557751,0.6025237164,0.4226795102,0.4316541195,0.4326851039
9.46,2.703687851,2.777626429,2.780177521,2.703687851,2.777626428,2.780177521,0.01028542264,0.01028542268,0.2194675773,0.2296703287,0.1894662413,0.6025484833,0.6015503608,0.6025084137,0.4226621137,0.4316483566,0.4326687934
9.48,2.703644669,2.777612,2.780137014,2.703644669,2.777612,2.780137015,0.01022543014,0.01022543019,0.2194710318,0.229671483,0.1894694818,0.602531978,0.6015449386,0.602493212,0.4226448408,0.4316425852,0.4326525909
9.5,2.703601792,2.777597552,2.780096776,2.703601792,2.777597552,2.780096776,0.01016581262,0.01016581267,0.2194744619,0.2296726388,0.1894727009,0.6025155895,0.6015395088,0.6024781106,0.4226276903,0.4316368059,0.4326364957
9.52,2.70355922,2.777583085,2.780056804,2.70355922,2.777583085,2.780056804,0.01010656734,0.01010656738,0.2194778677,0.2296737962,0.1894758986,0.6024993167,0.601534072,0.6024631086,0.4226106614,0.4316310192,0.4326205068
9.54,2.703516949,2.777568601,2.780017096,2.703516949,2.777568601,2.780017096,0.01004769157,0.01004769162,0.2194812494,0.2296749549,0.1894790753,0.6024831588,0.6015286287,0.6024482054,0.4225937531,0.4316252255,0.4326046235
9.56,2.703474978,2.777554101,2.77997765,2.703474978,2.777554101,2.77997765,0.00998918264,0.009989182682,0.2194846071,0.2296761149,0.189482231,0.6024671148,0.6015231793,0.6024334003,0.4225769645,0.4316194254,0.432588845
9.58,2.703433303,2.777539586,2.779938463,2.703433303,2.777539586,2.779938463,0.00993103788,0.009931037917,0.2194879411,0.2296772761,0.1894853659,0.6024511839,0.6015177243,0.6024186923,0.4225602945,0.4316136194,0.4325731705
9.6,2.703391922,2.777525057,2.779899535,2.703391922,2.777525057,2.779899535,0.009873254653,0.009873254685,0.2194912515,0.2296784384,0.1894884802,0.6024353652,0.6015122641,0.602404081,0.4225437423,0.431607808,0.4325575992
9.62,2.703350834,2.777510516,2.779860863,2.703350834,2.777510516,2.779860863,0.009815830346,0.009815830372,0.2194945386,0.2296796017,0.1894915739,0.6024196577,0.6015067992,0.6023895654,0.4225273069,0.4316019915,0.4325421304
9.64,2.703310035,2.777495963,2.779822445,2.703310035,2.777495963,2.779822445,0.009758762371,0.009758762389,0.2194978025,0.2296807659,0.1894946474,0.6024040608,0.6015013299,0.602375145,0.4225109875,0.4315961706,0.4325267632
9.66,2.703269524,2.777481401,2.779784279,2.703269524,2.777481401,2.779784279,0.009702048161,0.009702048172,0.2195010434,0.2296819309,0.1894977006,0.6023885733,0.6014958569,0.6023608189,0.4224947831,0.4315903455,0.4325114969
9.68,2.703229299,2.777466829,2.779746364,2.703229299,2.777466829,2.779746364,0.009645685174,0.009645685179,0.2195042614,0.2296830966,0.1895007339,0.6023731947,0.6014903803,0.6023465865,0.4224786928,0.4315845169,0.4324963307
9.7,2.703189356,2.77745225,2.779708697,2.703189356,2.77745225,2.779708697,0.009589670893,0.009589670893,0.2195074569,0.229684263,0.1895037472,0.6023579238,0.6014849008,0.6023324471,0.4224627157,0.431578685,0.432481264
9.72,2.703149694,2.777437663,2.779671277,2.703149694,2.777437663,2.779671277,0.009534002822,0.009534002819,0.2195106298,0.2296854299,0.1895067408,0.6023427601,0.6014794186,0.6023184,0.422446851,0.4315728505,0.4324662958
9.74,2.703110311,2.777423071,2.779634101,2.703110311,2.777423071,2.779634101,0.009478678488,0.009478678485,0.2195137805,0.2296865973,0.1895097149,0.6023277025,0.6014739343,0.6023044445,0.4224310977,0.4315670136,0.4324514256
9.76,2.703071204,2.777408474,2.779597169,2.703071204,2.777408474,2.779597169,0.009423695445,0.009423695442,0.219516909,0.229687765,0.1895126695,0.6023127503,0.601468448,0.6022905799,0.4224154551,0.4315611748,0.4324366526
9.78,2.703032372,2.777393873,2.779560477,2.703032372,2.777393873,2.779560477,0.009369051266,0.009369051263,0.2195200156,0.2296889331,0.1895156048,0.6022979027,0.6014629604,0.6022768056,0.4223999221,0.4315553345,0.432421976
9.8,2.702993812,2.77737927,2.779524025,2.702993812,2.77737927,2.779524025,0.009314743546,0.009314743543,0.2195231004,0.2296901014,0.189518521,0.6022831588,0.6014574717,0.6022631209,0.422384498,0.4315494932,0.4324073952
9.82,2.702955522,2.777364665,2.779487811,2.702955522,2.777364665,2.779487811,0.009260769901,0.009260769898,0.2195261636,0.2296912698,0.1895214181,0.6022685179,0.6014519823,0.602249525,0.422369182,0.4315436511,0.4323929094
9.84,2.702917499,2.777350059,2.779451832,2.702917499,2.777350059,2.779451832,0.009207127971,0.009207127967,0.2195292054,0.2296924382,0.1895242964,0.6022539791,0.6014464926,0.6022360175,0.4223539731,0.4315378088,0.4323785179
9.86,2.702879743,2.777335454,2.779416087,2.702879743,2.777335454,2.779416087,0.009153815414,0.00915381541,0.2195322259,0.2296936067,0.189527156,0.6022395417,0.601441003,0.6022225976,0.4223388706,0.4315319666,0.43236422
9.88,2.702842251,2.777320849,2.779380575,2.702842251,2.777320849,2.779380575,0.009100829911,0.009100829908,0.2195352253,0.229694775,0.189529997,0.6022252049,0.6014355137,0.6022092646,0.4223238737,0.4315261248,0.4323500151
9.9,2.70280502,2.777306247,2.779345293,2.70280502,2.777306247,2.779345293,0.009048169163,0.00904816916,0.2195382037,0.2296959432,0.1895328195,0.6022109679,0.6014300252,0.602196018,0.4223089814,0.4315202839,0.4323359024
9.92,2.702768049,2.777291648,2.77931024,2.702768049,2.777291648,2.77931024,0.008995830893,0.008995830891,0.2195411614,0.2296971112,0.1895356237,0.6021968299,0.6014245378,0.602182857,0.422294193,0.4315144442,0.4323218813
9.94,2.702731336,2.777277052,2.779275415,2.702731336,2.777277052,2.779275415,0.008943812842,0.00894381284,0.2195440984,0.2296982788,0.1895384098,0.6021827902,0.6014190518,0.6021697811,0.4222795078,0.4315086061,0.432307951
9.96,2.702694879,2.777262462,2.779240815,2.702694879,2.777262462,2.779240815,0.008892112774,0.008892112772,0.219547015,0.229699446,0.1895411778,0.602168848,0.6014135676,0.6021567897,0.4222649248,0.4315027699,0.432294111
9.98,2.702658675,2.777247877,2.779206439,2.702658675,2.777247877,2.779206439,0.008840728469,0.008840728468,0.2195499113,0.2297006128,0.1895439279,0.6021550026,0.6014080855,0.6021438821,0.4222504433,0.431496936,0.4322803606
10,2.702622723,2.777233299,2.779172285,2.702622723,2.777233299,2.779172285,0.00878965773,0.008789657729,0.2195527875,0.2297017791,0.1895466602,0.6021412532,0.6014026058,0.6021310577,0.4222360626,0.4314911046,0.432266699
10.02,2.702587021,2.777218728,2.779138351,2.702587021,2.777218728,2.779138351,0.008738898378,0.008738898376,0.2195556436,0.2297029447,0.1895493749,0.602127599,0.6013971288,0.6021183159,0.4222217818,0.4314852763,0.4322531257
10.04,2.702551567,2.777204165,2.779104637,2.702551567,2.777204165,2.779104637,0.008688448252,0.00868844825,0.21955848,0.2297041098,0.189552072,0.6021140395,0.6013916548,0.6021056561,0.4222076002,0.4314794511,0.4322396399
10.06,2.702516359,2.777189611,2.77907114,2.702516359,2.777189611,2.77907114,0.008638305212,0.00863830521,0.2195612966,0.2297052741,0.1895547518,0.6021005737,0.6013861842,0.6020930778,0.422193517,0.4314736296,0.4322262412
10.08,2.702481395,2.777175067,2.779037859,2.702481395,2.777175067,2.779037859,0.008588467136,0.008588467133,0.2195640937,0.2297064376,0.1895574143,0.6020872011,0.6013807172,0.6020805802,0.4221795314,0.431467812,0.4322129287
10.1,2.702446673,2.777160534,2.779004792,2.702446673,2.777160534,2.779004792,0.00853893192,0.008538931915,0.2195668715,0.2297076003,0.1895600596,0.6020739209,0.6013752541,0.6020681629,0.4221656427,0.4314619986,0.432199702
10.12,2.702412192,2.777146012,2.778971938,2.702412192,2.777146012,2.778971938,0.008489697478,0.008489697472,0.21956963,0.229708762,0.1895626879,0.6020607323,0.6013697953,0.6020558252,0.4221518502,0.4314561898,0.4321865603
10.14,2.702377949,2.777131501,2.778939295,2.702377949,2.777131501,2.778939295,0.008440761743,0.008440761735,0.2195723694,0.2297099229,0.1895652994,0.6020476348,0.6013643409,0.6020435665,0.4221381532,0.4314503857,0.4321735031
10.16,2.702343943,2.777117004,2.778906861,2.702343943,2.777117004,2.778906861,0.008392122665,0.008392122655,0.2195750898,0.2297110826,0.1895678941,0.6020346275,0.6013588913,0.6020313864,0.4221245508,0.4314445868,0.4321605297
10.18,2.702310172,2.77710252,2.778874636,2.702310172,2.77710252,2.778874636,0.008343778212,0.008343778201,0.2195777915,0.2297122413,0.1895704721,0.6020217099,0.6013534468,0.6020192842,0.4221110423,0.4314387933,0.4321476395
10.2,2.702276634,2.777088051,2.778842617,2.702276634,2.777088051,2.778842617,0.008295726371,0.008295726357,0.2195804746,0.2297133989,0.1895730336,0.6020088811,0.6013480075,0.6020072594,0.4220976271,0.4314330055,0.432134832
10.22,2.702243328,2.777073596,2.778810803,2.702243328,2.777073596,2.778810803,0.008247965143,0.008247965127,0.2195831391,0.2297145553,0.1895755787,0.6019961407,0.6013425739,0.6019953114,0.4220843045,0.4314272237,0.4321221065
10.24,2.702210251,2.777059157,2.778779193,2.702210251,2.777059158,2.778779193,0.008200492548,0.00820049253,0.2195857853,0.2297157104,0.1895781075,0.6019834878,0.601337146,0.6019834396,0.4220710736,0.4314214481,0.4321094624
10.26,2.702177401,2.777044735,2.778747785,2.702177401,2.777044735,2.778747785,0.008153306623,0.008153306603,0.2195884132,0.2297168642,0.1895806202,0.6019709218,0.6013317243,0.6019716435,0.4220579339,0.4314156791,0.4320968992
10.28,2.702144778,2.777030329,2.778716578,2.702144778,2.777030329,2.778716578,0.008106405422,0.0081064054,0.2195910231,0.2297180166,0.1895831168,0.601958442,0.6013263089,0.6019599226,0.4220448846,0.4314099168,0.4320844162
10.3,2.702112379,2.777015941,2.778685569,2.702112379,2.777015941,2.778685569,0.008059787014,0.008059786991,0.219593615,0.2297191677,0.1895855974,0.6019460479,0.6013209,0.6019482764,0.422031925,0.4314041616,0.4320720129
10.32,2.702080203,2.777001571,2.778654759,2.702080203,2.777001571,2.778654759,0.008013449486,0.008013449462,0.2195961891,0.2297203173,0.1895880623,0.6019337387,0.601315498,0.6019367042,0.4220190545,0.4313984136,0.4320596887
10.34,2.702048248,2.77698722,2.778624145,2.702048248,2.77698722,2.778624145,0.00796739094,0.007967390915,0.2195987455,0.2297214653,0.1895905114,0.6019215137,0.601310103,0.6019252056,0.4220062724,0.4313926733,0.4320474431
10.36,2.702016511,2.776972889,2.778593726,2.702016511,2.776972889,2.778593726,0.007921609495,0.007921609468,0.2196012844,0.2297226119,0.1895929449,0.6019093725,0.6013047153,0.60191378,0.4219935779,0.4313869406,0.4320352755
10.38,2.701984993,2.776958577,2.7785635,2.701984993,2.776958577,2.7785635,0.007876103283,0.007876103257,0.2196038059,0.2297237568,0.189595363,0.6018973143,0.6012993351,0.6019024269,0.4219809705,0.4313812161,0.4320231852
10.4,2.70195369,2.776944286,2.778533467,2.70195369,2.776944287,2.778533467,0.007830870456,0.00783087043,0.2196063101,0.2297249001,0.1895977656,0.6018853385,0.6012939626,0.6018911458,0.4219684495,0.4313754997,0.4320111718
10.42,2.701922602,2.776930017,2.778503624,2.701922602,2.776930017,2.778503624,0.007785909178,0.007785909152,0.2196087972,0.2297260416,0.189600153,0.6018734444,0.6012885981,0.6018799362,0.4219560142,0.4313697919,0.4319992348
10.44,2.701891726,2.776915769,2.778473971,2.701891726,2.776915769,2.778473971,0.00774121763,0.007741217605,0.2196112672,0.2297271814,0.1896025253,0.6018616315,0.6012832417,0.6018687976,0.4219436639,0.4313640928,0.4319873735
10.46,2.701861062,2.776901544,2.778444506,2.701861062,2.776901544,2.778444506,0.007696794007,0.007696793984,0.2196137204,0.2297283195,0.1896048825,0.6018498992,0.6012778937,0.6018577295,0.4219313981,0.4313584026,0.4319755874
10.48,2.701830607,2.776887341,2.778415227,2.701830607,2.776887341,2.778415227,0.007652636521,0.0076526365,0.2196161568,0.2297294557,0.1896072248,0.6018382468,0.6012725542,0.6018467313,0.4219192161,0.4313527216,0.4319638761
10.5,2.70180036,2.776873162,2.778386134,2.70180036,2.776873162,2.778386134,0.007608743395,0.007608743377,0.2196185766,0.22973059,0.1896095522,0.6018266738,0.6012672235,0.6018358026,0.4219071172,0.43134705,0.4319522389
10.52,2.701770319,2.776859007,2.778357225,2.701770319,2.776859007,2.778357225,0.00756511287,0.007565112855,0.2196209798,0.2297317224,0.1896118649,0.6018151795,0.6012619018,0.6018249429,0.4218951008,0.4313413879,0.4319406753
10.54,2.701740482,2.776844876,2.778328499,2.701740482,2.776844876,2.778328499,0.007521743201,0.00752174319,0.2196233667,0.2297328529,0.189614163,0.6018037633,0.6012565892,0.6018141516,0.4218831664,0.4313357356,0.4319291848
10.56,2.70171085,2.77683077,2.778299955,2.70171085,2.77683077,2.778299955,0.007478632656,0.007478632648,0.2196257374,0.2297339813,0.1896164466,0.6017924247,0.601251286,0.6018034284,0.4218713132,0.4313300933,0.431917767
10.58,2.701681418,2.77681669,2.77827159,2.701681418,2.77681669,2.77827159,0.007435779518,0.007435779515,0.2196280919,0.2297351078,0.1896187158,0.6017811631,0.6012459923,0.6017927727,0.4218595407,0.4313244612,0.4319064212
10.6,2.701652187,2.776802636,2.778243405,2.701652187,2.776802636,2.778243405,0.007393182084,0.007393182085,0.2196304304,0.2297362321,0.1896209706,0.6017699779,0.6012407082,0.6017821841,0.4218478482,0.4313188394,0.431895147
10.62,2.701623155,2.776788608,2.778215397,2.701623155,2.776788608,2.778215397,0.007350838664,0.00735083867,0.219632753,0.2297373544,0.1896232112,0.6017588686,0.6012354341,0.6017716621,0.4218362352,0.4313132282,0.4318839439
10.64,2.701594319,2.776774606,2.778187565,2.701594319,2.776774606,2.778187565,0.007308747584,0.007308747594,0.2196350598,0.2297384745,0.1896254377,0.6017478345,0.60123017,0.6017612062,0.4218247011,0.4313076277,0.4318728113
10.66,2.70156568,2.776760633,2.778159909,2.70156568,2.776760633,2.778159909,0.00726690718,0.007266907195,0.2196373509,0.2297395924,0.1896276502,0.6017368751,0.6012249162,0.6017508159,0.4218132453,0.4313020382,0.4318617488
10.68,2.701537234,2.776746686,2.778132427,2.701537234,2.776746686,2.778132427,0.007225315805,0.007225315824,0.2196396266,0.229740708,0.1896298488,0.6017259898,0.6012196727,0.6017404908,0.4218018671,0.4312964598,0.4318507559
10.7,2.701508982,2.776732769,2.778105117,2.701508982,2.776732768,2.778105117,0.007183971822,0.007183971845,0.2196418868,0.2297418215,0.1896320336,0.6017151782,0.6012144398,0.6017302305,0.421790566,0.4312908926,0.431839832
10.72,2.70148092,2.776718879,2.778077979,2.70148092,2.776718879,2.778077979,0.007142873611,0.007142873637,0.2196441317,0.2297429326,0.1896342046,0.6017044395,0.6012092177,0.6017200345,0.4217793415,0.4312853368,0.4318289768
10.74,2.701453049,2.776705019,2.778051011,2.701453049,2.776705019,2.778051011,0.007102019561,0.00710201959,0.2196463614,0.2297440415,0.1896363621,0.6016937734,0.6012040063,0.6017099022,0.4217681929,0.4312797927,0.4318181896
10.76,2.701425366,2.776691188,2.778024213,2.701425366,2.776691188,2.778024213,0.007061408075,0.007061408107,0.2196485761,0.2297451479,0.189638506,0.6016831793,0.601198806,0.6016998334,0.4217571197,0.4312742603,0.4318074702
10.78,2.70139787,2.776677387,2.777997582,2.70139787,2.776677387,2.777997582,0.007021037572,0.007021037605,0.2196507757,0.229746252,0.1896406364,0.6016726565,0.6011936169,0.6016898276,0.4217461213,0.4312687399,0.4317968179
10.8,2.70137056,2.776663616,2.777971118,2.70137056,2.776663616,2.777971118,0.006980906478,0.006980906512,0.2196529606,0.2297473537,0.1896427536,0.6016622047,0.6011884391,0.6016798842,0.4217351972,0.4312632315,0.4317862322
10.82,2.701343434,2.776649876,2.777944819,2.701343434,2.776649875,2.777944819,0.006941013236,0.00694101327,0.2196551306,0.2297484529,0.1896448574,0.6016518232,0.6011832727,0.6016700029,0.4217243468,0.4312577354,0.4317757129
10.84,2.70131649,2.776636166,2.777918685,2.701316491,2.776636166,2.777918685,0.006901356299,0.006901356332,0.2196572861,0.2297495497,0.1896469481,0.6016415116,0.601178118,0.6016601833,0.4217135696,0.4312522516,0.4317652593
10.86,2.701289729,2.776622488,2.777892715,2.701289729,2.776622488,2.777892715,0.006861934133,0.006861934164,0.219659427,0.2297506439,0.1896490258,0.6016312693,0.6011729749,0.6016504249,0.4217028649,0.4312467804,0.431754871
10.88,2.701263148,2.776608842,2.777866906,2.701263148,2.776608842,2.777866906,0.006822745215,0.006822745243,0.2196615535,0.2297517356,0.1896510905,0.6016210957,0.6011678438,0.6016407272,0.4216922324,0.4312413218,0.4317445476
10.9,2.701236745,2.776595227,2.777841258,2.701236745,2.776595227,2.777841259,0.006783788035,0.006783788059,0.2196636657,0.2297528248,0.1896531423,0.6016109905,0.6011627246,0.60163109,0.4216816713,0.431235876,0.4317342885
10.92,2.70121052,2.776581645,2.777815771,2.70121052,2.776581645,2.777815771,0.006745061094,0.006745061114,0.2196657637,0.2297539114,0.1896551813,0.6016009531,0.6011576176,0.6016215127,0.4216711813,0.4312304432,0.4317240935
10.94,2.701184471,2.776568096,2.777790442,2.701184471,2.776568096,2.777790442,0.006706562906,0.006706562921,0.2196678476,0.2297549953,0.1896572076,0.601590983,0.6011525228,0.601611995,0.4216607618,0.4312250234,0.431713962
10.96,2.701158597,2.776554579,2.777765271,2.701158597,2.776554579,2.777765271,0.006668291995,0.006668292006,0.2196699176,0.2297560766,0.1896592213,0.6015810797,0.6011474404,0.6016025363,0.4216504122,0.4312196168,0.4317038935
10.98,2.701132897,2.776541096,2.777740256,2.701132897,2.776541096,2.777740256,0.006630246897,0.006630246903,0.2196719736,0.2297571553,0.1896612225,0.6015712427,0.6011423704,0.6015931364,0.4216401321,0.4312142236,0.4316938877
11,2.701107369,2.776527647,2.777715397,2.701107369,2.776527647,2.777715397,0.006592426158,0.00659242616,0.2196740158,0.2297582312,0.1896632112,0.6015614715,0.6011373131,0.6015837948,0.4216299209,0.4312088438,0.4316839441
11.02,2.701082012,2.776514231,2.777690693,2.701082012,2.776514231,2.777690693,0.006554828338,0.006554828337,0.2196760444,0.2297593045,0.1896651875,0.6015517656,0.6011322685,0.6015745112,0.4216197781,0.4312034776,0.4316740623
11.04,2.701056825,2.77650085,2.777666142,2.701056825,2.77650085,2.777666142,0.006517452006,0.006517452004,0.2196780594,0.229760375,0.1896671516,0.6015421246,0.6011272367,0.601565285,0.4216097032,0.431198125,0.4316642418
11.06,2.701031806,2.776487503,2.777641743,2.701031806,2.776487503,2.777641743,0.006480295743,0.006480295741,0.2196800609,0.2297614427,0.1896691035,0.601532548,0.6011222178,0.601556116,0.4215996957,0.4311927863,0.4316544823
11.08,2.701006955,2.776474191,2.777617495,2.701006955,2.776474191,2.777617495,0.006443358142,0.00644335814,0.219682049,0.2297625077,0.1896710433,0.6015230352,0.601117212,0.6015470037,0.4215897552,0.4311874614,0.4316447833
11.1,2.700982269,2.776460914,2.777593398,2.700982269,2.776460914,2.777593398,0.006406637806,0.006406637804,0.2196840238,0.2297635699,0.1896729711,0.6015135859,0.6011122193,0.6015379478,0.421579881,0.4311821506,0.4316351444
11.12,2.700957749,2.776447672,2.77756945,2.700957749,2.776447672,2.77756945,0.006370133348,0.006370133345,0.2196859854,0.2297646292,0.189674887,0.6015041995,0.6011072399,0.6015289478,0.4215700728,0.4311768539,0.4316255652
11.14,2.700933392,2.776434466,2.77754565,2.700933392,2.776434466,2.77754565,0.006333843391,0.006333843389,0.219687934,0.2297656857,0.189676791,0.6014948757,0.6011022738,0.6015200034,0.42156033,0.4311715714,0.4316160452
11.16,2.700909197,2.776421295,2.777521997,2.700909197,2.776421295,2.777521997,0.006297766571,0.006297766568,0.2196898696,0.2297667394,0.1896786832,0.6014856139,0.6010973211,0.6015111142,0.4215506522,0.4311663032,0.4316065842
11.18,2.700885164,2.776408161,2.777498491,2.700885164,2.776408161,2.777498491,0.006261901531,0.006261901528,0.2196917922,0.2297677901,0.1896805637,0.6014764137,0.601092382,0.6015022798,0.4215410389,0.4311610495,0.4315971816
11.2,2.700861291,2.776395063,2.77747513,2.700861291,2.776395063,2.77747513,0.006226246926,0.006226246924,0.2196937021,0.2297688379,0.1896824326,0.6014672746,0.6010874564,0.6014934999,0.4215314896,0.4311558103,0.431587837
11.22,2.700837576,2.776382001,2.777451913,2.700837576,2.776382001,2.777451913,0.006190801422,0.00619080142,0.2196955992,0.2297698829,0.18968429,0.6014581962,0.6010825446,0.6014847741,0.4215220038,0.4311505856,0.4315785502
11.24,2.700814019,2.776368976,2.777428839,2.700814019,2.776368976,2.777428839,0.006155563694,0.006155563692,0.2196974838,0.2297709249,0.1896861359,0.6014491781,0.6010776465,0.6014761019,0.4215125811,0.4311453757,0.4315693206
11.26,2.700790619,2.776355989,2.777405907,2.700790619,2.776355989,2.777405907,0.006120532426,0.006120532425,0.2196993558,0.2297719639,0.1896879704,0.6014402197,0.6010727624,0.6014674832,0.421503221,0.4311401806,0.4315601479
11.28,2.700767374,2.776343038,2.777383116,2.700767374,2.776343038,2.777383116,0.006085706314,0.006085706313,0.2197012154,0.2297729999,0.1896897937,0.6014313208,0.6010678921,0.6014589174,0.4214939231,0.4311350003,0.4315510317
11.3,2.700744284,2.776330125,2.777360466,2.700744284,2.776330125,2.777360466,0.006051084063,0.006051084061,0.2197030626,0.229774033,0.1896916057,0.6014224808,0.6010630359,0.6014504042,0.4214846869,0.431129835,0.4315419717
11.32,2.700721346,2.776317249,2.777337955,2.700721346,2.776317249,2.777337955,0.006016664386,0.006016664385,0.2197048976,0.2297750631,0.1896934065,0.6014136993,0.6010581938,0.6014419433,0.4214755119,0.4311246847,0.4315329673
11.34,2.700698561,2.776304411,2.777315583,2.700698561,2.776304411,2.777315583,0.005982446007,0.005982446006,0.2197067204,0.2297760901,0.1896951963,0.6014049758,0.6010533658,0.6014335343,0.4214663978,0.4311195495,0.4315240184
11.36,2.700675927,2.776291611,2.777293348,2.700675927,2.776291611,2.777293348,0.005948427661,0.00594842766,0.2197085312,0.2297771141,0.1896969751,0.6013963101,0.6010485521,0.6014251769,0.421457344,0.4311144295,0.4315151244
11.38,2.700653442,2.776278849,2.77727125,2.700653442,2.776278849,2.77727125,0.005914608089,0.005914608087,0.21971033,0.229778135,0.189698743,0.6013877016,0.6010437527,0.6014168708,0.4214483501,0.4311093248,0.4315062851
11.4,2.700631106,2.776266126,2.777249287,2.700631106,2.776266126,2.777249287,0.005880986044,0.005880986042,0.2197121169,0.2297791529,0.1897005,0.6013791499,0.6010389677,0.6014086154,0.4214394157,0.4311042354,0.4314974999
11.42,2.700608918,2.77625344,2.777227459,2.700608918,2.77625344,2.777227459,0.005847560287,0.005847560284,0.2197138919,0.2297801677,0.1897022463,0.6013706547,0.6010341971,0.6014004107,0.4214305404,0.4310991613,0.4314887687
11.44,2.700586876,2.776240794,2.777205765,2.700586876,2.776240794,2.777205765,0.005814329588,0.005814329585,0.2197156553,0.2297811794,0.1897039818,0.6013622154,0.601029441,0.6013922561,0.4214217237,0.4310941028,0.431480091
11.46,2.70056498,2.776228186,2.777184203,2.70056498,2.776228186,2.777184203,0.005781292727,0.005781292723,0.219717407,0.2297821881,0.1897057067,0.6013538318,0.6010246995,0.6013841514,0.4214129652,0.4310890597,0.4314714665
11.48,2.700543228,2.776215618,2.777162774,2.700543228,2.776215618,2.777162774,0.005748448492,0.005748448487,0.2197191471,0.2297831935,0.1897074211,0.6013455034,0.6010199726,0.6013760962,0.4214042645,0.4310840323,0.4314628947
11.5,2.700521619,2.776203088,2.777141476,2.700521619,2.776203088,2.777141476,0.005715795681,0.005715795674,0.2197208758,0.2297841959,0.1897091249,0.6013372297,0.6010152604,0.6013680902,0.4213956211,0.4310790205,0.4314543754
11.52,2.700500153,2.776190598,2.777120308,2.700500153,2.776190598,2.777120308,0.005683333098,0.00568333309,0.2197225931,0.2297851951,0.1897108184,0.6013290105,0.6010105629,0.6013601331,0.4213870347,0.4310740244,0.4314459082
11.54,2.700478828,2.776178147,2.777099269,2.700478828,2.776178147,2.777099269,0.005651059559,0.00565105955,0.219724299,0.2297861912,0.1897125015,0.6013208453,0.6010058802,0.6013522245,0.4213785048,0.4310690441,0.4314374927
11.56,2.700457644,2.776165736,2.777078359,2.700457644,2.776165736,2.777078359,0.005618973888,0.005618973877,0.2197259938,0.2297871841,0.1897141743,0.6013127337,0.6010012123,0.6013443641,0.421370031,0.4310640796,0.4314291286
11.58,2.700436599,2.776153364,2.777057576,2.700436599,2.776153364,2.777057576,0.005587074915,0.005587074903,0.2197276774,0.2297881738,0.1897158369,0.6013046754,0.6009965594,0.6013365516,0.4213616129,0.4310591309,0.4314208156
11.6,2.700415692,2.776141033,2.77703692,2.700415692,2.776141033,2.77703692,0.005555361482,0.005555361468,0.21972935,0.2297891604,0.1897174893,0.6012966699,0.6009919214,0.6013287866,0.4213532502,0.4310541982,0.4314125533
11.62,2.700394922,2.776128741,2.77701639,2.700394922,2.776128741,2.77701639,0.005523832436,0.005523832421,0.2197310115,0.2297901437,0.1897191317,0.6012887169,0.6009872983,0.601321069,0.4213449423,0.4310492814,0.4314043413
11.64,2.700374289,2.776116489,2.776995986,2.700374289,2.776116489,2.776995986,0.005492486634,0.005492486618,0.2197326622,0.2297911239,0.1897207641,0.601280816,0.6009826903,0.6013133982,0.421336689,0.4310443807,0.4313961794
11.66,2.700353791,2.776104277,2.776975705,2.700353791,2.776104277,2.776975705,0.005461322943,0.005461322925,0.219734302,0.2297921008,0.1897223866,0.6012729668,0.6009780973,0.6013057741,0.4213284898,0.431039496,0.4313880672
11.68,2.700333428,2.776092106,2.776955548,2.700333428,2.776092106,2.776955548,0.005430340234,0.005430340215,0.2197359311,0.2297930745,0.1897239991,0.6012651689,0.6009735195,0.6012981963,0.4213203444,0.4310346274,0.4313800044
11.7,2.700313197,2.776079974,2.776935514,2.700313197,2.776079974,2.776935514,0.005399537389,0.00539953737,0.2197375495,0.229794045,0.1897256019,0.6012574221,0.6009689568,0.6012906646,0.4213122523,0.4310297749,0.4313719906
11.72,2.700293099,2.776067884,2.776915601,2.700293099,2.776067884,2.776915601,0.005368913298,0.005368913278,0.2197391574,0.2297950123,0.1897271949,0.6012497259,0.6009644093,0.6012831785,0.4213042131,0.4310249386,0.4313640255
11.74,2.700273133,2.776055834,2.776895809,2.700273133,2.776055834,2.776895809,0.005338466858,0.005338466837,0.2197407547,0.2297959763,0.1897287782,0.6012420799,0.600959877,0.6012757378,0.4212962266,0.4310201186,0.4313561089
11.76,2.700253297,2.776043824,2.776876138,2.700253297,2.776043824,2.776876138,0.005308196974,0.005308196953,0.2197423415,0.229796937,0.1897303519,0.6012344838,0.6009553599,0.6012683423,0.4212882923,0.4310153148,0.4313482403
11.78,2.700233591,2.776031855,2.776856586,2.700233591,2.776031855,2.776856586,0.005278102558,0.005278102537,0.219743918,0.2297978946,0.1897319161,0.6012269373,0.6009508582,0.6012609915,0.4212804098,0.4310105272,0.4313404194
11.8,2.700214013,2.776019927,2.776837152,2.700214013,2.776019927,2.776837152,0.005248182531,0.005248182511,0.2197454843,0.2297988488,0.1897334708,0.60121944,0.6009463717,0.6012536853,0.4212725787,0.431005756,0.431332646
11.82,2.700194564,2.77600804,2.776817836,2.700194564,2.77600804,2.776817836,0.005218435822,0.005218435803,0.2197470402,0.2297997998,0.1897350161,0.6012119915,0.6009419006,0.6012464232,0.4212647988,0.4310010012,0.4313249197
11.84,2.700175241,2.775996194,2.776798638,2.700175241,2.775996194,2.776798638,0.005188861367,0.005188861349,0.2197485861,0.2298007475,0.189736552,0.6012045915,0.6009374449,0.6012392051,0.4212570696,0.4309962627,0.4313172402
11.86,2.700156043,2.775984389,2.776779555,2.700156043,2.775984389,2.776779555,0.005159458108,0.005159458091,0.2197501218,0.2298016919,0.1897380785,0.6011972396,0.6009330046,0.6012320307,0.4212493908,0.4309915406,0.4313096073
11.88,2.700136971,2.775972625,2.776760588,2.700136971,2.775972625,2.776760588,0.005130224996,0.005130224981,0.2197516476,0.229802633,0.1897395959,0.6011899356,0.6009285797,0.6012248996,0.4212417619,0.430986835,0.4313020205
11.9,2.700118023,2.775960902,2.776741736,2.700118023,2.775960902,2.776741736,0.005101160989,0.005101160976,0.2197531634,0.2298035708,0.1897411041,0.601182679,0.6009241702,0.6012178115,0.4212341828,0.4309821458,0.4312944796
11.92,2.700099199,2.77594922,2.776722998,2.700099199,2.77594922,2.776722998,0.005072265053,0.005072265043,0.2197546694,0.2298045054,0.1897426031,0.6011754695,0.6009197763,0.6012107662,0.4212266529,0.4309774731,0.4312869843
11.94,2.700080496,2.775937579,2.776704373,2.700080496,2.775937579,2.776704373,0.005043536161,0.005043536153,0.2197561656,0.2298054366,0.1897440931,0.6011683068,0.6009153978,0.6012037635,0.421219172,0.4309728169,0.4312795343
11.96,2.700061916,2.77592598,2.77668586,2.700061916,2.77592598,2.77668586,0.005014973292,0.005014973287,0.2197576521,0.2298063645,0.1897455741,0.6011611906,0.6009110348,0.6011968029,0.4212117396,0.4309681773,0.4312721293
11.98,2.700043455,2.775914422,2.77666746,2.700043455,2.775914422,2.77666746,0.004986575433,0.004986575431,0.2197591289,0.2298072892,0.1897470462,0.6011541205,0.6009066873,0.6011898843,0.4212043556,0.4309635541,0.431264769
12,2.700025115,2.775902906,2.77664917,2.700025115,2.775902906,2.77664917,0.004958341577,0.004958341579,0.2197605961,0.2298082105,0.1897485094,0.6011470962,0.6009023554,0.6011830074,0.4211970194,0.4309589476,0.4312574531
12.02,2.700006894,2.775891431,2.77663099,2.700006894,2.775891431,2.77663099,0.004930270727,0.004930270732,0.2197620538,0.2298091285,0.1897499637,0.6011401174,0.6008980391,0.6011761719,0.4211897308,0.4309543576,0.4312501813
12.04,2.69998879,2.775879997,2.776612921,2.69998879,2.775879997,2.776612921,0.00490236189,0.004902361899,0.2197635021,0.2298100432,0.1897514093,0.6011331838,0.6008937383,0.6011693775,0.4211824895,0.4309497842,0.4312429534
12.06,2.699970804,2.775868605,2.776594959,2.699970804,2.775868605,2.77659496,0.004874614081,0.004874614092,0.219764941,0.2298109545,0.1897528462,0.6011262949,0.6008894531,0.601162624,0.421175295,0.4309452273,0.431235769
12.08,2.699952934,2.775857255,2.776577107,2.699952934,2.775857255,2.776577107,0.004847026321,0.004847026335,0.2197663706,0.2298118626,0.1897542744,0.6011194507,0.6008851835,0.601155911,0.4211681471,0.4309406871,0.4312286278
12.1,2.69993518,2.775845946,2.776559361,2.69993518,2.775845946,2.776559361,0.004819597638,0.004819597656,0.2197677909,0.2298127673,0.1897556941,0.6011126506,0.6008809295,0.6011492384,0.4211610455,0.4309361636,0.4312215296
12.12,2.699917541,2.775834679,2.776541722,2.699917541,2.775834679,2.776541722,0.004792327068,0.004792327088,0.2197692021,0.2298136687,0.1897571052,0.6011058944,0.6008766912,0.6011426059,0.4211539897,0.4309316566,0.4312144741
12.14,2.699900016,2.775823453,2.77652419,2.699900016,2.775823453,2.77652419,0.004765213652,0.004765213674,0.2197706041,0.2298145667,0.1897585078,0.6010991818,0.6008724684,0.6011360132,0.4211469796,0.4309271663,0.431207461
12.16,2.699882603,2.775812269,2.776506762,2.699882603,2.775812269,2.776506762,0.004738256438,0.004738256462,0.2197719971,0.2298154615,0.189759902,0.6010925124,0.6008682613,0.60112946,0.4211400147,0.4309226927,0.4312004901
12.18,2.699865304,2.775801126,2.77648944,2.699865304,2.775801126,2.77648944,0.00471145448,0.004711454506,0.219773381,0.2298163529,0.1897612878,0.6010858861,0.6008640698,0.6011229462,0.4211330948,0.4309182357,0.431193561
12.2,2.699848115,2.775790026,2.776472221,2.699848115,2.775790025,2.776472221,0.004684806841,0.004684806868,0.2197747561,0.2298172409,0.1897626653,0.6010793024,0.600859894,0.6011164713,0.4211262195,0.4309137954,0.4311866736
12.22,2.699831038,2.775778966,2.776455106,2.699831038,2.775778966,2.776455106,0.004658312588,0.004658312614,0.2197761223,0.2298181257,0.1897640345,0.6010727611,0.6008557338,0.6011100353,0.4211193885,0.4309093717,0.4311798274
12.24,2.69981407,2.775767949,2.776438093,2.69981407,2.775767949,2.776438093,0.004631970793,0.00463197082,0.2197774797,0.2298190071,0.1897653955,0.6010662619,0.6008515892,0.6011036378,0.4211126015,0.4309049647,0.4311730223
12.26,2.699797212,2.775756973,2.776421182,2.699797212,2.775756973,2.776421182,0.004605780538,0.004605780564,0.2197788284,0.2298198851,0.1897667484,0.6010598045,0.6008474603,0.6010972786,0.4211058582,0.4309005743,0.431166258
12.28,2.699780462,2.775746039,2.776404373,2.699780463,2.775746039,2.776404373,0.004579740908,0.004579740933,0.2197801683,0.2298207599,0.1897680932,0.6010533885,0.6008433471,0.6010909574,0.4210991583,0.4308962007,0.4311595342
12.3,2.69976382,2.775735146,2.776387664,2.69976382,2.775735146,2.776387664,0.004553850997,0.004553851019,0.2197814997,0.2298216313,0.1897694299,0.6010470137,0.6008392495,0.6010846741,0.4210925015,0.4308918436,0.4311528507
12.32,2.699747285,2.775724295,2.776371055,2.699747285,2.775724295,2.776371055,0.004528109902,0.004528109922,0.2197828225,0.2298224993,0.1897707586,0.6010406799,0.6008351675,0.6010784283,0.4210858875,0.4308875033,0.4311462072
12.34,2.699730856,2.775713486,2.776354546,2.699730857,2.775713486,2.776354546,0.004502516729,0.004502516746,0.2197841368,0.2298233641,0.1897720793,0.6010343867,0.6008311012,0.6010722198,0.421079316,0.4308831796,0.4311396034
12.36,2.699714533,2.775702718,2.776338135,2.699714533,2.775702718,2.776338135,0.004477070587,0.004477070601,0.2197854427,0.2298242255,0.1897733922,0.6010281338,0.6008270505,0.6010660483,0.4210727866,0.4308788725,0.4311330392
12.38,2.699698314,2.775691992,2.776321822,2.699698314,2.775691992,2.776321822,0.004451770594,0.004451770604,0.2197867402,0.2298250836,0.1897746972,0.601021921,0.6008230155,0.6010599137,0.4210662991,0.4308745822,0.4311265141
12.4,2.6996822,2.775681308,2.776305607,2.6996822,2.775681308,2.776305607,0.004426615872,0.004426615879,0.2197880294,0.2298259383,0.1897759944,0.601015748,0.6008189961,0.6010538157,0.4210598532,0.4308703084,0.4311200281
12.42,2.699666188,2.775670665,2.776289489,2.699666188,2.775670665,2.776289489,0.004401605549,0.004401605553,0.2197893103,0.2298267897,0.1897772838,0.6010096144,0.6008149923,0.6010477541,0.4210534487,0.4308660513,0.4311135808
12.44,2.699650279,2.775660064,2.776273467,2.699650279,2.775660064,2.776273467,0.00437673876,0.00437673876,0.219790583,0.2298276378,0.1897785656,0.6010035201,0.6008110041,0.6010417286,0.4210470851,0.4308618108,0.4311071719
12.46,2.699634472,2.775649505,2.77625754,2.699634472,2.775649505,2.77625754,0.004352014643,0.004352014642,0.2197918475,0.2298284826,0.1897798397,0.6009974647,0.6008070316,0.601035739,0.4210407623,0.430857587,0.4311008013
12.48,2.699618766,2.775638986,2.776241709,2.699618766,2.775638986,2.776241709,0.004327432345,0.004327432343,0.219793104,0.2298293241,0.1897811063,0.6009914481,0.6008030746,0.601029785,0.4210344799,0.4308533797,0.4310944687
12.5,2.699603161,2.77562851,2.776225972,2.699603161,2.77562851,2.776225972,0.004302991018,0.004302991016,0.2197943525,0.2298301622,0.1897823652,0.6009854698,0.6007991333,0.6010238665,0.4210282377,0.4308491891,0.4310881738
12.52,2.699587655,2.775618075,2.776210328,2.699587655,2.775618075,2.776210328,0.004278689819,0.004278689817,0.2197955929,0.229830997,0.1897836167,0.6009795297,0.6007952075,0.6010179832,0.4210220354,0.430845015,0.4310819164
12.54,2.699572248,2.775607681,2.776194778,2.699572248,2.775607681,2.776194778,0.004254527912,0.00425452791,0.2197968255,0.2298318285,0.1897848607,0.6009736275,0.6007912973,0.6010121349,0.4210158726,0.4308408575,0.4310756963
12.56,2.69955694,2.775597329,2.77617932,2.69955694,2.775597329,2.77617932,0.004230504464,0.004230504462,0.2197980501,0.2298326567,0.1897860973,0.6009677629,0.6007874026,0.6010063213,0.4210097493,0.4308367166,0.4310695133
12.58,2.699541729,2.775587018,2.776163955,2.699541729,2.775587018,2.776163955,0.00420661865,0.004206618648,0.219799267,0.2298334816,0.1897873266,0.6009619356,0.6007835235,0.6010005423,0.4210036649,0.4308325922,0.431063367
12.6,2.699526615,2.775576748,2.77614868,2.699526615,2.775576748,2.77614868,0.004182869648,0.004182869646,0.2198004761,0.2298343031,0.1897885485,0.6009561455,0.6007796599,0.6009947977,0.4209976194,0.4308284844,0.4310572573
12.62,2.699511598,2.77556652,2.776133497,2.699511598,2.77556652,2.776133497,0.004159256644,0.004159256642,0.2198016775,0.2298351214,0.1897897632,0.6009503922,0.6007758118,0.6009890871,0.4209916124,0.430824393,0.4310511838
12.64,2.699496676,2.775556333,2.776118403,2.699496676,2.775556333,2.776118403,0.004135778827,0.004135778825,0.2198028713,0.2298359364,0.1897909707,0.6009446755,0.6007719792,0.6009834104,0.4209856436,0.4308203182,0.4310451465
12.66,2.699481849,2.775546187,2.7761034,2.699481849,2.775546187,2.7761034,0.004112435393,0.004112435391,0.2198040574,0.229836748,0.189792171,0.6009389951,0.6007681621,0.6009777674,0.4209797129,0.4308162599,0.4310391451
12.68,2.699467116,2.775536082,2.776088485,2.699467116,2.775536082,2.776088485,0.004089225542,0.004089225541,0.219805236,0.2298375564,0.1897933641,0.6009333508,0.6007643605,0.6009721579,0.4209738198,0.430812218,0.4310331793
12.7,2.699452477,2.775526018,2.776073659,2.699452477,2.775526018,2.776073659,0.004066148481,0.00406614848,0.2198064071,0.2298383615,0.1897945502,0.6009277424,0.6007605743,0.6009665816,0.4209679643,0.4308081925,0.4310272488
12.72,2.699437931,2.775515996,2.776058921,2.699437931,2.775515996,2.776058921,0.004043203421,0.004043203419,0.2198075708,0.2298391633,0.1897957293,0.6009221695,0.6007568035,0.6009610383,0.4209621459,0.4308041835,0.4310213536
12.74,2.699423478,2.775506014,2.77604427,2.699423478,2.775506014,2.77604427,0.004020389577,0.004020389576,0.2198087271,0.2298399618,0.1897969013,0.600916632,0.6007530481,0.6009555278,0.4209563645,0.4308001909,0.4310154933
12.76,2.699409116,2.775496074,2.776029707,2.699409116,2.775496074,2.776029707,0.003997706172,0.003997706171,0.219809876,0.2298407571,0.1897980664,0.6009111296,0.6007493081,0.60095005,0.4209506198,0.4307962147,0.4310096678
12.78,2.699394845,2.775486174,2.776015229,2.699394845,2.775486174,2.776015229,0.003975152431,0.00397515243,0.2198110177,0.229841549,0.1897992246,0.6009056621,0.6007455835,0.6009446046,0.4209449115,0.4307922548,0.4310038768
12.8,2.699380665,2.775476315,2.776000837,2.699380665,2.775476315,2.776000837,0.003952727587,0.003952727586,0.2198121521,0.2298423378,0.189800376,0.6009002292,0.6007418743,0.6009391914,0.4209392394,0.4307883112,0.43099812
12.82,2.699366575,2.775466497,2.775986531,2.699366575,2.775466497,2.775986531,0.003930430875,0.003930430874,0.2198132793,0.2298431232,0.1898015205,0.6008948306,0.6007381803,0.6009338102,0.4209336033,0.430784384,0.4309923974
12.84,2.699352574,2.77545672,2.775972309,2.699352574,2.77545672,2.775972309,0.003908261538,0.003908261537,0.2198143994,0.2298439054,0.1898026583,0.6008894663,0.6007345017,0.6009284609,0.4209280028,0.4307804731,0.4309867086
12.86,2.699338661,2.775446983,2.775958171,2.699338661,2.775446983,2.775958171,0.003886218821,0.00388621882,0.2198155124,0.2298446843,0.1898037893,0.6008841358,0.6007308383,0.6009231431,0.4209224378,0.4307765784,0.4309810535
12.88,2.699324837,2.775437287,2.775944117,2.699324837,2.775437287,2.775944117,0.003864301976,0.003864301974,0.2198166184,0.22984546,0.1898049136,0.600878839,0.6007271902,0.6009178567,0.420916908,0.4307727,0.4309754318
12.9,2.6993111,2.775427631,2.775930145,2.6993111,2.775427631,2.775930145,0.003842510259,0.003842510257,0.2198177174,0.2298462325,0.1898060313,0.6008735757,0.6007235574,0.6009126015,0.4209114132,0.4307688377,0.4309698433
12.92,2.699297449,2.775418016,2.775916257,2.699297449,2.775418016,2.775916257,0.003820842931,0.003820842928,0.2198188094,0.2298470017,0.1898071424,0.6008683456,0.6007199397,0.6009073774,0.4209059531,0.4307649917,0.4309642879
12.94,2.699283885,2.775408442,2.77590245,2.699283885,2.775408442,2.77590245,0.003799299257,0.003799299254,0.2198198945,0.2298477676,0.1898082469,0.6008631485,0.6007163372,0.600902184,0.4209005275,0.4307611618,0.4309587653
12.96,2.699270407,2.775398907,2.775888725,2.699270407,2.775398907,2.775888725,0.003777878508,0.003777878504,0.2198209728,0.2298485304,0.189809345,0.6008579841,0.6007127499,0.6008970213,0.4208951362,0.4307573481,0.4309532752
12.98,2.699257014,2.775389413,2.775875081,2.699257014,2.775389413,2.775875081,0.00375657996,0.003756579955,0.2198220442,0.2298492899,0.1898104365,0.6008528523,0.6007091777,0.600891889,0.4208897788,0.4307535504,0.4309478176
13,2.699243705,2.775379959,2.775861518,2.699243705,2.775379959,2.775861518,0.00373540289,0.003735402884,0.2198231089,0.2298500462,0.1898115216,0.6008477529,0.6007056206,0.6008867869,0.4208844553,0.4307497689,0.4309423922
13.02,2.69923048,2.775370545,2.775848034,2.69923048,2.775370545,2.775848034,0.003714346585,0.003714346578,0.2198241669,0.2298507993,0.1898126003,0.6008426855,0.6007020786,0.6008817149,0.4208791653,0.4307460033,0.4309369987
13.04,2.699217338,2.775361172,2.77583463,2.699217338,2.775361172,2.77583463,0.003693410333,0.003693410325,0.2198252183,0.2298515492,0.1898136726,0.6008376501,0.6006985516,0.6008766728,0.4208739087,0.4307422538,0.4309316371
13.06,2.699204279,2.775351838,2.775821305,2.699204279,2.775351838,2.775821305,0.003672593427,0.003672593418,0.219826263,0.2298522959,0.1898147386,0.6008326463,0.6006950396,0.6008716603,0.4208686851,0.4307385203,0.430926307
13.08,2.699191303,2.775342544,2.775808058,2.699191303,2.775342544,2.775808058,0.003651895166,0.003651895155,0.2198273011,0.2298530395,0.1898157983,0.6008276739,0.6006915427,0.6008666773,0.4208634944,0.4307348027,0.4309210084
13.1,2.699178408,2.77533329,2.775794889,2.699178408,2.77533329,2.775794889,0.003631314851,0.003631314839,0.2198283327,0.2298537798,0.1898168518,0.6008227328,0.6006880607,0.6008617237,0.4208583364,0.4307311011,0.4309157409
13.12,2.699165594,2.775324075,2.775781798,2.699165593,2.775324075,2.775781798,0.00361085179,0.003610851777,0.2198293578,0.2298545169,0.1898178991,0.6008178227,0.6006845936,0.6008567991,0.4208532108,0.4307274153,0.4309105045
13.14,2.69915286,2.775314901,2.775768784,2.69915286,2.775314901,2.775768784,0.003590505294,0.00359050528,0.2198303765,0.2298552509,0.1898189402,0.6008129435,0.6006811414,0.6008519035,0.4208481174,0.4307237454,0.4309052988
13.16,2.699140207,2.775305765,2.775755847,2.699140206,2.775305766,2.775755847,0.003570274678,0.003570274663,0.2198313888,0.2298559817,0.1898199752,0.6008080948,0.6006777041,0.6008470367,0.420843056,0.4307200914,0.4309001238
13.18,2.699127632,2.77529667,2.775742985,2.699127632,2.77529667,2.775742985,0.003550159263,0.003550159248,0.2198323947,0.2298567094,0.1898210042,0.6008032766,0.6006742816,0.6008421984,0.4208380263,0.4307164531,0.4308949792
13.2,2.699115137,2.775287613,2.775730199,2.699115137,2.775287614,2.775730199,0.003530158374,0.003530158357,0.2198333944,0.2298574339,0.189822027,0.6007984886,0.600670874,0.6008373885,0.4208330282,0.4307128305,0.4308898649
13.22,2.69910272,2.775278596,2.775717488,2.69910272,2.775278597,2.775717488,0.003510271338,0.003510271321,0.2198343877,0.2298581553,0.1898230439,0.6007937305,0.6006674811,0.6008326069,0.4208280615,0.4307092237,0.4308847805
13.24,2.699090381,2.775269619,2.775704852,2.699090381,2.775269619,2.775704852,0.003490497488,0.003490497471,0.2198353748,0.2298588735,0.1898240548,0.6007890022,0.6006641029,0.6008278533,0.4208231259,0.4307056326,0.4308797261
13.26,2.69907812,2.77526068,2.77569229,2.69907812,2.77526068,2.77569229,0.003470836163,0.003470836145,0.2198363558,0.2298595886,0.1898250597,0.6007843036,0.6006607395,0.6008231276,0.4208182212,0.4307020572,0.4308747013
13.28,2.699065935,2.77525178,2.775679802,2.699065935,2.77525178,2.775679802,0.003451286702,0.003451286684,0.2198373306,0.2298603005,0.1898260588,0.6007796343,0.6006573907,0.6008184296,0.4208133472,0.4306984973,0.430869706
13.3,2.699053826,2.77524292,2.775667387,2.699053826,2.77524292,2.775667387,0.003431848452,0.003431848434,0.2198382992,0.2298610094,0.189827052,0.6007749942,0.6006540566,0.6008137591,0.4208085038,0.430694953,0.43086474
13.32,2.699041793,2.775234098,2.775655045,2.699041793,2.775234098,2.775655045,0.003412520761,0.003412520744,0.2198392619,0.2298617151,0.1898280394,0.6007703831,0.6006507371,0.600809116,0.4208036906,0.4306914243,0.4308598032
13.34,2.699029835,2.775225315,2.775642775,2.699029835,2.775225315,2.775642775,0.003393302984,0.003393302968,0.2198402185,0.2298624178,0.1898290209,0.6007658008,0.6006474321,0.6008045,0.4207989075,0.4306879111,0.4308548953
13.36,2.699017952,2.775216571,2.775630577,2.699017952,2.775216571,2.775630577,0.003374194479,0.003374194463,0.2198411691,0.2298631173,0.1898299968,0.6007612471,0.6006441417,0.6007999111,0.4207941543,0.4306844134,0.4308500161
13.38,2.699006144,2.775207865,2.775618451,2.699006144,2.775207865,2.775618451,0.003355194606,0.003355194592,0.2198421138,0.2298638138,0.1898309669,0.6007567218,0.6006408658,0.6007953491,0.4207894308,0.4306809311,0.4308451656
13.4,2.698994408,2.775199198,2.775606396,2.698994408,2.775199198,2.775606396,0.003336302733,0.00333630272,0.2198430526,0.2298645072,0.1898319313,0.6007522247,0.6006376044,0.6007908137,0.4207847368,0.4306774642,0.4308403434
13.42,2.698982747,2.775190569,2.775594411,2.698982747,2.775190569,2.775594411,0.003317518228,0.003317518216,0.2198439856,0.2298651975,0.1898328901,0.6007477557,0.6006343574,0.6007863049,0.420780072,0.4306740126,0.4308355495
13.44,2.698971158,2.775181978,2.775582496,2.698971158,2.775181978,2.775582496,0.003298840465,0.003298840455,0.2198449127,0.2298658847,0.1898338433,0.6007433145,0.6006311248,0.6007818224,0.4207754364,0.4306705764,0.4308307837
13.46,2.698959641,2.775173426,2.775570651,2.698959641,2.775173426,2.775570651,0.003280268822,0.003280268814,0.2198458341,0.2298665689,0.1898347909,0.600738901,0.6006279065,0.6007773662,0.4207708296,0.4306671554,0.4308260457
13.48,2.698948196,2.775164911,2.775558876,2.698948196,2.775164911,2.775558876,0.003261802681,0.003261802675,0.2198467497,0.2298672501,0.1898357329,0.6007345149,0.6006247026,0.6007729359,0.4207662516,0.4306637497,0.4308213354
13.5,2.698936822,2.775156435,2.775547169,2.698936822,2.775156435,2.775547169,0.003243441426,0.003243441423,0.2198476596,0.2298679282,0.1898366695,0.6007301561,0.6006215129,0.6007685316,0.4207617021,0.4306603592,0.4308166527
13.52,2.698925519,2.775147997,2.775535531,2.698925519,2.775147997,2.775535531,0.003225184447,0.003225184446,0.2198485638,0.2298686032,0.1898376005,0.6007258245,0.6006183376,0.600764153,0.4207571809,0.4306569838,0.4308119974
13.54,2.698914286,2.775139596,2.77552396,2.698914286,2.775139596,2.77552396,0.003207031137,0.003207031139,0.2198494624,0.2298692753,0.1898385262,0.6007215197,0.6006151764,0.6007597999,0.4207526878,0.4306536236,0.4308073692
13.56,2.698903123,2.775131233,2.775512457,2.698903123,2.775131233,2.775512457,0.003188980893,0.003188980897,0.2198503555,0.2298699443,0.1898394464,0.6007172417,0.6006120294,0.6007554722,0.4207482227,0.4306502784,0.4308027681
13.58,2.69889203,2.775122908,2.775501022,2.69889203,2.775122908,2.775501022,0.003171033115,0.003171033121,0.2198512429,0.2298706103,0.1898403612,0.6007129903,0.6006088965,0.6007511698,0.4207437853,0.4306469483,0.4307981939
13.6,2.698881005,2.77511462,2.775489653,2.698881005,2.77511462,2.775489653,0.003153187207,0.003153187216,0.2198521249,0.2298712734,0.1898412707,0.6007087652,0.6006057777,0.6007468924,0.4207393755,0.4306436332,0.4307936464
13.62,2.698870049,2.77510637,2.775478351,2.698870049,2.77510637,2.775478351,0.003135442578,0.003135442589,0.2198530014,0.2298719334,0.1898421749,0.6007045664,0.600602673,0.60074264,0.420734993,0.4306403331,0.4307891254
13.64,2.698859161,2.775098157,2.775467114,2.698859161,2.775098157,2.775467114,0.003117798638,0.003117798652,0.2198538724,0.2298725904,0.1898430739,0.6007003936,0.6005995823,0.6007384124,0.4207306378,0.4306370478,0.4307846307
13.66,2.698848341,2.775089981,2.775455943,2.698848341,2.775089981,2.775455943,0.003100254804,0.003100254821,0.2198547381,0.2298732445,0.1898439675,0.6006962466,0.6005965056,0.6007342094,0.4207263096,0.4306337774,0.4307801623
13.68,2.698837587,2.775081842,2.775444837,2.698837587,2.775081842,2.775444837,0.003082810494,0.003082810513,0.2198555984,0.2298738956,0.189844856,0.6006921254,0.6005934428,0.6007300309,0.4207220082,0.4306305219,0.43077572
13.7,2.6988269,2.77507374,2.775433796,2.698826901,2.77507374,2.775433796,0.003065465131,0.003065465151,0.2198564533,0.2298745438,0.1898457393,0.6006880297,0.6005903939,0.6007258768,0.4207177335,0.4306272811,0.4307713036
13.72,2.69881628,2.775065675,2.775422819,2.69881628,2.775065675,2.775422819,0.00304821814,0.003048218161,0.2198573029,0.229875189,0.1898466174,0.6006839593,0.6005873588,0.6007217468,0.4207134853,0.4306240551,0.4307669128
13.74,2.698805725,2.775057647,2.775411906,2.698805725,2.775057647,2.775411906,0.003031068951,0.003031068974,0.2198581473,0.2298758312,0.1898474905,0.6006799141,0.6005843376,0.6007176408,0.4207092634,0.4306208438,0.4307625477
13.76,2.698795236,2.775049655,2.775401057,2.698795236,2.775049655,2.775401057,0.003014016998,0.003014017021,0.2198589865,0.2298764706,0.1898483584,0.6006758939,0.6005813302,0.6007135587,0.4207050676,0.4306176472,0.430758208
13.78,2.698784811,2.7750417,2.775390271,2.698784811,2.7750417,2.775390271,0.002997061716,0.002997061739,0.2198598204,0.229877107,0.1898492213,0.6006718986,0.6005783365,0.6007095004,0.4207008978,0.4306144651,0.4307538935
13.8,2.698774451,2.775033781,2.775379548,2.698774451,2.775033781,2.775379548,0.002980202546,0.002980202569,0.2198606492,0.2298777405,0.1898500792,0.6006679279,0.6005753565,0.6007054657,0.4206967538,0.4306112977,0.4307496042
13.82,2.698764155,2.775025899,2.775368887,2.698764155,2.775025899,2.775368887,0.002963438931,0.002963438953,0.2198614729,0.229878371,0.189850932,0.6006639818,0.6005723902,0.6007014544,0.4206926354,0.4306081448,0.4307453398
13.84,2.698753923,2.775018053,2.775358288,2.698753923,2.775018053,2.775358288,0.002946770317,0.002946770339,0.2198622915,0.2298789987,0.18985178,0.6006600601,0.6005694374,0.6006974665,0.4206885424,0.4306050063,0.4307411002
13.86,2.698743753,2.775010243,2.77534775,2.698743753,2.775010243,2.77534775,0.002930196156,0.002930196176,0.2198631051,0.2298796235,0.1898526229,0.6006561625,0.6005664983,0.6006935017,0.4206844747,0.4306018823,0.4307368853
13.88,2.698733647,2.775002469,2.775337274,2.698733647,2.775002469,2.775337274,0.002913715901,0.002913715919,0.2198639136,0.2298802455,0.189853461,0.600652289,0.6005635727,0.6006895599,0.4206804321,0.4305987727,0.4307326949
13.9,2.698723603,2.774994731,2.775326859,2.698723603,2.774994731,2.775326859,0.002897329008,0.002897329024,0.2198647171,0.2298808645,0.1898542942,0.6006484393,0.6005606605,0.600685641,0.4206764145,0.4305956774,0.4307285288
13.92,2.698713621,2.774987028,2.775316505,2.698713621,2.774987028,2.775316505,0.002881034937,0.002881034951,0.2198655157,0.2298814807,0.1898551226,0.6006446134,0.6005577619,0.6006817449,0.4206724216,0.4305925965,0.430724387
13.94,2.6987037,2.774979362,2.77530621,2.6987037,2.774979362,2.77530621,0.002864833153,0.002864833164,0.2198663093,0.229882094,0.1898559462,0.600640811,0.6005548766,0.6006778714,0.4206684534,0.4305895298,0.4307202692
13.96,2.698693841,2.77497173,2.775295975,2.698693841,2.77497173,2.775295975,0.002848723122,0.00284872313,0.2198670981,0.2298827045,0.1898567649,0.6006370321,0.6005520047,0.6006740203,0.4206645096,0.4305864773,0.4307161753
13.98,2.698684042,2.774964135,2.7752858,2.698684042,2.774964135,2.7752858,0.002832704313,0.002832704319,0.219867882,0.2298833122,0.189857579,0.6006332764,0.6005491461,0.6006701916,0.4206605901,0.430583439,0.4307121052
14,2.698674303,2.774956574,2.775275684,2.698674303,2.774956574,2.775275684,0.002816776201,0.002816776204,0.2198686611,0.229883917,0.1898583883,0.6006295438,0.6005463008,0.6006663851,0.4206566947,0.4305804149,0.4307080587
14.02,2.698664625,2.774949049,2.775265626,2.698664625,2.774949049,2.775265626,0.00280093826,0.002800938261,0.2198694353,0.229884519,0.1898591929,0.6006258342,0.6005434687,0.6006626007,0.4206528233,0.4305774048,0.4307040357
14.04,2.698655006,2.774941559,2.775255627,2.698655006,2.774941559,2.775255627,0.002785189971,0.002785189971,0.2198702049,0.2298851182,0.1898599928,0.6006221473,0.6005406499,0.6006588381,0.4206489757,0.4305744088,0.430700036
14.06,2.698645446,2.774934104,2.775245686,2.698645446,2.774934104,2.775245686,0.002769530817,0.002769530816,0.2198709696,0.2298857147,0.1898607881,0.6006184831,0.6005378442,0.6006550974,0.4206451518,0.4305714267,0.4306960595
14.08,2.698635945,2.774926684,2.775235802,2.698635945,2.774926684,2.775235802,0.002753960283,0.002753960281,0.2198717297,0.2298863083,0.1898615788,0.6006148414,0.6005350516,0.6006513784,0.4206413514,0.4305684586,0.4306921061
14.1,2.698626502,2.774919298,2.775225976,2.698626502,2.774919298,2.775225976,0.002738477859,0.002738477857,0.2198724851,0.2298868991,0.1898623649,0.6006112221,0.600532272,0.6006476808,0.4206375743,0.4305655044,0.4306881755
14.12,2.698617118,2.774911947,2.775216207,2.698617118,2.774911947,2.775216207,0.002723083037,0.002723083036,0.2198732359,0.2298874872,0.1898631464,0.6006076249,0.6005295055,0.6006440047,0.4206338204,0.430562564,0.4306842678
14.14,2.69860779,2.774904631,2.775206494,2.69860779,2.774904631,2.775206494,0.002707775313,0.002707775312,0.2198739821,0.2298880725,0.1898639235,0.6006040498,0.600526752,0.6006403499,0.4206300896,0.4305596375,0.4306803827
14.16,2.698598521,2.774897349,2.775196837,2.698598521,2.774897349,2.775196837,0.002692554185,0.002692554183,0.2198747237,0.2298886551,0.189864696,0.6006004967,0.6005240114,0.6006367162,0.4206263816,0.4305567247,0.43067652
14.18,2.698589308,2.774890101,2.775187237,2.698589308,2.774890101,2.775187237,0.002677419154,0.002677419153,0.2198754607,0.2298892349,0.189865464,0.6005969653,0.6005212837,0.6006331035,0.4206226964,0.4305538257,0.4306726798
14.2,2.698580151,2.774882888,2.775177692,2.698580151,2.774882888,2.775177692,0.002662369725,0.002662369723,0.2198761933,0.2298898119,0.1898662276,0.6005934555,0.6005185688,0.6006295118,0.4206190337,0.4305509403,0.4306688618
14.22,2.69857105,2.774875708,2.775168202,2.69857105,2.774875708,2.775168202,0.002647405405,0.002647405403,0.2198769213,0.2298903863,0.1898669868,0.6005899672,0.6005158668,0.6006259407,0.4206153935,0.4305480685,0.4306650658
14.24,2.698562006,2.774868563,2.775158767,2.698562006,2.774868563,2.775158767,0.002632525704,0.002632525702,0.2198776449,0.2298909579,0.1898677416,0.6005865003,0.6005131775,0.6006223904,0.4206117757,0.4305452103,0.4306612919
14.26,2.698553016,2.774861451,2.775149386,2.698553016,2.774861451,2.775149386,0.002617730135,0.002617730134,0.219878364,0.2298915269,0.1898684921,0.6005830546,0.600510501,0.6006188605,0.4206081799,0.4305423656,0.4306575397
14.28,2.698544082,2.774854373,2.77514006,2.698544082,2.774854373,2.77514006,0.002603018216,0.002603018214,0.2198790788,0.2298920931,0.1898692381,0.6005796299,0.6005078371,0.6006153511,0.4206046062,0.4305395344,0.4306538093
14.3,2.698535202,2.774847329,2.775130788,2.698535202,2.774847329,2.775130788,0.002588389464,0.002588389463,0.2198797891,0.2298926567,0.1898699799,0.6005762262,0.6005051858,0.6006118619,0.4206010543,0.4305367167,0.4306501004
14.32,2.698526377,2.774840318,2.77512157,2.698526377,2.774840318,2.77512157,0.002573843403,0.002573843401,0.2198804952,0.2298932175,0.1898707174,0.6005728433,0.6005025472,0.6006083928,0.4205975241,0.4305339123,0.430646413
14.34,2.698517605,2.77483334,2.775112404,2.698517605,2.77483334,2.775112404,0.002559379556,0.002559379555,0.2198811969,0.2298937757,0.1898714506,0.600569481,0.600499921,0.6006049438,0.4205940155,0.4305311213,0.4306427468
14.36,2.698508888,2.774826396,2.775103292,2.698508888,2.774826396,2.775103292,0.002544997452,0.002544997451,0.2198818943,0.2298943313,0.1898721796,0.6005661393,0.6004973074,0.6006015147,0.4205905284,0.4305283436,0.4306391019
14.38,2.698500223,2.774819485,2.775094232,2.698500223,2.774819485,2.775094232,0.002530696621,0.00253069662,0.2198825875,0.2298948842,0.1898729044,0.6005628179,0.6004947062,0.6005981054,0.4205870626,0.4305255791,0.430635478
14.4,2.698491611,2.774812607,2.775085225,2.698491611,2.774812607,2.775085225,0.002516476597,0.002516476596,0.2198832764,0.2298954344,0.189873625,0.6005595168,0.6004921175,0.6005947157,0.4205836179,0.4305228278,0.430631875
14.42,2.698483052,2.774805761,2.775076269,2.698483052,2.774805761,2.775076269,0.002502336916,0.002502336915,0.2198839612,0.2298959821,0.1898743414,0.6005562359,0.6004895411,0.6005913456,0.4205801942,0.4305200897,0.4306282928
14.44,2.698474545,2.774798949,2.775067365,2.698474545,2.774798949,2.775067365,0.002488277116,0.002488277115,0.2198846417,0.2298965271,0.1898750537,0.6005529749,0.600486977,0.600587995,0.4205767914,0.4305173646,0.4306247313
14.46,2.69846609,2.774792169,2.775058513,2.69846609,2.774792169,2.775058513,0.00247429674,0.00247429674,0.2198853181,0.2298970695,0.1898757619,0.6005497338,0.6004844252,0.6005846636,0.4205734094,0.4305146527,0.4306211903
14.48,2.698457686,2.774785421,2.775049712,2.698457686,2.774785421,2.775049712,0.002460395333,0.002460395332,0.2198859904,0.2298976093,0.189876466,0.6005465125,0.6004818857,0.6005813515,0.4205700479,0.4305119537,0.4306176698
14.5,2.698449334,2.774778706,2.775040961,2.698449334,2.774778706,2.775040961,0.00244657244,0.002446572439,0.2198866586,0.2298981465,0.1898771661,0.6005433107,0.6004793583,0.6005780584,0.420566707,0.4305092677,0.4306141696
14.52,2.698441033,2.774772024,2.775032261,2.698441033,2.774772024,2.775032261,0.002432827613,0.002432827611,0.2198873227,0.2298986811,0.1898778621,0.6005401285,0.6004768431,0.6005747843,0.4205633864,0.4305065947,0.4306106895
14.54,2.698432782,2.774765373,2.775023611,2.698432782,2.774765373,2.775023611,0.002419160403,0.002419160402,0.2198879828,0.2298992131,0.1898785541,0.6005369656,0.6004743399,0.6005715291,0.420560086,0.4305039344,0.4306072295
14.56,2.698424581,2.774758755,2.775015011,2.698424581,2.774758755,2.775015011,0.002405570367,0.002405570365,0.2198886389,0.2298997426,0.1898792421,0.6005338219,0.6004718488,0.6005682926,0.4205568057,0.4305012871,0.4306037895
14.58,2.69841643,2.774752168,2.77500646,2.69841643,2.774752168,2.77500646,0.002392057062,0.002392057059,0.2198892909,0.2299002695,0.1898799262,0.6005306973,0.6004693698,0.6005650748,0.4205535453,0.4304986524,0.4306003692
14.6,2.698408329,2.774745613,2.774997959,2.698408329,2.774745613,2.774997959,0.002378620048,0.002378620044,0.219889939,0.2299007939,0.1898806063,0.6005275917,0.6004669027,0.6005618754,0.4205503048,0.4304960305,0.4305969687
14.62,2.698400277,2.77473909,2.774989507,2.698400277,2.77473909,2.774989507,0.002365258889,0.002365258884,0.2198905832,0.2299013157,0.1898812824,0.600524505,0.6004644475,0.6005586945,0.420547084,0.4304934213,0.4305935878
14.64,2.698392273,2.774732599,2.774981103,2.698392273,2.774732599,2.774981103,0.00235197315,0.002351973145,0.2198912235,0.229901835,0.1898819547,0.600521437,0.6004620042,0.6005555319,0.4205438827,0.4304908248,0.4305902263
14.66,2.698384319,2.774726139,2.774972748,2.698384319,2.774726139,2.774972748,0.0023387624,0.002338762394,0.2198918598,0.2299023518,0.1898826232,0.6005183877,0.6004595727,0.6005523875,0.4205407009,0.4304882408,0.4305868842
14.68,2.698376413,2.77471971,2.77496444,2.698376413,2.77471971,2.77496444,0.00232562621,0.002325626203,0.2198924923,0.2299028661,0.1898832877,0.6005153568,0.600457153,0.6005492611,0.4205375384,0.4304856693,0.4305835613
14.7,2.698368554,2.774713313,2.774956181,2.698368554,2.774713313,2.774956181,0.002312564153,0.002312564145,0.219893121,0.2299033779,0.1898839485,0.6005123443,0.6004547451,0.6005461528,0.4205343951,0.4304831103,0.4305802575
14.72,2.698360744,2.774706947,2.774947969,2.698360744,2.774706947,2.774947969,0.002299575805,0.002299575796,0.2198937458,0.2299038872,0.1898846054,0.6005093501,0.6004523489,0.6005430623,0.4205312708,0.4304805638,0.4305769728
14.74,2.69835298,2.774700611,2.774939804,2.69835298,2.774700611,2.774939804,0.002286660745,0.002286660735,0.2198943669,0.2299043941,0.1898852586,0.6005063741,0.6004499643,0.6005399895,0.4205281655,0.4304780296,0.4305737069
14.76,2.698345264,2.774694307,2.774931687,2.698345264,2.774694307,2.774931687,0.002273818553,0.002273818542,0.2198949842,0.2299048984,0.189885908,0.600503416,0.6004475913,0.6005369345,0.420525079,0.4304755078,0.4305704598
14.78,2.698337595,2.774688033,2.774923616,2.698337595,2.774688033,2.774923616,0.002261048814,0.002261048802,0.2198955977,0.2299054003,0.1898865537,0.6005004759,0.6004452299,0.6005338969,0.4205220113,0.4304729983,0.4305672314
14.8,2.698329972,2.77468179,2.774915591,2.698329972,2.77468179,2.774915591,0.002248351112,0.002248351099,0.2198962076,0.2299058998,0.1898871957,0.6004975535,0.60044288,0.6005308769,0.4205189621,0.4304705011,0.4305640216
14.82,2.698322395,2.774675577,2.774907612,2.698322395,2.774675577,2.774907612,0.002235725037,0.002235725024,0.2198968137,0.2299063968,0.189887834,0.6004946489,0.6004405415,0.6005278741,0.4205159313,0.430468016,0.4305608301
14.84,2.698314864,2.774669395,2.77489968,2.698314864,2.774669395,2.77489968,0.00222317018,0.002223170165,0.2198974162,0.2299068914,0.1898884686,0.6004917618,0.6004382145,0.6005248886,0.420512919,0.4304655432,0.4305576571
14.86,2.698307379,2.774663243,2.774891793,2.698307379,2.774663243,2.774891793,0.002210686133,0.002210686117,0.219898015,0.2299073835,0.1898890996,0.6004888921,0.6004358989,0.6005219203,0.4205099248,0.4304630824,0.4305545022
14.88,2.698299938,2.774657121,2.774883951,2.698299938,2.774657121,2.774883951,0.002198272492,0.002198272476,0.2198986103,0.2299078733,0.1898897269,0.6004860399,0.6004335947,0.6005189689,0.4205069487,0.4304606337,0.4305513655
14.9,2.698292543,2.774651029,2.774876154,2.698292543,2.77465103,2.774876154,0.002185928855,0.002185928838,0.2198992019,0.2299083606,0.1898903506,0.6004832048,0.6004313017,0.6005160346,0.4205039907,0.4304581969,0.4305482468
14.92,2.698285193,2.774644968,2.774868402,2.698285193,2.774644968,2.774868402,0.002173654823,0.002173654806,0.2198997899,0.2299088456,0.1898909708,0.6004803869,0.60042902,0.600513117,0.4205010505,0.4304557722,0.430545146
14.94,2.698277887,2.774638936,2.774860695,2.698277887,2.774638936,2.774860694,0.002161449999,0.002161449981,0.2199003744,0.2299093281,0.1898915874,0.6004775859,0.6004267495,0.6005102162,0.4204981281,0.4304533594,0.430542063
14.96,2.698270625,2.774632933,2.774853031,2.698270625,2.774632933,2.774853031,0.002149313987,0.002149313969,0.2199009553,0.2299098083,0.1898922005,0.6004748019,0.6004244901,0.600507332,0.4204952233,0.4304509584,0.4305389977
14.98,2.698263407,2.77462696,2.774845412,2.698263407,2.77462696,2.774845412,0.002137246395,0.002137246378,0.2199015328,0.2299102861,0.18989281,0.6004720347,0.6004222419,0.6005044644,0.4204923361,0.4304485693,0.4305359499
15,2.698256232,2.774621017,2.774837836,2.698256232,2.774621017,2.774837836,0.002125246833,0.002125246816,0.2199021067,0.2299107616,0.1898934161,0.6004692842,0.6004200048,0.6005016132,0.4204894663,0.4304461919,0.4305329197
15.02,2.698249101,2.774615103,2.774830304,2.698249101,2.774615103,2.774830304,0.002113314913,0.002113314896,0.2199026772,0.2299112347,0.1898940186,0.6004665502,0.6004177786,0.6004987783,0.4204866138,0.4304438263,0.4305299068
15.04,2.698242013,2.774609218,2.774822815,2.698242013,2.774609218,2.774822815,0.002101450249,0.002101450233,0.2199032443,0.2299117055,0.1898946178,0.6004638327,0.6004155635,0.6004959597,0.4204837785,0.4304414724,0.4305269112
15.06,2.698234967,2.774603362,2.774815369,2.698234967,2.774603362,2.774815369,0.002089652458,0.002089652442,0.2199038079,0.229912174,0.1898952134,0.6004611316,0.6004133593,0.6004931572,0.4204809603,0.4304391301,0.4305239328
15.08,2.698227964,2.774597536,2.774807966,2.698227964,2.774597536,2.774807966,0.002077921158,0.002077921144,0.2199043682,0.2299126401,0.1898958057,0.6004584468,0.600411166,0.6004903708,0.420478159,0.4304367994,0.4305209715
15.1,2.698221003,2.774591738,2.774800605,2.698221003,2.774591738,2.774800605,0.002066255972,0.002066255959,0.2199049251,0.229913104,0.1898963946,0.6004557781,0.6004089836,0.6004876003,0.4204753747,0.4304344802,0.4305180271
15.12,2.698214084,2.774585968,2.774793286,2.698214084,2.774585968,2.774793286,0.002054656521,0.00205465651,0.2199054786,0.2299135655,0.1898969801,0.6004531255,0.600406812,0.6004848457,0.4204726071,0.4304321725,0.4305150996
15.14,2.698207207,2.774580228,2.774786009,2.698207207,2.774580228,2.774786009,0.002043122433,0.002043122423,0.2199060288,0.2299140247,0.1898975622,0.6004504888,0.6004046511,0.6004821069,0.4204698562,0.4304298763,0.4305121889
15.16,2.698200371,2.774574516,2.774778774,2.698200371,2.774574516,2.774778774,0.002031653334,0.002031653325,0.2199065756,0.2299144817,0.189898141,0.600447868,0.600402501,0.6004793838,0.4204671218,0.4304275914,0.4305092948
15.18,2.698193576,2.774568832,2.77477158,2.698193576,2.774568832,2.77477158,0.002020248855,0.002020248848,0.2199071192,0.2299149364,0.1898987165,0.600445263,0.6004003615,0.6004766762,0.4204644039,0.430425318,0.4305064174
15.2,2.698186822,2.774563177,2.774764428,2.698186822,2.774563177,2.774764428,0.002008908627,0.002008908622,0.2199076595,0.2299153888,0.1898992887,0.6004426736,0.6003982327,0.6004739841,0.4204617023,0.4304230558,0.4305035563
15.22,2.698180109,2.774557549,2.774757316,2.698180109,2.774557549,2.774757316,0.001997632285,0.001997632282,0.2199081966,0.229915839,0.1898998577,0.6004400997,0.6003961144,0.6004713075,0.420459017,0.4304208049,0.4305007117
15.24,2.698173436,2.77455195,2.774750246,2.698173436,2.77455195,2.774750246,0.001986419465,0.001986419465,0.2199087304,0.229916287,0.1899004233,0.6004375414,0.6003940068,0.6004686461,0.4204563478,0.4304185652,0.4304978834
15.26,2.698166803,2.774546379,2.774743215,2.698166803,2.774546379,2.774743215,0.001975269806,0.001975269808,0.2199092611,0.2299167327,0.1899009858,0.6004349983,0.6003919096,0.600466,0.4204536946,0.4304163367,0.4304950712
15.28,2.69816021,2.774540835,2.774736225,2.69816021,2.774540835,2.774736225,0.001964182949,0.001964182953,0.2199097885,0.2299171762,0.189901545,0.6004324706,0.6003898228,0.600463369,0.4204510574,0.4304141192,0.4304922752
15.3,2.698153657,2.774535319,2.774729275,2.698153657,2.774535319,2.774729275,0.001953158536,0.001953158542,0.2199103128,0.2299176174,0.189902101,0.600429958,0.6003877465,0.600460753,0.420448436,0.4304119129,0.4304894951
15.32,2.698147142,2.774529831,2.774722364,2.698147142,2.774529831,2.774722364,0.001942196212,0.001942196221,0.2199108339,0.2299180565,0.1899026538,0.6004274605,0.6003856806,0.600458152,0.4204458303,0.4304097176,0.4304867309
15.34,2.698140667,2.77452437,2.774715494,2.698140667,2.77452437,2.774715494,0.001931295625,0.001931295636,0.2199113519,0.2299184933,0.1899032035,0.6004249779,0.600383625,0.6004555659,0.4204432403,0.4304075333,0.4304839826
15.36,2.698134231,2.774518937,2.774708662,2.698134231,2.774518937,2.774708662,0.001920456423,0.001920456436,0.2199118668,0.229918928,0.18990375,0.6004225103,0.6003815796,0.6004529945,0.4204406658,0.4304053599,0.4304812499
15.38,2.698127833,2.774513531,2.774701869,2.698127833,2.774513531,2.774701869,0.001909678256,0.001909678271,0.2199123787,0.2299193605,0.1899042934,0.6004200574,0.6003795446,0.6004504378,0.4204381067,0.4304031974,0.4304785329
15.4,2.698121474,2.774508151,2.774695116,2.698121474,2.774508151,2.774695116,0.00189896078,0.001898960797,0.2199128874,0.2299197909,0.1899048337,0.6004176192,0.6003775197,0.6004478958,0.420435563,0.4304010457,0.4304758314
15.42,2.698115153,2.774502799,2.774688401,2.698115153,2.774502799,2.774688401,0.001888303647,0.001888303666,0.2199133931,0.229920219,0.1899053709,0.6004151956,0.6003755049,0.6004453682,0.4204330345,0.4303989049,0.4304731454
15.44,2.698108869,2.774497474,2.774681724,2.69810887,2.774497474,2.774681724,0.001877706516,0.001877706537,0.2199138958,0.229920645,0.1899059051,0.6004127865,0.6003735003,0.6004428551,0.4204305211,0.4303967748,0.4304704747
15.46,2.698102624,2.774492176,2.774675085,2.698102624,2.774492175,2.774675085,0.001867169046,0.001867169068,0.2199143954,0.2299210689,0.1899064362,0.6004103918,0.6003715058,0.6004403563,0.4204280228,0.4303946554,0.4304678192
15.48,2.698096415,2.774486904,2.774668484,2.698096415,2.774486904,2.774668485,0.001856690898,0.00185669092,0.2199148921,0.2299214907,0.1899069642,0.6004080115,0.6003695213,0.6004378718,0.4204255395,0.4303925466,0.4304651789
15.5,2.698090244,2.774481658,2.774661921,2.698090244,2.774481658,2.774661922,0.001846271734,0.001846271758,0.2199153858,0.2299219103,0.1899074893,0.6004056454,0.6003675467,0.6004354015,0.420423071,0.4303904485,0.4304625537
15.52,2.69808411,2.774476439,2.774655396,2.69808411,2.774476439,2.774655396,0.001835911221,0.001835911245,0.2199158765,0.2299223278,0.1899080113,0.6004032934,0.6003655821,0.6004329453,0.4204206173,0.430388361,0.4304599435
15.54,2.698078012,2.774471247,2.774648908,2.698078012,2.774471247,2.774648908,0.001825609024,0.001825609048,0.2199163643,0.2299227432,0.1899085304,0.6004009555,0.6003636274,0.6004305031,0.4204181783,0.4303862839,0.4304573482
15.56,2.698071951,2.774466081,2.774642456,2.698071951,2.77446608,2.774642457,0.001815364814,0.001815364837,0.2199168492,0.2299231565,0.1899090464,0.6003986316,0.6003616826,0.6004280748,0.4204157538,0.4303842174,0.4304547678
15.58,2.698065926,2.77446094,2.774636042,2.698065926,2.77446094,2.774636042,0.00180517826,0.001805178283,0.2199173312,0.2299235677,0.1899095596,0.6003963215,0.6003597476,0.6004256604,0.4204133438,0.4303821613,0.430452202
15.6,2.698059937,2.774455826,2.774629664,2.698059937,2.774455826,2.774629664,0.001795049035,0.001795049057,0.2199178104,0.2299239769,0.1899100698,0.6003940252,0.6003578223,0.6004232597,0.4204109482,0.4303801155,0.4304496509
15.62,2.698053984,2.774450737,2.774623323,2.698053984,2.774450737,2.774623323,0.001784976814,0.001784976835,0.2199182866,0.229924384,0.1899105771,0.6003917427,0.6003559068,0.6004208728,0.4204085669,0.4303780801,0.4304471143
15.64,2.698048066,2.774445675,2.774617018,2.698048066,2.774445675,2.774617018,0.001774961275,0.001774961294,0.21991876,0.229924789,0.1899110816,0.6003894737,0.6003540009,0.6004184994,0.4204061999,0.430376055,0.4304445922
15.66,2.698042184,2.774440638,2.774610748,2.698042184,2.774440638,2.774610749,0.001765002094,0.001765002111,0.2199192306,0.229925192,0.1899115831,0.6003872183,0.6003521047,0.6004161396,0.420403847,0.4303740402,0.4304420845
15.68,2.698036337,2.774435626,2.774604515,2.698036337,2.774435626,2.774604515,0.001755098952,0.001755098967,0.2199196984,0.2299255929,0.1899120818,0.6003849764,0.6003502181,0.6004137932,0.4204015081,0.4303720356,0.4304395911
15.7,2.698030524,2.77443064,2.774598317,2.698030524,2.77443064,2.774598317,0.001745251532,0.001745251545,0.2199201634,0.2299259918,0.1899125776,0.6003827478,0.6003483411,0.6004114602,0.4203991831,0.4303700411,0.430437112
15.72,2.698024747,2.774425679,2.774592154,2.698024747,2.774425679,2.774592154,0.001735459516,0.001735459527,0.2199206256,0.2299263886,0.1899130706,0.6003805325,0.6003464736,0.6004091405,0.420396872,0.4303680568,0.4304346469
15.74,2.698019003,2.774420743,2.774586027,2.698019003,2.774420743,2.774586027,0.001725722592,0.0017257226,0.2199210851,0.2299267835,0.1899135608,0.6003783304,0.6003446156,0.600406834,0.4203945747,0.4303660825,0.4304321959
15.76,2.698013294,2.774415833,2.774579934,2.698013294,2.774415833,2.774579934,0.001716040447,0.001716040452,0.2199215418,0.2299271763,0.1899140482,0.6003761414,0.600342767,0.6004045407,0.4203922911,0.4303641183,0.4304297589
15.78,2.698007619,2.774410947,2.774573877,2.698007619,2.774410947,2.774573877,0.001706412769,0.001706412772,0.2199219958,0.2299275672,0.1899145328,0.6003739654,0.6003409277,0.6004022604,0.4203900211,0.430362164,0.4304273358
15.8,2.698001978,2.774406086,2.774567853,2.698001978,2.774406086,2.774567853,0.00169683925,0.001696839251,0.2199224471,0.2299279561,0.1899150147,0.6003718024,0.6003390979,0.6003999931,0.4203877646,0.4303602197,0.4304249265
15.82,2.69799637,2.77440125,2.774561864,2.69799637,2.77440125,2.774561864,0.001687319583,0.001687319582,0.2199228957,0.2299283429,0.1899154938,0.6003696522,0.6003372774,0.6003977387,0.4203855216,0.4303582853,0.4304225309
15.84,2.697990796,2.774396439,2.774555909,2.697990796,2.774396439,2.774555909,0.001677853462,0.001677853461,0.2199233416,0.2299287278,0.1899159702,0.6003675149,0.6003354661,0.6003954971,0.4203832918,0.4303563608,0.4304201489
15.86,2.697985255,2.774391652,2.774549988,2.697985255,2.774391652,2.774549988,0.001668440584,0.001668440583,0.2199237849,0.2299291108,0.1899164439,0.6003653902,0.6003336641,0.6003932684,0.4203810754,0.430354446,0.4304177805
15.88,2.697979747,2.77438689,2.774544101,2.697979747,2.77438689,2.774544101,0.001659080648,0.001659080647,0.2199242256,0.2299294918,0.1899169149,0.6003632782,0.6003318712,0.6003910522,0.4203788721,0.4303525411,0.4304154256
15.9,2.697974272,2.774382152,2.774538247,2.697974272,2.774382152,2.774538247,0.001649773354,0.001649773353,0.2199246636,0.2299298708,0.1899173832,0.6003611787,0.6003300875,0.6003888487,0.420376682,0.4303506458,0.4304130842
15.92,2.697968829,2.774377438,2.774532427,2.697968829,2.774377438,2.774532427,0.001640518405,0.001640518403,0.219925099,0.2299302479,0.1899178488,0.6003590917,0.6003283129,0.6003866578,0.4203745048,0.4303487603,0.430410756
15.94,2.697963418,2.774372748,2.77452664,2.697963418,2.774372748,2.77452664,0.001631315502,0.001631315501,0.2199255319,0.2299306231,0.1899183118,0.6003570172,0.6003265474,0.6003844793,0.4203723406,0.4303468844,0.4304084411
15.96,2.69795804,2.774368082,2.774520886,2.69795804,2.774368082,2.774520886,0.001622164352,0.001622164351,0.2199259621,0.2299309964,0.1899187721,0.6003549549,0.6003247909,0.6003823132,0.4203701893,0.430345018,0.4304061394
15.98,2.697952693,2.77436344,2.774515164,2.697952693,2.77436344,2.774515164,0.001613064662,0.00161306466,0.2199263899,0.2299313677,0.1899192299,0.6003529048,0.6003230434,0.6003801594,0.4203680507,0.4303431613,0.4304038507
16,2.697947379,2.774358822,2.774509475,2.697947379,2.774358822,2.774509475,0.00160401614,0.001604016138,0.219926815,0.2299317372,0.189919685,0.600350867,0.6003213048,0.6003780179,0.4203659249,0.430341314,0.4304015751
16.02,2.697942096,2.774354228,2.774503818,2.697942096,2.774354228,2.774503818,0.001595018496,0.001595018495,0.2199272377,0.2299321048,0.1899201375,0.6003488412,0.6003195752,0.6003758885,0.4203638116,0.4303394762,0.4303993125
16.04,2.697936844,2.774349657,2.774498194,2.697936844,2.774349657,2.774498194,0.001586071443,0.001586071442,0.2199276578,0.2299324704,0.1899205875,0.6003468274,0.6003178544,0.6003737713,0.4203617109,0.4303376478,0.4303970627
16.06,2.697931623,2.774345109,2.774492601,2.697931623,2.774345109,2.774492601,0.001577174695,0.001577174693,0.2199280755,0.2299328342,0.1899210349,0.6003448256,0.6003161424,0.6003716661,0.4203596226,0.4303358289,0.4303948257
16.08,2.697926434,2.774340585,2.774487041,2.697926434,2.774340585,2.774487041,0.001568327965,0.001568327963,0.2199284906,0.2299331962,0.1899214797,0.6003428357,0.6003144392,0.6003695728,0.4203575468,0.4303340192,0.4303926014
16.1,2.697921275,2.774336084,2.774481512,2.697921275,2.774336084,2.774481512,0.001559530972,0.001559530971,0.2199289034,0.2299335562,0.189921922,0.6003408575,0.6003127448,0.6003674915,0.4203554832,0.4303322188,0.4303903898
16.12,2.697916146,2.774331606,2.774476014,2.697916146,2.774331606,2.774476014,0.001550783434,0.001550783433,0.2199293136,0.2299339145,0.1899223618,0.6003388911,0.600311059,0.600365422,0.4203534319,0.4303304277,0.4303881908
16.14,2.697911048,2.774327152,2.774470548,2.697911048,2.774327152,2.774470548,0.001542085071,0.00154208507,0.2199297215,0.2299342708,0.1899227992,0.6003369363,0.600309382,0.6003633642,0.4203513927,0.4303286459,0.4303860042
16.16,2.697905981,2.77432272,2.774465112,2.697905981,2.77432272,2.774465112,0.001533435605,0.001533435604,0.2199301269,0.2299346254,0.189923234,0.6003349931,0.6003077135,0.6003613182,0.4203493656,0.4303268731,0.4303838301
16.18,2.697900943,2.774318311,2.774459708,2.697900943,2.774318311,2.774459708,0.00152483476,0.001524834759,0.2199305299,0.2299349781,0.1899236663,0.6003330613,0.6003060537,0.6003592837,0.4203473505,0.4303251095,0.4303816684
16.2,2.697895935,2.774313925,2.774454334,2.697895935,2.774313925,2.774454334,0.00151628226,0.001516282259,0.2199309305,0.229935329,0.1899240962,0.600331141,0.6003044024,0.6003572608,0.4203453474,0.430323355,0.4303795189
16.22,2.697890957,2.774309561,2.774448991,2.697890957,2.774309561,2.774448991,0.001507777832,0.001507777832,0.2199313288,0.2299356781,0.1899245237,0.6003292321,0.6003027596,0.6003552494,0.4203433561,0.4303216096,0.4303773817
16.24,2.697886008,2.77430522,2.774443678,2.697886008,2.77430522,2.774443678,0.001499321205,0.001499321204,0.2199317247,0.2299360254,0.1899249487,0.6003273345,0.6003011252,0.6003532494,0.4203413766,0.4303198731,0.4303752565
16.26,2.697881089,2.774300901,2.774438396,2.697881089,2.774300901,2.774438396,0.001490912107,0.001490912106,0.2199321182,0.2299363709,0.1899253713,0.6003254481,0.6002994993,0.6003512608,0.4203394088,0.4303181456,0.4303731435
16.28,2.697876198,2.774296605,2.774433143,2.697876198,2.774296605,2.774433143,0.00148255027,0.00148255027,0.2199325095,0.2299367146,0.1899257915,0.6003235728,0.6002978818,0.6003492835,0.4203374526,0.430316427,0.4303710425
16.3,2.697871337,2.77429233,2.774427921,2.697871337,2.77429233,2.774427921,0.001474235428,0.001474235427,0.2199328984,0.2299370565,0.1899262093,0.6003217086,0.6002962727,0.6003473174,0.420335508,0.4303147173,0.4303689534
16.32,2.697866504,2.774288078,2.774422727,2.697866504,2.774288078,2.774422727,0.001465967314,0.001465967313,0.219933285,0.2299373967,0.1899266248,0.6003198555,0.6002946718,0.6003453624,0.4203335749,0.4303130165,0.4303668761
16.34,2.6978617,2.774283848,2.774417564,2.6978617,2.774283848,2.774417564,0.001457745664,0.001457745663,0.2199336694,0.2299377351,0.1899270379,0.6003180133,0.6002930793,0.6003434186,0.4203316532,0.4303113244,0.4303648107
16.36,2.697856924,2.77427964,2.77441243,2.697856924,2.77427964,2.77441243,0.001449570216,0.001449570215,0.2199340514,0.2299380718,0.1899274486,0.6003161819,0.6002914949,0.6003414858,0.4203297429,0.4303096411,0.430362757
16.38,2.697852176,2.774275453,2.774407324,2.697852176,2.774275453,2.774407324,0.001441440709,0.001441440707,0.2199344312,0.2299384067,0.189927857,0.6003143614,0.6002899188,0.6003395639,0.4203278438,0.4303079665,0.4303607149
16.4,2.697847457,2.774271289,2.774402248,2.697847457,2.774271289,2.774402248,0.001433356883,0.00143335688,0.2199348088,0.2299387399,0.1899282631,0.6003125516,0.6002883508,0.600337653,0.420325956,0.4303063006,0.4303586844
16.42,2.697842765,2.774267145,2.774397201,2.697842765,2.774267145,2.774397201,0.001425318479,0.001425318476,0.2199351841,0.2299390713,0.1899286669,0.6003107525,0.600286791,0.6003357529,0.4203240793,0.4303046433,0.4303566655
16.44,2.697838101,2.774263024,2.774392182,2.697838101,2.774263024,2.774392182,0.001417325242,0.001417325239,0.2199355573,0.2299394011,0.1899290684,0.600308964,0.6002852393,0.6003338635,0.4203222137,0.4303029947,0.430354658
16.46,2.697833464,2.774258923,2.774387192,2.697833464,2.774258923,2.774387192,0.001409376916,0.001409376912,0.2199359282,0.2299397291,0.1899294676,0.600307186,0.6002836956,0.6003319849,0.4203203591,0.4303013545,0.4303526619
16.48,2.697828855,2.774254844,2.77438223,2.697828855,2.774254844,2.77438223,0.001401473247,0.001401473243,0.2199362969,0.2299400554,0.1899298646,0.6003054186,0.6002821599,0.600330117,0.4203185154,0.4302997229,0.4303506771
16.5,2.697824273,2.774250787,2.774377296,2.697824273,2.774250787,2.774377296,0.001393613984,0.001393613978,0.2199366635,0.22994038,0.1899302593,0.6003036615,0.6002806321,0.6003282596,0.4203166826,0.4302980998,0.4303487036
16.52,2.697819718,2.77424675,2.77437239,2.697819718,2.77424675,2.77437239,0.001385798875,0.001385798869,0.2199370279,0.229940703,0.1899306517,0.6003019148,0.6002791124,0.6003264128,0.4203148606,0.4302964851,0.4303467413
16.54,2.69781519,2.774242734,2.774367512,2.69781519,2.774242734,2.774367512,0.001378027671,0.001378027664,0.2199373901,0.2299410242,0.189931042,0.6003001784,0.6002776005,0.6003245764,0.4203130494,0.4302948788,0.4303447901
16.56,2.697810689,2.774238739,2.774362662,2.697810689,2.774238739,2.774362662,0.001370300125,0.001370300116,0.2199377502,0.2299413438,0.18993143,0.6002984523,0.6002760965,0.6003227504,0.4203112488,0.4302932808,0.43034285
16.58,2.697806214,2.774234765,2.774357839,2.697806214,2.774234765,2.774357839,0.001362615988,0.001362615979,0.2199381082,0.2299416618,0.1899318158,0.6002967363,0.6002746003,0.6003209348,0.4203094588,0.4302916912,0.4303409209
16.6,2.697801765,2.774230812,2.774353044,2.697801765,2.774230812,2.774353044,0.001354975018,0.001354975007,0.2199384641,0.229941978,0.1899321995,0.6002950304,0.6002731119,0.6003191295,0.4203076794,0.4302901098,0.4303390027
16.62,2.697797343,2.774226879,2.774348276,2.697797343,2.774226879,2.774348276,0.001347376969,0.001347376957,0.2199388179,0.2299422927,0.1899325809,0.6002933345,0.6002716312,0.6003173344,0.4203059105,0.4302885367,0.4303370954
16.64,2.697792946,2.774222967,2.774343534,2.697792946,2.774222967,2.774343534,0.0013398216,0.001339821587,0.2199391696,0.2299426056,0.1899329602,0.6002916486,0.6002701583,0.6003155495,0.4203041519,0.4302869718,0.4303351989
16.66,2.697788576,2.774219075,2.77433882,2.697788576,2.774219075,2.77433882,0.001332308669,0.001332308655,0.2199395193,0.229942917,0.1899333374,0.6002899726,0.600268693,0.6003137747,0.4203024037,0.4302854151,0.4303333132
16.68,2.697784231,2.774215203,2.774334132,2.697784231,2.774215203,2.774334132,0.001324837937,0.001324837922,0.2199398668,0.2299432267,0.1899337124,0.6002883065,0.6002672354,0.6003120099,0.4203006658,0.4302838664,0.4303314381
16.7,2.697779912,2.774211352,2.774329471,2.697779912,2.774211352,2.774329471,0.001317409167,0.00131740915,0.2199402124,0.2299435348,0.1899340853,0.6002866502,0.6002657854,0.6003102552,0.4202989381,0.4302823259,0.4303295737
16.72,2.697775618,2.774207521,2.774324837,2.697775618,2.774207521,2.774324837,0.00131002212,0.001310022103,0.2199405559,0.2299438413,0.189934456,0.6002850036,0.6002643429,0.6003085104,0.4202972206,0.4302807934,0.4303277198
16.74,2.69777135,2.774203709,2.774320228,2.697771349,2.774203709,2.774320228,0.001302676562,0.001302676544,0.2199408974,0.2299441462,0.1899348247,0.6002833667,0.600262908,0.6003067754,0.4202955132,0.4302792689,0.4303258764
16.76,2.697767106,2.774199918,2.774315646,2.697767106,2.774199918,2.774315646,0.001295372258,0.001295372239,0.2199412368,0.2299444495,0.1899351913,0.6002817394,0.6002614806,0.6003050503,0.4202938158,0.4302777524,0.4303240435
16.78,2.697762887,2.774196147,2.77431109,2.697762887,2.774196147,2.774311089,0.001288108976,0.001288108957,0.2199415743,0.2299447512,0.1899355558,0.6002801217,0.6002600607,0.600303335,0.4202921284,0.4302762438,0.430322221
16.8,2.697758694,2.774192395,2.774306559,2.697758694,2.774192395,2.774306559,0.001280886485,0.001280886464,0.2199419098,0.2299450514,0.1899359182,0.6002785134,0.6002586481,0.6003016294,0.4202904508,0.4302747431,0.4303204088
16.82,2.697754525,2.774188663,2.774302054,2.697754525,2.774188663,2.774302054,0.001273704553,0.001273704532,0.2199422434,0.2299453499,0.1899362786,0.6002769146,0.600257243,0.6002999334,0.4202887832,0.4302732503,0.4303186068
16.84,2.69775038,2.77418495,2.774297575,2.69775038,2.77418495,2.774297575,0.001266562953,0.001266562932,0.2199425749,0.229945647,0.189936637,0.6002753252,0.6002558452,0.600298247,0.4202871253,0.4302717652,0.4303168151
16.86,2.69774626,2.774181257,2.774293121,2.69774626,2.774181257,2.774293121,0.001259461457,0.001259461436,0.2199429046,0.2299459424,0.1899369933,0.6002737451,0.6002544548,0.6002965702,0.4202854772,0.430270288,0.4303150335
16.88,2.697742163,2.774177583,2.774288692,2.697742163,2.774177583,2.774288692,0.001252399839,0.001252399817,0.2199432323,0.2299462363,0.1899373476,0.6002721743,0.6002530716,0.6002949028,0.4202838387,0.4302688185,0.4303132619
16.9,2.697738091,2.774173929,2.774284288,2.697738091,2.774173929,2.774284288,0.001245377873,0.001245377852,0.219943558,0.2299465287,0.1899376999,0.6002706127,0.6002516957,0.6002932449,0.4202822099,0.4302673567,0.4303115005
16.92,2.697734043,2.774170294,2.774279909,2.697734043,2.774170294,2.774279909,0.001238395337,0.001238395316,0.2199438819,0.2299468195,0.1899380502,0.6002690603,0.600250327,0.6002915964,0.4202805906,0.4302659026,0.4303097489
16.94,2.697730019,2.774166677,2.774275555,2.697730019,2.774166677,2.774275555,0.001231452007,0.001231451986,0.2199442038,0.2299471088,0.1899383985,0.6002675169,0.6002489655,0.6002899572,0.4202789808,0.4302644561,0.4303080073
16.96,2.697726018,2.77416308,2.774271226,2.697726018,2.77416308,2.774271226,0.001224547664,0.001224547643,0.2199445239,0.2299473966,0.1899387449,0.6002659826,0.6002476112,0.6002883273,0.4202773804,0.4302630172,0.4303062756
16.98,2.69772204,2.774159502,2.774266921,2.69772204,2.774159502,2.774266921,0.001217682086,0.001217682066,0.2199448421,0.2299476828,0.1899390893,0.6002644573,0.6002462639,0.6002867066,0.4202757895,0.4302615859,0.4303045536
17,2.697718086,2.774155942,2.774262641,2.697718086,2.774155942,2.774262641,0.001210855055,0.001210855037,0.2199451584,0.2299479676,0.1899394317,0.600262941,0.6002449237,0.6002850951,0.4202742078,0.4302601621,0.4303028415
17.02,2.697714155,2.774152402,2.774258384,2.697714155,2.774152402,2.774258384,0.001204066355,0.001204066337,0.2199454729,0.2299482508,0.1899397722,0.6002614335,0.6002435906,0.6002834926,0.4202726354,0.4302587458,0.4303011389
17.04,2.697710247,2.774148879,2.774254152,2.697710247,2.774148879,2.774254152,0.001197315769,0.001197315752,0.2199457855,0.2299485326,0.1899401108,0.6002599348,0.6002422645,0.6002818993,0.4202710723,0.4302573369,0.4302994461
17.06,2.697706362,2.774145376,2.774249944,2.697706362,2.774145376,2.774249944,0.001190603082,0.001190603067,0.2199460964,0.2299488129,0.1899404474,0.6002584449,0.6002409454,0.6002803149,0.4202695182,0.4302559355,0.4302977628
17.08,2.6977025,2.774141891,2.77424576,2.6977025,2.774141891,2.77424576,0.00118392808,0.001183928067,0.2199464053,0.2299490917,0.1899407822,0.6002569638,0.6002396332,0.6002787395,0.4202679733,0.4302545414,0.430296089
17.1,2.69769866,2.774138424,2.774241599,2.69769866,2.774138424,2.774241599,0.001177290552,0.001177290541,0.2199467125,0.2299493691,0.1899411151,0.6002554913,0.6002383279,0.6002771731,0.4202664375,0.4302531547,0.4302944247
17.12,2.697694843,2.774134975,2.774237462,2.697694843,2.774134975,2.774237461,0.001170690286,0.001170690276,0.2199470179,0.2299496449,0.189941446,0.6002540274,0.6002370295,0.6002756154,0.4202649106,0.4302517753,0.4302927698
17.14,2.697691048,2.774131545,2.774233348,2.697691048,2.774131545,2.774233348,0.001164127072,0.001164127064,0.2199473215,0.2299499194,0.1899417752,0.6002525721,0.6002357379,0.6002740666,0.4202633926,0.4302504031,0.4302911242
17.16,2.697687275,2.774128133,2.774229257,2.697687275,2.774128133,2.774229257,0.001157600701,0.001157600696,0.2199476233,0.2299501924,0.1899421024,0.6002511252,0.6002344531,0.6002725265,0.4202618835,0.4302490382,0.430289488
17.18,2.697683525,2.774124738,2.77422519,2.697683525,2.774124738,2.77422519,0.001151110966,0.001151110963,0.2199479233,0.2299504639,0.1899424278,0.6002496869,0.6002331751,0.6002709952,0.4202603833,0.4302476805,0.430287861
17.2,2.697679796,2.774121362,2.774221145,2.697679796,2.774121362,2.774221145,0.001144657661,0.00114465766,0.2199482216,0.229950734,0.1899427514,0.6002482569,0.6002319039,0.6002694725,0.4202588918,0.4302463299,0.4302862432
17.22,2.697676089,2.774118003,2.774217124,2.697676089,2.774118003,2.774217124,0.001138240579,0.001138240581,0.2199485182,0.2299510027,0.1899430731,0.6002468354,0.6002306394,0.6002679584,0.4202574091,0.4302449865,0.4302846346
17.24,2.697672404,2.774114663,2.774213125,2.697672404,2.774114663,2.774213125,0.001131859518,0.001131859522,0.219948813,0.22995127,0.189943393,0.6002454221,0.6002293815,0.6002664528,0.420255935,0.4302436502,0.430283035
17.26,2.69766874,2.774111339,2.774209148,2.69766874,2.774111339,2.774209148,0.001125514273,0.00112551428,0.2199491061,0.2299515358,0.1899437111,0.600244017,0.6002281303,0.6002649558,0.4202544695,0.4302423209,0.4302814445
17.28,2.697665098,2.774108034,2.774205195,2.697665098,2.774108034,2.774205195,0.001119204645,0.001119204654,0.2199493975,0.2299518003,0.1899440274,0.6002426202,0.6002268857,0.6002634672,0.4202530126,0.4302409987,0.430279863
17.3,2.697661477,2.774104746,2.774201263,2.697661477,2.774104746,2.774201263,0.001112930431,0.001112930443,0.2199496872,0.2299520633,0.1899443419,0.6002412316,0.6002256477,0.600261987,0.4202515642,0.4302396835,0.4302782904
17.32,2.697657877,2.774101475,2.774197354,2.697657877,2.774101475,2.774197354,0.001106691433,0.001106691447,0.2199499751,0.229952325,0.1899446547,0.600239851,0.6002244162,0.6002605152,0.4202501243,0.4302383752,0.4302767267
17.34,2.697654298,2.774098222,2.774193467,2.697654298,2.774098222,2.774193467,0.001100487451,0.001100487468,0.2199502615,0.2299525852,0.1899449656,0.6002384785,0.6002231913,0.6002590517,0.4202486927,0.4302370738,0.4302751719
17.36,2.69765074,2.774094986,2.774189602,2.69765074,2.774094985,2.774189602,0.00109431829,0.001094318309,0.2199505461,0.2299528441,0.1899452748,0.600237114,0.6002219728,0.6002575965,0.4202472695,0.4302357794,0.4302736258
17.38,2.697647203,2.774091766,2.774185758,2.697647203,2.774091766,2.774185758,0.001088183753,0.001088183774,0.2199508291,0.2299531016,0.1899455823,0.6002357575,0.6002207608,0.6002561495,0.4202458547,0.4302344918,0.4302720884
17.4,2.697643687,2.774088565,2.774181937,2.697643687,2.774088564,2.774181937,0.001082083645,0.001082083668,0.2199511104,0.2299533578,0.189945888,0.6002344089,0.6002195552,0.6002547106,0.420244448,0.430233211,0.4302705598
17.42,2.697640191,2.77408538,2.774178137,2.697640191,2.774085379,2.774178137,0.001076017771,0.001076017797,0.2199513901,0.2299536126,0.189946192,0.6002330681,0.600218356,0.6002532799,0.4202430496,0.430231937,0.4302690398
17.44,2.697636715,2.774082211,2.774174358,2.697636715,2.774082211,2.774174358,0.001069985941,0.001069985968,0.2199516681,0.2299538661,0.1899464943,0.6002317352,0.6002171631,0.6002518573,0.4202416594,0.4302306697,0.4302675283
17.46,2.69763326,2.77407906,2.774170601,2.69763326,2.77407906,2.774170601,0.001063987961,0.001063987989,0.2199519446,0.2299541182,0.1899467949,0.60023041,0.6002159766,0.6002504427,0.4202402772,0.4302294092,0.4302660254
17.48,2.697629824,2.774075925,2.774166865,2.697629825,2.774075925,2.774166865,0.001058023641,0.00105802367,0.2199522194,0.2299543689,0.1899470938,0.6002290926,0.6002147963,0.600249036,0.4202389031,0.4302281554,0.430264531
17.5,2.697626409,2.774072808,2.77416315,2.697626409,2.774072807,2.77416315,0.001052092792,0.001052092822,0.2199524926,0.2299546184,0.189947391,0.6002277828,0.6002136223,0.6002476374,0.4202375371,0.4302269082,0.4302630451
17.52,2.697623014,2.774069706,2.774159456,2.697623014,2.774069706,2.774159456,0.001046195226,0.001046195256,0.2199527642,0.2299548665,0.1899476865,0.6002264807,0.6002124546,0.6002462466,0.4202361789,0.4302256676,0.4302615675
17.54,2.697619638,2.774066621,2.774155783,2.697619639,2.774066621,2.774155783,0.001040330754,0.001040330785,0.2199530343,0.2299551133,0.1899479803,0.6002251861,0.6002112931,0.6002448636,0.4202348287,0.4302244336,0.4302600983
17.56,2.697616283,2.774063553,2.77415213,2.697616283,2.774063553,2.77415213,0.001034499191,0.001034499222,0.2199533027,0.2299553588,0.1899482725,0.6002238991,0.6002101377,0.6002434885,0.4202334864,0.4302232062,0.4302586373
17.58,2.697612946,2.7740605,2.774148499,2.697612946,2.7740605,2.774148499,0.001028700352,0.001028700383,0.2199535696,0.2299556029,0.1899485631,0.6002226196,0.6002089884,0.6002421211,0.4202321519,0.4302219853,0.4302571846
17.6,2.697609629,2.774057464,2.774144887,2.697609629,2.774057464,2.774144888,0.001022934053,0.001022934082,0.219953835,0.2299558458,0.189948852,0.6002213475,0.6002078453,0.6002407615,0.4202308251,0.4302207709,0.4302557401
17.62,2.697606332,2.774054445,2.774141297,2.697606332,2.774054444,2.774141297,0.001017200109,0.001017200137,0.2199540988,0.2299560874,0.1899491392,0.6002200828,0.6002067083,0.6002394095,0.4202295061,0.430219563,0.4302543038
17.64,2.697603053,2.774051441,2.774137726,2.697603054,2.774051441,2.774137726,0.00101149834,0.001011498367,0.2199543611,0.2299563277,0.1899494249,0.6002188255,0.6002055773,0.6002380652,0.4202281947,0.4302183615,0.4302528756
17.66,2.697599794,2.774048453,2.774134176,2.697599794,2.774048453,2.774134176,0.001005828564,0.001005828589,0.2199546218,0.2299565667,0.1899497089,0.6002175755,0.6002044523,0.6002367284,0.420226891,0.4302171664,0.4302514554
17.68,2.697596554,2.774045481,2.774130645,2.697596554,2.774045481,2.774130645,0.0010001906,0.001000190623,0.219954881,0.2299568045,0.1899499914,0.6002163328,0.6002033333,0.6002353992,0.4202255949,0.4302159776,0.4302500432
17.7,2.697593332,2.774042525,2.774127135,2.697593332,2.774042525,2.774127135,0.0009945842713,0.0009945842919,0.2199551387,0.229957041,0.1899502722,0.6002150973,0.6002022202,0.6002340774,0.4202243063,0.4302147952,0.4302486391
17.72,2.69759013,2.774039585,2.774123644,2.69759013,2.774039585,2.774123644,0.0009890093981,0.0009890094162,0.219955395,0.2299572762,0.1899505514,0.600213869,0.6002011131,0.6002327632,0.4202230252,0.4302136191,0.4302472428
17.74,2.697586945,2.77403666,2.774120173,2.697586945,2.77403666,2.774120173,0.0009834658039,0.0009834658193,0.2199556497,0.2299575102,0.1899508291,0.6002126478,0.6002000119,0.6002314563,0.4202217515,0.4302124492,0.4302458544
17.76,2.69758378,2.774033751,2.774116722,2.69758378,2.774033751,2.774116722,0.0009779533126,0.0009779533252,0.2199559029,0.2299577429,0.1899511052,0.6002114338,0.6001989166,0.6002301568,0.4202204853,0.4302112856,0.4302444739
17.78,2.697580633,2.774030858,2.77411329,2.697580633,2.774030857,2.77411329,0.0009724717491,0.0009724717589,0.2199561547,0.2299579744,0.1899513798,0.6002102267,0.6001978271,0.6002288647,0.4202192264,0.4302101282,0.4302431011
17.8,2.697577504,2.774027979,2.774109877,2.697577504,2.774027979,2.774109877,0.0009670209394,0.0009670209465,0.219956405,0.2299582046,0.1899516528,0.6002090267,0.6001967434,0.6002275798,0.4202179748,0.4302089769,0.4302417361
17.82,2.697574393,2.774025117,2.774106484,2.697574393,2.774025117,2.774106484,0.0009616007104,0.0009616007149,0.2199566539,0.2299584336,0.1899519242,0.6002078337,0.6001956655,0.6002263022,0.4202167305,0.4302078318,0.4302403788
17.84,2.6975713,2.774022269,2.77410311,2.6975713,2.774022269,2.77410311,0.0009562108899,0.0009562108921,0.2199569013,0.2299586614,0.1899521942,0.6002066476,0.6001945933,0.6002250317,0.4202154935,0.4302066929,0.4302390291
17.86,2.697568226,2.774019437,2.774099755,2.697568226,2.774019437,2.774099755,0.0009508513067,0.0009508513071,0.2199571473,0.229958888,0.1899524626,0.6002054684,0.6001935269,0.6002237685,0.4202142636,0.43020556,0.430237687
17.88,2.697565169,2.77401662,2.774096418,2.697565169,2.77401662,2.774096418,0.0009455217906,0.0009455217898,0.2199573918,0.2299591134,0.1899527295,0.600204296,0.6001924661,0.6002225123,0.4202130409,0.4302044331,0.4302363526
17.9,2.69756213,2.774013818,2.774093101,2.69756213,2.774013818,2.774093101,0.0009402221724,0.0009402221711,0.219957635,0.2299593375,0.1899529949,0.6002031304,0.6001914111,0.6002212633,0.4202118252,0.4302033123,0.4302350256
17.92,2.697559108,2.774011031,2.774089802,2.697559108,2.774011031,2.774089802,0.0009349522841,0.0009349522828,0.2199578767,0.2299595605,0.1899532588,0.6002019716,0.6001903617,0.6002200213,0.4202106166,0.4302021975,0.4302337061
17.94,2.697556104,2.774008259,2.774086522,2.697556104,2.774008259,2.774086522,0.0009297119591,0.0009297119577,0.219958117,0.2299597823,0.1899535212,0.6002008195,0.6001893178,0.6002187862,0.420209415,0.4302010886,0.4302323941
17.96,2.697553118,2.774005501,2.774083261,2.697553118,2.774005501,2.774083261,0.000924501031,0.0009245010296,0.2199583559,0.2299600029,0.1899537821,0.6001996741,0.6001882796,0.6002175582,0.4202082204,0.4301999857,0.4302310894
17.98,2.697550149,2.774002759,2.774080017,2.697550149,2.774002759,2.774080017,0.0009193193346,0.0009193193332,0.2199585934,0.2299602223,0.1899540416,0.6001985354,0.6001872469,0.6002163371,0.4202070328,0.4301988886,0.4302297922
18,2.697547197,2.774000031,2.774076793,2.697547197,2.774000031,2.774076793,0.0009141667055,0.000914166704,0.2199588296,0.2299604405,0.1899542996,0.6001974032,0.6001862198,0.6002151228,0.420205852,0.4301977974,0.4302285022
18.02,2.697544262,2.773997317,2.774073586,2.697544262,2.773997317,2.774073586,0.0009090429802,0.0009090429786,0.2199590644,0.2299606576,0.1899545561,0.6001962776,0.6001851981,0.6002139154,0.4202046781,0.4301967121,0.4302272195
18.04,2.697541344,2.773994619,2.774070397,2.697541344,2.773994619,2.774070397,0.0009039479962,0.0009039479946,0.2199592978,0.2299608735,0.1899548112,0.6001951586,0.6001841819,0.6002127148,0.4202035109,0.4301956326,0.430225944
18.06,2.697538443,2.773991934,2.774067226,2.697538443,2.773991934,2.774067226,0.0008988815919,0.0008988815902,0.2199595299,0.2299610882,0.1899550649,0.600194046,0.6001831711,0.6002115209,0.4202023506,0.4301945589,0.4302246757
18.08,2.697535559,2.773989264,2.774064074,2.697535559,2.773989264,2.774064074,0.0008938436065,0.0008938436049,0.2199597606,0.2299613018,0.1899553171,0.6001929398,0.6001821658,0.6002103338,0.4202011969,0.4301934909,0.4302234146
18.1,2.697532692,2.773986609,2.774060939,2.697532692,2.773986609,2.774060939,0.0008888338804,0.0008888338788,0.21995999,0.2299615143,0.1899555679,0.6001918401,0.6001811659,0.6002091534,0.42020005,0.4301924287,0.4302221606
18.12,2.697529841,2.773983967,2.774057821,2.697529841,2.773983967,2.774057821,0.0008838522546,0.0008838522531,0.2199602181,0.2299617256,0.1899558173,0.6001907468,0.6001801713,0.6002079796,0.4201989097,0.4301913721,0.4302209136
18.14,2.697527007,2.77398134,2.774054721,2.697527007,2.77398134,2.774054721,0.0008788985712,0.0008788985697,0.2199604448,0.2299619358,0.1899560653,0.6001896597,0.600179182,0.6002068125,0.420197776,0.4301903212,0.4302196737
18.16,2.697524189,2.773978727,2.774051639,2.697524189,2.773978727,2.774051639,0.0008739726731,0.0008739726717,0.2199606702,0.2299621448,0.1899563119,0.600188579,0.6001781981,0.6002056519,0.4201966489,0.4301892759,0.4302184407
18.18,2.697521387,2.773976128,2.774048574,2.697521387,2.773976128,2.774048574,0.0008690744041,0.0008690744027,0.2199608943,0.2299623527,0.1899565571,0.6001875045,0.6001772194,0.6002044978,0.4201955283,0.4301882363,0.4302172147
18.2,2.697518602,2.773973543,2.774045526,2.697518602,2.773973543,2.774045526,0.0008642036088,0.0008642036076,0.2199611172,0.2299625596,0.1899568009,0.6001864363,0.600176246,0.6002033503,0.4201944141,0.4301872022,0.4302159957
18.22,2.697515833,2.773970971,2.774042496,2.697515833,2.773970971,2.774042496,0.000859360133,0.0008593601318,0.2199613387,0.2299627653,0.1899570433,0.6001853742,0.6001752778,0.6002022092,0.4201933065,0.4301861737,0.4302147834
18.24,2.69751308,2.773968414,2.774039482,2.69751308,2.773968414,2.774039482,0.0008545438229,0.0008545438219,0.219961559,0.2299629699,0.1899572844,0.6001843183,0.6001743148,0.6002010745,0.4201922052,0.4301851507,0.430213578
18.26,2.697510342,2.77396587,2.774036486,2.697510342,2.77396587,2.774036486,0.000849754526,0.0008497545251,0.2199617779,0.2299631734,0.1899575241,0.6001832685,0.6001733569,0.6001999463,0.4201911103,0.4301841332,0.4302123794
18.28,2.697507621,2.77396334,2.774033506,2.697507621,2.77396334,2.774033506,0.0008449920904,0.0008449920895,0.2199619956,0.2299633758,0.1899577625,0.6001822248,0.6001724043,0.6001988243,0.4201900218,0.4301831212,0.4302111876
18.3,2.697504915,2.773960824,2.774030543,2.697504915,2.773960824,2.774030543,0.0008402563652,0.0008402563643,0.2199622121,0.2299635771,0.1899579995,0.6001811871,0.6001714567,0.6001977087,0.4201889395,0.4301821146,0.4302100025
18.32,2.697502226,2.773958321,2.774027597,2.697502225,2.773958321,2.774027597,0.0008355472002,0.0008355471993,0.2199624273,0.2299637773,0.1899582352,0.6001801553,0.6001705142,0.6001965994,0.4201878636,0.4301811135,0.430208824
18.34,2.697499551,2.773955831,2.774024668,2.697499551,2.773955831,2.774024668,0.0008308644461,0.0008308644453,0.2199626412,0.2299639765,0.1899584696,0.6001791296,0.6001695768,0.6001954963,0.4201867938,0.4301801177,0.4302076522
18.36,2.697496892,2.773953355,2.774021754,2.697496892,2.773953355,2.774021754,0.0008262079547,0.0008262079538,0.219962854,0.2299641746,0.1899587026,0.6001781098,0.6001686445,0.6001943995,0.4201857302,0.4301791272,0.4302064869
18.38,2.697494249,2.773950892,2.774018858,2.697494249,2.773950892,2.774018858,0.0008215775782,0.0008215775772,0.2199630654,0.2299643716,0.1899589343,0.6001770959,0.6001677171,0.6001933088,0.4201846728,0.4301781421,0.4302053283
18.4,2.69749162,2.773948443,2.774015977,2.69749162,2.773948443,2.774015977,0.0008169731699,0.0008169731689,0.2199632757,0.2299645675,0.1899591648,0.6001760878,0.6001667948,0.6001922243,0.4201836215,0.4301771623,0.4302041761
18.42,2.697489007,2.773946007,2.774013113,2.697489007,2.773946007,2.774013113,0.000812394584,0.0008123945828,0.2199634848,0.2299647624,0.1899593939,0.6001750856,0.6001658774,0.6001911458,0.4201825762,0.4301761878,0.4302030305
18.44,2.697486409,2.773943583,2.774010265,2.697486409,2.773943583,2.774010265,0.0008078416752,0.0008078416739,0.2199636926,0.2299649563,0.1899596217,0.6001740892,0.6001649649,0.6001900734,0.420181537,0.4301752185,0.4302018913
18.46,2.697483826,2.773941173,2.774007433,2.697483826,2.773941173,2.774007433,0.0008033142995,0.0008033142978,0.2199638992,0.2299651491,0.1899598483,0.6001730985,0.6001640574,0.6001890071,0.4201805038,0.4301742544,0.4302007585
18.48,2.697481258,2.773938776,2.774004617,2.697481258,2.773938776,2.774004617,0.0007988123132,0.0007988123113,0.2199641047,0.2299653409,0.1899600736,0.6001721135,0.6001631547,0.6001879468,0.4201794766,0.4301732956,0.4301996321
18.5,2.697478705,2.773936392,2.774001817,2.697478705,2.773936392,2.774001817,0.0007943355737,0.0007943355715,0.2199643089,0.2299655316,0.1899602976,0.6001711342,0.600162257,0.6001868924,0.4201784553,0.4301723419,0.430198512
18.52,2.697476166,2.77393402,2.773999033,2.697476166,2.77393402,2.773999033,0.0007898839393,0.0007898839366,0.219964512,0.2299657213,0.1899605203,0.6001701606,0.600161364,0.600185844,0.4201774399,0.4301713933,0.4301973983
18.54,2.697473643,2.773931662,2.773996264,2.697473643,2.773931662,2.773996264,0.0007854572687,0.0007854572657,0.2199647139,0.22996591,0.1899607418,0.6001691926,0.6001604759,0.6001848014,0.4201764304,0.4301704499,0.4301962908
18.56,2.697471133,2.773929316,2.773993511,2.697471133,2.773929316,2.773993511,0.0007810554219,0.0007810554184,0.2199649147,0.2299660977,0.1899609621,0.6001682302,0.6001595925,0.6001837648,0.4201754267,0.4301695115,0.4301951895
18.58,2.697468638,2.773926983,2.773990773,2.697468638,2.773926983,2.773990773,0.0007766782593,0.0007766782554,0.2199651142,0.2299662844,0.1899611811,0.6001672734,0.6001587139,0.6001827339,0.4201744288,0.4301685782,0.4301940944
18.6,2.697466158,2.773924662,2.773988051,2.697466158,2.773924662,2.773988051,0.0007723256423,0.0007723256378,0.2199653127,0.22996647,0.1899613989,0.600166322,0.6001578401,0.6001817089,0.4201734366,0.43016765,0.4301930055
18.62,2.697463692,2.773922354,2.773985344,2.697463692,2.773922354,2.773985344,0.0007679974329,0.0007679974279,0.21996551,0.2299666547,0.1899616154,0.6001653762,0.600156971,0.6001806897,0.4201724502,0.4301667267,0.4301919228
18.64,2.69746124,2.773920058,2.773982652,2.69746124,2.773920058,2.773982652,0.0007636934941,0.0007636934886,0.2199657061,0.2299668383,0.1899618308,0.6001644358,0.6001561065,0.6001796761,0.4201714694,0.4301658085,0.4301908461
18.66,2.697458802,2.773917775,2.773979976,2.697458802,2.773917775,2.773979976,0.0007594136895,0.0007594136834,0.2199659011,0.229967021,0.1899620449,0.6001635008,0.6001552468,0.6001786683,0.4201704943,0.4301648951,0.4301897755
18.68,2.697456379,2.773915504,2.773977314,2.697456379,2.773915504,2.773977314,0.0007551578836,0.0007551578769,0.219966095,0.2299672026,0.1899622578,0.6001625712,0.6001543916,0.6001776661,0.4201695249,0.4301639868,0.4301887109
18.7,2.697453969,2.773913245,2.773974668,2.697453969,2.773913245,2.773974668,0.0007509259415,0.0007509259343,0.2199662878,0.2299673833,0.1899624695,0.600161647,0.6001535411,0.6001766696,0.420168561,0.4301630833,0.4301876523
18.72,2.697451573,2.773910999,2.773972036,2.697451573,2.773910999,2.773972036,0.0007467177293,0.0007467177214,0.2199664795,0.2299675631,0.1899626801,0.6001607281,0.6001526952,0.6001756787,0.4201676027,0.4301621847,0.4301865996
18.74,2.697449191,2.773908765,2.773969419,2.697449191,2.773908765,2.773969419,0.0007425331135,0.0007425331051,0.21996667,0.2299677418,0.1899628894,0.6001598145,0.6001518539,0.6001746934,0.4201666499,0.430161291,0.4301855529
18.76,2.697446823,2.773906542,2.773966817,2.697446823,2.773906542,2.773966817,0.0007383719618,0.0007383719528,0.2199668595,0.2299679196,0.1899630976,0.6001589062,0.6001510171,0.6001737136,0.4201657026,0.4301604021,0.4301845121
18.78,2.697444469,2.773904332,2.77396423,2.697444469,2.773904332,2.77396423,0.0007342341422,0.0007342341327,0.2199670478,0.2299680964,0.1899633046,0.6001580031,0.6001501848,0.6001727393,0.4201647608,0.430159518,0.4301834771
18.8,2.697442128,2.773902134,2.773961657,2.697442128,2.773902134,2.773961657,0.0007301195238,0.0007301195138,0.2199672351,0.2299682723,0.1899635104,0.6001571052,0.600149357,0.6001717705,0.4201638244,0.4301586387,0.430182448
18.82,2.6974398,2.773899947,2.773959099,2.6974398,2.773899947,2.773959099,0.0007260279762,0.0007260279657,0.2199674213,0.2299684472,0.1899637151,0.6001562124,0.6001485337,0.6001708071,0.4201628934,0.4301577641,0.4301814246
18.84,2.697437486,2.773897773,2.773956555,2.697437486,2.773897773,2.773956555,0.00072195937,0.000721959359,0.2199676065,0.2299686211,0.1899639186,0.6001553249,0.6001477149,0.6001698492,0.4201619677,0.4301568943,0.430180407
18.86,2.697435185,2.77389561,2.773954025,2.697435185,2.77389561,2.773954025,0.0007179135761,0.0007179135648,0.2199677905,0.2299687942,0.189964121,0.6001544424,0.6001469005,0.6001688966,0.4201610474,0.4301560292,0.4301793951
18.88,2.697432898,2.773893459,2.773951509,2.697432898,2.773893459,2.773951509,0.0007138904666,0.000713890455,0.2199679735,0.2299689662,0.1899643222,0.600153565,0.6001460905,0.6001679494,0.4201601324,0.4301551688,0.4301783889
18.9,2.697430623,2.77389132,2.773949008,2.697430623,2.77389132,2.773949008,0.000709889914,0.0007098899021,0.2199681555,0.2299691374,0.1899645223,0.6001526927,0.6001452848,0.6001670076,0.4201592226,0.430154313,0.4301773884
18.92,2.697428362,2.773889192,2.773946521,2.697428362,2.773889192,2.773946521,0.0007059117917,0.0007059117796,0.2199683364,0.2299693076,0.1899647213,0.6001518253,0.6001444836,0.600166071,0.4201583181,0.4301534619,0.4301763935
18.94,2.697426114,2.773887075,2.773944047,2.697426114,2.773887076,2.773944047,0.0007019559737,0.0007019559615,0.2199685162,0.2299694769,0.1899649192,0.600150963,0.6001436867,0.6001651397,0.4201574188,0.4301526154,0.4301754041
18.96,2.697423878,2.773884971,2.773941588,2.697423878,2.773884971,2.773941588,0.0006980223347,0.0006980223225,0.2199686951,0.2299696453,0.1899651159,0.6001501056,0.6001428941,0.6001642136,0.4201565247,0.4301517734,0.4301744204
18.98,2.697421656,2.773882877,2.773939143,2.697421656,2.773882877,2.773939143,0.0006941107503,0.0006941107382,0.2199688729,0.2299698128,0.1899653116,0.6001492532,0.6001421058,0.6001632928,0.4201556357,0.430150936,0.4301734422
19,2.697419446,2.773880795,2.773936711,2.697419446,2.773880795,2.773936711,0.0006902210966,0.0006902210846,0.2199690496,0.2299699794,0.1899655061,0.6001484057,0.6001413217,0.6001623771,0.4201547518,0.4301501032,0.4301724695
19.02,2.697417249,2.773878724,2.773934293,2.697417249,2.773878724,2.773934293,0.0006863532504,0.0006863532386,0.2199692254,0.229970145,0.1899656996,0.600147563,0.600140542,0.6001614665,0.4201538731,0.4301492749,0.4301715022
19.04,2.697415065,2.773876665,2.773931888,2.697415065,2.773876665,2.773931888,0.0006825070894,0.0006825070779,0.2199694001,0.2299703098,0.1899658919,0.6001467252,0.6001397664,0.6001605611,0.4201529993,0.4301484511,0.4301705404
19.06,2.697412893,2.773874616,2.773929497,2.697412893,2.773874616,2.773929497,0.0006786824917,0.0006786824806,0.2199695739,0.2299704737,0.1899660832,0.6001458922,0.6001389951,0.6001596608,0.4201521306,0.4301476317,0.430169584
19.08,2.697410734,2.773872579,2.77392712,2.697410734,2.773872579,2.77392712,0.0006748793363,0.0006748793257,0.2199697466,0.2299706366,0.1899662734,0.600145064,0.6001382279,0.6001587655,0.4201512669,0.4301468168,0.430168633
19.1,2.697408587,2.773870553,2.773924755,2.697408587,2.773870553,2.773924755,0.0006710975028,0.0006710974928,0.2199699184,0.2299707987,0.1899664625,0.6001442406,0.6001374649,0.6001578753,0.4201504082,0.4301460063,0.4301676873
19.12,2.697406453,2.773868538,2.773922405,2.697406453,2.773868538,2.773922404,0.0006673368715,0.0006673368622,0.2199700891,0.22997096,0.1899666506,0.6001434219,0.600136706,0.60015699,0.4201495544,0.4301452002,0.430166747
19.14,2.69740433,2.773866533,2.773920067,2.69740433,2.773866533,2.773920067,0.0006635973234,0.0006635973149,0.2199702589,0.2299711203,0.1899668376,0.6001426079,0.6001359513,0.6001561098,0.4201487055,0.4301443985,0.4301658119
19.16,2.69740222,2.77386454,2.773917742,2.69740222,2.77386454,2.773917742,0.0006598787402,0.0006598787326,0.2199704277,0.2299712798,0.1899670236,0.6001417985,0.6001352006,0.6001552345,0.4201478615,0.4301436011,0.4301648821
19.18,2.697400122,2.773862557,2.773915431,2.697400122,2.773862557,2.773915431,0.0006561810041,0.0006561809974,0.2199705955,0.2299714384,0.1899672085,0.6001409939,0.6001344541,0.6001543641,0.4201470223,0.4301428081,0.4301639575
19.2,2.697398036,2.773860586,2.773913132,2.697398036,2.773860586,2.773913132,0.0006525039981,0.0006525039925,0.2199707624,0.2299715961,0.1899673924,0.6001401938,0.6001337115,0.6001534986,0.4201461879,0.4301420194,0.4301630381
19.22,2.697395963,2.773858624,2.773910847,2.697395963,2.773858624,2.773910847,0.0006488476059,0.0006488476014,0.2199709283,0.229971753,0.1899675752,0.6001393983,0.6001329731,0.6001526379,0.4201453584,0.4301412349,0.4301621239
19.24,2.697393901,2.773856674,2.773908574,2.697393901,2.773856674,2.773908574,0.0006452117118,0.0006452117084,0.2199710933,0.2299719091,0.189967757,0.6001386074,0.6001322386,0.6001517821,0.4201445336,0.4301404547,0.4301612148
19.26,2.69739185,2.773854734,2.773906314,2.69739185,2.773854734,2.773906314,0.0006415962006,0.0006415961985,0.2199712573,0.2299720642,0.1899679378,0.6001378211,0.6001315081,0.6001509311,0.4201437135,0.4301396788,0.4301603108
19.28,2.697389812,2.773852805,2.773904067,2.697389812,2.773852805,2.773904067,0.0006380009581,0.0006380009572,0.2199714204,0.2299722186,0.1899681176,0.6001370393,0.6001307816,0.6001500849,0.4201428982,0.4301389071,0.4301594119
19.3,2.697387785,2.773850886,2.773901832,2.697387785,2.773850886,2.773901832,0.0006344258704,0.0006344258709,0.2199715825,0.2299723721,0.1899682964,0.6001362619,0.600130059,0.6001492435,0.4201420875,0.4301381396,0.4301585181
19.32,2.69738577,2.773848978,2.77389961,2.69738577,2.773848978,2.77389961,0.0006308708245,0.0006308708263,0.2199717437,0.2299725248,0.1899684741,0.600135489,0.6001293404,0.6001484067,0.4201412815,0.4301373762,0.4301576293
19.34,2.697383767,2.77384708,2.773897401,2.697383767,2.77384708,2.773897401,0.0006273357078,0.0006273357109,0.219971904,0.2299726766,0.1899686509,0.6001347206,0.6001286257,0.6001475747,0.4201404802,0.430136617,0.4301567454
19.36,2.697381775,2.773845192,2.773895204,2.697381775,2.773845192,2.773895204,0.0006238204085,0.000623820413,0.2199720633,0.2299728276,0.1899688267,0.6001339566,0.6001279149,0.6001467474,0.4201396834,0.4301358619,0.4301558666
19.38,2.697379795,2.773843315,2.773893019,2.697379795,2.773843315,2.773893019,0.0006203248154,0.0006203248212,0.2199722218,0.2299729778,0.1899690015,0.6001331969,0.6001272079,0.6001459247,0.4201388912,0.430135111,0.4301549927
19.4,2.697377825,2.773841447,2.773890846,2.697377825,2.773841447,2.773890846,0.0006168488179,0.0006168488251,0.2199723793,0.2299731272,0.1899691753,0.6001324416,0.6001265048,0.6001451066,0.4201381035,0.4301343641,0.4301541236
19.42,2.697375868,2.77383959,2.773888686,2.697375868,2.77383959,2.773888686,0.000613392306,0.0006133923145,0.2199725359,0.2299732757,0.1899693481,0.6001316906,0.6001258055,0.6001442931,0.4201373204,0.4301336213,0.4301532595
19.44,2.697373921,2.773837743,2.773886538,2.697373921,2.773837743,2.773886538,0.0006099551705,0.0006099551802,0.2199726917,0.2299734235,0.1899695199,0.600130944,0.60012511,0.6001434842,0.4201365417,0.4301328825,0.4301524003
19.46,2.697371985,2.773835907,2.773884402,2.697371985,2.773835907,2.773884402,0.0006065373025,0.0006065373135,0.2199728465,0.2299735704,0.1899696908,0.6001302016,0.6001244183,0.6001426798,0.4201357675,0.4301321478,0.4301515458
19.48,2.697370061,2.77383408,2.773882278,2.697370061,2.77383408,2.773882278,0.000603138594,0.000603138606,0.2199730004,0.2299737166,0.1899698608,0.6001294635,0.6001237303,0.60014188,0.4201349978,0.4301314171,0.4301506962
19.5,2.697368148,2.773832263,2.773880165,2.697368148,2.773832263,2.773880165,0.0005997589374,0.0005997589505,0.2199731535,0.2299738619,0.1899700297,0.6001287296,0.6001230462,0.6001410846,0.4201342325,0.4301306903,0.4301498513
19.52,2.697366245,2.773830456,2.773878065,2.697366245,2.773830456,2.773878065,0.0005963982259,0.0005963982399,0.2199733057,0.2299740065,0.1899701978,0.6001279999,0.6001223657,0.6001402937,0.4201334715,0.4301299675,0.4301490112
19.54,2.697364354,2.773828659,2.773875977,2.697364354,2.773828659,2.773875977,0.0005930563531,0.0005930563679,0.219973457,0.2299741503,0.1899703648,0.6001272744,0.6001216889,0.6001395073,0.4201327149,0.4301292487,0.4301481758
19.56,2.697362473,2.773826871,2.7738739,2.697362473,2.773826871,2.7738739,0.0005897332134,0.0005897332289,0.2199736075,0.2299742933,0.189970531,0.6001265531,0.6001210159,0.6001387252,0.4201319627,0.4301285337,0.4301473451
19.58,2.697360604,2.773825094,2.773871835,2.697360604,2.773825094,2.773871835,0.0005864287016,0.0005864287176,0.219973757,0.2299744355,0.1899706962,0.6001258359,0.6001203465,0.6001379476,0.4201312148,0.4301278227,0.430146519
19.6,2.697358744,2.773823326,2.773869781,2.697358744,2.773823326,2.773869781,0.0005831427132,0.0005831427296,0.2199739058,0.2299745769,0.1899708605,0.6001251228,0.6001196807,0.6001371743,0.4201304711,0.4301271155,0.4301456976
19.62,2.697356896,2.773821568,2.773867739,2.697356896,2.773821568,2.773867739,0.0005798751443,0.0005798751609,0.2199740536,0.2299747176,0.1899710238,0.6001244138,0.6001190186,0.6001364054,0.4201297318,0.4301264122,0.4301448808
19.64,2.697355058,2.773819819,2.773865709,2.697355058,2.773819819,2.773865709,0.0005766258916,0.0005766259082,0.2199742007,0.2299748575,0.1899711863,0.6001237089,0.6001183601,0.6001356408,0.4201289966,0.4301257127,0.4301440686
19.66,2.697353231,2.77381808,2.77386369,2.697353231,2.77381808,2.77386369,0.0005733948522,0.0005733948687,0.2199743469,0.2299749966,0.1899713478,0.6001230079,0.6001177052,0.6001348804,0.4201282657,0.4301250171,0.430143261
19.68,2.697351414,2.77381635,2.773861682,2.697351414,2.77381635,2.773861682,0.000570181924,0.0005701819402,0.2199744922,0.229975135,0.1899715084,0.6001223111,0.6001170538,0.6001341244,0.4201275389,0.4301243252,0.4301424579
19.7,2.697349607,2.77381463,2.773859685,2.697349608,2.77381463,2.773859685,0.0005669870053,0.000566987021,0.2199746367,0.2299752726,0.1899716681,0.6001216181,0.600116406,0.6001333726,0.4201268164,0.4301236371,0.4301416593
19.72,2.697347811,2.773812919,2.7738577,2.697347811,2.773812919,2.7738577,0.0005638099952,0.0005638100102,0.2199747804,0.2299754094,0.189971827,0.6001209292,0.6001157618,0.600132625,0.4201260979,0.4301229528,0.4301408652
19.74,2.697346026,2.773811218,2.773855726,2.697346026,2.773811217,2.773855726,0.0005606507931,0.0005606508073,0.2199749233,0.2299755456,0.1899719849,0.6001202442,0.600115121,0.6001318816,0.4201253836,0.4301222722,0.4301400756
19.76,2.69734425,2.773809525,2.773853763,2.69734425,2.773809525,2.773853763,0.0005575092991,0.0005575093122,0.2199750653,0.2299756809,0.1899721419,0.6001195632,0.6001144838,0.6001311424,0.4201246733,0.4301215953,0.4301392904
19.78,2.697342485,2.773807842,2.773851811,2.697342485,2.773807842,2.773851811,0.0005543854138,0.0005543854258,0.2199752066,0.2299758156,0.1899722981,0.600118886,0.60011385,0.6001304074,0.4201239672,0.4301209221,0.4301385096
19.8,2.697340729,2.773806169,2.77384987,2.697340729,2.773806169,2.77384987,0.0005512790384,0.0005512790492,0.219975347,0.2299759495,0.1899724534,0.6001182127,0.6001132197,0.6001296764,0.420123265,0.4301202526,0.4301377331
19.82,2.697338984,2.773804504,2.77384794,2.697338984,2.773804504,2.77384794,0.0005481900747,0.0005481900841,0.2199754866,0.2299760827,0.1899726078,0.6001175433,0.6001125929,0.6001289496,0.4201225669,0.4301195867,0.4301369611
19.84,2.697337249,2.773802848,2.773846021,2.697337249,2.773802848,2.773846021,0.000545118425,0.0005451184328,0.2199756254,0.2299762151,0.1899727613,0.6001168776,0.6001119694,0.6001282269,0.4201218728,0.4301189245,0.4301361934
19.86,2.697335523,2.773801202,2.773844112,2.697335523,2.773801202,2.773844112,0.000542063992,0.0005420639984,0.2199757635,0.2299763468,0.189972914,0.6001162158,0.6001113494,0.6001275082,0.4201211827,0.4301182659,0.43013543
19.88,2.697333808,2.773799564,2.773842214,2.697333808,2.773799564,2.773842214,0.0005390266791,0.000539026684,0.2199759007,0.2299764778,0.1899730658,0.6001155578,0.6001107328,0.6001267935,0.4201204965,0.4301176109,0.4301346708
19.9,2.697332102,2.773797936,2.773840327,2.697332102,2.773797936,2.773840327,0.0005360063903,0.0005360063937,0.2199760372,0.2299766081,0.1899732168,0.6001149036,0.6001101195,0.6001260829,0.4201198142,0.4301169595,0.430133916
19.92,2.697330406,2.773796316,2.773838451,2.697330406,2.773796316,2.773838451,0.00053300303,0.0005330030321,0.2199761728,0.2299767377,0.1899733669,0.6001142531,0.6001095096,0.6001253762,0.4201191358,0.4301163116,0.4301331654
19.94,2.69732872,2.773794705,2.773836584,2.69732872,2.773794705,2.773836584,0.0005300165032,0.000530016504,0.2199763077,0.2299768665,0.1899735162,0.6001136063,0.600108903,0.6001246735,0.4201184613,0.4301156673,0.430132419
19.96,2.697327043,2.773793103,2.773834729,2.697327043,2.773793103,2.773834729,0.0005270467153,0.0005270467152,0.2199764419,0.2299769947,0.1899736647,0.6001129632,0.6001082997,0.6001239748,0.4201177907,0.4301150265,0.4301316767
19.98,2.697325376,2.77379151,2.773832884,2.697325376,2.77379151,2.773832884,0.0005240935724,0.0005240935716,0.2199765752,0.2299771222,0.1899738123,0.6001123238,0.6001076997,0.60012328,0.4201171239,0.4301143892,0.4301309387
20,2.697323719,2.773789926,2.773831049,2.697323719,2.773789926,2.773831049,0.000521156981,0.00052115698,0.2199767078,0.2299772489,0.189973959,0.600111688,0.600107103,0.6001225891,0.4201164609,0.4301137554,0.4301302048
