t,n1,n2,n3,oracle_n1,oracle_n2,oracle_n3,error_norm,oracle_error_norm,r1,r2,r3,u1,u2,u3,z1,z2,z3
0,2.42732931,3.050856091,2.496154983,2.42732931,3.050856091,2.496154983,0.4760110355,0.4760110355,0.2415762605,0.2078119557,0.2121880443,0.4878227567,0.697410571,0.4868282752,0.3121186973,0.5409402215,0.3190597785
0.02,2.429803216,3.047186869,2.499010071,2.429803216,3.047186869,2.499010071,0.4708086217,0.4708086217,0.2413783481,0.2081054934,0.2119596373,0.4889399651,0.6962051241,0.4880922446,0.3131082597,0.5394725328,0.3202018136
0.04,2.432253191,3.043562509,2.501833095,2.432253191,3.043562509,2.501833095,0.4656659763,0.4656659763,0.24118235,0.2083954423,0.2117337954,0.4900445741,0.6950124322,0.4893397659,0.3140882498,0.5380227887,0.3213310231
0.06,2.434679474,3.03998248,2.504624432,2.434679474,3.03998248,2.504624432,0.4605824087,0.4605824087,0.2409882474,0.2086818446,0.2115104884,0.4911367488,0.693832386,0.4905710894,0.3150587629,0.5365907772,0.3224475579
0.08,2.4370823,3.036446259,2.507384454,2.4370823,3.036446259,2.507384454,0.4555572361,0.4555572361,0.2407960213,0.2089647422,0.2112896866,0.4922166512,0.6926648771,0.4917864606,0.3160198933,0.5351762889,0.3235515668
0.1,2.439461902,3.032953328,2.51011353,2.439461902,3.032953328,2.51011353,0.4505897836,0.4505897836,0.2406056531,0.2092441767,0.2110713606,0.4932844411,0.6915097974,0.4929861206,0.3169717343,0.5337791165,0.324643197
0.12,2.441818512,3.029503176,2.512812021,2.441818512,3.029503176,2.512812021,0.4456793843,0.4456793843,0.2404171244,0.2095201889,0.2108554813,0.4943402755,0.6903670392,0.4941703061,0.3179143782,0.5323990554,0.3257225937
0.14,2.444152358,3.026095295,2.515480289,2.444152358,3.026095295,2.515480289,0.4408253788,0.4408253788,0.2402304167,0.2097928193,0.2106420198,0.4953843093,0.6892364957,0.4953392495,0.3188479165,0.5310359033,0.3267899008
0.16,2.446463666,3.022729188,2.518118687,2.446463666,3.022729188,2.518118687,0.4360271152,0.4360271152,0.2400455121,0.210062108,0.210430948,0.4964166948,0.6881180602,0.4964931792,0.3197724397,0.5296894602,0.32784526
0.18,2.44875266,3.019404358,2.520727566,2.44875266,3.019404358,2.520727566,0.4312839494,0.4312839494,0.2398623925,0.2103280943,0.2102222377,0.4974375817,0.6870116268,0.4976323192,0.3206880374,0.5283595285,0.3288888115
0.2,2.451019563,3.016120319,2.523307272,2.451019563,3.016120319,2.523307272,0.4265952444,0.4265952444,0.2396810403,0.2105908174,0.2100158612,0.4984471179,0.6859170902,0.4987568898,0.3215947984,0.5270459128,0.3299206939
0.22,2.453264593,3.012876587,2.525858147,2.453264593,3.012876587,2.525858147,0.4219603708,0.4219603708,0.2395014379,0.210850316,0.2098117912,0.4994454487,0.6848343454,0.4998671073,0.3224928104,0.5257484201,0.3309410441
0.24,2.455487968,3.009672686,2.52838053,2.455487968,3.009672686,2.52838053,0.4173787064,0.4173787064,0.2393235679,0.2111066281,0.2096100006,0.5004327172,0.6837632881,0.5009631841,0.3233821605,0.5244668596,0.3319499972
0.26,2.457689903,3.006508144,2.530874754,2.457689903,3.006508144,2.530874754,0.4128496359,0.4128496359,0.2391474131,0.2113597915,0.2094104626,0.5014090643,0.6827038145,0.5020453289,0.3242629347,0.5232010426,0.3329476869
0.28,2.459870612,3.003382494,2.53334115,2.459870612,3.003382494,2.53334115,0.4083725516,0.4083725516,0.2389729564,0.2116098434,0.209213151,0.5023746289,0.6816558215,0.5031137468,0.3251352182,0.5219507828,0.3339342451
0.3,2.462030305,3.000295277,2.535780043,2.462030305,3.000295277,2.535780043,0.4039468523,0.4039468523,0.2388001809,0.2118568208,0.2090180395,0.5033295477,0.6806192062,0.5041686392,0.3259990953,0.5207158958,0.3349098023
0.32,2.464169191,2.997246036,2.538191756,2.464169191,2.997246036,2.538191756,0.399571944,0.399571944,0.2386290701,0.2121007601,0.2088251025,0.5042739553,0.6795938668,0.5052102041,0.3268546496,0.5194961996,0.3358744874
0.34,2.466287476,2.994234323,2.540576606,2.466287476,2.994234323,2.540576606,0.3952472396,0.3952472396,0.2384596072,0.2123416972,0.2086343145,0.5052079843,0.6785797015,0.5062386361,0.3277019638,0.5182915142,0.3368284277
0.36,2.468385365,2.991259691,2.542934909,2.468385365,2.991259691,2.542934909,0.3909721584,0.3909721584,0.2382917761,0.2125796676,0.2084456502,0.5061317654,0.6775766094,0.5072541262,0.3285411196,0.5171016618,0.3377717489
0.38,2.470463062,2.988321703,2.545266976,2.470463062,2.988321703,2.545266976,0.3867461269,0.3867461269,0.2381255604,0.2128147067,0.2082590849,0.5070454272,0.6765844902,0.5082568624,0.329372198,0.5159264664,0.3387045754
0.4,2.472520765,2.985419923,2.547573112,2.472520765,2.985419923,2.547573112,0.3825685778,0.3825685778,0.2379609441,0.2130468491,0.208074594,0.5079490965,0.6756032439,0.5092470294,0.3301952794,0.5147657544,0.3396270299
0.42,2.474558674,2.982553922,2.549853622,2.474558674,2.982553922,2.549853622,0.3784389504,0.3784389505,0.2377979114,0.2132761292,0.2078921532,0.5088428981,0.6746327714,0.5102248086,0.331010443,0.5136193539,0.3405392339
0.44,2.476576986,2.979723275,2.552108805,2.476576986,2.979723275,2.552108805,0.3743566908,0.3743566908,0.2376364465,0.2135025809,0.2077117386,0.5097269552,0.6736729739,0.5111903785,0.3318177676,0.5124870953,0.341441307
0.46,2.478575894,2.976927564,2.554338957,2.478575894,2.976927564,2.554338957,0.3703212509,0.3703212509,0.2374765338,0.2137262379,0.2075333264,0.5106013888,0.6727237535,0.5121439144,0.3326173308,0.5113688107,0.3423333679
0.48,2.480555591,2.974166373,2.556544371,2.480555591,2.974166373,2.556544371,0.3663320895,0.3663320895,0.2373181581,0.2139471331,0.2073568933,0.5114663184,0.6717850124,0.5130855888,0.3334092097,0.5102643344,0.3432155335
0.5,2.482516268,2.971439293,2.558725336,2.482516268,2.971439293,2.558725336,0.3623886712,0.3623886712,0.2371613039,0.2141652995,0.2071824161,0.5123218617,0.670856654,0.5140155713,0.3341934806,0.5091735024,0.3440879195
0.52,2.484458114,2.968745919,2.560882137,2.484458114,2.968745919,2.560882137,0.358490467,0.358490467,0.2370059562,0.2143807694,0.207009872,0.5131681348,0.6699385817,0.5149340285,0.3349702189,0.5080961528,0.34495064
0.54,2.486381315,2.966085851,2.563015057,2.486381315,2.966085851,2.563015057,0.3546369538,0.3546369538,0.2368521001,0.2145935749,0.2068392384,0.5140052517,0.6690306999,0.5158411243,0.3357394995,0.5070321255,0.3458038081
0.56,2.488286057,2.963458693,2.565124375,2.488286057,2.963458693,2.565124375,0.3508276148,0.3508276148,0.2366997208,0.2148037476,0.206670493,0.5148333252,0.6681329134,0.5167370199,0.3365013962,0.5059812622,0.3466475351
0.58,2.490172522,2.960864054,2.567210366,2.490172522,2.960864054,2.567210366,0.3470619389,0.3470619389,0.2365488035,0.2150113187,0.2065036137,0.5156524663,0.6672451277,0.5176218738,0.3372559823,0.5049434066,0.3474819314
0.6,2.492040892,2.958301547,2.569273301,2.492040892,2.958301547,2.569273301,0.3433394211,0.3433394211,0.236399334,0.2152163192,0.2063385789,0.5164627842,0.6663672488,0.5184958419,0.3380033302,0.503918404,0.3483071057
0.62,2.493891346,2.955770792,2.571313451,2.493891346,2.955770792,2.571313451,0.3396595619,0.3396595619,0.2362512976,0.2154187796,0.2061753669,0.517264387,0.6654991833,0.5193590775,0.3387435119,0.5029061018,0.3491231656
0.64,2.495724062,2.95327141,2.573331081,2.495724062,2.95327141,2.573331081,0.3360218679,0.3360218679,0.2361046803,0.2156187302,0.2060139565,0.5180573807,0.6646408385,0.5202117314,0.3394765983,0.501906349,0.3499302175
0.66,2.497539216,2.950803028,2.575326453,2.497539216,2.950803028,2.575326453,0.3324258512,0.3324258512,0.2359594681,0.2158162008,0.2058543267,0.5188418703,0.6637921222,0.521053952,0.3402026597,0.5009189962,0.3507283663
0.68,2.499336981,2.948365277,2.577299827,2.499336981,2.948365277,2.577299827,0.3288710295,0.3288710295,0.2358156468,0.2160112208,0.2056964568,0.5196179588,0.6629529428,0.521885885,0.3409217658,0.4999438961,0.3515177159
0.7,2.501117531,2.945957794,2.579251459,2.501117531,2.945957794,2.579251459,0.3253569261,0.3253569261,0.2356732029,0.2162038194,0.2055403263,0.5203857482,0.6621232094,0.5227076741,0.3416339856,0.4989809029,0.3522983686
0.72,2.502881035,2.943580219,2.581181602,2.502881035,2.943580218,2.581181602,0.3218830699,0.3218830699,0.2355321226,0.2163940255,0.2053859148,0.5211453388,0.6613028317,0.5235194605,0.3423393872,0.4980298726,0.3530704259
0.74,2.504627662,2.941232194,2.583090507,2.504627662,2.941232194,2.583090507,0.318448995,0.3184489949,0.2353923924,0.2165818675,0.2052332024,0.5218968295,0.6604917198,0.5243213832,0.3430380382,0.4970906626,0.3538339878
0.76,2.50635758,2.938913368,2.58497842,2.50635758,2.938913368,2.58497842,0.315054241,0.3150542409,0.2352539989,0.2167673735,0.2050821694,0.5226403178,0.6596897847,0.5251135787,0.3437300055,0.4961631324,0.3545891532
0.78,2.508070955,2.936623394,2.586845587,2.508070955,2.936623394,2.586845587,0.3116983528,0.3116983526,0.235116929,0.2169505714,0.204932796,0.5233759001,0.6588969378,0.5258961816,0.3444153552,0.4952471428,0.3553360198
0.8,2.509767949,2.934361928,2.588692248,2.509767949,2.934361928,2.588692248,0.3083808804,0.3083808802,0.2349811694,0.2171314887,0.2047850632,0.524103671,0.6581130912,0.5266693242,0.345094153,0.4943425563,0.3560746842
0.82,2.511448726,2.93212863,2.590518641,2.511448726,2.93212863,2.590518642,0.3051013792,0.305101379,0.2348467073,0.2173101526,0.2046389517,0.5248237241,0.6573381575,0.5274331369,0.3457664637,0.4934492372,0.3568052417
0.84,2.513113445,2.929923165,2.592325004,2.513113445,2.929923165,2.592325004,0.3018594095,0.3018594093,0.2347135297,0.2174865898,0.2044944427,0.5255361516,0.6565720501,0.5281877477,0.3464323515,0.4925670511,0.3575277866
0.86,2.514762267,2.927745201,2.594111567,2.514762267,2.9277452,2.594111567,0.2986545369,0.2986545367,0.234581624,0.2176608269,0.2043515176,0.5262410444,0.6558146828,0.5289332828,0.3470918801,0.4916958654,0.358242412
0.88,2.516395347,2.925594409,2.595878562,2.516395347,2.925594409,2.595878562,0.2954863318,0.2954863316,0.2344509775,0.2178328902,0.204210158,0.5269384922,0.6550659702,0.5296698663,0.3477451123,0.4908355488,0.35894921
0.9,2.518012843,2.923470467,2.597626216,2.518012843,2.923470466,2.597626216,0.2923543696,0.2923543694,0.2343215779,0.2180028056,0.2040703457,0.5276285835,0.6543258273,0.5303976204,0.3483921104,0.4899859718,0.3596482714
0.92,2.519614907,2.921373053,2.599354752,2.519614907,2.921373053,2.599354752,0.2892582306,0.2892582304,0.2341934128,0.2181705988,0.2039320628,0.5283114055,0.6535941699,0.5311166655,0.3490329362,0.4891470062,0.3603396861
0.94,2.521201693,2.919301851,2.601064394,2.521201693,2.919301851,2.601064394,0.2861974999,0.2861974998,0.2340664699,0.2183362949,0.2037952914,0.5289870442,0.6528709143,0.5318271197,0.3496676507,0.4883185255,0.3610235428
0.96,2.522773352,2.917256548,2.60275536,2.522773352,2.917256548,2.60275536,0.2831717674,0.2831717674,0.2339407371,0.2184999191,0.2036600142,0.5296555844,0.6521559774,0.5325290998,0.3502963144,0.4875004045,0.3616999292
0.98,2.524330034,2.915236836,2.604427867,2.524330034,2.915236836,2.604427867,0.2801806278,0.2801806278,0.2338162026,0.2186614961,0.2035262136,0.5303171098,0.6514492769,0.5332227204,0.350918987,0.4866925194,0.362368932
1,2.525871886,2.913242408,2.606082129,2.525871886,2.913242408,2.606082129,0.2772236804,0.2772236805,0.2336928544,0.2188210504,0.2033938726,0.5309717031,0.6507507308,0.5339080945,0.3515357279,0.4858947482,0.3630306368
1.02,2.527399056,2.911272962,2.607718358,2.527399056,2.911272962,2.607718358,0.274300529,0.2743005291,0.2335706808,0.218978606,0.2032629744,0.5316194456,0.6500602579,0.5345853332,0.3521465958,0.48510697,0.3636851282
1.04,2.528911688,2.909328201,2.609336762,2.528911688,2.909328201,2.609336761,0.271410782,0.2714107823,0.2334496703,0.2191341869,0.203133502,0.5322604176,0.6493777777,0.535254546,0.3527516485,0.4843290654,0.3643324898
1.06,2.530409926,2.907407828,2.610937547,2.530409926,2.907407828,2.610937547,0.2685540526,0.2685540529,0.2333298113,0.2192878167,0.2030054392,0.5328946985,0.64870321,0.5359158407,0.3533509437,0.4835609164,0.3649728041
1.08,2.531893912,2.905511553,2.612520919,2.531893912,2.905511553,2.612520919,0.265729958,0.2657299584,0.2332110923,0.2194395187,0.2028787694,0.5335223664,0.6480364754,0.5365693235,0.3539445383,0.4828024064,0.3656061529
1.1,2.533363788,2.903639087,2.614087079,2.533363788,2.903639088,2.614087078,0.2629381202,0.2629381205,0.2330935023,0.219589316,0.2027534767,0.5341434983,0.6473774953,0.5372150988,0.3545324884,0.4820534202,0.3662326166
1.12,2.534819692,2.901790146,2.615636225,2.534819692,2.901790147,2.615636224,0.2601781652,0.2601781655,0.23297703,0.2197372313,0.202629545,0.5347581706,0.6467261913,0.5378532695,0.35511485,0.4813138437,0.366852275
1.14,2.536261762,2.899964449,2.617168554,2.536261762,2.899964449,2.617168554,0.2574497235,0.2574497238,0.2328616644,0.2198832871,0.2025069586,0.5353664581,0.6460824858,0.5384839371,0.3556916782,0.4805835646,0.3674652068
1.16,2.537690136,2.898161716,2.618684261,2.537690136,2.898161716,2.618684261,0.2547524299,0.2547524301,0.2327473945,0.2200275057,0.202385702,0.535968435,0.6454463019,0.5391072013,0.3562630277,0.4798624715,0.3680714898
1.18,2.539104948,2.896381673,2.620183539,2.539104948,2.896381673,2.620183539,0.2520859232,0.2520859233,0.2326342095,0.2201699091,0.2022657598,0.5365641745,0.6448175631,0.5397231603,0.3568289525,0.4791504544,0.3686712008
1.2,2.540506332,2.894624049,2.621666577,2.540506332,2.894624049,2.621666577,0.2494498465,0.2494498466,0.2325220988,0.2203105191,0.2021471168,0.5371537486,0.6441961936,0.5403319111,0.3573895062,0.4784474047,0.3692644158
1.22,2.541894421,2.892888575,2.623133562,2.541894421,2.892888575,2.623133562,0.246843847,0.246843847,0.2324110516,0.220449357,0.202029758,0.5377372285,0.6435821183,0.540933549,0.3579447418,0.477753215,0.3698512098
1.24,2.543269346,2.891174985,2.62458468,2.543269346,2.891174985,2.62458468,0.2442675758,0.2442675758,0.2323010576,0.2205864442,0.2019136686,0.5383146845,0.6429752625,0.5415281679,0.3584947119,0.4770677791,0.3704316571
1.26,2.544631237,2.889483017,2.626020114,2.544631237,2.889483017,2.626020114,0.2417206883,0.2417206883,0.2321921063,0.2207218016,0.2017988339,0.5388861858,0.6423755522,0.5421158604,0.3590394683,0.4763909921,0.3710058307
1.28,2.545980223,2.887812413,2.627440045,2.545980223,2.887812413,2.627440045,0.2392028436,0.2392028436,0.2320841875,0.2208554499,0.2016852394,0.5394518009,0.641782914,0.5426967174,0.3595790625,0.4757227504,0.3715738032
1.3,2.54731643,2.886162916,2.628844652,2.54731643,2.886162916,2.628844652,0.2367137049,0.2367137049,0.2319772909,0.2209874097,0.2015728708,0.5400115974,0.6411972751,0.5432708289,0.3601135455,0.4750629515,0.372135646
1.32,2.548639985,2.884534273,2.630234112,2.548639985,2.884534273,2.630234112,0.2342529393,0.2342529392,0.2318714065,0.2211177012,0.201461714,0.5405656417,0.6406185632,0.5438382832,0.3606429675,0.4744114942,0.3726914299
1.34,2.549951013,2.882926233,2.631608599,2.549951013,2.882926233,2.631608599,0.2318202174,0.2318202174,0.2317665243,0.2212463443,0.2013517551,0.5411139997,0.6400467068,0.5443991674,0.3611673786,0.4737682783,0.3732412246
1.36,2.551249637,2.88133855,2.632968285,2.551249637,2.88133855,2.632968285,0.229415214,0.229415214,0.2316626344,0.221373359,0.2012429802,0.5416567364,0.6394816347,0.5449535675,0.3616868281,0.473133205,0.3737850992
1.38,2.552535979,2.879770978,2.634313342,2.552535979,2.879770978,2.634313342,0.2270376074,0.2270376074,0.231559727,0.2214987647,0.2011353756,0.5421939157,0.6389232765,0.5455015679,0.3622013649,0.4725061765,0.3743231218
1.4,2.55381016,2.878223278,2.635643937,2.55381016,2.878223278,2.635643937,0.2246870797,0.2246870797,0.2314577925,0.2216225808,0.201028928,0.5427256009,0.6383715623,0.546043252,0.3627110375,0.4718870962,0.3748553598
1.42,2.555072301,2.876695209,2.636960237,2.555072301,2.876695209,2.636960237,0.2223633165,0.2223633165,0.2313568213,0.2217448263,0.200923624,0.5432518544,0.6378264227,0.5465787019,0.3632158937,0.4712758687,0.3753818798
1.44,2.556322519,2.875186536,2.638262406,2.556322519,2.875186536,2.638262406,0.2200660073,0.2200660073,0.2312568038,0.2218655201,0.2008194505,0.5437727378,0.6372877892,0.5471079985,0.363715981,0.4706723996,0.3759027476
1.46,2.557560932,2.873697026,2.639550607,2.557560932,2.873697026,2.639550607,0.2177948449,0.2177948449,0.2311577307,0.2219846809,0.2007163944,0.544288312,0.6367555935,0.5476312214,0.3642113463,0.4700765957,0.3764180281
1.48,2.558787657,2.872226449,2.640825001,2.558787657,2.872226449,2.640825001,0.2155495258,0.2155495257,0.2310595927,0.222102327,0.2006144429,0.544798637,0.6362297681,0.5481484493,0.3647020363,0.4694883648,0.3769277856
1.5,2.560002809,2.870774577,2.642085746,2.560002809,2.870774577,2.642085746,0.2133297498,0.2133297497,0.2309623806,0.2222184768,0.2005135833,0.5453037721,0.6357102459,0.5486597594,0.3651880968,0.4689076158,0.3774320835
1.52,2.5612065,2.869341184,2.643332999,2.5612065,2.869341184,2.643332999,0.2111352204,0.2111352203,0.2308660853,0.2223331482,0.2004138031,0.5458037758,0.6351969606,0.5491652282,0.3656695735,0.4683342588,0.3779309846
1.54,2.562398845,2.867926049,2.644566914,2.562398845,2.867926049,2.644566914,0.2089656443,0.2089656442,0.2307706977,0.222446359,0.2003150898,0.5462987059,0.6346898462,0.5496649307,0.3661465114,0.4677682048,0.3784245508
1.56,2.563579955,2.866528952,2.645787646,2.563579955,2.866528952,2.645787646,0.2068207317,0.2068207316,0.2306762089,0.2225581268,0.2002174313,0.5467886193,0.6341888375,0.5501589411,0.3666189553,0.4672093659,0.3789128434
1.58,2.56474994,2.865149675,2.646995344,2.56474994,2.865149675,2.646995344,0.2047001961,0.204700196,0.2305826101,0.222668469,0.2001208154,0.5472735726,0.6336938698,0.5506473324,0.3670869493,0.4666576552,0.3793959228
1.6,2.56590891,2.863788004,2.648190159,2.56590891,2.863788004,2.648190159,0.2026037543,0.2026037541,0.2304898925,0.2227774026,0.2000252303,0.5477536211,0.6332048789,0.5511301764,0.3675505373,0.4661129868,0.3798738487
1.62,2.567056973,2.862443727,2.649372238,2.567056973,2.862443727,2.649372238,0.2005311262,0.2005311261,0.2303980475,0.2228849448,0.1999306639,0.5482288199,0.6327218012,0.5516075443,0.3680097624,0.465575276,0.3803466804
1.64,2.568194236,2.861116634,2.650541727,2.568194236,2.861116634,2.650541728,0.1984820352,0.1984820351,0.2303070665,0.2229911122,0.1998371048,0.5486992232,0.6322445737,0.5520795058,0.3684646677,0.4650444389,0.3808144761
1.66,2.569320805,2.859806518,2.651698771,2.569320805,2.859806518,2.651698771,0.1964562078,0.1964562077,0.2302169409,0.2230959215,0.1997445413,0.5491648845,0.6317731338,0.5525461299,0.3689152955,0.4645203925,0.3812772936
1.68,2.570436786,2.858513175,2.652843512,2.570436786,2.858513175,2.652843512,0.1944533734,0.1944533733,0.2301276624,0.223199389,0.199652962,0.5496258566,0.6313074196,0.5530074845,0.3693616879,0.4640030551,0.3817351898
1.7,2.571542283,2.857236401,2.65397609,2.571542283,2.857236401,2.65397609,0.1924732648,0.1924732648,0.2300392227,0.2233015309,0.1995623558,0.5500821917,0.6308473698,0.5534636366,0.3698038866,0.4634923456,0.382188221
1.72,2.572637398,2.855975997,2.655096644,2.572637398,2.855975997,2.655096644,0.1905156178,0.1905156178,0.2299516135,0.2234023632,0.1994727114,0.5505339414,0.6303929234,0.5539146522,0.3702419327,0.4629881841,0.3826364429
1.74,2.573722234,2.854731766,2.656205313,2.573722234,2.854731766,2.656205313,0.1885801711,0.1885801712,0.2298648266,0.2235019017,0.1993840179,0.5509811566,0.6299440203,0.5543605963,0.370675867,0.4624904916,0.3830799104
1.76,2.574796891,2.853503512,2.657302232,2.574796891,2.853503512,2.657302232,0.1866666667,0.1866666668,0.229778854,0.223600162,0.1992962644,0.5514238876,0.6295006005,0.5548015332,0.3711057298,0.4619991899,0.383518678
1.78,2.575861469,2.852291042,2.658387535,2.575861469,2.852291042,2.658387535,0.1847748492,0.1847748494,0.2296936878,0.2236971596,0.1992094402,0.5518621839,0.629062605,0.5552375259,0.3715315612,0.4615142018,0.3839527992
1.8,2.576916068,2.851094165,2.659461355,2.576916068,2.851094165,2.659461355,0.1829044665,0.1829044667,0.2296093199,0.2237929098,0.1991235346,0.5522960947,0.6286299749,0.555668637,0.3719534006,0.4610354512,0.3843823271
1.82,2.577960785,2.849912693,2.660523823,2.577960785,2.849912693,2.660523823,0.1810552691,0.1810552693,0.2295257425,0.2238874275,0.1990385371,0.5527256683,0.6282026523,0.5560949279,0.3723712873,0.4605628624,0.3848073143
1.84,2.578995717,2.84874644,2.661575068,2.578995717,2.84874644,2.661575068,0.1792270105,0.1792270107,0.229442948,0.2239807278,0.1989544375,0.5531509525,0.6277805794,0.5565164591,0.3727852601,0.4600963612,0.3852278124
1.86,2.58002096,2.847595221,2.662615219,2.58002096,2.847595222,2.662615218,0.177419447,0.1774194473,0.2293609285,0.2240728253,0.1988712255,0.5535719947,0.6273636991,0.5569332905,0.3731953573,0.4596358737,0.3856438726
1.88,2.581036609,2.846458856,2.663644401,2.581036609,2.846458856,2.663644401,0.1756323379,0.1756323381,0.2292796766,0.2241637345,0.1987888909,0.5539888414,0.6269519549,0.5573454809,0.3736016169,0.4591813274,0.3860555456
1.9,2.582042758,2.845337163,2.66466274,2.582042758,2.845337163,2.66466274,0.1738654449,0.173865445,0.2291991847,0.22425347,0.1987074237,0.5544015387,0.6265452907,0.5577530885,0.3740040765,0.4587326502,0.3864628813
1.92,2.5830395,2.844229965,2.66567036,2.5830395,2.844229965,2.66567036,0.1721185326,0.1721185327,0.2291194453,0.2243420458,0.1986268142,0.5548101322,0.626143651,0.5581561706,0.3744027735,0.458289771,0.3868659291
1.94,2.584026928,2.843137087,2.666667382,2.584026928,2.843137087,2.666667382,0.1703913685,0.1703913685,0.2290404511,0.224429476,0.1985470524,0.5552146667,0.6257469808,0.5585547836,0.3747977446,0.4578526198,0.3872647378
1.96,2.585005132,2.842058354,2.667653926,2.585005132,2.842058354,2.667653926,0.1686837225,0.1686837225,0.2289621947,0.2245157746,0.1984681289,0.5556151868,0.6253552255,0.5589489833,0.3751890264,0.457421127,0.3876593557
1.98,2.585974204,2.840993597,2.668630113,2.585974204,2.840993597,2.668630113,0.1669953673,0.1669953673,0.228884669,0.2246009552,0.1983900339,0.5560117363,0.6249683312,0.5593388247,0.3755766549,0.456995224,0.3880498304
2,2.586934232,2.839942645,2.66959606,2.586934232,2.839942645,2.66959606,0.1653260781,0.1653260781,0.2288078668,0.2246850314,0.1983127582,0.5564043584,0.6245862443,0.5597243618,0.375960666,0.4565748431,0.3884362091
2.02,2.587885304,2.838905331,2.670551882,2.587885304,2.838905331,2.670551883,0.1636756329,0.1636756329,0.228731781,0.2247680165,0.1982362924,0.5567930961,0.6242089119,0.5601056482,0.3763410951,0.4561599174,0.3888185382
2.04,2.58882751,2.837881488,2.671497696,2.58882751,2.837881488,2.671497696,0.1620438121,0.1620438121,0.2286564045,0.2248499239,0.1981606273,0.5571779916,0.6238362815,0.5604827365,0.3767179773,0.4557503805,0.3891968637
2.06,2.589760934,2.836870955,2.672433615,2.589760934,2.836870955,2.672433615,0.1604303985,0.1604303985,0.2285817306,0.2249307666,0.1980857538,0.5575590866,0.6234683011,0.5608556787,0.3770913471,0.4553461672,0.3895712311
2.08,2.590685664,2.835873569,2.67335975,2.590685664,2.835873569,2.67335975,0.1588351777,0.1588351777,0.2285077522,0.2250105574,0.198011663,0.5579364226,0.6231049191,0.561224526,0.3774612391,0.4549472128,0.3899416852
2.1,2.591601784,2.83488917,2.674276213,2.591601784,2.83488917,2.674276213,0.1572579375,0.1572579375,0.2284344626,0.2250893093,0.1979383459,0.5583100401,0.6227460846,0.561589329,0.3778276872,0.4545534533,0.3903082706
2.12,2.592509379,2.833917601,2.675183114,2.592509379,2.833917601,2.675183114,0.1556984683,0.1556984683,0.228361855,0.2251670349,0.1978657938,0.5586799795,0.6223917471,0.5619501376,0.378190725,0.4541648257,0.3906710309
2.14,2.593408532,2.832958706,2.676080561,2.593408532,2.832958706,2.676080561,0.1541565629,0.1541565629,0.2282899228,0.2252437465,0.1977939981,0.5590462807,0.6220418565,0.562307001,0.378550386,0.4537812676,0.3910300096
2.16,2.594299324,2.83201233,2.676968661,2.594299324,2.83201233,2.676968661,0.1526320165,0.1526320165,0.2282186594,0.2253194565,0.1977229501,0.5594089829,0.6216963633,0.5626599676,0.3789067031,0.4534027173,0.3913852494
2.18,2.595181839,2.831078322,2.677847519,2.595181839,2.831078322,2.677847519,0.1511246264,0.1511246264,0.2281480582,0.2253941772,0.1976526415,0.559768125,0.6213552183,0.5630090852,0.3792597089,0.4530291139,0.3917367927
2.2,2.596056156,2.83015653,2.67871724,2.596056156,2.83015653,2.678717241,0.1496341927,0.1496341926,0.2280781128,0.2254679205,0.1975830637,0.5601237453,0.6210183731,0.5633544012,0.3796094359,0.4526603973,0.3920846814
2.22,2.596922357,2.829246807,2.679577929,2.596922357,2.829246807,2.679577929,0.1481605173,0.1481605172,0.2280088168,0.2255406984,0.1975142087,0.5604758819,0.6206857793,0.563695962,0.3799559161,0.4522965078,0.3924289566
2.24,2.597780519,2.828349004,2.680429685,2.597780519,2.828349004,2.680429685,0.1467034047,0.1467034047,0.2279401638,0.2256125226,0.1974460681,0.5608245721,0.6203573894,0.5640338136,0.3802991811,0.4519373868,0.3927696593
2.26,2.598630722,2.827462977,2.681272611,2.598630722,2.827462977,2.681272612,0.1452626617,0.1452626616,0.2278721475,0.2256834048,0.1973786341,0.5611698531,0.6200331562,0.5643680013,0.3806392623,0.4515829761,0.3931068297
2.28,2.599473044,2.826588583,2.682106807,2.599473044,2.826588583,2.682106807,0.143838097,0.1438380969,0.2278047618,0.2257533563,0.1973118984,0.5615117613,0.6197130329,0.5646985698,0.3809761908,0.4512332183,0.3934405079
2.3,2.60030756,2.825725679,2.68293237,2.60030756,2.825725679,2.68293237,0.1424295219,0.1424295217,0.2277380005,0.2258223887,0.1972458534,0.561850333,0.6193969733,0.5650255632,0.3813099974,0.4508880567,0.3937707332
2.32,2.601134348,2.824874125,2.683749398,2.601134348,2.824874125,2.683749398,0.1410367495,0.1410367493,0.2276718575,0.225890513,0.1971804911,0.5621856039,0.6190849315,0.5653490249,0.3816407124,0.4505474352,0.3940975444
2.34,2.601953482,2.824033783,2.684557988,2.601953482,2.824033783,2.684557988,0.1396595953,0.1396595951,0.2276063268,0.2259577403,0.197115804,0.5625176092,0.6187768621,0.5656689979,0.3819683661,0.4502112984,0.3944209802
2.36,2.602765037,2.823204516,2.685358234,2.602765037,2.823204516,2.685358234,0.1382978768,0.1382978766,0.2275414023,0.2260240817,0.1970517843,0.562846384,0.6184727202,0.5659855245,0.3822929883,0.4498795916,0.3947410786
2.38,2.603569088,2.822386189,2.68615023,2.603569088,2.822386189,2.68615023,0.1369514137,0.1369514136,0.2274770783,0.2260895479,0.1969884246,0.5631719626,0.6181724613,0.5662986465,0.3826146085,0.4495522606,0.395057877
2.4,2.604365706,2.821578667,2.686934069,2.604365706,2.821578667,2.686934069,0.1356200277,0.1356200276,0.2274133488,0.2261541496,0.1969257175,0.5634943791,0.6178760414,0.5666084051,0.3829332559,0.4492292521,0.3953714127
2.42,2.605154966,2.82078182,2.687709843,2.605154966,2.82078182,2.687709843,0.1343035427,0.1343035426,0.2273502081,0.2262178974,0.1968636555,0.5638136673,0.6175834169,0.566914841,0.3832489596,0.4489105131,0.3956817224
2.44,2.605936937,2.819995516,2.688477643,2.605936937,2.819995516,2.688477643,0.1330017844,0.1330017843,0.2272876504,0.2262808017,0.1968022315,0.5641298603,0.6172945446,0.5672179942,0.3835617481,0.4485959914,0.3959888423
2.46,2.606711691,2.819219626,2.689237558,2.606711691,2.819219626,2.689237558,0.1317145806,0.1317145806,0.22722567,0.2263428729,0.1967414383,0.5644429912,0.6170093818,0.5675179044,0.3838716499,0.4482856355,0.3962928083
2.48,2.607479299,2.818454023,2.689989676,2.607479299,2.818454023,2.689989676,0.1304417612,0.1304417612,0.2271642614,0.2264041211,0.1966812688,0.5647530923,0.6167278861,0.5678146107,0.3841786931,0.4479793944,0.3965936558
2.5,2.60823983,2.817698581,2.690734086,2.60823983,2.817698581,2.690734086,0.1291831579,0.129183158,0.2271034189,0.2264645565,0.1966217161,0.5650601958,0.6164500157,0.5681081515,0.3844829054,0.4476772177,0.3968914197
2.52,2.608993352,2.816953176,2.691470874,2.608993352,2.816953176,2.691470874,0.1279386045,0.1279386046,0.2270431371,0.2265241889,0.1965627731,0.5653643334,0.6161757292,0.5683985649,0.3847843144,0.4473790557,0.3971861347
2.54,2.609739935,2.816217685,2.692200125,2.609739935,2.816217685,2.692200125,0.1267079366,0.1267079368,0.2269834105,0.2265830282,0.196504433,0.5656655366,0.6159049855,0.5686858884,0.3850829473,0.4470848591,0.397477835
2.56,2.610479645,2.815491985,2.692921923,2.610479644,2.815491985,2.692921923,0.1254909917,0.1254909919,0.2269242338,0.2266410841,0.1964466891,0.5659638363,0.6156377439,0.5689701591,0.3853788312,0.4467945793,0.3977665544
2.58,2.611212548,2.814775958,2.693636352,2.611212548,2.814775958,2.693636352,0.1242876093,0.1242876095,0.2268656015,0.2266983663,0.1963895348,0.5662592633,0.6153739643,0.5692514134,0.3856719927,0.4465081683,0.3980523262
2.6,2.611938712,2.814069484,2.694343495,2.611938712,2.814069484,2.694343495,0.1230976305,0.1230976307,0.2268075083,0.2267548843,0.1963329633,0.5665518477,0.6151136068,0.5695296875,0.3859624583,0.4462255786,0.3983351833
2.62,2.612658202,2.813372446,2.695043434,2.612658202,2.813372446,2.695043433,0.1219208985,0.1219208987,0.2267499492,0.2268106473,0.1962769683,0.5668416196,0.6148566321,0.5698050169,0.3862502541,0.4459467634,0.3986151586
2.64,2.613371082,2.812684728,2.695736247,2.613371082,2.812684728,2.695736247,0.1207572582,0.1207572584,0.2266929188,0.2268656648,0.1962215432,0.5671286086,0.6146030012,0.5700774367,0.3865354062,0.4456716762,0.398892284
2.66,2.614077417,2.812006215,2.696422016,2.614077417,2.812006216,2.696422016,0.1196065562,0.1196065564,0.226636412,0.2269199457,0.1961666817,0.5674128439,0.6143526755,0.5703469817,0.3868179401,0.4454002713,0.3991665916
2.68,2.61477727,2.811336796,2.697100819,2.61477727,2.811336796,2.697100819,0.1184686411,0.1184686412,0.2265804237,0.2269734993,0.1961123775,0.5676943544,0.6141056167,0.570613686,0.3870978813,0.4451325034,0.3994381127
2.7,2.615470704,2.810676357,2.697772733,2.615470704,2.810676357,2.697772733,0.117343363,0.1173433631,0.226524949,0.2270263344,0.1960586243,0.5679731687,0.6138617871,0.5708775833,0.3873752549,0.4448683279,0.3997068785
2.72,2.616157781,2.810024788,2.698437836,2.616157781,2.810024788,2.698437836,0.1162305739,0.1162305739,0.2264699828,0.2270784599,0.1960054161,0.5682493152,0.6136211493,0.571138707,0.3876500858,0.4446077004,0.3999729197
2.74,2.616838563,2.80938198,2.699096204,2.616838563,2.80938198,2.699096204,0.1151301274,0.1151301274,0.2264155203,0.2271298845,0.1959527467,0.5685228217,0.6133836661,0.5713970899,0.3879223987,0.4443505773,0.4002362666
2.76,2.617513112,2.808747826,2.699747911,2.617513112,2.808747826,2.699747911,0.1140418788,0.1140418788,0.2263615564,0.2271806169,0.1959006101,0.5687937159,0.6131493011,0.5716527646,0.388192218,0.4440969155,0.4004969494
2.78,2.618181486,2.808122218,2.700393031,2.618181486,2.808122218,2.700393031,0.1129656852,0.1129656852,0.2263080864,0.2272306655,0.1958490005,0.569062025,0.6129180178,0.571905763,0.3884595678,0.4438466724,0.4007549976
2.8,2.618843747,2.807505051,2.701031639,2.618843747,2.807505051,2.701031639,0.1119014053,0.1119014053,0.2262551056,0.2272800389,0.1957979119,0.569327776,0.6126897805,0.5721561167,0.388724472,0.4435998057,0.4010104406
2.82,2.619499952,2.806896222,2.701663806,2.619499952,2.806896222,2.701663806,0.1108488993,0.1108488993,0.2262026091,0.2273287452,0.1957473385,0.5695909958,0.6124645536,0.572403857,0.3889869543,0.443356274,0.4012633074
2.84,2.620150162,2.806295627,2.702289603,2.620150162,2.806295627,2.702289603,0.1098080293,0.1098080293,0.2261505923,0.2273767928,0.1956972747,0.5698517105,0.6122423019,0.5726490146,0.3892470383,0.4431160359,0.4015136265
2.86,2.620794434,2.805703165,2.702909103,2.620794434,2.805703165,2.702909103,0.1087786586,0.1087786586,0.2260990506,0.2274241898,0.1956477147,0.5701099463,0.6120229908,0.57289162,0.389504747,0.442879051,0.4017614264
2.88,2.621432825,2.805118734,2.703522374,2.621432825,2.805118734,2.703522374,0.1077606524,0.1077606524,0.2260479793,0.2274709442,0.195598653,0.570365729,0.6118065857,0.5731317031,0.3897601035,0.442645279,0.4020067349
2.9,2.622065393,2.804542238,2.704129486,2.622065393,2.804542237,2.704129486,0.1067538774,0.1067538774,0.2259973739,0.227517064,0.1955500841,0.570619084,0.6115930527,0.5733692936,0.3900131304,0.4424146802,0.4022495797
2.92,2.622692193,2.803973576,2.704730507,2.622692193,2.803973576,2.704730507,0.1057582018,0.1057582018,0.2259472299,0.2275625569,0.1955020024,0.5708700366,0.611382358,0.5736044206,0.3902638504,0.4421872154,0.4024899881
2.94,2.623313281,2.803412652,2.705325505,2.623313281,2.803412652,2.705325505,0.1047734953,0.1047734953,0.2258975428,0.2276074308,0.1954544026,0.5711186117,0.6111744683,0.5738371132,0.3905122858,0.4419628458,0.4027279872
2.96,2.623928713,2.80285937,2.705914546,2.623928713,2.80285937,2.705914546,0.1037996292,0.1037996292,0.2258483083,0.2276516933,0.1954072793,0.5713648339,0.6109693506,0.5740673997,0.3907584585,0.4417415333,0.4029636036
2.98,2.624538543,2.802313637,2.706497696,2.624538543,2.802313637,2.706497696,0.1028364762,0.1028364761,0.2257995219,0.227695352,0.1953606273,0.5716087275,0.6107669723,0.5742953082,0.3910023905,0.4415232398,0.4031968636
3,2.625142825,2.801775357,2.707075021,2.625142825,2.801775357,2.707075021,0.1018839104,0.1018839104,0.2257511793,0.2277384144,0.1953144413,0.5718503167,0.6105673011,0.5745208666,0.3912441034,0.4413079281,0.4034277934
3.02,2.625741613,2.80124444,2.707646584,2.625741613,2.80124444,2.707646584,0.1009418077,0.1009418076,0.2257032763,0.2277808878,0.1952687163,0.5720896252,0.6103703051,0.5747441022,0.3914836186,0.4410955612,0.4036564186
3.04,2.62633496,2.800720793,2.708212449,2.62633496,2.800720793,2.708212449,0.100010045,0.100010045,0.2256558085,0.2278227795,0.195223447,0.5723266766,0.6101759526,0.5749650421,0.3917209573,0.4408861025,0.4038827649
3.06,2.626922918,2.800204327,2.70877268,2.626922918,2.800204327,2.70877268,0.099088501,0.09908850092,0.2256087719,0.2278640968,0.1951786286,0.5725614942,0.6099842124,0.575183713,0.3919561405,0.4406795161,0.4041068572
3.08,2.627505539,2.799694953,2.709327338,2.627505539,2.799694953,2.709327338,0.09817705557,0.09817705547,0.2255621622,0.2279048467,0.1951342559,0.572794101,0.6097950535,0.5754001412,0.392189189,0.4404757663,0.4043287205
3.1,2.628082875,2.799192582,2.709876486,2.628082875,2.799192581,2.709876486,0.09727559005,0.09727558994,0.2255159753,0.2279450364,0.1950903241,0.5730245196,0.6096084453,0.5756143529,0.3924201234,0.4402748178,0.4045483794
3.12,2.628654977,2.798697127,2.710420182,2.628654977,2.798697127,2.710420182,0.09638398719,0.09638398706,0.2254702072,0.2279846728,0.1950468284,0.5732527728,0.6094243576,0.5758263736,0.392648964,0.4400766358,0.4047658581
3.14,2.629221894,2.798208502,2.710958489,2.629221894,2.798208502,2.710958489,0.09550213106,0.09550213093,0.2254248538,0.2280237628,0.1950037639,0.5734788826,0.6092427604,0.5760362288,0.392875731,0.4398811861,0.4049811807
3.16,2.629783678,2.797726623,2.711491464,2.629783678,2.797726623,2.711491464,0.09462990711,0.09462990697,0.2253799111,0.2280623131,0.1949611258,0.573702871,0.6090636241,0.5762439436,0.3931004445,0.4396884345,0.4051943708
3.18,2.630340377,2.797251406,2.712019167,2.630340377,2.797251406,2.712019167,0.09376720208,0.09376720195,0.2253353752,0.2281003305,0.1949189096,0.5739247599,0.6088869193,0.5764495426,0.393323124,0.4394983476,0.405405452
3.2,2.63089204,2.796782768,2.712541656,2.63089204,2.796782767,2.712541656,0.09291390408,0.09291390396,0.2252912421,0.2281378216,0.1948771105,0.5741445708,0.6087126171,0.5766530503,0.3935437893,0.4393108922,0.4056144474
3.22,2.631438716,2.796320626,2.713058987,2.631438716,2.796320625,2.713058987,0.09206990248,0.09206990237,0.2252475081,0.2281747929,0.194835724,0.5743623249,0.6085406888,0.5768544907,0.3937624597,0.4391260354,0.4058213799
3.24,2.631980453,2.795864899,2.713571218,2.631980453,2.795864899,2.713571218,0.09123508796,0.09123508788,0.2252041691,0.228211251,0.1947947456,0.5745780432,0.6083711059,0.5770538877,0.3939791544,0.4389437449,0.4060262722
3.26,2.632517298,2.795415509,2.714078403,2.632517298,2.795415509,2.714078404,0.09040935248,0.09040935243,0.2251612215,0.2282472022,0.1947541707,0.5747917466,0.6082038405,0.5772512649,0.3941938924,0.4387639888,0.4062291465
3.28,2.633049298,2.794972375,2.7145806,2.633049298,2.794972375,2.7145806,0.08959258924,0.08959258922,0.2251186615,0.2282826529,0.194713995,0.5750034557,0.6080388648,0.5774466453,0.3944066925,0.4385867353,0.4064300252
3.3,2.6335765,2.79453542,2.715077862,2.6335765,2.79453542,2.715077862,0.08878469269,0.08878469271,0.2250764854,0.2283176093,0.194674214,0.5752131907,0.6078761513,0.5776400519,0.3946175732,0.4384119533,0.4066289299
3.32,2.634098949,2.794104567,2.715570243,2.634098949,2.794104567,2.715570243,0.08798555853,0.08798555859,0.2250346894,0.2283520776,0.1946348235,0.5754209718,0.6077156729,0.5778315074,0.3948265531,0.4382396119,0.4068258824
3.34,2.634616693,2.793679739,2.716057797,2.634616692,2.793679739,2.716057797,0.08719508365,0.08719508375,0.2249932699,0.2283860639,0.1945958192,0.5756268188,0.6075574027,0.5780210341,0.3950336504,0.4380696806,0.4070209039
3.36,2.635129774,2.79326086,2.716540576,2.635129774,2.79326086,2.716540576,0.08641316616,0.0864131663,0.2249522234,0.2284195742,0.1945571969,0.5758307516,0.6074013141,0.578208654,0.3952388831,0.4379021292,0.4072140155
3.38,2.635638239,2.792847857,2.717018633,2.635638239,2.792847858,2.717018633,0.08563970537,0.08563970553,0.2249115462,0.2284526144,0.1945189524,0.5760327894,0.6072473809,0.5783943889,0.3954422691,0.4377369281,0.4074052382
3.4,2.636142132,2.792440656,2.717492018,2.636142132,2.792440657,2.717492018,0.08487460174,0.08487460192,0.2248712348,0.2284851905,0.1944810815,0.5762329517,0.607095577,0.5785782603,0.3956438262,0.4375740477,0.4075945925
3.42,2.636641496,2.792039185,2.717960784,2.636641496,2.792039185,2.717960784,0.08411775691,0.0841177571,0.2248312856,0.2285173082,0.1944435802,0.5764312573,0.6069458768,0.5787602896,0.3958435719,0.4374134591,0.4077820989
3.44,2.637136375,2.791643371,2.718424981,2.637136375,2.791643371,2.71842498,0.08336907366,0.08336907385,0.2247916953,0.2285489733,0.1944064445,0.5766277251,0.6067982548,0.5789404975,0.3960415235,0.4372551334,0.4079677774
3.46,2.637626812,2.791253143,2.718884657,2.637626812,2.791253143,2.718884657,0.08262845593,0.0826284561,0.2247524604,0.2285801915,0.1943696704,0.5768223738,0.6066526859,0.579118905,0.3962376982,0.4370990423,0.4081516479
3.48,2.638112849,2.790868432,2.719339863,2.638112849,2.790868432,2.719339863,0.08189580875,0.08189580889,0.2247135774,0.2286109684,0.1943332539,0.5770152217,0.6065091452,0.5792955323,0.396432113,0.4369451579,0.4083337303
3.5,2.638594529,2.790489168,2.719790646,2.638594529,2.790489168,2.719790646,0.08117103828,0.08117103839,0.224675043,0.2286413095,0.1942971912,0.577206287,0.6063676081,0.5794703998,0.3966247849,0.4367934523,0.4085140438
3.52,2.639071892,2.790115283,2.720237056,2.639071892,2.790115283,2.720237056,0.08045405178,0.08045405184,0.2246368539,0.2286712204,0.1942614785,0.5773955879,0.6062280504,0.5796435273,0.3968157303,0.4366438982,0.4086926077
3.54,2.639544982,2.789746709,2.72067914,2.639544982,2.789746709,2.72067914,0.07974475758,0.0797447576,0.2245990068,0.2287007063,0.1942261118,0.577583142,0.6060904479,0.5798149347,0.397004966,0.4364964687,0.408869441
3.56,2.640013837,2.789383379,2.721116943,2.640013837,2.789383379,2.721116943,0.07904306509,0.07904306508,0.2245614984,0.2287297726,0.1941910875,0.577768967,0.6059547768,0.5799846412,0.3971925082,0.4363511368,0.4090445625
3.58,2.640478499,2.789025228,2.721550514,2.640478499,2.789025228,2.721550514,0.07834888478,0.07834888477,0.2245243254,0.2287584247,0.1941564018,0.5779530803,0.6058210137,0.5801526662,0.397378373,0.4362078763,0.4092179909
3.6,2.640939008,2.78867219,2.721979898,2.640939008,2.78867219,2.721979898,0.07766212821,0.07766212819,0.2244874847,0.2287866678,0.1941220511,0.5781354992,0.6056891353,0.5803190286,0.3975625766,0.4360666611,0.4093897443
3.62,2.641395404,2.7883242,2.722405139,2.641395404,2.7883242,2.722405139,0.07698270795,0.07698270793,0.224450973,0.2288145069,0.1940880318,0.5783162406,0.6055591185,0.5804837472,0.3977451348,0.4359274653,0.4095598409
3.64,2.641847725,2.787981196,2.722826284,2.641847725,2.787981196,2.722826284,0.0763105376,0.07631053758,0.2244147873,0.2288419473,0.1940543402,0.5784953216,0.6054309406,0.5806468404,0.3979260633,0.4357902636,0.4097282988
3.66,2.642296011,2.787643114,2.723243376,2.642296011,2.787643114,2.723243376,0.07564553177,0.07564553176,0.2243789245,0.2288689938,0.1940209729,0.5786727586,0.6053045792,0.5808083266,0.3981053777,0.4356550308,0.4098951355
3.68,2.6427403,2.787309892,2.723656459,2.6427403,2.787309892,2.723656459,0.07498760609,0.07498760608,0.2243433813,0.2288956516,0.1939879263,0.5788485684,0.605180012,0.5809682238,0.3982830933,0.4355217421,0.4100603687
3.7,2.64318063,2.786981469,2.724065576,2.64318063,2.786981469,2.724065576,0.07433667717,0.07433667716,0.2243081549,0.2289219254,0.1939551969,0.579022767,0.6050572169,0.5811265499,0.3984592254,0.4353903728,0.4102240155
3.72,2.643617039,2.786657784,2.72447077,2.643617039,2.786657784,2.72447077,0.07369266261,0.0736926626,0.2242732422,0.2289478203,0.1939227814,0.5791953708,0.6049361723,0.5812833223,0.3986337891,0.4352608987,0.4103860932
3.74,2.644049565,2.786338777,2.724872084,2.644049565,2.786338777,2.724872084,0.07305548096,0.07305548095,0.2242386401,0.2289733408,0.1938906763,0.5793663956,0.6048168567,0.5814385587,0.3988067993,0.4351332959,0.4105466187
3.76,2.644478244,2.786024389,2.725269559,2.644478244,2.786024389,2.725269559,0.07242505176,0.07242505175,0.2242043458,0.2289984919,0.1938588783,0.5795358573,0.6046992487,0.581592276,0.3989782709,0.4350075406,0.4107056086
3.78,2.644903113,2.785714561,2.725663236,2.644903113,2.785714561,2.725663236,0.07180129548,0.07180129547,0.2241703563,0.2290232781,0.1938273841,0.5797037715,0.6045833274,0.5817444913,0.3991482184,0.4348836096,0.4108630795
3.8,2.645324208,2.785409236,2.726053156,2.645324208,2.785409236,2.726053156,0.07118413353,0.07118413351,0.2241366687,0.2290477041,0.1937961905,0.5798701536,0.604469072,0.5818952214,0.3993166564,0.4347614795,0.4110190477
3.82,2.645741565,2.785108356,2.726439361,2.645741565,2.785108356,2.726439361,0.07057348826,0.07057348824,0.2241032801,0.2290717745,0.1937652941,0.5800350189,0.6043564619,0.5820444828,0.3994835993,0.4346411277,0.4111735294
3.84,2.64615522,2.784811866,2.726821888,2.64615522,2.784811866,2.726821888,0.06996928292,0.06996928289,0.2240701878,0.2290954937,0.1937346919,0.5801983826,0.6042454768,0.5821922919,0.3996490612,0.4345225316,0.4113265405
3.86,2.646565207,2.784519709,2.727200779,2.646565207,2.784519709,2.727200779,0.06937144168,0.06937144164,0.2240373887,0.2291188662,0.1937043806,0.5803602595,0.6041360965,0.5823386648,0.3998130563,0.4344056688,0.4114780969
3.88,2.646971563,2.78423183,2.727576072,2.646971563,2.78423183,2.727576072,0.06877988961,0.06877988955,0.2240048803,0.2291418965,0.1936743572,0.5805206646,0.6040283014,0.5824836174,0.3999755985,0.4342905173,0.4116282141
3.9,2.64737432,2.783948176,2.727947806,2.64737432,2.783948176,2.727947806,0.06819455264,0.06819455257,0.2239726597,0.2291645889,0.1936446185,0.5806796124,0.6039220716,0.5826271656,0.4001367015,0.4341770554,0.4117769075
3.92,2.647773514,2.783668691,2.728316018,2.647773514,2.783668691,2.728316018,0.06761535761,0.06761535752,0.2239407242,0.2291869477,0.1936151615,0.5808371174,0.6038173878,0.5827693249,0.4002963791,0.4340652616,0.4119241923
3.94,2.648169178,2.783393324,2.728680746,2.648169178,2.783393324,2.728680746,0.06704223221,0.06704223211,0.2239090711,0.2292089771,0.1935859833,0.580993194,0.6037142309,0.5829101107,0.4004546447,0.4339551146,0.4120700837
3.96,2.648561346,2.783122021,2.729042028,2.648561346,2.783122021,2.729042029,0.06647510499,0.06647510488,0.2238776976,0.2292306813,0.1935570807,0.5811478562,0.6036125817,0.5830495381,0.4006115118,0.4338465935,0.4122145965
3.98,2.648950051,2.782854731,2.729399901,2.648950051,2.782854731,2.729399901,0.06591390535,0.06591390523,0.2238466013,0.2292520645,0.1935284509,0.5813011183,0.6035124215,0.5831876223,0.4007669936,0.4337396775,0.4123577455
4,2.649335325,2.782591402,2.7297544,2.649335325,2.782591402,2.7297544,0.06535856351,0.06535856339,0.2238157793,0.2292731308,0.193500091,0.5814529939,0.6034137319,0.5833243779,0.4009211033,0.4336343461,0.4124995451
4.02,2.649717201,2.782331985,2.730105562,2.649717201,2.782331985,2.730105562,0.06480901056,0.06480901044,0.2237852292,0.2292938842,0.193471998,0.5816034968,0.6033164944,0.5834598197,0.4010738538,0.4335305791,0.4126400099
4.04,2.650095712,2.782076429,2.730453422,2.650095712,2.782076428,2.730453422,0.06426517837,0.06426517826,0.2237549484,0.2293143287,0.1934441692,0.5817526407,0.6032206909,0.5835939621,0.401225258,0.4334283566,0.4127791539
4.06,2.650470888,2.781824684,2.730798015,2.650470889,2.781824684,2.730798015,0.06372699963,0.06372699953,0.2237249342,0.2293344683,0.1934166017,0.5819004389,0.6031263036,0.5837268194,0.4013753288,0.4333276587,0.4129169913
4.08,2.650842763,2.781576702,2.731139377,2.650842763,2.781576702,2.731139377,0.06319440785,0.06319440777,0.2236951843,0.2293543068,0.1933892928,0.5820469047,0.6030333146,0.5838584057,0.4015240786,0.433228466,0.4130535359
4.1,2.651211366,2.781332435,2.731477541,2.651211366,2.781332435,2.731477541,0.06266733731,0.06266733725,0.223665696,0.2293738482,0.1933622397,0.5821920513,0.6029417065,0.583988735,0.4016715199,0.4331307591,0.4131888016
4.12,2.65157673,2.781091835,2.731812542,2.65157673,2.781091835,2.731812542,0.06214572308,0.06214572305,0.2236364669,0.2293930962,0.1933354396,0.5823358917,0.6028514619,0.5841178211,0.4018176653,0.4330345191,0.4133228018
4.14,2.651938884,2.780854855,2.732144412,2.651938884,2.780854855,2.732144412,0.06162950101,0.061629501,0.2236074946,0.2294120546,0.19330889,0.5824784387,0.6027625638,0.5842456775,0.4019625268,0.4329397271,0.4134555499
4.16,2.652297858,2.780621448,2.732473186,2.652297858,2.780621448,2.732473186,0.06111860771,0.06111860773,0.2235787767,0.2294307271,0.1932825881,0.5826197051,0.6026749952,0.5843723177,0.4021061166,0.4328463645,0.4135870594
4.18,2.652653684,2.78039157,2.732798895,2.652653684,2.78039157,2.732798895,0.06061298054,0.0606129806,0.2235503106,0.2294491174,0.1932565314,0.5827597034,0.6025887394,0.5844977551,0.4022484468,0.432754413,0.4137173432
4.2,2.65300639,2.780165173,2.733121573,2.65300639,2.780165173,2.733121573,0.06011255763,0.06011255772,0.2235220942,0.2294672291,0.1932307171,0.5828984462,0.6025037799,0.5846220026,0.4023895292,0.4326638545,0.4138464143
4.22,2.653356006,2.779942215,2.733441251,2.653356005,2.779942215,2.733441251,0.05961727784,0.05961727796,0.2234941249,0.2294850658,0.1932051429,0.5830359457,0.6024201003,0.5847450734,0.4025293756,0.432574671,0.4139742856
4.24,2.653702561,2.779722649,2.733757961,2.653702561,2.779722649,2.733757961,0.05912708074,0.05912708088,0.2234664005,0.229502631,0.1931798061,0.5831722142,0.6023376844,0.5848669801,0.4026679976,0.4324868448,0.4141009697
4.26,2.654046084,2.779506433,2.734071735,2.654046083,2.779506433,2.734071735,0.05864190666,0.05864190681,0.2234389186,0.2295199283,0.1931547042,0.5833072637,0.6022565164,0.5849877355,0.4028054068,0.4324003584,0.4142264792
4.28,2.654386603,2.779293523,2.734382603,2.654386603,2.779293524,2.734382603,0.05816169661,0.05816169677,0.2234116771,0.2295369611,0.1931298347,0.5834411062,0.6021765804,0.5851073521,0.4029416146,0.4323151945,0.4143508264
4.3,2.654724147,2.779083878,2.734690596,2.654724147,2.779083878,2.734690596,0.05768639234,0.0576863925,0.2233846735,0.2295537328,0.1931051953,0.5835737535,0.6020978608,0.5852258422,0.4030766323,0.4322313362,0.4144740236
4.32,2.655058744,2.778877453,2.734995744,2.655058744,2.778877453,2.734995744,0.05721593626,0.05721593641,0.2233579058,0.2295702467,0.1930807834,0.5837052173,0.6020203423,0.5853432181,0.4032104712,0.4321487665,0.4145960829
4.34,2.655390422,2.778674209,2.735298078,2.655390422,2.778674209,2.735298078,0.0567502715,0.05675027163,0.2233313716,0.2295865063,0.1930565968,0.583835509,0.6019440095,0.5854594917,0.4033431422,0.4320674687,0.4147170162
4.36,2.655719208,2.778474103,2.735597626,2.655719208,2.778474103,2.735597626,0.05628934187,0.05628934196,0.2233050687,0.2296025147,0.1930326329,0.5839646403,0.6018688474,0.585574675,0.4034746565,0.4319874265,0.4148368355
4.38,2.656045129,2.778277096,2.735894418,2.656045129,2.778277096,2.735894418,0.05583309183,0.05583309189,0.223278995,0.2296182753,0.1930088895,0.5840926224,0.6017948411,0.5856887799,0.4036050248,0.4319086235,0.4149555523
4.4,2.656368211,2.778083146,2.736188483,2.656368211,2.778083146,2.736188483,0.05538146654,0.05538146657,0.2232531484,0.2296337913,0.1929853644,0.5842194665,0.6017219759,0.5858018179,0.403734258,0.4318310437,0.4150731782
4.42,2.656688483,2.777892215,2.736479849,2.656688483,2.777892215,2.736479849,0.05493441178,0.05493441178,0.2232275267,0.2296490658,0.1929620551,0.5843451838,0.6016502372,0.5859138005,0.4038623666,0.4317546712,0.4151897247
4.44,2.65700597,2.777704263,2.736768545,2.65700597,2.777704263,2.736768545,0.05449187401,0.05449187401,0.2232021277,0.2296641019,0.1929389594,0.5844697851,0.6015796107,0.5860247391,0.4039893613,0.4316794904,0.4153052032
4.46,2.657320698,2.777519251,2.737054599,2.657320698,2.777519251,2.737054599,0.05405380035,0.05405380034,0.2231769495,0.2296789029,0.1929160751,0.5845932813,0.6015100822,0.5861346449,0.4041152525,0.4316054857,0.4154196246
4.48,2.657632693,2.777337142,2.737338037,2.657632693,2.777337142,2.737338038,0.05362013854,0.05362013853,0.2231519899,0.2296934716,0.1928934,0.5847156833,0.6014416376,0.586243529,0.4042400506,0.431532642,0.4155330002
4.5,2.657941981,2.777157897,2.737618889,2.657941981,2.777157897,2.737618889,0.05319083695,0.05319083694,0.2231272468,0.2297078112,0.1928709319,0.5848370015,0.601374263,0.5863514024,0.4043637658,0.431460944,0.4156453407
4.52,2.658248587,2.776981479,2.73789718,2.658248587,2.776981479,2.73789718,0.05276584458,0.05276584457,0.2231027184,0.2297219246,0.1928486686,0.5849572466,0.6013079448,0.5864582759,0.4044864082,0.4313903768,0.4157566571
4.54,2.658552536,2.776807852,2.738172937,2.658552536,2.776807852,2.738172937,0.05234511104,0.05234511103,0.2230784024,0.2297358148,0.192826608,0.5850764289,0.6012426693,0.5865641602,0.4046079879,0.4313209258,0.4158669599
4.56,2.658853854,2.776636978,2.738446187,2.658853854,2.776636978,2.738446187,0.05192858655,0.05192858654,0.223054297,0.2297494847,0.192804748,0.5851945587,0.6011784232,0.5866690658,0.4047285148,0.4312525763,0.4159762598
4.58,2.659152564,2.776468822,2.738716955,2.659152564,2.776468822,2.738716955,0.05151622193,0.05151622193,0.2230304002,0.2297629372,0.1927830866,0.5853116463,0.6011151932,0.5867730033,0.4048479988,0.431185314,0.4160845672
4.6,2.659448691,2.776303349,2.738985268,2.659448691,2.776303349,2.738985268,0.05110796861,0.05110796861,0.2230067101,0.2297761751,0.1927616215,0.5854277017,0.6010529663,0.5868759829,0.4049664497,0.4311191246,0.4161918923
4.62,2.659742259,2.776140522,2.739251151,2.659742259,2.776140522,2.739251151,0.05070377859,0.05070377859,0.2229832246,0.2297892012,0.1927403509,0.5855427349,0.6009917295,0.5869780149,0.4050838771,0.4310539941,0.4162982454
4.64,2.660033293,2.775980309,2.739514629,2.660033293,2.775980309,2.739514629,0.05030360446,0.05030360445,0.2229599419,0.2298020183,0.1927192727,0.5856567558,0.60093147,0.5870791094,0.4052002905,0.4309899087,0.4164036366
4.66,2.660321815,2.775822674,2.739775727,2.660321815,2.775822674,2.739775727,0.04990739937,0.04990739936,0.2229368601,0.2298146291,0.1926983848,0.5857697741,0.6008721753,0.5871792762,0.4053156994,0.4309268546,0.4165080758
4.68,2.66060785,2.775667583,2.740034469,2.66060785,2.775667583,2.740034469,0.04951511707,0.04951511706,0.2229139773,0.2298270363,0.1926776854,0.5858817995,0.6008138327,0.5872785253,0.4054301133,0.4308648184,0.4166115729
4.7,2.66089142,2.775515004,2.740290881,2.66089142,2.775515003,2.740290881,0.04912671184,0.04912671183,0.2228912917,0.2298392427,0.1926571725,0.5859928417,0.6007564301,0.5873768663,0.4055435413,0.4308037866,0.4167141376
4.72,2.661172548,2.775364902,2.740544986,2.661172548,2.775364902,2.740544986,0.04874213854,0.04874213852,0.2228688015,0.2298512508,0.1926368441,0.5861029099,0.6006999552,0.587474309,0.4056559927,0.430743746,0.4168157795
4.74,2.661451258,2.775217246,2.740796808,2.661451258,2.775217246,2.740796808,0.04836135256,0.04836135252,0.2228465047,0.2298630633,0.1926166983,0.5862120138,0.600644396,0.5875708628,0.4057674766,0.4306846837,0.4169165083
4.76,2.661727572,2.775072004,2.74104637,2.661727572,2.775072004,2.74104637,0.04798430984,0.04798430979,0.2228243996,0.2298746827,0.1925967333,0.5863201624,0.6005897405,0.5876665371,0.405878002,0.4306265867,0.4170163333
4.78,2.662001511,2.774929143,2.741293697,2.662001511,2.774929143,2.741293697,0.04761096685,0.04761096679,0.2228024844,0.2298861116,0.1925769472,0.586427365,0.600535977,0.5877613411,0.4059875779,0.4305694422,0.4171152638
4.8,2.662273099,2.774788632,2.74153881,2.662273099,2.774788632,2.74153881,0.0472412806,0.04724128053,0.2227807574,0.2298973524,0.1925573382,0.5865336307,0.600483094,0.5878552841,0.4060962129,0.4305132379,0.417213309
4.82,2.662542357,2.77465044,2.741781732,2.662542357,2.77465044,2.741781732,0.04687520863,0.04687520855,0.2227592168,0.2299084078,0.1925379044,0.5866389685,0.6004310798,0.5879483752,0.406203916,0.4304579611,0.4173104781
4.84,2.662809306,2.774514536,2.742022487,2.662809306,2.774514536,2.742022487,0.04651270897,0.04651270888,0.2227378609,0.2299192801,0.192518644,0.5867433872,0.6003799231,0.5880406232,0.4063106957,0.4304035997,0.41740678
4.86,2.663073968,2.774380891,2.742261096,2.663073968,2.774380891,2.742261096,0.04615374019,0.0461537401,0.2227166879,0.2299299717,0.1924995553,0.5868468957,0.6003296129,0.588132037,0.4064165607,0.4303501415,0.4175022236
4.88,2.663336365,2.774249474,2.742497581,2.663336365,2.774249473,2.742497582,0.04579826135,0.04579826126,0.2226956961,0.2299404851,0.1924806365,0.5869495027,0.6002801378,0.5882226255,0.4065215195,0.4302975746,0.4175968177
4.9,2.663596517,2.774120255,2.742731965,2.663596518,2.774120255,2.742731965,0.04544623203,0.04544623193,0.2226748839,0.2299508226,0.1924618858,0.5870512168,0.6002314871,0.5883123972,0.4066255804,0.4302458872,0.4176905711
4.92,2.663854446,2.773993206,2.742964268,2.663854446,2.773993206,2.742964268,0.04509761227,0.04509761217,0.2226542497,0.2299609865,0.1924433015,0.5871520466,0.6001836499,0.5884013607,0.4067287517,0.4301950675,0.4177834923
4.94,2.664110171,2.773868297,2.743194512,2.664110171,2.773868297,2.743194512,0.04475236263,0.04475236254,0.2226337916,0.2299709792,0.192424882,0.5872520004,0.6001366155,0.5884895244,0.4068310419,0.4301451041,0.4178755899
4.96,2.664363714,2.773745501,2.743422718,2.664363714,2.773745501,2.743422718,0.04441044414,0.04441044406,0.2226135082,0.2299808029,0.1924066256,0.5873510868,0.6000903733,0.5885768967,0.4069324589,0.4300959855,0.4179668722
4.98,2.664615094,2.773624788,2.743648906,2.664615094,2.773624788,2.743648906,0.04407181831,0.04407181824,0.2225933978,0.2299904599,0.1923885305,0.5874493138,0.600044913,0.5886634859,0.4070330109,0.4300477005,0.4180573476
5,2.664864331,2.773506132,2.743873098,2.664864331,2.773506132,2.743873098,0.04373644712,0.04373644707,0.2225734588,0.2299999524,0.1923705951,0.5875466898,0.6000002241,0.5887493001,0.4071327059,0.4300002381,0.4181470243
5.02,2.665111446,2.773389505,2.744095313,2.665111446,2.773389505,2.744095313,0.04340429302,0.04340429299,0.2225536896,0.2300092826,0.1923528179,0.5876432227,0.5999562966,0.5888343474,0.4072315519,0.4299535871,0.4182359105
5.04,2.665356458,2.773274879,2.744315572,2.665356458,2.773274879,2.744315572,0.04307531892,0.04307531891,0.2225340887,0.2300184526,0.1923351972,0.5877389208,0.5999131203,0.5889186357,0.4073295566,0.4299077368,0.4183240141
5.06,2.665599386,2.773162228,2.744533895,2.665599386,2.773162228,2.744533895,0.04274948817,0.04274948819,0.2225146544,0.2300274647,0.1923177314,0.5878337918,0.5998706853,0.589002173,0.4074267279,0.4298626765,0.4184113431
5.08,2.66584025,2.773051526,2.7447503,2.66584025,2.773051526,2.7447503,0.0424267646,0.04242676464,0.2224953853,0.2300363209,0.1923004189,0.5879278437,0.5998289818,0.5890849669,0.4075230735,0.4298183956,0.4184979054
5.1,2.666079069,2.772942746,2.744964809,2.666079069,2.772942746,2.744964809,0.04210711246,0.04210711253,0.2224762798,0.2300450233,0.1922832583,0.5880210842,0.5997880001,0.5891670253,0.4076186009,0.4297748837,0.4185837087
5.12,2.666315861,2.772835863,2.745177439,2.666315861,2.772835863,2.745177439,0.04179049645,0.04179049654,0.2224573364,0.2300535739,0.1922662478,0.588113521,0.5997477306,0.5892483557,0.4077133178,0.4297321304,0.4186687608
5.14,2.666550646,2.772730851,2.74538821,2.666550646,2.772730851,2.74538821,0.04147688171,0.04147688182,0.2224385537,0.2300619749,0.1922493862,0.5882051617,0.5997081637,0.5893289656,0.4078072316,0.4296901255,0.4187530692
5.16,2.666783441,2.772627685,2.745597141,2.666783441,2.772627685,2.745597141,0.04116623379,0.04116623391,0.22241993,0.2300702282,0.1922326717,0.588296014,0.5996692902,0.5894088625,0.4079003498,0.429648859,0.4188366415
5.18,2.667014266,2.772526339,2.74580425,2.667014265,2.77252634,2.74580425,0.04085851868,0.04085851881,0.2224014641,0.2300783358,0.192216103,0.5883860852,0.5996311008,0.5894880537,0.4079926796,0.4296083209,0.4189194851
5.2,2.667243137,2.772426791,2.746009555,2.667243137,2.772426791,2.746009555,0.04055370278,0.04055370292,0.2223831543,0.2300862997,0.1921996785,0.5884753827,0.5995935864,0.5895665464,0.4080842283,0.4295685015,0.4190016073
5.22,2.667470074,2.772329015,2.746213076,2.667470074,2.772329015,2.746213075,0.04025175292,0.04025175305,0.2223649994,0.2300941218,0.1921833969,0.5885639139,0.5995567378,0.589644348,0.4081750031,0.429529391,0.4190830154
5.24,2.667695094,2.772232987,2.746414829,2.667695094,2.772232987,2.746414828,0.03995263632,0.03995263644,0.2223469978,0.230101804,0.1921672567,0.5886516859,0.5995205463,0.5897214654,0.4082650111,0.4294909798,0.4191637166
5.26,2.667918215,2.772138683,2.746614832,2.667918215,2.772138684,2.746614832,0.03965632061,0.0396563207,0.2223291481,0.2301093483,0.1921512564,0.5887387061,0.599485003,0.5897979057,0.4083542594,0.4294532586,0.419243718
5.28,2.668139454,2.772046082,2.746813104,2.668139454,2.772046082,2.746813104,0.03936277381,0.03936277389,0.222311449,0.2301167564,0.1921353947,0.5888249813,0.5994500992,0.5898736758,0.408442755,0.4294162178,0.4193230267
5.3,2.668358828,2.771955158,2.747009661,2.668358828,2.771955158,2.747009661,0.03907196436,0.03907196441,0.2222938991,0.2301240303,0.1921196701,0.5889105188,0.5994158263,0.5899487825,0.4085305047,0.4293798484,0.4194016495
5.32,2.668576355,2.77186589,2.747204521,2.668576355,2.77186589,2.747204521,0.03878386106,0.03878386108,0.2222764969,0.2301311718,0.1921040813,0.5889953253,0.5993821757,0.5900232328,0.4086175155,0.4293441412,0.4194795934
5.34,2.668792052,2.771778255,2.7473977,2.668792052,2.771778255,2.7473977,0.03849843311,0.03849843311,0.2222592412,0.2301381826,0.192088627,0.5890794078,0.5993491392,0.5900970331,0.408703794,0.4293090872,0.4195568651
5.36,2.669005934,2.771692231,2.747589216,2.669005934,2.771692231,2.747589216,0.03821565009,0.03821565008,0.2222421306,0.2301450645,0.1920733057,0.5891627731,0.5993167084,0.5901701903,0.4087893471,0.4292746774,0.4196334714
5.38,2.66921802,2.771607795,2.747779085,2.66921802,2.771607795,2.747779085,0.03793548195,0.03793548194,0.2222251637,0.2301518194,0.1920581162,0.589245428,0.5992848751,0.5902427108,0.4088741813,0.4292409032,0.419709419
5.4,2.669428325,2.771524927,2.747967323,2.669428325,2.771524927,2.747967323,0.03765789903,0.03765789903,0.2222083393,0.2301584488,0.1920430571,0.5893273791,0.5992536312,0.590314601,0.4089583033,0.4292077559,0.4197847143
5.42,2.669636866,2.771443604,2.748153947,2.669636866,2.771443604,2.748153947,0.03738287204,0.03738287203,0.2221916561,0.2301649546,0.1920281272,0.589408633,0.5992229687,0.5903858675,0.4090417196,0.4291752269,0.419859364
5.44,2.669843658,2.771363806,2.748338973,2.669843658,2.771363806,2.748338973,0.03711037203,0.03711037202,0.2221751127,0.2301713385,0.1920133251,0.5894891962,0.5991928798,0.5904565165,0.4091244366,0.4291433077,0.4199333744
5.46,2.670048718,2.771285512,2.748522417,2.670048718,2.771285512,2.748522417,0.03684037041,0.0368403704,0.2221587079,0.230177602,0.1919986496,0.5895690752,0.5991633566,0.5905265543,0.4092064607,0.42911199,0.4200067518
5.48,2.670252062,2.771208701,2.748704294,2.670252062,2.771208701,2.748704294,0.03657283896,0.03657283896,0.2221424404,0.2301837469,0.1919840995,0.5896482765,0.5991343915,0.590595987,0.4092877982,0.4290812655,0.4200795026
5.5,2.670453705,2.771133352,2.74888462,2.670453705,2.771133352,2.74888462,0.03630774981,0.0363077498,0.2221263089,0.2301897748,0.1919696734,0.5897268063,0.5991059768,0.5906648208,0.4093684555,0.4290511261,0.4201516331
5.52,2.670653663,2.771059447,2.74906341,2.670653663,2.771059447,2.74906341,0.03604507542,0.03604507541,0.2221103123,0.2301956872,0.1919553702,0.5898046709,0.599078105,0.5907330617,0.4094484387,0.4290215638,0.4202231492
5.54,2.670851952,2.770986964,2.74924068,2.670851952,2.770986964,2.74924068,0.0357847886,0.0357847886,0.2220944492,0.2302014859,0.1919411886,0.5898818766,0.5990507686,0.5908007157,0.409527754,0.4289925706,0.4202940572
5.56,2.671048585,2.770915884,2.749416445,2.671048585,2.770915884,2.749416445,0.0355268625,0.0355268625,0.2220787185,0.2302071723,0.1919271274,0.5899584295,0.5990239605,0.5908677888,0.4096064075,0.4289641386,0.4203643631
5.58,2.67124358,2.770846188,2.749590719,2.67124358,2.770846188,2.749590719,0.0352712706,0.03527127059,0.222063119,0.230212748,0.1919131855,0.5900343356,0.5989976732,0.5909342866,0.4096844052,0.4289362602,0.4204340727
5.6,2.671436949,2.770777856,2.749763517,2.671436949,2.770777856,2.749763517,0.03501798671,0.0350179867,0.2220476494,0.2302182145,0.1918993616,0.5901096011,0.5989718996,0.5910002151,0.409761753,0.4289089276,0.420503192
5.62,2.671628709,2.77071087,2.749934854,2.671628709,2.77071087,2.749934854,0.03476698496,0.03476698495,0.2220323086,0.2302235733,0.1918856547,0.5901842318,0.5989466328,0.59106558,0.409838457,0.4288821333,0.4205717267
5.64,2.671818874,2.770645212,2.750104744,2.671818874,2.770645212,2.750104744,0.03451823981,0.0345182398,0.2220170954,0.230228826,0.1918720634,0.5902582337,0.5989218656,0.5911303868,0.4099145229,0.4288558698,0.4206396828
5.66,2.672007458,2.770580862,2.750273201,2.672007458,2.770580862,2.750273201,0.03427172604,0.03427172602,0.2220020087,0.230233974,0.1918585869,0.5903316127,0.5988975912,0.5911946411,0.4099899566,0.4288301298,0.4207070657
5.68,2.672194476,2.770517802,2.75044024,2.672194476,2.770517802,2.75044024,0.03402741873,0.03402741871,0.2219870473,0.2302390188,0.1918452237,0.5904043744,0.5988738029,0.5912583486,0.4100647637,0.428804906,0.4207738813
5.7,2.672379942,2.770456015,2.750605874,2.672379942,2.770456015,2.750605874,0.03378529328,0.03378529325,0.22197221,0.2302439618,0.191831973,0.5904765247,0.5988504937,0.5913215146,0.4101389501,0.4287801912,0.4208401349
5.72,2.67256387,2.770395483,2.750770118,2.67256387,2.770395483,2.750770118,0.03354532539,0.03354532535,0.2219574957,0.2302488043,0.1918188336,0.5905480692,0.5988276572,0.5913841445,0.4102125213,0.4287559784,0.4209058322
5.74,2.672746274,2.770336188,2.750932984,2.672746274,2.770336188,2.750932984,0.03330749106,0.03330749101,0.2219429034,0.2302535479,0.1918058043,0.5906190135,0.5988052867,0.5914462436,0.4102854829,0.4287322604,0.4209709786
5.76,2.672927168,2.770278113,2.751094486,2.672927168,2.770278113,2.751094486,0.03307176661,0.03307176655,0.2219284319,0.2302581939,0.1917928841,0.5906893632,0.5987833758,0.5915078174,0.4103578404,0.4287090304,0.4210355795
5.78,2.673106565,2.770221241,2.751254638,2.673106565,2.770221241,2.751254638,0.03283812862,0.03283812855,0.2219140801,0.2302627437,0.191780072,0.5907591238,0.598761918,0.5915688708,0.4104295993,0.4286862815,0.4210996402
5.8,2.673284479,2.770165555,2.751413452,2.673284479,2.770165555,2.751413452,0.03260655398,0.03260655391,0.221899847,0.2302671986,0.1917673668,0.5908283008,0.5987409071,0.5916294092,0.4105007651,0.428664007,0.4211631659
5.82,2.673460924,2.770111038,2.751570942,2.673460924,2.770111038,2.751570942,0.03237701987,0.0323770198,0.2218857314,0.2302715599,0.1917547676,0.5908968994,0.5987203368,0.5916894377,0.410571343,0.4286422003,0.421226162
5.84,2.673635913,2.770057674,2.751727121,2.673635913,2.770057674,2.751727121,0.03214950376,0.03214950368,0.2218717323,0.2302758291,0.1917422733,0.5909649251,0.5987002008,0.5917489611,0.4106413385,0.4286208547,0.4212886334
5.86,2.673809458,2.770005447,2.751882001,2.673809458,2.770005446,2.751882001,0.03192398338,0.0319239833,0.2218578487,0.2302800072,0.1917298829,0.5910323832,0.5986804932,0.5918079847,0.4107107567,0.4285999638,0.4213505855
5.88,2.673981574,2.76995434,2.752035595,2.673981574,2.76995434,2.752035595,0.03170043676,0.03170043668,0.2218440794,0.2302840958,0.1917175954,0.5910992789,0.5986612079,0.5918665132,0.4107796029,0.4285795211,0.4214120231
5.9,2.674152272,2.769904338,2.752187915,2.674152272,2.769904338,2.752187915,0.03147884218,0.0314788421,0.2218304235,0.2302880959,0.1917054098,0.5911656173,0.598642339,0.5919245515,0.4108478823,0.4285595203,0.4214729512
5.92,2.674321566,2.769855425,2.752338974,2.674321566,2.769855425,2.752338975,0.0312591782,0.03125917814,0.22181688,0.230292009,0.191693325,0.5912314036,0.5986238806,0.5919821045,0.4109155999,0.4285399551,0.4215333749
5.94,2.674489469,2.769807586,2.752488785,2.674489469,2.769807586,2.752488785,0.03104142366,0.03104142361,0.2218034478,0.2302958361,0.1916813402,0.5912966429,0.5986058268,0.592039177,0.4109827609,0.4285208194,0.421593299
5.96,2.674655992,2.769760805,2.752637358,2.674655992,2.769760805,2.752637358,0.03082555765,0.03082555761,0.221790126,0.2302995786,0.1916694543,0.5913613402,0.5985881721,0.5920957737,0.4110493702,0.4285021071,0.4216527283
5.98,2.674821149,2.769715067,2.752784706,2.674821149,2.769715067,2.752784706,0.03061155953,0.0306115595,0.2217769134,0.2303032376,0.1916576665,0.5914255005,0.5985709106,0.5921518991,0.4111154329,0.4284838121,0.4217116676
6,2.674984951,2.769670358,2.752930841,2.674984951,2.769670358,2.752930841,0.0303994089,0.03039940889,0.2217638092,0.2303068143,0.1916459757,0.5914891287,0.5985540369,0.592207558,0.4111809538,0.4284659285,0.4217701216
6.02,2.675147411,2.769626663,2.753075775,2.675147411,2.769626663,2.753075775,0.03018908563,0.03018908564,0.2217508124,0.2303103099,0.191634381,0.5915522297,0.5985375455,0.5922627549,0.4112459378,0.4284484504,0.421828095
6.04,2.675308541,2.769583967,2.753219518,2.675308541,2.769583967,2.753219518,0.02998056983,0.02998056986,0.2217379221,0.2303137256,0.1916228815,0.5916148083,0.5985214308,0.5923174943,0.4113103897,0.4284313721,0.4218855925
6.06,2.675468352,2.769542256,2.753362083,2.675468352,2.769542256,2.753362083,0.02977384187,0.02977384192,0.2217251371,0.2303170625,0.1916114763,0.5916768693,0.5985056875,0.5923717807,0.4113743143,0.4284146877,0.4219426185
6.08,2.675626858,2.769501516,2.753503481,2.675626858,2.769501516,2.753503481,0.02956888236,0.02956888243,0.2217124567,0.2303203217,0.1916001645,0.5917384174,0.5984903103,0.5924256184,0.4114377164,0.4283983917,0.4219991776
6.1,2.675784068,2.769461733,2.753643723,2.675784068,2.769461733,2.753643723,0.02936567214,0.02936567222,0.2216998799,0.2303235043,0.1915889451,0.5917994574,0.598475294,0.5924790119,0.4115006007,0.4283824784,0.4220552743
6.12,2.675939996,2.769422893,2.75378282,2.675939996,2.769422893,2.753782819,0.02916419231,0.0291641924,0.2216874057,0.2303266115,0.1915778174,0.5918599938,0.5984606334,0.5925319654,0.4115629717,0.4283669424,0.422110913
6.14,2.676094652,2.769384983,2.753920782,2.676094652,2.769384983,2.753920782,0.02896442418,0.02896442428,0.2216750332,0.2303296443,0.1915667804,0.5919200313,0.5984463233,0.5925844832,0.4116248341,0.4283517783,0.422166098
6.16,2.676248048,2.769347988,2.754057622,2.676248048,2.769347989,2.754057622,0.02876634931,0.02876634942,0.2216627615,0.2303326039,0.1915558332,0.5919795744,0.5984323587,0.5926365696,0.4116861924,0.4283369805,0.4222208338
6.18,2.676400195,2.769311897,2.754193349,2.676400195,2.769311897,2.754193349,0.02856994949,0.0285699496,0.2216505898,0.2303354912,0.1915449751,0.5920386276,0.5984187347,0.5926882286,0.4117470512,0.4283225439,0.4222751246
6.2,2.676551104,2.769276695,2.754327974,2.676551104,2.769276695,2.754327974,0.02837520673,0.02837520683,0.221638517,0.2303383074,0.1915342051,0.5920971954,0.5984054463,0.5927394645,0.4118074149,0.4283084632,0.4223289747
6.22,2.676700786,2.76924237,2.754461507,2.676700786,2.76924237,2.754461507,0.02818210325,0.02818210334,0.2216265424,0.2303410534,0.1915235224,0.5921552822,0.5983924886,0.5927902813,0.4118672879,0.4282947332,0.4223823881
6.24,2.676849253,2.769208909,2.75459396,2.676849253,2.769208909,2.75459396,0.02799062152,0.02799062159,0.2216146651,0.2303437302,0.1915129262,0.5922128924,0.5983798569,0.5928406831,0.4119266747,0.4282813489,0.4224353692
6.26,2.676996515,2.7691763,2.754725342,2.676996515,2.7691763,2.754725342,0.02780074421,0.02780074426,0.2216028841,0.230346339,0.1915024156,0.5922700303,0.5983675464,0.5928906738,0.4119855795,0.4282683051,0.4224879219
6.28,2.677142583,2.769144529,2.754855663,2.677142583,2.769144529,2.754855663,0.0276124542,0.02761245423,0.2215911987,0.2303488806,0.1914919899,0.5923267001,0.5983555524,0.5929402574,0.4120440067,0.4282555969,0.4225400504
6.3,2.677287468,2.769113586,2.754984934,2.677287468,2.769113586,2.754984934,0.02742573459,0.0274257346,0.2215796079,0.2303513561,0.1914816483,0.5923829062,0.5983438703,0.5929894377,0.4121019605,0.4282432194,0.4225917586
6.32,2.67743118,2.769083456,2.755113163,2.67743118,2.769083456,2.755113163,0.02724056869,0.02724056869,0.221568111,0.2303537665,0.1914713899,0.5924386528,0.5983324956,0.5930382188,0.4121594452,0.4282311677,0.4226430505
6.34,2.677573729,2.76905413,2.755240362,2.677573729,2.76905413,2.755240362,0.02705694002,0.02705694001,0.221556707,0.2303561126,0.191461214,0.5924939439,0.5983214237,0.5930866043,0.4122164649,0.4282194371,0.4226939301
6.36,2.677715126,2.769025594,2.75536654,2.677715126,2.769025594,2.75536654,0.0268748323,0.02687483229,0.2215453953,0.2303583954,0.1914511197,0.5925487838,0.5983106501,0.5931345981,0.4122730237,0.4282080228,0.4227444013
6.38,2.677855381,2.768997837,2.755491707,2.677855381,2.768997837,2.755491707,0.02669422945,0.02669422945,0.2215341748,0.230360616,0.1914411064,0.5926031765,0.5983001706,0.5931822039,0.4123291258,0.4281969201,0.4227944679
6.4,2.677994505,2.768970848,2.755615871,2.677994505,2.768970848,2.755615871,0.02651511562,0.02651511561,0.221523045,0.2303627751,0.1914311733,0.592657126,0.5982899807,0.5932294254,0.4123847752,0.4281861245,0.4228441336
6.42,2.678132506,2.768944616,2.755739043,2.678132506,2.768944616,2.755739043,0.0263374751,0.02633747509,0.2215120048,0.2303648737,0.1914213195,0.5927106364,0.5982800763,0.5932762662,0.4124399759,0.4281756314,0.4228934023
6.44,2.678269397,2.768919128,2.755861231,2.678269397,2.768919128,2.755861231,0.02616129243,0.02616129242,0.2215010536,0.2303669127,0.1914115445,0.5927637115,0.5982704529,0.59332273,0.412494732,0.4281654363,0.4229422777
6.46,2.678405185,2.768894374,2.755982446,2.678405185,2.768894374,2.755982446,0.02598655231,0.0259865523,0.2214901905,0.2303688931,0.1914018473,0.5928163554,0.5982611065,0.5933688204,0.4125490473,0.4281555347,0.4229907635
6.48,2.678539881,2.768870343,2.756102695,2.678539881,2.768870343,2.756102695,0.02581323963,0.02581323962,0.2214794148,0.2303708155,0.1913922273,0.592868572,0.598252033,0.5934145408,0.4126029258,0.4281459224,0.4230388633
6.5,2.678673495,2.768847024,2.756221989,2.678673495,2.768847024,2.756221989,0.02564133948,0.02564133947,0.2214687257,0.230372681,0.1913826838,0.5929203649,0.5982432283,0.5934598948,0.4126563713,0.4281365949,0.4230865808
6.52,2.678806036,2.768824407,2.756340336,2.678806036,2.768824407,2.756340336,0.02547083712,0.02547083712,0.2214581225,0.2303744904,0.1913732161,0.5929717382,0.5982346883,0.5935048859,0.4127093877,0.428127548,0.4231339194
6.54,2.678937514,2.768802481,2.756457744,2.678937514,2.768802481,2.756457744,0.02530171802,0.02530171802,0.2214476042,0.2303762445,0.1913638234,0.5930226955,0.5982264092,0.5935495175,0.4127619788,0.4281187775,0.4231808828
6.56,2.679067937,2.768781235,2.756574223,2.679067937,2.768781235,2.756574223,0.02513396779,0.02513396779,0.2214371703,0.2303779442,0.1913545051,0.5930732406,0.5982183869,0.5935937929,0.4128141483,0.4281102792,0.4232274743
6.58,2.679197316,2.76876066,2.756689781,2.679197316,2.76876066,2.756689781,0.02496757225,0.02496757225,0.22142682,0.2303795902,0.1913452605,0.5931233772,0.5982106177,0.5936377155,0.4128658999,0.4281020491,0.4232736976
6.6,2.67932566,2.768740745,2.756804427,2.67932566,2.768740745,2.756804427,0.02480251738,0.02480251737,0.2214165525,0.2303811834,0.1913360888,0.5931731089,0.5982030977,0.5936812887,0.4129172374,0.428094083,0.4233195559
6.62,2.679452977,2.76872148,2.756918169,2.679452977,2.76872148,2.756918169,0.02463878934,0.02463878933,0.2214063671,0.2303827246,0.1913269894,0.5932224394,0.5981958231,0.5937245157,0.4129681643,0.428086377,0.4233650528
6.64,2.679579278,2.768702855,2.757031016,2.679579278,2.768702855,2.757031016,0.02447637444,0.02447637443,0.2213962631,0.2303842146,0.1913179617,0.5932713722,0.5981887902,0.5937673997,0.4130186844,0.4280789272,0.4234101915
6.66,2.67970457,2.768684861,2.757142975,2.67970457,2.768684861,2.757142975,0.0243152592,0.02431525918,0.2213862398,0.2303856541,0.1913090049,0.593319911,0.5981819954,0.593809944,0.4130688012,0.4280717296,0.4234549753
6.68,2.679828862,2.768667488,2.757254056,2.679828862,2.768667488,2.757254056,0.02415543026,0.02415543024,0.2213762964,0.2303870439,0.1913001185,0.5933680592,0.598175435,0.5938521518,0.4131185182,0.4280647804,0.4234994075
6.7,2.679952164,2.768650726,2.757364266,2.679952164,2.768650726,2.757364266,0.02399687446,0.02399687443,0.2213664322,0.2303883848,0.1912913017,0.5934158203,0.5981691055,0.5938940261,0.413167839,0.4280580758,0.4235434914
6.72,2.680074484,2.768634567,2.757473613,2.680074484,2.768634567,2.757473613,0.02383957878,0.02383957875,0.2213566466,0.2303896776,0.191282554,0.5934631978,0.5981630033,0.5939355702,0.413216767,0.428051612,0.4235872302
6.74,2.680195831,2.768619,2.757582105,2.680195831,2.768619,2.757582105,0.02368353037,0.02368353033,0.2213469389,0.2303909229,0.1912738746,0.5935101951,0.5981571249,0.593976787,0.4132653057,0.4280453853,0.423630627
6.76,2.680316213,2.768604018,2.75768975,2.680316213,2.768604018,2.75768975,0.02352871654,0.02352871649,0.2213373083,0.2303921216,0.191265263,0.5935568156,0.5981514669,0.5940176796,0.4133134586,0.4280393922,0.423673685
6.78,2.680435639,2.76858961,2.757796555,2.680435639,2.768589609,2.757796556,0.02337512474,0.02337512469,0.2213277542,0.2303932742,0.1912567185,0.5936030627,0.5981460259,0.594058251,0.4133612289,0.428033629,0.4237164073
6.8,2.680554117,2.768575767,2.75790253,2.680554117,2.768575767,2.75790253,0.0232227426,0.02322274254,0.221318276,0.2303943816,0.1912482406,0.5936489396,0.5981407985,0.5940985042,0.4134086202,0.4280280921,0.423758797
6.82,2.680671655,2.768562482,2.75800768,2.680671656,2.768562482,2.75800768,0.02307155787,0.02307155781,0.2213088729,0.2303954444,0.1912398286,0.5936944496,0.5981357815,0.5941384422,0.4134556355,0.428022778,0.4238008571
6.84,2.680788263,2.768549745,2.758112014,2.680788263,2.768549745,2.758112014,0.02292155848,0.02292155842,0.2212995443,0.2303964634,0.1912314819,0.5937395961,0.5981309715,0.5941780678,0.4135022784,0.4280176832,0.4238425907
6.86,2.680903947,2.768537548,2.758215539,2.680903947,2.768537548,2.758215539,0.0227727325,0.02277273243,0.2212902896,0.2303974391,0.1912231999,0.5937843822,0.5981263653,0.594217384,0.413548552,0.4280128044,0.4238840007
6.88,2.681018715,2.768525882,2.758318262,2.681018716,2.768525882,2.758318262,0.02262506812,0.02262506806,0.2212811081,0.2303983724,0.191214982,0.5938288112,0.5981219598,0.5942563936,0.4135944596,0.4280081382,0.42392509
6.9,2.681132577,2.76851474,2.758420191,2.681132577,2.76851474,2.758420191,0.02247855371,0.02247855365,0.2212719991,0.2303992638,0.1912068277,0.5938728862,0.5981177518,0.5942950993,0.4136400043,0.4280036811,0.4239658617
6.92,2.68124554,2.768504112,2.758521333,2.68124554,2.768504112,2.758521333,0.02233317777,0.02233317771,0.2212629621,0.230400114,0.1911987363,0.5939166103,0.5981137382,0.5943335041,0.4136851893,0.42799943,0.4240063185
6.94,2.681357611,2.768493991,2.758621695,2.681357611,2.768493991,2.758621695,0.02218892892,0.02218892887,0.2212539964,0.2304009237,0.1911907073,0.5939599866,0.598109916,0.5943716107,0.4137300178,0.4279953816,0.4240464633
6.96,2.681468799,2.768484369,2.758721285,2.681468799,2.768484369,2.758721285,0.02204579596,0.02204579591,0.2212451014,0.2304016935,0.1911827402,0.5940030183,0.598106282,0.5944094218,0.4137744929,0.4279915327,0.424086299
6.98,2.681579111,2.768475237,2.758820108,2.681579111,2.768475237,2.758820108,0.02190376778,0.02190376775,0.2212362765,0.230402424,0.1911748343,0.5940457083,0.5981028335,0.59444694,0.4138186176,0.4279878801,0.4241258284
7,2.681688554,2.768466589,2.758918172,2.681688554,2.768466589,2.758918173,0.02176283344,0.02176283342,0.221227521,0.2304031159,0.1911669892,0.5940880596,0.5980995673,0.5944841682,0.4138623951,0.4279844207,0.4241650542
7.02,2.681797137,2.768458416,2.759015485,2.681797137,2.768458416,2.759015485,0.02162298212,0.02162298211,0.2212188344,0.2304037697,0.1911592042,0.5941300754,0.5980964805,0.5945211089,0.4139058282,0.4279811514,0.4242039791
7.04,2.681904867,2.76845071,2.759112052,2.681904867,2.76845071,2.759112052,0.02148420313,0.02148420313,0.221210216,0.2304043862,0.1911514788,0.5941717584,0.5980935705,0.5945577648,0.4139489201,0.4279780692,0.424242606
7.06,2.682011751,2.768443465,2.759207881,2.682011751,2.768443465,2.759207881,0.02134648591,0.02134648593,0.2212016653,0.2304049658,0.1911438125,0.5942131117,0.5980908342,0.5945941384,0.4139916737,0.4279751711,0.4242809374
7.08,2.682117796,2.768436672,2.759302977,2.682117796,2.768436672,2.759302977,0.02120982004,0.02120982007,0.2211931816,0.2304055092,0.1911362048,0.5942541382,0.5980882689,0.5946302323,0.4140340919,0.4279724541,0.4243189761
7.1,2.682223011,2.768430325,2.759397349,2.682223011,2.768430326,2.759397349,0.0210741952,0.02107419525,0.2211847645,0.2304060169,0.1911286551,0.5942948406,0.5980858718,0.594666049,0.4140761776,0.4279699153,0.4243567246
7.12,2.682327401,2.768424417,2.759491001,2.682327401,2.768424417,2.759491001,0.02093960123,0.02093960128,0.2211764132,0.2304064896,0.1911211629,0.5943352219,0.5980836403,0.5947015912,0.4141179338,0.4279675519,0.4243941856
7.14,2.682430975,2.768418939,2.759583941,2.682430975,2.768418939,2.759583941,0.02080602806,0.02080602812,0.2211681274,0.2304069278,0.1911137277,0.5943752849,0.5980815716,0.5947368611,0.4141593632,0.4279653608,0.4244313616
7.16,2.682533738,2.768413886,2.759676175,2.682533738,2.768413886,2.759676175,0.02067346575,0.02067346583,0.2211599063,0.2304073321,0.191106349,0.5944150324,0.5980796631,0.5947718614,0.4142004687,0.4279633395,0.4244682552
7.18,2.682635699,2.76840925,2.759767709,2.682635699,2.76840925,2.759767709,0.0205419045,0.02054190458,0.2211517494,0.230407703,0.1910990262,0.5944544671,0.5980779122,0.5948065944,0.4142412531,0.4279614851,0.4245048689
7.2,2.682736865,2.768405024,2.75985855,2.682736865,2.768405024,2.75985855,0.02041133461,0.02041133469,0.2211436562,0.230408041,0.191091759,0.5944935917,0.5980763162,0.5948410626,0.4142817192,0.4279597948,0.4245412052
7.22,2.682837241,2.768401202,2.759948704,2.682837241,2.768401202,2.759948704,0.0202817465,0.02028174658,0.2211356261,0.2304083468,0.1910845467,0.5945324091,0.5980748727,0.5948752683,0.4143218697,0.427958266,0.4245772666
7.24,2.682936835,2.768397777,2.760038176,2.682936835,2.768397777,2.760038176,0.02015313069,0.02015313077,0.2211276585,0.2304086208,0.1910773889,0.5945709218,0.5980735792,0.5949092139,0.4143617074,0.4279568959,0.4246130555
7.26,2.683035654,2.768394742,2.760126973,2.683035654,2.768394742,2.760126973,0.02002547784,0.02002547791,0.221119753,0.2304088636,0.1910702851,0.5946091326,0.5980724331,0.5949429017,0.4144012349,0.4279556821,0.4246485744
7.28,2.683133704,2.768392092,2.760215101,2.683133704,2.768392092,2.760215101,0.01989877871,0.01989877877,0.221111909,0.2304090756,0.1910632349,0.594647044,0.598071432,0.594976334,0.414440455,0.4279546218,0.4246838256
7.3,2.683230992,2.768389819,2.760302566,2.683230992,2.768389819,2.760302566,0.01977302417,0.01977302421,0.221104126,0.2304092575,0.1910562377,0.5946846587,0.5980705735,0.5950095132,0.4144793702,0.4279537126,0.4247188115
7.32,2.683327525,2.768387917,2.760389373,2.683327525,2.768387917,2.760389373,0.01964820519,0.01964820522,0.2210964034,0.2304094096,0.1910492931,0.5947219792,0.5980698552,0.5950424414,0.4145179832,0.4279529518,0.4247535345
7.34,2.683423308,2.76838638,2.760475529,2.683423308,2.76838638,2.760475529,0.01952431286,0.01952431288,0.2210887407,0.2304095326,0.1910424006,0.5947590082,0.5980692747,0.595075121,0.4145562966,0.4279523371,0.4247879968
7.36,2.683518349,2.768385202,2.760561039,2.683518349,2.768385202,2.760561039,0.01940133838,0.01940133838,0.2210811374,0.2304096268,0.1910355598,0.5947957481,0.5980688298,0.5951075541,0.414594313,0.4279518658,0.4248222009
7.38,2.683612654,2.768384376,2.760645909,2.683612654,2.768384376,2.760645909,0.01927927303,0.01927927303,0.221073593,0.2304096928,0.1910287702,0.5948322015,0.5980685181,0.5951397429,0.414632035,0.4279515358,0.4248561489
7.4,2.683706229,2.768383898,2.760730145,2.683706229,2.768383898,2.760730145,0.01915810822,0.01915810822,0.221066107,0.2304097311,0.1910220314,0.5948683708,0.5980683374,0.5951716896,0.4146694649,0.4279513444,0.4248898431
7.42,2.68379908,2.768383761,2.760813751,2.68379908,2.768383761,2.760813751,0.01903783546,0.01903783545,0.2210586789,0.2304097421,0.1910153428,0.5949042586,0.5980682855,0.5952033964,0.4147066055,0.4279512894,0.4249232858
7.44,2.683891214,2.768383958,2.760896735,2.683891214,2.768383958,2.760896735,0.01891844635,0.01891844634,0.2210513082,0.2304097263,0.1910087042,0.5949398672,0.5980683601,0.5952348654,0.414743459,0.4279513684,0.4249564791
7.46,2.683982637,2.768384485,2.7609791,2.683982637,2.768384485,2.7609791,0.01879993259,0.01879993259,0.2210439944,0.2304096842,0.191002115,0.5949751991,0.5980685591,0.5952660986,0.4147800281,0.4279515792,0.4249894252
7.48,2.684073354,2.768385336,2.761060853,2.684073354,2.768385336,2.761060853,0.018682286,0.01868228599,0.221036737,0.2304096161,0.1909955747,0.5950102567,0.5980688804,0.5952970982,0.4148163151,0.4279519194,0.4250221264
7.5,2.684163373,2.768386504,2.761141999,2.684163373,2.768386504,2.761141999,0.01856549846,0.01856549845,0.2210295355,0.2304095226,0.1909890831,0.5950450423,0.5980693217,0.5953278662,0.4148523224,0.4279523869,0.4250545847
7.52,2.684252698,2.768387986,2.761222543,2.684252698,2.768387986,2.761222543,0.01844956197,0.01844956196,0.2210223895,0.2304094041,0.1909826396,0.5950795583,0.5980698812,0.5953584047,0.4148880524,0.4279529794,0.4250868022
7.54,2.684341336,2.768389774,2.76130249,2.684341336,2.768389774,2.76130249,0.01833446862,0.01833446861,0.2210152985,0.2304092611,0.1909762438,0.595113807,0.5980705566,0.5953887156,0.4149235076,0.4279536947,0.4251187811
7.56,2.684429292,2.768391864,2.761381846,2.684429292,2.768391864,2.761381846,0.01822021059,0.01822021058,0.221008262,0.2304090938,0.1909698953,0.5951477908,0.598071346,0.595418801,0.4149586902,0.4279545308,0.4251505235
7.58,2.684516573,2.768394251,2.761460615,2.684516573,2.768394251,2.761460615,0.01810678015,0.01810678015,0.2210012795,0.2304089029,0.1909635937,0.5951815119,0.5980722473,0.5954486629,0.4149936025,0.4279554854,0.4251820313
7.6,2.684603184,2.768396928,2.761538804,2.684603184,2.768396928,2.761538804,0.01799416967,0.01799416967,0.2209943506,0.2304086887,0.1909573387,0.5952149725,0.5980732587,0.5954783031,0.415028247,0.4279565565,0.4252133067
7.62,2.684689131,2.768399892,2.761616416,2.684689131,2.768399892,2.761616416,0.0178823716,0.0178823716,0.2209874748,0.2304084516,0.1909511297,0.595248175,0.598074378,0.5955077238,0.4150626258,0.427957742,0.4252443515
7.64,2.684774419,2.768403137,2.761693457,2.684774419,2.768403137,2.761693457,0.01777137849,0.01777137848,0.2209806518,0.230408192,0.1909449664,0.5952811214,0.5980756035,0.5955369266,0.4150967411,0.42795904,0.425275168
7.66,2.684859055,2.768406658,2.761769932,2.684859055,2.768406658,2.761769932,0.01766118295,0.01766118295,0.2209738809,0.2304079103,0.1909388484,0.5953138142,0.5980769332,0.5955659137,0.4151305954,0.4279604483,0.4253057579
7.68,2.684943043,2.76841045,2.761845845,2.684943043,2.76841045,2.761845845,0.01755177771,0.0175517777,0.2209671619,0.230407607,0.1909327753,0.5953462553,0.5980783653,0.5955946868,0.4151641907,0.427961965,0.4253361233
7.7,2.68502639,2.768414508,2.761921202,2.68502639,2.768414508,2.761921202,0.01744315556,0.01744315555,0.2209604942,0.2304072824,0.1909267468,0.595378447,0.5980798979,0.5956232477,0.4151975292,0.4279635882,0.4253662661
7.72,2.6851091,2.768418827,2.761996008,2.6851091,2.768418827,2.761996008,0.01733530939,0.01733530938,0.2209538774,0.2304069368,0.1909207624,0.5954103914,0.5980815291,0.5956515985,0.4152306132,0.4279653159,0.4253961882
7.74,2.685191179,2.768423403,2.762070266,2.685191179,2.768423403,2.762070266,0.01722823216,0.01722823214,0.220947311,0.2304065708,0.1909148217,0.5954420906,0.5980832573,0.5956797407,0.4152634448,0.4279671462,0.4254258916
7.76,2.685272632,2.76842823,2.762143982,2.685272632,2.76842823,2.762143982,0.01712191691,0.01712191689,0.2209407948,0.2304061845,0.1909089244,0.5954735467,0.5980850806,0.5957076764,0.4152960262,0.4279690773,0.425455378
7.78,2.685353465,2.768433305,2.76221716,2.685353465,2.768433305,2.76221716,0.01701635678,0.01701635676,0.2209343281,0.2304057785,0.1909030701,0.5955047619,0.5980869972,0.5957354072,0.4153283594,0.4279711073,0.4254846493
7.8,2.685433683,2.768438623,2.762289806,2.685433683,2.768438623,2.762289806,0.01691154497,0.01691154494,0.2209279107,0.2304053531,0.1908972585,0.5955357381,0.5980890055,0.5957629349,0.4153604465,0.4279732343,0.4255137075
7.82,2.685513291,2.768444179,2.762361923,2.685513291,2.768444179,2.762361923,0.01680747475,0.01680747472,0.2209215421,0.2304049087,0.1908914892,0.5955664773,0.5980911038,0.5957902613,0.4153922897,0.4279754567,0.4255425542
7.84,2.685592294,2.768449968,2.762433516,2.685592294,2.768449968,2.762433516,0.0167041395,0.01670413947,0.2209152218,0.2304044455,0.1908857617,0.5955969817,0.5980932903,0.5958173881,0.4154238909,0.4279777725,0.4255711914
7.86,2.685670697,2.768455987,2.762504589,2.685670697,2.768455987,2.762504589,0.01660153265,0.01660153262,0.2209089495,0.230403964,0.1908800759,0.5956272532,0.5980955634,0.595844317,0.4154552523,0.4279801801,0.4255996207
7.88,2.685748506,2.768462231,2.762575147,2.685748506,2.768462231,2.762575147,0.01649964772,0.01649964768,0.2209027248,0.2304034645,0.1908744312,0.5956572938,0.5980979216,0.5958710497,0.4154863759,0.4279826777,0.4256278441
7.9,2.685825725,2.768468696,2.762645195,2.685825725,2.768468696,2.762645195,0.01639847828,0.01639847823,0.2208965473,0.2304029473,0.1908688274,0.5956871055,0.5981003631,0.5958975879,0.4155172635,0.4279852636,0.4256558631
7.92,2.68590236,2.768475378,2.762714736,2.68590236,2.768475377,2.762714736,0.016298018,0.01629801795,0.2208904165,0.2304024128,0.1908632641,0.5957166902,0.5981028864,0.5959239333,0.4155479174,0.4279879362,0.4256836796
7.94,2.685978415,2.768482271,2.762783775,2.685978415,2.768482271,2.762783775,0.01619826061,0.01619826056,0.2208843321,0.2304018613,0.1908577409,0.5957460498,0.5981054899,0.5959500875,0.4155783393,0.4279906937,0.4257112953
7.96,2.686053895,2.768489374,2.762852317,2.686053895,2.768489374,2.762852317,0.01609919991,0.01609919986,0.2208782937,0.2304012931,0.1908522576,0.5957751862,0.5981081721,0.5959760521,0.4156085313,0.4279935346,0.4257387118
7.98,2.686128805,2.76849668,2.762920364,2.686128805,2.76849668,2.762920364,0.01600082977,0.01600082973,0.2208723009,0.2304007085,0.1908468138,0.5958041014,0.5981109315,0.5960018288,0.4156384953,0.4279964573,0.4257659309
8,2.686203149,2.768504187,2.762987922,2.686203149,2.768504187,2.762987923,0.01590314415,0.01590314411,0.2208663534,0.230400108,0.1908414092,0.5958327972,0.5981137666,0.5960274191,0.4156682331,0.4279994601,0.4257929541
8.02,2.686276934,2.768511891,2.763054995,2.686276934,2.768511891,2.763054995,0.01580613704,0.015806137,0.2208604506,0.2303994917,0.1908360433,0.5958612754,0.5981166758,0.5960528247,0.4156977468,0.4280025415,0.4258197833
8.04,2.686350162,2.768519787,2.763121587,2.686350162,2.768519787,2.763121587,0.01570980253,0.0157098025,0.2208545924,0.23039886,0.190830716,0.595889538,0.5981196578,0.596078047,0.4157270381,0.4280056999,0.4258464199
8.06,2.686422839,2.768527872,2.763187701,2.686422839,2.768527872,2.763187701,0.01561413477,0.01561413474,0.2208487782,0.2303982132,0.1908254269,0.5959175866,0.598122711,0.5961030877,0.415756109,0.4280089338,0.4258728657
8.08,2.68649497,2.768536142,2.763253343,2.68649497,2.768536141,2.763253343,0.01551912796,0.01551912794,0.2208430078,0.2303975516,0.1908201756,0.5959454232,0.5981258341,0.5961279483,0.4157849612,0.4280122418,0.4258991222
8.1,2.686566558,2.768544593,2.763318515,2.686566558,2.768544593,2.763318515,0.01542477638,0.01542477637,0.2208372807,0.2303968755,0.1908149618,0.5959730495,0.5981290257,0.5961526303,0.4158135967,0.4280156223,0.425925191
8.12,2.686637609,2.768553222,2.763383221,2.686637609,2.768553222,2.763383221,0.01533107437,0.01533107437,0.2208315966,0.2303961852,0.1908097853,0.5960004674,0.5981322844,0.5961771352,0.4158420172,0.4280190738,0.4259510736
8.14,2.686708128,2.768562025,2.763447466,2.686708128,2.768562025,2.763447466,0.01523801634,0.01523801634,0.2208259551,0.230395481,0.1908046457,0.5960276784,0.5981356087,0.5962014645,0.4158702244,0.428022595,0.4259767717
8.16,2.686778117,2.768570998,2.763511254,2.686778117,2.768570998,2.763511254,0.01514559674,0.01514559676,0.2208203559,0.2303947631,0.1907995426,0.5960546844,0.5981389975,0.5962256197,0.4158982203,0.4280261844,0.4260022868
8.18,2.686847583,2.768580139,2.763574588,2.686847583,2.768580139,2.763574588,0.01505381011,0.01505381014,0.2208147987,0.2303940319,0.1907944759,0.5960814872,0.5981424493,0.5962496022,0.4159260065,0.4280298406,0.4260276203
8.2,2.686916528,2.768589443,2.763637472,2.686916528,2.768589443,2.763637472,0.01496265104,0.01496265107,0.2208092831,0.2303932875,0.1907894452,0.5961080883,0.5981459629,0.5962734135,0.4159535847,0.4280335623,0.4260527738
8.22,2.686984959,2.768598907,2.763699909,2.686984959,2.768598907,2.763699909,0.01487211417,0.01487211421,0.2208038086,0.2303925304,0.1907844502,0.5961344896,0.598149537,0.5962970551,0.4159809568,0.428037348,0.4260777489
8.24,2.687052878,2.768608528,2.763761904,2.687052878,2.768608528,2.763761904,0.01478219422,0.01478219427,0.2207983751,0.2303917607,0.1907794906,0.5961606926,0.5981531702,0.5963205282,0.4160081245,0.4280411964,0.4261025469
8.26,2.68712029,2.768618303,2.76382346,2.68712029,2.768618303,2.76382346,0.01469288594,0.01469288599,0.2207929821,0.2303909787,0.1907745661,0.5961866991,0.5981568614,0.5963438344,0.4160350893,0.4280451063,0.4261271693
8.28,2.687187199,2.768628228,2.763884581,2.687187199,2.768628228,2.763884581,0.01460418416,0.01460418421,0.2207876294,0.2303901848,0.1907696765,0.5962125107,0.5981606093,0.5963669751,0.4160618531,0.4280490762,0.4261516177
8.3,2.68725361,2.768638299,2.76394527,2.68725361,2.7686383,2.76394527,0.01451608376,0.01451608382,0.2207823165,0.230389379,0.1907648213,0.5962381289,0.5981644127,0.5963899515,0.4160884175,0.428053105,0.4261758933
8.32,2.687319527,2.768648515,2.764005531,2.687319527,2.768648515,2.764005531,0.01442857967,0.01442857973,0.2207770432,0.2303885617,0.1907600004,0.5962635555,0.5981682705,0.5964127651,0.4161147841,0.4280571913,0.4261999978
8.34,2.687384953,2.768658872,2.764065368,2.687384953,2.768658872,2.764065368,0.0143416669,0.01434166695,0.2207718091,0.2303877332,0.1907552135,0.5962887921,0.5981721813,0.5964354173,0.4161409545,0.4280613338,0.4262239323
8.36,2.687449893,2.768669366,2.764124783,2.687449893,2.768669366,2.764124783,0.01425534047,0.01425534053,0.2207666139,0.2303868937,0.1907504603,0.5963138401,0.5981761441,0.5964579092,0.4161669305,0.4280655315,0.4262476985
8.38,2.68751435,2.768679995,2.764183781,2.68751435,2.768679995,2.764183781,0.0141695955,0.01416959555,0.2207614573,0.2303860434,0.1907457405,0.5963387012,0.5981801577,0.5964802424,0.4161927135,0.428069783,0.4262712976
8.4,2.68757833,2.768690755,2.764242365,2.68757833,2.768690755,2.764242364,0.01408442714,0.01408442718,0.220756339,0.2303851826,0.1907410538,0.596363377,0.598184221,0.5965024181,0.4162183052,0.4280740872,0.426294731
8.42,2.687641835,2.768701644,2.764300537,2.687641835,2.768701644,2.764300537,0.01399983059,0.01399983062,0.2207512586,0.2303843114,0.1907364,0.596387869,0.5981883329,0.5965244376,0.4162437072,0.4280784428,0.4263180001
8.44,2.687704869,2.768712659,2.764358302,2.687704869,2.768712659,2.764358302,0.0139158011,0.01391580112,0.2207462158,0.2303834303,0.1907317788,0.5964121786,0.5981924922,0.5965463021,0.4162689211,0.4280828487,0.4263411062
8.46,2.687767437,2.768723797,2.764415664,2.687767437,2.768723797,2.764415664,0.01383233399,0.013832334,0.2207412103,0.2303825392,0.1907271899,0.5964363075,0.5981966979,0.596568013,0.4162939483,0.4280873038,0.4263640506
8.48,2.687829543,2.768735054,2.764472624,2.687829543,2.768735054,2.764472624,0.01374942462,0.01374942462,0.2207362419,0.2303816386,0.1907226331,0.5964602571,0.5982009489,0.5965895716,0.4163187904,0.4280918069,0.4263868347
8.5,2.687891189,2.768746429,2.764529187,2.687891189,2.768746429,2.764529187,0.01366706838,0.01366706838,0.2207313102,0.2303807286,0.190718108,0.596484029,0.5982052442,0.596610979,0.416343449,0.4280963569,0.4264094598
8.52,2.68795238,2.768757919,2.764585355,2.68795238,2.768757919,2.764585355,0.01358526075,0.01358526074,0.2207264149,0.2303798095,0.1907136146,0.5965076245,0.5982095827,0.5966322365,0.4163679256,0.4281009527,0.4264319271
8.54,2.68801312,2.76876952,2.764641132,2.68801312,2.76876952,2.764641132,0.01350399722,0.01350399721,0.2207215557,0.2303788814,0.1907091524,0.5965310451,0.5982139634,0.5966533453,0.4163922215,0.4281055932,0.426454238
8.56,2.688073413,2.768781231,2.764696521,2.688073413,2.768781231,2.764696521,0.01342327335,0.01342327335,0.2207167323,0.2303779445,0.1907047213,0.5965542924,0.5982183852,0.5966743067,0.4164163384,0.4281102774,0.4264763937
8.58,2.688133261,2.768793048,2.764751526,2.688133261,2.768793048,2.764751526,0.01334308475,0.01334308475,0.2207119444,0.2303769992,0.1907003209,0.5965773676,0.5982228473,0.5966951218,0.4164402778,0.4281150042,0.4264983955
8.6,2.688192669,2.768804969,2.764806149,2.688192669,2.768804969,2.764806149,0.01326342707,0.01326342707,0.2207071918,0.2303760455,0.1906959511,0.5966002723,0.5982273486,0.5967157919,0.4164640409,0.4281197726,0.4265202446
8.62,2.68825164,2.768816991,2.764860393,2.68825164,2.768816991,2.764860393,0.01318429599,0.01318429599,0.2207024741,0.2303750837,0.1906916116,0.5966230078,0.5982318881,0.596736318,0.4164876294,0.4281245815,0.4265419422
8.64,2.688310178,2.768829112,2.764914261,2.688310178,2.768829112,2.764914261,0.01310568727,0.01310568726,0.2206977911,0.230374114,0.1906873021,0.5966455756,0.5982364649,0.5967567015,0.4165110445,0.42812943,0.4265634896
8.66,2.688368286,2.76884133,2.764967757,2.688368286,2.76884133,2.764967757,0.01302759668,0.01302759667,0.2206931424,0.2303731366,0.1906830224,0.596667977,0.5982410781,0.5967769434,0.4165342878,0.428134317,0.426584888
8.68,2.688425968,2.768853641,2.765020883,2.688425968,2.768853641,2.765020883,0.01295002005,0.01295002005,0.2206885279,0.2303721517,0.1906787723,0.5966902134,0.5982457267,0.5967970449,0.4165573607,0.4281392416,0.4266061385
8.7,2.688483228,2.768866044,2.765073643,2.688483228,2.768866044,2.765073643,0.01287295326,0.01287295326,0.2206839471,0.2303711594,0.1906745515,0.5967122862,0.5982504099,0.5968170071,0.4165802644,0.4281442028,0.4266272425
8.72,2.688540068,2.768878536,2.765126039,2.688540068,2.768878536,2.765126039,0.01279639222,0.01279639222,0.2206793999,0.2303701601,0.1906703598,0.5967341966,0.5982551266,0.5968368311,0.4166030005,0.4281491997,0.4266482009
8.74,2.688596492,2.768891115,2.765178075,2.688596492,2.768891115,2.765178075,0.0127203329,0.0127203329,0.220674886,0.2303691537,0.190666197,0.5967559461,0.5982598762,0.5968565181,0.4166255702,0.4281542313,0.4266690151
8.76,2.688652504,2.768903779,2.765229752,2.688652504,2.768903779,2.765229752,0.01264477129,0.01264477129,0.220670405,0.2303681407,0.1906620628,0.5967775358,0.5982646576,0.5968760692,0.416647975,0.4281592967,0.4266896861
8.78,2.688708107,2.768916525,2.765281075,2.688708107,2.768916525,2.765281075,0.01256970344,0.01256970344,0.2206659568,0.230367121,0.190657957,0.5967989673,0.59826947,0.5968954854,0.4166702162,0.428164395,0.4267102151
8.8,2.688763304,2.76892935,2.765332045,2.688763304,2.76892935,2.765332045,0.01249512543,0.01249512543,0.220661541,0.2303660949,0.1906538794,0.5968202417,0.5982743126,0.5969147678,0.416692295,0.4281695253,0.4267306032
8.82,2.688818099,2.768942254,2.765382666,2.688818099,2.768942254,2.765382666,0.01242103339,0.01242103338,0.2206571574,0.2303650627,0.1906498297,0.5968413603,0.5982791845,0.5969339175,0.4167142129,0.4281746867,0.4267508516
8.84,2.688872494,2.768955233,2.76543294,2.688872494,2.768955233,2.76543294,0.01234742347,0.01234742347,0.2206528058,0.2303640243,0.1906458077,0.5968623244,0.598284085,0.5969529356,0.416735971,0.4281798784,0.4267709613
8.86,2.688926494,2.768968286,2.765482871,2.688926494,2.768968286,2.765482871,0.01227429189,0.01227429188,0.2206484858,0.2303629801,0.1906418133,0.5968831353,0.5982890132,0.5969718232,0.4167575708,0.4281850995,0.4267909335
8.88,2.6889801,2.76898141,2.76553246,2.6889801,2.76898141,2.76553246,0.01220163488,0.01220163487,0.2206441973,0.2303619302,0.1906378461,0.5969037941,0.5982939683,0.5969905811,0.4167790135,0.4281903491,0.4268107693
8.9,2.689033317,2.768994603,2.765581711,2.689033318,2.768994603,2.765581711,0.01212944873,0.01212944872,0.2206399399,0.2303608747,0.1906339061,0.5969243023,0.5982989495,0.5970092106,0.4168003004,0.4281956265,0.4268304697
8.92,2.689086148,2.769007864,2.765630626,2.689086148,2.769007864,2.765630627,0.01205772976,0.01205772974,0.2206357135,0.2303598139,0.1906299928,0.5969446609,0.5983039561,0.5970277126,0.4168214326,0.4282009307,0.4268500358
8.94,2.689138596,2.76902119,2.765679209,2.689138596,2.76902119,2.765679209,0.01198647431,0.0119864743,0.2206315177,0.2303587478,0.1906261063,0.5969648712,0.5983089873,0.5970460881,0.4168424116,0.4282062611,0.4268694686
8.96,2.689190663,2.769034579,2.76572746,2.689190663,2.769034579,2.76572746,0.0119156788,0.01191567878,0.2206273523,0.2303576766,0.1906222461,0.5969849344,0.5983140424,0.5970643381,0.4168632385,0.4282116168,0.4268887693
8.98,2.689242353,2.76904803,2.765775384,2.689242353,2.769048029,2.765775384,0.01184533964,0.01184533961,0.2206232171,0.2303566006,0.1906184122,0.5970048517,0.5983191206,0.5970824636,0.4168839145,0.428216997,0.4269079388
9,2.689293669,2.769061539,2.765822983,2.689293669,2.769061539,2.765822983,0.0117754533,0.01177545327,0.2206191118,0.2303555198,0.1906146044,0.5970246242,0.5983242211,0.5971004657,0.4169044408,0.4282224009,0.4269269782
9.02,2.689344614,2.769075107,2.765870258,2.689344614,2.769075107,2.765870258,0.01170601628,0.01170601625,0.2206150362,0.2303544344,0.1906108223,0.5970442532,0.5983293433,0.5971183452,0.4169248188,0.4282278279,0.4269458885
9.04,2.68939519,2.76908873,2.765917214,2.68939519,2.76908873,2.765917214,0.01163702512,0.01163702509,0.2206109901,0.2303533446,0.1906070659,0.5970637399,0.5983344865,0.5971361032,0.4169450494,0.4282332771,0.4269646707
9.06,2.689445402,2.769102407,2.765963852,2.689445402,2.769102407,2.765963852,0.0115684764,0.01156847637,0.2206069732,0.2303522504,0.1906033348,0.5970830852,0.59833965,0.5971537405,0.4169651341,0.4282387479,0.4269833258
9.08,2.689495251,2.769116136,2.766010174,2.689495251,2.769116136,2.766010174,0.01150036671,0.01150036668,0.2206029852,0.2303511521,0.190599629,0.5971022905,0.598344833,0.5971712583,0.4169850738,0.4282442394,0.4270018549
9.1,2.689544741,2.769129915,2.766056184,2.689544741,2.769129915,2.766056184,0.0114326927,0.01143269267,0.220599026,0.2303500498,0.1905959482,0.5971213569,0.598350035,0.5971886573,0.4170048698,0.428249751,0.4270202588
9.12,2.689593875,2.769143742,2.766101884,2.689593875,2.769143742,2.766101884,0.01136545104,0.01136545101,0.2205950954,0.2303489436,0.1905922923,0.5971402853,0.5983552552,0.5972059385,0.4170245232,0.428255282,0.4270385386
9.14,2.689642655,2.769157616,2.766147275,2.689642655,2.769157616,2.766147275,0.01129863844,0.01129863841,0.220591193,0.2303478337,0.1905886609,0.5971590771,0.598360493,0.5972231029,0.4170440352,0.4282608317,0.4270566953
9.16,2.689691084,2.769171535,2.766192361,2.689691084,2.769171535,2.766192361,0.01123225164,0.0112322516,0.2205873186,0.2303467201,0.1905850541,0.5971777332,0.5983657478,0.5972401513,0.4170634069,0.4282663994,0.4270747297
9.18,2.689739165,2.769185498,2.766237144,2.689739165,2.769185498,2.766237144,0.01116628739,0.01116628736,0.2205834721,0.2303456031,0.1905814714,0.5971962548,0.5983710189,0.5972570847,0.4170826394,0.4282719844,0.4270926429
9.2,2.689786901,2.769199502,2.766281627,2.689786901,2.769199502,2.766281627,0.01110074252,0.01110074249,0.2205796532,0.2303444828,0.1905779128,0.5972146429,0.5983763057,0.597273904,0.4171017339,0.4282775861,0.4271104358
9.22,2.689834295,2.769213547,2.76632581,2.689834295,2.769213547,2.76632581,0.01103561386,0.01103561383,0.2205758617,0.2303433592,0.1905743781,0.5972328986,0.5983816075,0.59729061,0.4171206914,0.4282832038,0.4271281093
9.24,2.689881349,2.769227629,2.766369698,2.689881349,2.769227629,2.766369698,0.01097089826,0.01097089824,0.2205720974,0.2303422326,0.1905708671,0.597251023,0.5983869239,0.5973072036,0.417139513,0.4282888369,0.4271456643
9.26,2.689928066,2.769241749,2.766413292,2.689928066,2.769241749,2.766413292,0.01090659262,0.01090659261,0.22056836,0.230341103,0.1905673796,0.5972690172,0.5983922541,0.5973236857,0.4171581998,0.4282944848,0.4271631018
9.28,2.689974449,2.769255904,2.766456594,2.689974449,2.769255904,2.766456594,0.01084269388,0.01084269387,0.2205646494,0.2303399706,0.1905639155,0.5972868821,0.5983975977,0.5973400572,0.4171767529,0.4283001468,0.4271804226
9.3,2.6900205,2.769270093,2.766499606,2.6900205,2.769270093,2.766499606,0.01077919899,0.01077919898,0.2205609653,0.2303388355,0.1905604745,0.5973046188,0.598402954,0.5973563189,0.4171951734,0.4283058223,0.4271976277
9.32,2.690066222,2.769284314,2.766542332,2.690066222,2.769284314,2.766542332,0.01071610493,0.01071610493,0.2205573075,0.2303376978,0.1905570564,0.5973222284,0.5984083224,0.5973724717,0.4172134623,0.4283115108,0.4272147179
9.34,2.690111618,2.769298566,2.766584773,2.690111618,2.769298566,2.766584773,0.01065340871,0.01065340872,0.2205536759,0.2303365577,0.1905536612,0.5973397118,0.5984137024,0.5973885164,0.4172316206,0.4283172115,0.4272316942
9.36,2.69015669,2.769312847,2.76662693,2.69015669,2.769312847,2.76662693,0.01059110739,0.0105911074,0.2205500701,0.2303354152,0.1905502885,0.5973570701,0.5984190935,0.5974044538,0.4172496494,0.4283229241,0.4272485573
9.38,2.690201441,2.769327157,2.766668808,2.690201441,2.769327157,2.766668808,0.01052919803,0.01052919805,0.2205464901,0.2303342704,0.1905469384,0.5973743042,0.5984244951,0.5974202848,0.4172675497,0.4283286478,0.4272653082
9.4,2.690245873,2.769341493,2.766710407,2.690245873,2.769341493,2.766710407,0.01046767773,0.01046767776,0.2205429355,0.2303331236,0.1905436104,0.5973914152,0.5984299067,0.5974360102,0.4172853225,0.4283343822,0.4272819478
9.42,2.690289989,2.769355854,2.766751729,2.690289989,2.769355854,2.766751729,0.01040654363,0.01040654366,0.2205394062,0.2303319747,0.1905403046,0.597408404,0.5984353277,0.5974516307,0.4173029689,0.4283401266,0.4272984768
9.44,2.690333791,2.769370238,2.766792777,2.690333791,2.769370239,2.766792777,0.01034579287,0.01034579291,0.220535902,0.2303308239,0.1905370208,0.5974252716,0.5984407577,0.5974671473,0.4173204898,0.4283458805,0.4273148961
9.46,2.690377282,2.769384646,2.766833554,2.690377282,2.769384646,2.766833554,0.01028542264,0.01028542268,0.2205324227,0.2303296713,0.1905337587,0.5974420189,0.5984461961,0.5974825607,0.4173378863,0.4283516434,0.4273312066
9.48,2.690420465,2.769399074,2.76687406,2.690420465,2.769399074,2.76687406,0.01022543014,0.01022543019,0.2205289682,0.230328517,0.1905305182,0.597458647,0.5984516424,0.5974978716,0.4173551592,0.4283574148,0.4273474091
9.5,2.690463341,2.769413522,2.766914298,2.690463341,2.769413523,2.766914298,0.01016581262,0.01016581267,0.2205255381,0.2303273612,0.1905272991,0.5974751567,0.5984570962,0.5975130809,0.4173723097,0.4283631941,0.4273635043
9.52,2.690505913,2.769427989,2.76695427,2.690505913,2.769427989,2.76695427,0.01010656734,0.01010656738,0.2205221323,0.2303262038,0.1905241014,0.5974915491,0.5984625569,0.5975281894,0.4173893386,0.4283689808,0.4273794932
9.54,2.690548184,2.769442473,2.766993978,2.690548184,2.769442473,2.766993978,0.01004769157,0.01004769162,0.2205187506,0.2303250451,0.1905209247,0.5975078249,0.5984680242,0.5975431977,0.4174062469,0.4283747745,0.4273953765
9.56,2.690590155,2.769456973,2.767033425,2.690590155,2.769456974,2.767033424,0.009989182641,0.009989182682,0.2205153929,0.2303238851,0.190517769,0.5975239853,0.5984734974,0.5975581068,0.4174230355,0.4283805746,0.427411155
9.58,2.69063183,2.769471489,2.767072611,2.69063183,2.769471489,2.767072611,0.009931037881,0.009931037917,0.2205120589,0.2303227239,0.1905146341,0.5975400309,0.5984789762,0.5975729172,0.4174397055,0.4283863806,0.4274268295
9.6,2.690673211,2.769486017,2.767111539,2.690673211,2.769486017,2.767111539,0.009873254655,0.009873254685,0.2205087485,0.2303215616,0.1905115198,0.5975559629,0.5984844601,0.5975876298,0.4174562577,0.428392192,0.4274424008
9.62,2.690714299,2.769500558,2.767150211,2.690714299,2.769500558,2.767150211,0.009815830348,0.009815830372,0.2205054614,0.2303203983,0.1905084261,0.597571782,0.5984899487,0.5976022453,0.4174726931,0.4283980085,0.4274578696
9.64,2.690755098,2.769515111,2.767188629,2.690755098,2.769515111,2.767188629,0.009758762372,0.009758762389,0.2205021975,0.2303192341,0.1905053526,0.5975874892,0.5984954415,0.5976167645,0.4174890125,0.4284038295,0.4274732368
9.66,2.690795609,2.769529673,2.767226795,2.690795609,2.769529673,2.767226795,0.009702048162,0.009702048172,0.2204989566,0.2303180691,0.1905022994,0.5976030853,0.5985009381,0.597631188,0.4175052169,0.4284096545,0.4274885031
9.68,2.690835835,2.769544245,2.76726471,2.690835835,2.769544245,2.76726471,0.009645685176,0.009645685179,0.2204957386,0.2303169034,0.1904992661,0.5976185713,0.5985064381,0.5976455167,0.4175213072,0.4284154831,0.4275036693
9.7,2.690875777,2.769558825,2.767302377,2.690875777,2.769558825,2.767302377,0.009589670894,0.009589670893,0.2204925431,0.230315737,0.1904962528,0.5976339479,0.598511941,0.5976597511,0.4175372843,0.428421315,0.427518736
9.72,2.690915439,2.769573411,2.767339798,2.690915439,2.769573411,2.767339798,0.009534002822,0.009534002819,0.2204893702,0.2303145701,0.1904932592,0.597649216,0.5985174465,0.5976738921,0.417553149,0.4284271495,0.4275337042
9.74,2.690954822,2.769588003,2.767376973,2.690954822,2.769588003,2.767376973,0.009478678488,0.009478678485,0.2204862195,0.2303134027,0.1904902851,0.5976643766,0.5985229541,0.5976879402,0.4175689023,0.4284329864,0.4275485744
9.76,2.690993929,2.7696026,2.767413906,2.690993929,2.7696026,2.767413906,0.009423695445,0.009423695442,0.220483091,0.230312235,0.1904873305,0.5976794304,0.5985284634,0.5977018963,0.4175845449,0.4284388252,0.4275633474
9.78,2.691032761,2.769617201,2.767450597,2.691032761,2.769617201,2.767450597,0.009369051266,0.009369051263,0.2204799844,0.2303110669,0.1904843952,0.5976943783,0.5985339741,0.597715761,0.4176000779,0.4284446655,0.427578024
9.8,2.691071321,2.769631804,2.767487049,2.691071321,2.769631804,2.767487049,0.009314743546,0.009314743543,0.2204768996,0.2303098986,0.190481479,0.597709221,0.5985394858,0.597729535,0.417615502,0.4284505068,0.4275926048
9.82,2.691109612,2.769646409,2.767523264,2.691109612,2.769646409,2.767523264,0.009260769901,0.009260769898,0.2204738364,0.2303087302,0.1904785819,0.5977239595,0.5985449981,0.5977432189,0.417630818,0.4284563489,0.4276070906
9.84,2.691147634,2.769661015,2.767559242,2.691147634,2.769661015,2.767559242,0.009207127971,0.009207127967,0.2204707946,0.2303075618,0.1904757036,0.5977385946,0.5985505106,0.5977568135,0.4176460269,0.4284621912,0.4276214821
9.86,2.69118539,2.769675621,2.767594987,2.69118539,2.769675621,2.767594987,0.009153815414,0.00915381541,0.2204677741,0.2303063933,0.190472844,0.597753127,0.598556023,0.5977703193,0.4176611294,0.4284680334,0.42763578
9.88,2.691222882,2.769690225,2.767630499,2.691222882,2.769690225,2.767630499,0.009100829911,0.009100829908,0.2204647747,0.230305225,0.190470003,0.5977675575,0.5985615349,0.5977837372,0.4176761263,0.4284738751,0.4276499849
9.9,2.691260113,2.769704827,2.767665781,2.691260113,2.769704827,2.767665781,0.009048169163,0.00904816916,0.2204617963,0.2303040568,0.1904671805,0.597781887,0.5985670459,0.5977970676,0.4176910186,0.4284797161,0.4276640976
9.92,2.691297084,2.769719426,2.767700834,2.691297084,2.769719426,2.767700834,0.008995830893,0.008995830891,0.2204588386,0.2303028888,0.1904643763,0.5977961162,0.5985725558,0.5978103113,0.417705807,0.4284855558,0.4276781187
9.94,2.691333797,2.769734022,2.767735659,2.691333797,2.769734022,2.76773566,0.008943812842,0.00894381284,0.2204559016,0.2303017212,0.1904615902,0.5978102459,0.5985780642,0.5978234689,0.4177204922,0.4284913939,0.427692049
9.96,2.691370255,2.769748612,2.76777026,2.691370255,2.769748612,2.76777026,0.008892112774,0.008892112772,0.220452985,0.230300554,0.1904588222,0.5978242769,0.5985835706,0.597836541,0.4177350752,0.4284972301,0.427705889
9.98,2.691406458,2.769763197,2.767804636,2.691406458,2.769763197,2.767804636,0.008840728469,0.008840728468,0.2204500887,0.2302993872,0.1904560721,0.59783821,0.5985890749,0.5978495284,0.4177495567,0.428503064,0.4277196394
10,2.69144241,2.769777775,2.76783879,2.69144241,2.769777775,2.76783879,0.00878965773,0.008789657729,0.2204472125,0.2302982209,0.1904533398,0.5978520459,0.5985945767,0.5978624315,0.4177639374,0.4285088954,0.427733301
10.02,2.691478112,2.769792346,2.767872723,2.691478112,2.769792346,2.767872723,0.008738898378,0.008738898376,0.2204443564,0.2302970553,0.1904506251,0.5978657853,0.5986000757,0.597875251,0.4177782182,0.4285147237,0.4277468743
10.04,2.691513566,2.769806909,2.767906437,2.691513566,2.769806909,2.767906437,0.008688448252,0.00868844825,0.22044152,0.2302958902,0.190447928,0.5978794291,0.5986055716,0.5978879876,0.4177923998,0.4285205489,0.4277603601
10.06,2.691548774,2.769821463,2.767939934,2.691548774,2.769821463,2.767939934,0.008638305213,0.00863830521,0.2204387034,0.2302947259,0.1904452482,0.5978929779,0.598611064,0.5979006418,0.417806483,0.4285263704,0.4277737588
10.08,2.691583738,2.769836007,2.767973215,2.691583738,2.769836007,2.767973215,0.008588467137,0.008588467133,0.2204359063,0.2302935624,0.1904425857,0.5979064325,0.5986165527,0.5979132142,0.4178204686,0.428532188,0.4277870713
10.1,2.69161846,2.769850541,2.768006282,2.69161846,2.769850541,2.768006282,0.00853893192,0.008538931915,0.2204331285,0.2302923997,0.1904399404,0.5979197936,0.5986220373,0.5979257055,0.4178343573,0.4285380014,0.427800298
10.12,2.691652941,2.769865063,2.768039136,2.691652941,2.769865063,2.768039136,0.008489697478,0.008489697472,0.22043037,0.230291238,0.1904373121,0.5979330619,0.5986275177,0.5979381163,0.4178481498,0.4285438102,0.4278134397
10.14,2.691687184,2.769879573,2.768071779,2.691687184,2.769879573,2.768071779,0.008440761743,0.008440761735,0.2204276306,0.2302900771,0.1904347006,0.5979462382,0.5986329934,0.597950447,0.4178618468,0.4285496143,0.4278264969
10.16,2.69172119,2.76989407,2.768104213,2.69172119,2.76989407,2.768104213,0.008392122665,0.008392122655,0.2204249102,0.2302889174,0.1904321059,0.5979593232,0.5986384643,0.5979626984,0.4178754492,0.4285554132,0.4278394703
10.18,2.691754961,2.769908554,2.768136438,2.691754961,2.769908554,2.768136438,0.008343778213,0.008343778201,0.2204222085,0.2302877587,0.1904295279,0.5979723175,0.59864393,0.597974871,0.4178889577,0.4285612067,0.4278523605
10.2,2.691788499,2.769923023,2.768168457,2.691788499,2.769923023,2.768168457,0.008295726371,0.008295726357,0.2204195254,0.2302866011,0.1904269664,0.5979852219,0.5986493903,0.5979869653,0.4179023729,0.4285669945,0.427865168
10.22,2.691821805,2.769937478,2.768200271,2.691821805,2.769937478,2.768200271,0.008247965143,0.008247965127,0.2204168609,0.2302854447,0.1904244213,0.5979980371,0.5986548449,0.597998982,0.4179156955,0.4285727763,0.4278778935
10.24,2.691854883,2.769951917,2.768231881,2.691854883,2.769951917,2.768231881,0.008200492548,0.00820049253,0.2204142147,0.2302842896,0.1904218925,0.5980107637,0.5986602936,0.5980109215,0.4179289264,0.4285785519,0.4278905376
10.26,2.691887732,2.769966339,2.768263289,2.691887732,2.769966339,2.768263289,0.008153306624,0.008153306603,0.2204115868,0.2302831358,0.1904193798,0.5980234024,0.5986657361,0.5980227846,0.4179420661,0.4285843209,0.4279031008
10.28,2.691920355,2.769980745,2.768294497,2.691920355,2.769980745,2.768294497,0.008106405422,0.0081064054,0.2204089769,0.2302819834,0.1904168832,0.5980359539,0.5986711721,0.5980345716,0.4179551154,0.4285900832,0.4279155838
10.3,2.691952754,2.769995133,2.768325505,2.691952754,2.769995133,2.768325505,0.008059787015,0.008059786991,0.220406385,0.2302808323,0.1904144026,0.5980484188,0.5986766015,0.5980462832,0.417968075,0.4285958384,0.4279279871
10.32,2.69198493,2.770009503,2.768356315,2.69198493,2.770009503,2.768356315,0.008013449487,0.008013449462,0.2204038109,0.2302796827,0.1904119377,0.5980607979,0.5986820239,0.5980579199,0.4179809455,0.4286015864,0.4279403113
10.34,2.692016886,2.770023854,2.768386929,2.692016886,2.770023854,2.768386929,0.00796739094,0.007967390915,0.2204012545,0.2302785347,0.1904094886,0.5980730918,0.5986874392,0.5980694823,0.4179937276,0.4286073267,0.4279525569
10.36,2.692048622,2.770038185,2.768417348,2.692048622,2.770038185,2.768417349,0.007921609495,0.007921609468,0.2203987156,0.2302773881,0.1904070551,0.5980853011,0.5986928471,0.5980809708,0.4180064221,0.4286130594,0.4279647245
10.38,2.69208014,2.770052497,2.768447574,2.69208014,2.770052497,2.768447574,0.007876103283,0.007876103257,0.2203961941,0.2302762432,0.190404637,0.5980974265,0.5986982474,0.5980923861,0.4180190295,0.4286187839,0.4279768148
10.4,2.692111443,2.770066788,2.768477608,2.692111443,2.770066788,2.768477608,0.007830870456,0.00783087043,0.2203936899,0.2302750999,0.1904022344,0.5981094685,0.5987036398,0.5981037286,0.4180315505,0.4286245003,0.4279888282
10.42,2.692142531,2.770081057,2.76850745,2.692142531,2.770081057,2.76850745,0.007785909178,0.007785909152,0.2203912028,0.2302739584,0.190399847,0.598121428,0.5987090242,0.5981149988,0.4180439858,0.4286302081,0.4280007652
10.44,2.692173407,2.770095305,2.768537103,2.692173407,2.770095305,2.768537103,0.00774121763,0.007741217605,0.2203887328,0.2302728186,0.1903974747,0.5981333054,0.5987144003,0.5981261974,0.4180563361,0.4286359072,0.4280126265
10.46,2.692204071,2.770109531,2.768566569,2.692204071,2.77010953,2.768566569,0.007696794007,0.007696793984,0.2203862796,0.2302716805,0.1903951175,0.5981451015,0.598719768,0.5981373247,0.4180686019,0.4286415974,0.4280244126
10.48,2.692234526,2.770123733,2.768595847,2.692234526,2.770123733,2.768595847,0.00765263652,0.0076526365,0.2203838432,0.2302705443,0.1903927752,0.5981568167,0.598725127,0.5981483813,0.4180807839,0.4286472784,0.4280361239
10.5,2.692264774,2.770137912,2.76862494,2.692264774,2.770137912,2.76862494,0.007608743394,0.007608743377,0.2203814234,0.23026941,0.1903904478,0.5981684518,0.5987304771,0.5981593678,0.4180928828,0.42865295,0.4280477611
10.52,2.692294815,2.770152067,2.768653849,2.692294815,2.770152067,2.768653849,0.007565112869,0.007565112855,0.2203790202,0.2302682776,0.1903881351,0.5981800073,0.5987358181,0.5981702846,0.4181048992,0.4286586121,0.4280593247
10.54,2.692324651,2.770166198,2.768682575,2.692324651,2.770166198,2.768682575,0.0075217432,0.00752174319,0.2203766333,0.2302671471,0.190385837,0.5981914839,0.5987411499,0.5981811321,0.4181168336,0.4286642644,0.4280708152
10.56,2.692354284,2.770180304,2.76871112,2.692354284,2.770180304,2.76871112,0.007478632655,0.007478632648,0.2203742626,0.2302660187,0.1903835534,0.5982028821,0.5987464722,0.598191911,0.4181286868,0.4286699067,0.428082233
10.58,2.692383715,2.770194384,2.768739484,2.692383715,2.770194384,2.768739484,0.007435779517,0.007435779515,0.2203719081,0.2302648922,0.1903812842,0.5982142026,0.5987517848,0.5982026217,0.4181404593,0.4286755388,0.4280935788
10.6,2.692412946,2.770208439,2.76876767,2.692412946,2.770208439,2.76876767,0.007393182083,0.007393182085,0.2203695696,0.2302637679,0.1903790294,0.5982254459,0.5987570877,0.5982132646,0.4181521518,0.4286811606,0.428104853
10.62,2.692441979,2.770222467,2.768795677,2.692441979,2.770222467,2.768795677,0.007350838663,0.00735083867,0.220367247,0.2302626456,0.1903767888,0.5982366126,0.5987623805,0.5982238403,0.4181637648,0.4286867718,0.4281160561
10.64,2.692470814,2.770236468,2.768823509,2.692470814,2.770236468,2.768823509,0.007308747582,0.007308747594,0.2203649402,0.2302615255,0.1903745623,0.5982477033,0.5987676632,0.5982343492,0.4181752989,0.4286923723,0.4281271887
10.66,2.692499453,2.770250442,2.768851165,2.692499453,2.770250442,2.768851165,0.007266907179,0.007266907195,0.2203626491,0.2302604076,0.1903723498,0.5982587185,0.5987729355,0.5982447918,0.4181867547,0.4286979618,0.4281382512
10.68,2.692527899,2.770264388,2.768878647,2.692527899,2.770264388,2.768878647,0.007225315804,0.007225315824,0.2203603734,0.230259292,0.1903701512,0.5982696589,0.5987781973,0.5982551686,0.4181981329,0.4287035402,0.4281492441
10.7,2.692556152,2.770278306,2.768905957,2.692556151,2.770278306,2.768905957,0.007183971821,0.007183971845,0.2203581132,0.2302581785,0.1903679664,0.598280525,0.5987834485,0.59826548,0.418209434,0.4287091074,0.428160168
10.72,2.692584213,2.770292195,2.768933095,2.692584213,2.770292195,2.768933095,0.00714287361,0.007142873637,0.2203558683,0.2302570674,0.1903657954,0.5982913173,0.5987886888,0.5982757265,0.4182206585,0.4287146632,0.4281710232
10.74,2.692612084,2.770306055,2.768960063,2.692612084,2.770306055,2.768960063,0.00710201956,0.00710201959,0.2203536386,0.2302559585,0.1903636379,0.5983020364,0.5987939181,0.5982859086,0.4182318071,0.4287202073,0.4281818104
10.76,2.692639767,2.770319886,2.768986862,2.692639767,2.770319886,2.768986862,0.007061408075,0.007061408107,0.2203514239,0.2302548521,0.190361494,0.5983126829,0.5987991363,0.5982960267,0.4182428803,0.4287257397,0.4281925298
10.78,2.692667263,2.770333687,2.769013492,2.692667263,2.770333688,2.769013492,0.007021037572,0.007021037605,0.2203492243,0.230253748,0.1903593636,0.5983232573,0.5988043433,0.5983060812,0.4182538787,0.4287312601,0.4282031821
10.8,2.692694574,2.770347458,2.769039957,2.692694574,2.770347458,2.769039956,0.006980906478,0.006980906512,0.2203470394,0.2302526463,0.1903572464,0.5983337601,0.5988095388,0.5983160726,0.4182648028,0.4287367685,0.4282137678
10.82,2.6927217,2.770361199,2.769066255,2.6927217,2.770361199,2.769066255,0.006941013236,0.00694101327,0.2203448694,0.2302515471,0.1903551426,0.5983441919,0.5988147227,0.5983260014,0.4182756532,0.4287422646,0.4282242871
10.84,2.692748643,2.770374908,2.769092389,2.692748643,2.770374908,2.769092389,0.006901356299,0.006901356332,0.2203427139,0.2302504503,0.1903530519,0.5983545532,0.5988198949,0.5983358679,0.4182864304,0.4287477484,0.4282347407
10.86,2.692775404,2.770388586,2.76911836,2.692775404,2.770388586,2.76911836,0.006861934133,0.006861934164,0.220340573,0.2302493561,0.1903509742,0.5983648445,0.5988250552,0.5983456727,0.4182971351,0.4287532196,0.428245129
10.88,2.692801986,2.770402233,2.769144168,2.692801986,2.770402233,2.769144168,0.006822745215,0.006822745243,0.2203384465,0.2302482644,0.1903489095,0.5983750664,0.5988302036,0.5983554161,0.4183077676,0.4287586782,0.4282554524
10.9,2.692828388,2.770415847,2.769169816,2.692828388,2.770415847,2.769169816,0.006783788036,0.006783788059,0.2203363343,0.2302471752,0.1903468577,0.5983852193,0.5988353399,0.5983650986,0.4183183287,0.428764124,0.4282657115
10.92,2.692854613,2.770429429,2.769195303,2.692854613,2.770429429,2.769195303,0.006745061095,0.006745061114,0.2203342363,0.2302460886,0.1903448187,0.5983953039,0.5988404639,0.5983747205,0.4183288187,0.4287695568,0.4282759065
10.94,2.692880662,2.770442979,2.769220632,2.692880662,2.770442979,2.769220632,0.006706562907,0.006706562921,0.2203321524,0.2302450047,0.1903427924,0.5984053205,0.5988455756,0.5983842824,0.4183392382,0.4287749766,0.428286038
10.96,2.692906536,2.770456495,2.769245803,2.692906536,2.770456495,2.769245803,0.006668291996,0.006668292006,0.2203300824,0.2302439234,0.1903407787,0.5984152698,0.5988506747,0.5983937847,0.4183495878,0.4287803832,0.4282961065
10.98,2.692932236,2.770469978,2.769270818,2.692932236,2.770469978,2.769270818,0.006630246898,0.006630246903,0.2203280264,0.2302428447,0.1903387775,0.5984251521,0.5988557613,0.5984032276,0.4183598679,0.4287857764,0.4283061123
11,2.692957764,2.770483428,2.769295677,2.692957764,2.770483428,2.769295677,0.006592426159,0.00659242616,0.2203259842,0.2302417688,0.1903367888,0.5984349681,0.5988608352,0.5984126118,0.4183700791,0.4287911562,0.4283160559
11.02,2.692983121,2.770496843,2.769320381,2.692983121,2.770496843,2.769320381,0.006554828339,0.006554828337,0.2203239556,0.2302406955,0.1903348125,0.5984447181,0.5988658962,0.5984219375,0.4183802219,0.4287965224,0.4283259377
11.04,2.693008309,2.770510225,2.769344932,2.693008309,2.770510225,2.769344932,0.006517452006,0.006517452004,0.2203219406,0.230239625,0.1903328484,0.5984544027,0.5988709442,0.5984312052,0.4183902968,0.428801875,0.4283357582
11.06,2.693033327,2.770523571,2.769369331,2.693033327,2.770523571,2.769369331,0.006480295743,0.006480295741,0.2203199391,0.2302385573,0.1903308965,0.5984640224,0.5988759793,0.5984404152,0.4184003043,0.4288072137,0.4283455177
11.08,2.693058179,2.770536884,2.769393579,2.693058179,2.770536884,2.769393579,0.006443358142,0.00644335814,0.220317951,0.2302374923,0.1903289567,0.5984735777,0.5988810012,0.5984495681,0.4184102448,0.4288125386,0.4283552167
11.1,2.693082864,2.770550161,2.769417676,2.693082864,2.770550161,2.769417676,0.006406637806,0.006406637804,0.2203159762,0.2302364301,0.1903270289,0.5984830689,0.5988860098,0.5984586641,0.418420119,0.4288178494,0.4283648556
11.12,2.693107385,2.770563402,2.769441624,2.693107385,2.770563402,2.769441624,0.006370133348,0.006370133345,0.2203140146,0.2302353708,0.190325113,0.5984924967,0.598891005,0.5984677036,0.4184299272,0.4288231461,0.4283744348
11.14,2.693131742,2.770576609,2.769465424,2.693131742,2.770576609,2.769465424,0.006333843391,0.006333843389,0.220312066,0.2302343143,0.190323209,0.5985018614,0.5988959869,0.5984766871,0.41843967,0.4288284286,0.4283839548
11.16,2.693155936,2.770589779,2.769489077,2.693155936,2.770589779,2.769489077,0.006297766571,0.006297766568,0.2203101304,0.2302332606,0.1903213168,0.5985111636,0.5989009551,0.598485615,0.4184493478,0.4288336968,0.4283934158
11.18,2.693179969,2.770602913,2.769512583,2.693179969,2.770602913,2.769512583,0.006261901531,0.006261901528,0.2203082078,0.2302322099,0.1903194363,0.5985204036,0.5989059098,0.5984944875,0.4184589611,0.4288389505,0.4284028184
11.2,2.693203843,2.770616011,2.769535945,2.693203843,2.770616011,2.769535945,0.006226246926,0.006226246924,0.2203062979,0.2302311621,0.1903175674,0.598529582,0.5989108507,0.5985033052,0.4184685104,0.4288441897,0.428412163
11.22,2.693227557,2.770629073,2.769559162,2.693227557,2.770629073,2.769559162,0.006190801422,0.00619080142,0.2203044008,0.2302301171,0.19031571,0.5985386992,0.5989157778,0.5985120683,0.4184779962,0.4288494144,0.4284214498
11.24,2.693251114,2.770642098,2.769582236,2.693251114,2.770642098,2.769582236,0.006155563694,0.006155563692,0.2203025162,0.2302290751,0.1903138641,0.5985477557,0.598920691,0.5985207772,0.4184874189,0.4288546243,0.4284306794
11.26,2.693274514,2.770655086,2.769605167,2.693274514,2.770655086,2.769605167,0.006120532426,0.006120532425,0.2203006442,0.2302280361,0.1903120296,0.5985567519,0.5989255903,0.5985294324,0.418496779,0.4288598194,0.4284398521
11.28,2.693297759,2.770668036,2.769627958,2.693297759,2.770668036,2.769627958,0.006085706314,0.006085706313,0.2202987846,0.2302270001,0.1903102063,0.5985656882,0.5989304754,0.5985380341,0.4185060769,0.4288649997,0.4284489683
11.3,2.693320849,2.77068095,2.769650608,2.693320849,2.77068095,2.769650608,0.006051084063,0.006051084061,0.2202969374,0.230225967,0.1903083943,0.598574565,0.5989353465,0.5985465828,0.4185153131,0.428870165,0.4284580283
11.32,2.693343787,2.770693825,2.769673119,2.693343787,2.770693825,2.769673119,0.006016664386,0.006016664385,0.2202951024,0.2302249369,0.1903065935,0.5985833829,0.5989402033,0.5985550788,0.4185244881,0.4288753153,0.4284670327
11.34,2.693366572,2.770706663,2.769695491,2.693366572,2.770706663,2.769695491,0.005982446007,0.005982446006,0.2202932796,0.2302239099,0.1903048037,0.5985921423,0.5989450459,0.5985635224,0.4185336022,0.4288804505,0.4284759816
11.36,2.693389207,2.770719463,2.769717726,2.693389207,2.770719463,2.769717726,0.005948427661,0.00594842766,0.2202914688,0.2302228859,0.1903030249,0.5986008435,0.5989498741,0.5985719141,0.418542656,0.4288855705,0.4284848756
11.38,2.693411691,2.770732225,2.769739824,2.693411691,2.770732225,2.769739824,0.005914608089,0.005914608087,0.22028967,0.230221865,0.190301257,0.598609487,0.5989546879,0.5985802541,0.4185516499,0.4288906752,0.4284937149
11.4,2.693434027,2.770744949,2.769761787,2.693434027,2.770744949,2.769761787,0.005880986044,0.005880986042,0.2202878831,0.2302208471,0.1902995,0.5986180733,0.5989594872,0.5985885428,0.4185605843,0.4288957646,0.4285025001
11.42,2.693456216,2.770757634,2.769783615,2.693456216,2.770757634,2.769783615,0.005847560287,0.005847560284,0.2202861081,0.2302198323,0.1902977537,0.5986266027,0.598964272,0.5985967806,0.4185694596,0.4289008387,0.4285112313
11.44,2.693478257,2.77077028,2.76980531,2.693478257,2.77077028,2.76980531,0.005814329588,0.005814329585,0.2202843447,0.2302188206,0.1902960182,0.5986350756,0.5989690421,0.5986049679,0.4185782763,0.4289058972,0.428519909
11.46,2.693500154,2.770782888,2.769826871,2.693500154,2.770782888,2.769826871,0.005781292727,0.005781292723,0.220282593,0.2302178119,0.1902942933,0.5986434925,0.5989737976,0.5986131048,0.4185870348,0.4289109403,0.4285285335
11.48,2.693521905,2.770795456,2.7698483,2.693521905,2.770795456,2.7698483,0.005748448492,0.005748448487,0.2202808529,0.2302168065,0.1902925789,0.5986518538,0.5989785383,0.5986211919,0.4185957355,0.4289159677,0.4285371053
11.5,2.693543514,2.770807986,2.769869599,2.693543514,2.770807986,2.769869599,0.005715795681,0.005715795674,0.2202791242,0.2302158041,0.1902908751,0.5986601599,0.5989832643,0.5986292294,0.4186043789,0.4289209795,0.4285456246
11.52,2.69356498,2.770820476,2.769890767,2.69356498,2.770820476,2.769890767,0.005683333098,0.00568333309,0.2202774069,0.2302148049,0.1902891816,0.5986684111,0.5989879754,0.5986372177,0.4186129653,0.4289259756,0.4285540918
11.54,2.693586305,2.770832927,2.769911805,2.693586305,2.770832927,2.769911805,0.00565105956,0.00565105955,0.220275701,0.2302138088,0.1902874985,0.598676608,0.5989926716,0.598645157,0.4186214952,0.4289309559,0.4285625073
11.56,2.693607489,2.770845338,2.769932716,2.693607489,2.770845338,2.769932716,0.005618973888,0.005618973877,0.2202740062,0.2302128159,0.1902858257,0.5986847508,0.5989973528,0.5986530478,0.418629969,0.4289359204,0.4285708714
11.58,2.693628534,2.77085771,2.769953498,2.693628534,2.77085771,2.769953498,0.005587074916,0.005587074903,0.2202723226,0.2302118262,0.1902841631,0.5986928399,0.5990020191,0.5986608903,0.4186383871,0.4289408691,0.4285791844
11.6,2.693649441,2.770870042,2.769974154,2.693649441,2.770870042,2.769974154,0.005555361482,0.005555361468,0.22027065,0.2302108396,0.1902825107,0.5987008758,0.5990066704,0.5986686849,0.4186467498,0.4289458018,0.4285874467
11.62,2.693670211,2.770882334,2.769994684,2.693670211,2.770882334,2.769994684,0.005523832436,0.005523832421,0.2202689885,0.2302098563,0.1902808683,0.5987088589,0.5990113065,0.5986764319,0.4186550577,0.4289507186,0.4285956587
11.64,2.693690844,2.770894585,2.770015089,2.693690844,2.770894585,2.770015089,0.005492486635,0.005492486618,0.2202673378,0.2302088761,0.1902792359,0.5987167895,0.5990159275,0.5986841316,0.418663311,0.4289556193,0.4286038206
11.66,2.693711342,2.770906797,2.770035369,2.693711342,2.770906797,2.770035369,0.005461322943,0.005461322925,0.220265698,0.2302078992,0.1902776134,0.5987246679,0.5990205334,0.5986917843,0.4186715102,0.428960504,0.4286119328
11.68,2.693731706,2.770918969,2.770055526,2.693731706,2.770918969,2.770055526,0.005430340234,0.005430340215,0.2202640689,0.2302069255,0.1902760009,0.5987324947,0.599025124,0.5986993904,0.4186796556,0.4289653726,0.4286199956
11.7,2.693751936,2.7709311,2.770075561,2.693751936,2.7709311,2.770075561,0.005399537389,0.00539953737,0.2202624505,0.230205955,0.1902743981,0.5987402701,0.5990296994,0.5987069501,0.4186877477,0.4289702251,0.4286280094
11.72,2.693772034,2.770943191,2.770095473,2.693772034,2.77094319,2.770095473,0.005368913298,0.005368913278,0.2202608426,0.2302049877,0.1902728051,0.5987479945,0.5990342595,0.5987144638,0.4186957869,0.4289750614,0.4286359745
11.74,2.693792,2.770955241,2.770115265,2.693792,2.770955241,2.770115265,0.005338466858,0.005338466837,0.2202592453,0.2302040237,0.1902712218,0.5987556683,0.5990388043,0.5987219317,0.4187037734,0.4289798814,0.4286438911
11.76,2.693811836,2.77096725,2.770134936,2.693811836,2.77096725,2.770134937,0.005308196974,0.005308196953,0.2202576585,0.230203063,0.1902696481,0.5987632918,0.5990433338,0.5987293543,0.4187117077,0.4289846852,0.4286517597
11.78,2.693831542,2.770979219,2.770154489,2.693831542,2.770979219,2.770154489,0.005278102558,0.005278102537,0.220256082,0.2302021054,0.1902680839,0.5987708655,0.5990478478,0.5987367317,0.4187195902,0.4289894728,0.4286595806
11.8,2.69385112,2.770991147,2.770173922,2.69385112,2.770991147,2.770173922,0.005248182531,0.005248182511,0.2202545157,0.2302011512,0.1902665292,0.5987783896,0.5990523464,0.5987440642,0.4187274213,0.428994244,0.428667354
11.82,2.69387057,2.771003034,2.770193238,2.69387057,2.771003034,2.770193238,0.005218435822,0.005218435803,0.2202529598,0.2302002002,0.1902649839,0.5987858646,0.5990568296,0.5987513523,0.4187352012,0.4289989988,0.4286750803
11.84,2.693889893,2.77101488,2.770212437,2.693889893,2.77101488,2.770212437,0.005188861366,0.005188861349,0.2202514139,0.2301992525,0.190263448,0.5987932907,0.5990612973,0.5987585961,0.4187429304,0.4290037373,0.4286827598
11.86,2.69390909,2.771026686,2.770231519,2.69390909,2.771026685,2.770231519,0.005159458107,0.005159458091,0.2202498782,0.2301983081,0.1902619215,0.5988006684,0.5990657495,0.598765796,0.4187506092,0.4290084594,0.4286903927
11.88,2.693928162,2.77103845,2.770250486,2.693928162,2.77103845,2.770250486,0.005130224995,0.005130224981,0.2202483524,0.230197367,0.1902604041,0.5988079979,0.5990701862,0.5987729522,0.4187582381,0.429013165,0.4286979795
11.9,2.69394711,2.771050173,2.770269338,2.69394711,2.771050172,2.770269338,0.005101160988,0.005101160976,0.2202468366,0.2301964292,0.1902588959,0.5988152796,0.5990746074,0.5987800651,0.4187658172,0.4290178542,0.4287055204
11.92,2.693965934,2.771061854,2.770288076,2.693965934,2.771061854,2.770288076,0.005072265053,0.005072265043,0.2202453306,0.2301954946,0.1902573969,0.5988225139,0.599079013,0.5987871349,0.4187733471,0.4290225269,0.4287130157
11.94,2.693984637,2.771073495,2.770306701,2.693984637,2.771073495,2.770306701,0.00504353616,0.005043536153,0.2202438344,0.2301945634,0.1902559069,0.5988297011,0.599083403,0.5987941619,0.418780828,0.4290271831,0.4287204657
11.96,2.694003218,2.771085094,2.770325214,2.694003218,2.771085094,2.770325214,0.005014973291,0.005014973287,0.2202423479,0.2301936355,0.1902544259,0.5988368416,0.5990877774,0.5988011463,0.4187882604,0.4290318227,0.4287278707
11.98,2.694021678,2.771096652,2.770343615,2.694021678,2.771096652,2.770343615,0.004986575432,0.004986575431,0.2202408711,0.2301927108,0.1902529538,0.5988439356,0.5990921361,0.5988080886,0.4187956444,0.4290364459,0.428735231
12,2.694040018,2.771108168,2.770361904,2.694040018,2.771108168,2.770361904,0.004958341577,0.004958341579,0.2202394039,0.2301917895,0.1902514906,0.5988509835,0.5990964793,0.5988149889,0.4188029806,0.4290410524,0.4287425469
12.02,2.69405824,2.771119643,2.770380084,2.69405824,2.771119643,2.770380084,0.004930270727,0.004930270732,0.2202379462,0.2301908715,0.1902500363,0.5988579856,0.5991008067,0.5988218475,0.4188102692,0.4290456424,0.4287498187
12.04,2.694076343,2.771131077,2.770398154,2.694076343,2.771131077,2.770398154,0.004902361889,0.004902361899,0.2202364979,0.2301899568,0.1902485907,0.5988649423,0.5991051186,0.5988286648,0.4188175105,0.4290502158,0.4287570466
12.06,2.694094329,2.771142469,2.770416115,2.694094329,2.771142469,2.770416115,0.00487461408,0.004874614092,0.220235059,0.2301890455,0.1902471538,0.5988718538,0.5991094147,0.5988354409,0.418824705,0.4290547727,0.428764231
12.08,2.694112199,2.771153819,2.770433968,2.694112199,2.771153819,2.770433968,0.00484702632,0.004847026335,0.2202336294,0.2301881374,0.1902457256,0.5988787206,0.5991136951,0.5988421761,0.4188318529,0.4290593129,0.4287713722
12.1,2.694129953,2.771165128,2.770451713,2.694129953,2.771165128,2.770451713,0.004819597637,0.004819597656,0.2202322091,0.2301872327,0.1902443059,0.5988855428,0.5991179599,0.5988488707,0.4188389545,0.4290638364,0.4287784704
12.12,2.694147592,2.771176396,2.770469352,2.694147592,2.771176396,2.770469352,0.004792327067,0.004792327088,0.2202307979,0.2301863313,0.1902428948,0.5988923209,0.5991222089,0.598855525,0.4188460103,0.4290683434,0.4287855259
12.14,2.694165118,2.771187621,2.770486885,2.694165118,2.771187621,2.770486884,0.004765213651,0.004765213674,0.2202293959,0.2301854333,0.1902414922,0.5988990551,0.5991264422,0.5988621393,0.4188530204,0.4290728337,0.428792539
12.16,2.69418253,2.771198805,2.770504312,2.69418253,2.771198805,2.770504312,0.004738256437,0.004738256462,0.2202280029,0.2301845385,0.190240098,0.5989057458,0.5991306599,0.5988687137,0.4188599853,0.4290773073,0.4287995099
12.18,2.69419983,2.771209948,2.770521635,2.69419983,2.771209948,2.770521634,0.00471145448,0.004711454506,0.220226619,0.2301836471,0.1902387122,0.5989123932,0.5991348617,0.5988752486,0.4188669052,0.4290817643,0.428806439
12.2,2.694217018,2.771221049,2.770538853,2.694217018,2.771221049,2.770538853,0.004684806841,0.004684806868,0.2202252439,0.2301827591,0.1902373347,0.5989189977,0.5991390479,0.5988817442,0.4188737805,0.4290862046,0.4288133264
12.22,2.694234095,2.771232108,2.770555969,2.694234095,2.771232108,2.770555969,0.004658312588,0.004658312614,0.2202238777,0.2301818743,0.1902359655,0.5989255596,0.5991432183,0.5988882008,0.4188806115,0.4290906283,0.4288201726
12.24,2.694251063,2.771243125,2.770572981,2.694251063,2.771243126,2.770572981,0.004631970793,0.00463197082,0.2202225203,0.2301809929,0.1902346045,0.5989320791,0.599147373,0.5988946185,0.4188873985,0.4290950353,0.4288269777
12.26,2.694267921,2.771254101,2.770589892,2.694267921,2.771254101,2.770589892,0.004605780538,0.004605780564,0.2202211716,0.2301801149,0.1902332516,0.5989385566,0.5991515119,0.5989009978,0.4188941418,0.4290994257,0.428833742
12.28,2.694284671,2.771265035,2.770606702,2.694284671,2.771265036,2.770606701,0.004579740909,0.004579740933,0.2202198317,0.2301792401,0.1902319068,0.5989449923,0.5991556351,0.5989073388,0.4189008417,0.4291037993,0.4288404658
12.3,2.694301313,2.771275928,2.77062341,2.694301313,2.771275928,2.77062341,0.004553850998,0.004553851019,0.2202185003,0.2301783687,0.1902305701,0.5989513866,0.5991597426,0.5989136417,0.4189074985,0.4291081564,0.4288471493
12.32,2.694317848,2.771286779,2.770640019,2.694317848,2.771286779,2.770640019,0.004528109903,0.004528109922,0.2202171775,0.2301775007,0.1902292414,0.5989577398,0.5991638343,0.5989199069,0.4189141125,0.4291124967,0.4288537928
12.34,2.694334277,2.771297588,2.770656529,2.694334277,2.771297588,2.770656528,0.00450251673,0.004502516746,0.2202158632,0.2301766359,0.1902279207,0.5989640521,0.5991679104,0.5989261345,0.418920684,0.4291168204,0.4288603966
12.36,2.6943506,2.771308356,2.770672939,2.6943506,2.771308356,2.770672939,0.004477070588,0.004477070601,0.2202145573,0.2301757745,0.1902266078,0.5989703238,0.5991719706,0.5989323249,0.4189272134,0.4291211275,0.4288669608
12.38,2.694366819,2.771319082,2.770689252,2.694366819,2.771319082,2.770689252,0.004451770595,0.004451770604,0.2202132598,0.2301749164,0.1902253028,0.5989765552,0.5991760152,0.5989384781,0.4189337009,0.4291254178,0.4288734859
12.4,2.694382934,2.771329766,2.770705467,2.694382933,2.771329766,2.770705467,0.004426615873,0.004426615879,0.2202119706,0.2301740617,0.1902240056,0.5989827466,0.5991800441,0.5989445946,0.4189401468,0.4291296916,0.4288799719
12.42,2.694398945,2.771340409,2.770721585,2.694398945,2.771340409,2.770721585,0.00440160555,0.004401605553,0.2202106897,0.2301732103,0.1902227162,0.5989888983,0.5991840572,0.5989506745,0.4189465513,0.4291339487,0.4288864192
12.44,2.694414854,2.77135101,2.770737607,2.694414854,2.77135101,2.770737607,0.00437673876,0.00437673876,0.220209417,0.2301723622,0.1902214344,0.5989950105,0.5991880547,0.598956718,0.4189529149,0.4291381892,0.4288928281
12.46,2.694430661,2.77136157,2.770753534,2.694430661,2.77136157,2.770753534,0.004352014643,0.004352014642,0.2202081525,0.2301715174,0.1902201603,0.5990010836,0.5991920364,0.5989627255,0.4189592377,0.429142413,0.4288991987
12.48,2.694446367,2.771372088,2.770769365,2.694446367,2.771372088,2.770769365,0.004327432345,0.004327432343,0.220206896,0.2301706759,0.1902188937,0.5990071177,0.5991960025,0.5989686971,0.4189655201,0.4291466203,0.4289055313
12.5,2.694461972,2.771382564,2.770785103,2.694461972,2.771382564,2.770785103,0.004302991018,0.004302991016,0.2202056475,0.2301698378,0.1902176348,0.5990131132,0.5991999529,0.598974633,0.4189717623,0.4291508109,0.4289118262
12.52,2.694477478,2.771393,2.770800746,2.694477478,2.771393,2.770800746,0.004278689819,0.004278689817,0.2202044071,0.230169003,0.1902163833,0.5990190704,0.5992038877,0.5989805335,0.4189779646,0.429154985,0.4289180836
12.54,2.694492885,2.771403393,2.770816296,2.694492885,2.771403393,2.770816296,0.004254527912,0.00425452791,0.2202031745,0.2301681715,0.1902151393,0.5990249894,0.5992078068,0.5989863988,0.4189841274,0.4291591425,0.4289243037
12.56,2.694508193,2.771413746,2.770831754,2.694508193,2.771413746,2.770831754,0.004230504464,0.004230504462,0.2202019499,0.2301673433,0.1902139027,0.5990308707,0.5992117102,0.5989922292,0.4189902507,0.4291632834,0.4289304867
12.58,2.694523404,2.771424057,2.77084712,2.694523404,2.771424057,2.77084712,0.00420661865,0.004206618648,0.220200733,0.2301665184,0.1902126734,0.5990367143,0.5992155981,0.5989980248,0.4189963351,0.4291674078,0.428936633
12.6,2.694538518,2.771434326,2.770862394,2.694538518,2.771434326,2.770862394,0.004182869648,0.004182869646,0.2201995239,0.2301656969,0.1902114515,0.5990425207,0.5992194703,0.5990037859,0.4190023806,0.4291715156,0.4289427427
12.62,2.694553536,2.771444554,2.770877577,2.694553536,2.771444554,2.770877577,0.004159256644,0.004159256642,0.2201983225,0.2301648786,0.1902102368,0.59904829,0.599223327,0.5990095127,0.4190083876,0.429175607,0.4289488162
12.64,2.694568457,2.771454742,2.770892671,2.694568458,2.771454742,2.770892671,0.004135778827,0.004135778825,0.2201971287,0.2301640636,0.1902090293,0.5990540225,0.5992271681,0.5990152054,0.4190143564,0.4291796818,0.4289548535
12.66,2.694583284,2.771464887,2.770907674,2.694583284,2.771464887,2.770907674,0.004112435393,0.004112435391,0.2201959426,0.230163252,0.190207829,0.5990597185,0.5992309936,0.5990208642,0.4190202871,0.4291837401,0.4289608549
12.68,2.694598017,2.771474992,2.770922589,2.694598017,2.771474992,2.770922589,0.004089225542,0.004089225541,0.220194764,0.2301624436,0.1902066359,0.5990653782,0.5992348036,0.5990264895,0.4190261802,0.429187782,0.4289668207
12.7,2.694612656,2.771485056,2.770937415,2.694612656,2.771485056,2.770937415,0.004066148481,0.00406614848,0.2201935929,0.2301616385,0.1902054498,0.5990710019,0.599238598,0.5990320812,0.4190320357,0.4291918075,0.4289727512
12.72,2.694627202,2.771495078,2.770952153,2.694627202,2.771495078,2.770952153,0.004043203421,0.004043203419,0.2201924292,0.2301608367,0.1902042707,0.5990765898,0.599242377,0.5990376398,0.4190378541,0.4291958165,0.4289786464
12.74,2.694641655,2.77150506,2.770966804,2.694641655,2.77150506,2.770966804,0.004020389577,0.004020389576,0.2201912729,0.2301600382,0.1902030987,0.5990821422,0.5992461405,0.5990431654,0.4190436355,0.4291998091,0.4289845067
12.76,2.694656017,2.771515,2.770981368,2.694656017,2.771515,2.770981368,0.003997706172,0.003997706171,0.220190124,0.2301592429,0.1902019336,0.5990876593,0.5992498885,0.5990486581,0.4190493802,0.4292037853,0.4289903322
12.78,2.694670288,2.7715249,2.770995845,2.694670288,2.7715249,2.770995845,0.003975152431,0.00397515243,0.2201889823,0.230158451,0.1902007754,0.5990931413,0.5992536211,0.5990541183,0.4190550885,0.4292077452,0.4289961232
12.8,2.694684468,2.771534759,2.771010237,2.694684468,2.771534759,2.771010237,0.003952727587,0.003952727586,0.2201878479,0.2301576622,0.190199624,0.5990985886,0.5992573382,0.5990595461,0.4190607606,0.4292116888,0.42900188
12.82,2.694698558,2.771544577,2.771024544,2.694698558,2.771544577,2.771024544,0.003930430875,0.003930430874,0.2201867207,0.2301568768,0.1901984795,0.5991040012,0.59926104,0.5990649418,0.4190663967,0.429215616,0.4290076026
12.84,2.69471256,2.771554354,2.771038766,2.69471256,2.771554354,2.771038766,0.003908261538,0.003908261537,0.2201856006,0.2301560946,0.1901973417,0.5991093796,0.5992647264,0.5990703054,0.4190719972,0.4292195269,0.4290132914
12.86,2.694726472,2.771564091,2.771052903,2.694726472,2.771564091,2.771052903,0.003886218821,0.00388621882,0.2201844876,0.2301553157,0.1901962107,0.5991147239,0.5992683974,0.5990756373,0.4190775622,0.4292234216,0.4290189465
12.88,2.694740297,2.771573787,2.771066958,2.694740297,2.771573787,2.771066958,0.003864301976,0.003864301974,0.2201833816,0.23015454,0.1901950864,0.5991200343,0.5992720532,0.5990809376,0.419083092,0.4292273,0.4290245682
12.9,2.694754034,2.771583443,2.771080929,2.694754034,2.771583443,2.771080929,0.003842510259,0.003842510257,0.2201822826,0.2301537675,0.1901939687,0.5991253111,0.5992756936,0.5990862066,0.4190885868,0.4292311623,0.4290301567
12.92,2.694767684,2.771593058,2.771094817,2.694767684,2.771593058,2.771094817,0.003820842931,0.003820842928,0.2201811906,0.2301529983,0.1901928576,0.5991305545,0.5992793187,0.5990914443,0.4190940469,0.4292350083,0.4290357121
12.94,2.694781248,2.771602633,2.771108624,2.694781248,2.771602633,2.771108624,0.003799299257,0.003799299254,0.2201801055,0.2301522324,0.1901917531,0.5991357647,0.5992829286,0.5990966511,0.4190994725,0.4292388382,0.4290412347
12.96,2.694794726,2.771612167,2.771122349,2.694794726,2.771612167,2.771122349,0.003777878509,0.003777878504,0.2201790272,0.2301514696,0.190190655,0.599140942,0.5992865233,0.5991018272,0.4191048638,0.4292426519,0.4290467248
12.98,2.694808119,2.771621661,2.771135993,2.694808119,2.771621661,2.771135993,0.00375657996,0.003756579955,0.2201779558,0.2301507101,0.1901895635,0.5991460866,0.5992901027,0.5991069726,0.4191102212,0.4292464496,0.4290521824
13,2.694821428,2.771631115,2.771149557,2.694821428,2.771631115,2.771149557,0.003735402891,0.003735402884,0.2201768911,0.2301499538,0.1901884784,0.5991511987,0.599293667,0.5991120877,0.4191155447,0.4292502311,0.4290576078
13.02,2.694834653,2.771640529,2.77116304,2.694834653,2.771640529,2.77116304,0.003714346586,0.003714346578,0.2201758331,0.2301492007,0.1901873997,0.5991562786,0.5992972162,0.5991171725,0.4191208347,0.4292539967,0.4290630013
13.04,2.694847795,2.771649903,2.771176444,2.694847795,2.771649902,2.771176444,0.003693410333,0.003693410325,0.2201747817,0.2301484508,0.1901863274,0.5991613264,0.5993007503,0.5991222273,0.4191260913,0.4292577462,0.4290683629
13.06,2.694860854,2.771659236,2.771189769,2.694860854,2.771659236,2.77118977,0.003672593427,0.003672593418,0.220173737,0.2301477041,0.1901852614,0.5991663424,0.5993042692,0.5991272524,0.4191313149,0.4292614797,0.4290736929
13.08,2.694873831,2.77166853,2.771203016,2.694873831,2.77166853,2.771203016,0.003651895166,0.003651895155,0.2201726989,0.2301469605,0.1901842017,0.5991713268,0.5993077731,0.5991322477,0.4191365056,0.4292651973,0.4290789916
13.1,2.694886726,2.771677784,2.771216185,2.694886726,2.771677784,2.771216185,0.003631314851,0.003631314839,0.2201716673,0.2301462202,0.1901831482,0.5991762798,0.599311262,0.5991372137,0.4191416636,0.4292688989,0.4290842591
13.12,2.69489954,2.771686999,2.771229276,2.69489954,2.771686999,2.771229276,0.00361085179,0.003610851777,0.2201706422,0.2301454831,0.1901821009,0.5991812016,0.5993147359,0.5991421503,0.4191467892,0.4292725847,0.4290894955
13.14,2.694912273,2.771696174,2.77124229,2.694912273,2.771696173,2.77124229,0.003590505294,0.00359050528,0.2201696235,0.2301447491,0.1901810598,0.5991860925,0.5993181948,0.5991470579,0.4191518826,0.4292762546,0.4290947012
13.16,2.694924927,2.771705309,2.771255228,2.694924927,2.771705309,2.771255228,0.003570274678,0.003570274663,0.2201686112,0.2301440183,0.1901800248,0.5991909526,0.5993216388,0.5991519366,0.419156944,0.4292799086,0.4290998762
13.18,2.694937501,2.771714404,2.771268089,2.694937501,2.771714404,2.771268089,0.003550159264,0.003550159248,0.2201676053,0.2301432906,0.1901789958,0.5991957822,0.5993250679,0.5991567866,0.4191619737,0.4292835469,0.4291050208
13.2,2.694949996,2.771723461,2.771280875,2.694949996,2.771723461,2.771280875,0.003530158374,0.003530158357,0.2201666056,0.2301425661,0.190177973,0.5992005814,0.5993284821,0.599161608,0.4191669718,0.4292871695,0.4291101351
13.22,2.694962413,2.771732478,2.771293586,2.694962413,2.771732478,2.771293586,0.003510271338,0.003510271321,0.2201656123,0.2301418447,0.1901769561,0.5992053505,0.5993318815,0.5991664011,0.4191719385,0.4292907763,0.4291152195
13.24,2.694974752,2.771741456,2.771306222,2.694974752,2.771741455,2.771306222,0.003490497489,0.003490497471,0.2201646252,0.2301411265,0.1901759452,0.5992100897,0.5993352661,0.599171166,0.4191768741,0.4292943674,0.4291202739
13.26,2.694987014,2.771750394,2.771318784,2.694987014,2.771750394,2.771318784,0.003470836163,0.003470836145,0.2201636442,0.2301404114,0.1901749403,0.5992147992,0.5993386359,0.5991759029,0.4191817788,0.4292979428,0.4291252987
13.28,2.694999199,2.771759294,2.771331272,2.694999199,2.771759294,2.771331272,0.003451286702,0.003451286684,0.2201626694,0.2301396995,0.1901739412,0.5992194791,0.599341991,0.5991806119,0.4191866528,0.4293015027,0.429130294
13.3,2.695011307,2.771768154,2.771343687,2.695011307,2.771768154,2.771343687,0.003431848451,0.003431848434,0.2201617008,0.2301389906,0.190172948,0.5992241298,0.5993453314,0.5991852933,0.4191914962,0.429305047,0.42913526
13.32,2.69502334,2.771776976,2.771356029,2.69502334,2.771776976,2.771356029,0.003412520761,0.003412520744,0.2201607381,0.2301382849,0.1901719606,0.5992287513,0.5993486571,0.5991899472,0.4191963094,0.4293085757,0.4291401968
13.34,2.695035298,2.771785759,2.771368299,2.695035298,2.771785759,2.771368299,0.003393302984,0.003393302968,0.2201597815,0.2301375822,0.1901709791,0.5992333438,0.5993519682,0.5991945738,0.4192010925,0.4293120889,0.4291451047
13.36,2.695047181,2.771794504,2.771380497,2.695047181,2.771794504,2.771380497,0.003374194478,0.003374194463,0.2201588309,0.2301368827,0.1901700032,0.5992379077,0.5993552647,0.5991991733,0.4192058457,0.4293155866,0.4291499839
13.38,2.69505899,2.771803209,2.771392623,2.69505899,2.771803209,2.771392623,0.003355194606,0.003355194592,0.2201578862,0.2301361862,0.1901690331,0.599242443,0.5993585466,0.5992037457,0.4192105692,0.4293190689,0.4291548344
13.4,2.695070725,2.771811877,2.771404679,2.695070725,2.771811877,2.771404679,0.003336302732,0.00333630272,0.2201569474,0.2301354928,0.1901680687,0.59924695,0.599361814,0.5992082914,0.4192152632,0.4293225358,0.4291596566
13.42,2.695082387,2.771820506,2.771416663,2.695082387,2.771820506,2.771416663,0.003317518227,0.003317518216,0.2201560144,0.2301348025,0.1901671099,0.5992514288,0.599365067,0.5992128104,0.419219928,0.4293259874,0.4291644505
13.44,2.695093976,2.771829096,2.771428578,2.695093976,2.771829096,2.771428578,0.003298840464,0.003298840455,0.2201550873,0.2301341153,0.1901661567,0.5992558796,0.5993683054,0.5992173029,0.4192245636,0.4293294236,0.4291692163
13.46,2.695105492,2.771837649,2.771440423,2.695105493,2.771837649,2.771440423,0.003280268821,0.003280268814,0.2201541659,0.2301334311,0.1901652091,0.5992603027,0.5993715295,0.5992217691,0.4192291704,0.4293328446,0.4291739543
13.48,2.695116938,2.771846163,2.771452199,2.695116938,2.771846163,2.771452199,0.00326180268,0.003261802675,0.2201532503,0.2301327499,0.1901642671,0.5992646982,0.5993747391,0.5992262092,0.4192337484,0.4293362503,0.4291786646
13.5,2.695128311,2.771854639,2.771463905,2.695128311,2.771854639,2.771463905,0.003243441425,0.003243441423,0.2201523404,0.2301320718,0.1901633305,0.5992690663,0.5993779345,0.5992306233,0.4192382979,0.4293396408,0.4291833473
13.52,2.695139614,2.771863078,2.771475544,2.695139614,2.771863078,2.771475544,0.003225184446,0.003225184446,0.2201514362,0.2301313968,0.1901623995,0.5992734072,0.5993811155,0.5992350115,0.4192428191,0.4293430162,0.4291880026
13.54,2.695150847,2.771871478,2.771487114,2.695150847,2.771871478,2.771487114,0.003207031136,0.003207031139,0.2201505376,0.2301307247,0.1901614738,0.599277721,0.5993842822,0.5992393741,0.4192473122,0.4293463764,0.4291926308
13.56,2.69516201,2.771879841,2.771498617,2.69516201,2.771879841,2.771498617,0.003188980892,0.003188980897,0.2201496445,0.2301300557,0.1901605536,0.599282008,0.5993874348,0.5992437112,0.4192517773,0.4293497215,0.4291972319
13.58,2.695173103,2.771888166,2.771510052,2.695173103,2.771888166,2.771510052,0.003171033114,0.003171033121,0.2201487571,0.2301293897,0.1901596388,0.5992862683,0.5993905731,0.5992480229,0.4192562147,0.4293530517,0.4292018061
13.6,2.695184128,2.771896454,2.771521421,2.695184128,2.771896454,2.771521421,0.003153187206,0.003153187216,0.2201478751,0.2301287266,0.1901587293,0.5992905021,0.5993936973,0.5992523094,0.4192606245,0.4293563668,0.4292063537
13.62,2.695195084,2.771904704,2.771532724,2.695195084,2.771904705,2.771532724,0.003135442577,0.003135442589,0.2201469986,0.2301280666,0.1901578251,0.5992947096,0.5993968074,0.5992565709,0.419265007,0.4293596669,0.4292108746
13.64,2.695205972,2.771912918,2.77154396,2.695205972,2.771912918,2.77154396,0.003117798638,0.003117798652,0.2201461276,0.2301274096,0.1901569261,0.599298891,0.5993999035,0.5992608074,0.4192693622,0.4293629522,0.4292153693
13.66,2.695216793,2.771921094,2.771555131,2.695216793,2.771921094,2.771555131,0.003100254804,0.003100254821,0.2201452619,0.2301267555,0.1901560325,0.5993030464,0.5994029854,0.5992650193,0.4192736904,0.4293662226,0.4292198377
13.68,2.695227546,2.771929232,2.771566237,2.695227546,2.771929232,2.771566237,0.003082810494,0.003082810513,0.2201444016,0.2301261044,0.190155144,0.599307176,0.5994060534,0.5992692065,0.4192779918,0.4293694781,0.42922428
13.7,2.695238233,2.771937334,2.771577278,2.695238233,2.771937334,2.771577278,0.003065465131,0.003065465151,0.2201435467,0.2301254562,0.1901542607,0.5993112799,0.5994091075,0.5992733694,0.4192822665,0.4293727189,0.4292286964
13.72,2.695248853,2.771945399,2.771588255,2.695248853,2.771945399,2.771588255,0.00304821814,0.003048218161,0.2201426971,0.230124811,0.1901533826,0.5993153585,0.5994121476,0.5992775079,0.4192865147,0.4293759449,0.4292330872
13.74,2.695259408,2.771953428,2.771599168,2.695259408,2.771953428,2.771599168,0.003031068951,0.003031068974,0.2201418527,0.2301241688,0.1901525095,0.5993194117,0.5994151739,0.5992816223,0.4192907366,0.4293791562,0.4292374523
13.76,2.695269898,2.771961419,2.771610017,2.695269897,2.771961419,2.771610017,0.003014016998,0.003014017021,0.2201410135,0.2301235294,0.1901516416,0.5993234398,0.5994181864,0.5992857128,0.4192949324,0.4293823528,0.429241792
13.78,2.695280322,2.771969374,2.771620803,2.695280322,2.771969374,2.771620803,0.002997061716,0.002997061739,0.2201401796,0.230122893,0.1901507787,0.599327443,0.599421185,0.5992897794,0.4192991022,0.4293855349,0.4292461065
13.8,2.695290682,2.771977293,2.771631527,2.695290682,2.771977293,2.771631527,0.002980202546,0.002980202569,0.2201393508,0.2301222595,0.1901499208,0.5993314214,0.59942417,0.5992938222,0.4193032462,0.4293887023,0.4292503958
13.82,2.695300978,2.771985175,2.771642188,2.695300978,2.771985175,2.771642187,0.002963438931,0.002963438953,0.2201385271,0.230121629,0.190149068,0.5993353752,0.5994271412,0.5992978416,0.4193073646,0.4293918552,0.4292546602
13.84,2.695311211,2.771993021,2.771652786,2.695311211,2.771993021,2.771652786,0.002946770318,0.002946770339,0.2201377085,0.2301210013,0.19014822,0.5993393046,0.5994300987,0.5993018375,0.4193114576,0.4293949937,0.4292588998
13.86,2.69532138,2.772000831,2.771663324,2.69532138,2.772000831,2.771663324,0.002930196157,0.002930196176,0.2201368949,0.2301203765,0.1901473771,0.5993432096,0.5994330427,0.5993058102,0.4193155253,0.4293981177,0.4292631147
13.88,2.695331486,2.772008605,2.7716738,2.695331486,2.772008605,2.7716738,0.002913715901,0.002913715919,0.2201360864,0.2301197545,0.190146539,0.5993470905,0.599435973,0.5993097598,0.4193195679,0.4294012273,0.4292673051
13.9,2.69534153,2.772016344,2.771684215,2.69534153,2.772016344,2.771684215,0.002897329008,0.002897329024,0.2201352829,0.2301191355,0.1901457058,0.5993509475,0.5994388898,0.5993136864,0.4193235855,0.4294043226,0.4292714712
13.92,2.695351513,2.772024046,2.77169457,2.695351512,2.772024046,2.77169457,0.002881034938,0.002881034951,0.2201344843,0.2301185193,0.1901448774,0.5993547806,0.5994417931,0.5993175901,0.4193275784,0.4294074035,0.429275613
13.94,2.695361433,2.772031713,2.771704864,2.695361433,2.772031713,2.771704864,0.002864833154,0.002864833164,0.2201336907,0.230117906,0.1901440538,0.5993585901,0.599444683,0.5993214712,0.4193315466,0.4294104702,0.4292797308
13.96,2.695371293,2.772039344,2.771715099,2.695371293,2.772039344,2.771715099,0.002848723123,0.00284872313,0.2201329019,0.2301172955,0.1901432351,0.5993623761,0.5994475595,0.5993253297,0.4193354904,0.4294135227,0.4292838247
13.98,2.695381091,2.77204694,2.771725274,2.695381091,2.77204694,2.771725274,0.002832704314,0.002832704319,0.220132118,0.2301166878,0.190142421,0.5993661388,0.5994504225,0.5993291658,0.4193394099,0.429416561,0.4292878948
14,2.69539083,2.7720545,2.77173539,2.69539083,2.7720545,2.77173539,0.002816776202,0.002816776204,0.2201313389,0.230116083,0.1901416117,0.5993698782,0.5994532723,0.5993329796,0.4193433053,0.4294195851,0.4292919413
14.02,2.695400508,2.772062025,2.771745448,2.695400508,2.772062025,2.771745448,0.002800938261,0.002800938261,0.2201305647,0.230115481,0.1901408071,0.5993735947,0.5994561088,0.5993367712,0.4193471767,0.4294225952,0.4292959643
14.04,2.695410127,2.772069515,2.771755447,2.695410127,2.772069515,2.771755447,0.002785189972,0.002785189971,0.2201297951,0.2301148818,0.1901400072,0.5993772882,0.599458932,0.5993405409,0.4193510243,0.4294255912,0.429299964
14.06,2.695419687,2.77207697,2.771765388,2.695419687,2.77207697,2.771765388,0.002769530817,0.002769530816,0.2201290304,0.2301142853,0.1901392119,0.5993809591,0.5994617421,0.5993442886,0.4193548482,0.4294285733,0.4293039405
14.08,2.695429188,2.772084391,2.771775272,2.695429188,2.772084391,2.771775272,0.002753960283,0.002753960281,0.2201282703,0.2301136917,0.1901384212,0.5993846073,0.599464539,0.5993480146,0.4193586486,0.4294315414,0.4293078939
14.1,2.695438631,2.772091776,2.771785098,2.695438631,2.772091776,2.771785098,0.002738477859,0.002738477857,0.2201275149,0.2301131009,0.1901376351,0.5993882332,0.5994673227,0.599351719,0.4193624257,0.4294344956,0.4293118245
14.12,2.695448016,2.772099127,2.771794868,2.695448016,2.772099127,2.771794868,0.002723083037,0.002723083036,0.2201267641,0.2301125128,0.1901368536,0.5993918367,0.5994700934,0.5993554019,0.4193661796,0.429437436,0.4293157322
14.14,2.695457343,2.772106443,2.77180458,2.695457343,2.772106443,2.77180458,0.002707775313,0.002707775312,0.2201260179,0.2301119275,0.1901360765,0.5993954181,0.5994728511,0.5993590635,0.4193699104,0.4294403625,0.4293196173
14.16,2.695466613,2.772113725,2.771814237,2.695466613,2.772113725,2.771814237,0.002692554185,0.002692554183,0.2201252763,0.2301113449,0.190135304,0.5993989775,0.5994755959,0.5993627038,0.4193736184,0.4294432753,0.42932348
14.18,2.695475826,2.772120973,2.771823838,2.695475826,2.772120973,2.771823838,0.002677419154,0.002677419153,0.2201245393,0.2301107651,0.190134536,0.5994025151,0.5994783276,0.5993663231,0.4193773036,0.4294461743,0.4293273202
14.2,2.695484982,2.772128186,2.771833383,2.695484982,2.772128186,2.771833383,0.002662369725,0.002662369723,0.2201238067,0.2301101881,0.1901337724,0.5994060309,0.5994810465,0.5993699213,0.4193809663,0.4294490597,0.4293311382
14.22,2.695494083,2.772135366,2.771842873,2.695494083,2.772135366,2.771842873,0.002647405405,0.002647405403,0.2201230787,0.2301096137,0.1901330132,0.5994095252,0.5994837526,0.5993734988,0.4193846065,0.4294519315,0.4293349342
14.24,2.695503127,2.772142511,2.771852307,2.695503127,2.772142511,2.771852307,0.002632525704,0.002632525702,0.2201223551,0.2301090421,0.1901322584,0.5994129981,0.5994864458,0.5993770555,0.4193882243,0.4294547897,0.4293387081
14.26,2.695512117,2.772149623,2.771861688,2.695512117,2.772149623,2.771861688,0.002617730135,0.002617730134,0.220121636,0.2301084731,0.1901315079,0.5994164497,0.5994891263,0.5993805916,0.4193918201,0.4294576344,0.4293424603
14.28,2.695521051,2.772156701,2.771871014,2.695521051,2.772156701,2.771871014,0.002603018216,0.002603018214,0.2201209212,0.2301079069,0.1901307619,0.5994198802,0.599491794,0.5993841073,0.4193953938,0.4294604656,0.4293461907
14.3,2.695529931,2.772163745,2.771880286,2.695529931,2.772163745,2.771880286,0.002588389464,0.002588389463,0.2201202109,0.2301073433,0.1901300201,0.5994232896,0.5994944491,0.5993876026,0.4193989457,0.4294632833,0.4293498996
14.32,2.695538756,2.772170756,2.771889505,2.695538756,2.772170756,2.771889505,0.002573843403,0.002573843401,0.2201195048,0.2301067825,0.1901292826,0.5994266782,0.5994970916,0.5993910777,0.4194024759,0.4294660877,0.429353587
14.34,2.695547528,2.772177734,2.77189867,2.695547528,2.772177734,2.77189867,0.002559379556,0.002559379555,0.2201188031,0.2301062243,0.1901285494,0.5994300461,0.5994997215,0.5993945327,0.4194059845,0.4294688787,0.4293572532
14.36,2.695556246,2.772184678,2.771907782,2.695556246,2.772184678,2.771907782,0.002544997452,0.002544997451,0.2201181057,0.2301056687,0.1901278204,0.5994333934,0.5995023389,0.5993979677,0.4194094716,0.4294716564,0.4293608981
14.38,2.69556491,2.772191589,2.771916842,2.69556491,2.772191589,2.771916842,0.002530696621,0.00253069662,0.2201174125,0.2301051158,0.1901270956,0.5994367202,0.5995049437,0.5994013829,0.4194129374,0.4294744209,0.429364522
14.4,2.695573522,2.772198468,2.77192585,2.695573522,2.772198468,2.77192585,0.002516476597,0.002516476596,0.2201167236,0.2301045656,0.190126375,0.5994400267,0.5995075361,0.5994047783,0.4194163821,0.4294771722,0.429368125
14.42,2.695582081,2.772205313,2.771934805,2.695582081,2.772205313,2.771934805,0.002502336915,0.002502336915,0.2201160388,0.2301040179,0.1901256586,0.599443313,0.5995101161,0.5994081541,0.4194198058,0.4294799103,0.4293717072
14.44,2.695590588,2.772212125,2.771943709,2.695590588,2.772212125,2.771943709,0.002488277116,0.002488277115,0.2201153583,0.2301034729,0.1901249463,0.5994465792,0.5995126838,0.5994115105,0.4194232086,0.4294826354,0.4293752687
14.46,2.695599043,2.772218905,2.771952561,2.695599043,2.772218905,2.771952561,0.00247429674,0.00247429674,0.2201146819,0.2301029305,0.1901242381,0.5994498255,0.5995152391,0.5994148474,0.4194265906,0.4294853473,0.4293788097
14.48,2.695607447,2.772225653,2.771961363,2.695607447,2.772225653,2.771961363,0.002460395333,0.002460395332,0.2201140096,0.2301023907,0.190123534,0.599453052,0.5995177822,0.5994181651,0.4194299521,0.4294880463,0.4293823302
14.5,2.695615799,2.772232368,2.771970113,2.695615799,2.772232368,2.771970113,0.00244657244,0.002446572439,0.2201133414,0.2301018535,0.1901228339,0.5994562589,0.5995203131,0.5994214636,0.419433293,0.4294907323,0.4293858304
14.52,2.695624101,2.77223905,2.771978813,2.695624101,2.77223905,2.771978813,0.002432827613,0.002432827611,0.2201126773,0.2301013189,0.1901221379,0.5994594462,0.5995228317,0.5994247431,0.4194366136,0.4294934053,0.4293893105
14.54,2.695632352,2.772245701,2.771987463,2.695632352,2.772245701,2.771987463,0.002419160404,0.002419160402,0.2201120172,0.2301007869,0.1901214459,0.599462614,0.5995253383,0.5994280037,0.419439914,0.4294960656,0.4293927705
14.56,2.695640552,2.772252319,2.771996063,2.695640552,2.772252319,2.771996063,0.002405570367,0.002405570365,0.2201113611,0.2301002574,0.1901207579,0.5994657626,0.5995278327,0.5994312454,0.4194431943,0.4294987129,0.4293962105
14.58,2.695648703,2.772258906,2.772004614,2.695648703,2.772258906,2.772004614,0.002392057062,0.002392057059,0.2201107091,0.2300997305,0.1901200738,0.599468892,0.5995303151,0.5994344685,0.4194464547,0.4295013476,0.4293996308
14.6,2.695656805,2.772265461,2.772013115,2.695656805,2.772265461,2.772013115,0.002378620048,0.002378620044,0.220110061,0.2300992061,0.1901193937,0.5994720024,0.5995327855,0.599437673,0.4194496952,0.4295039695,0.4294030313
14.62,2.695664857,2.772271984,2.772021568,2.695664857,2.772271984,2.772021568,0.002365258889,0.002365258884,0.2201094168,0.2300986843,0.1901187176,0.5994750939,0.599535244,0.599440859,0.419452916,0.4295065787,0.4294064122
14.64,2.69567286,2.772278475,2.772029971,2.69567286,2.772278475,2.772029971,0.00235197315,0.002351973145,0.2201087765,0.230098165,0.1901180453,0.5994781665,0.5995376905,0.5994440267,0.4194561173,0.4295091752,0.4294097737
14.66,2.695680814,2.772284935,2.772038327,2.695680814,2.772284935,2.772038327,0.002338762401,0.002338762394,0.2201081402,0.2300976482,0.1901173768,0.5994812205,0.5995401252,0.5994471761,0.4194592991,0.4295117592,0.4294131158
14.68,2.695688721,2.772291364,2.772046634,2.695688721,2.772291364,2.772046634,0.00232562621,0.002325626203,0.2201075077,0.2300971339,0.1901167123,0.5994842559,0.5995425481,0.5994503073,0.4194624616,0.4295143307,0.4294164387
14.7,2.695696579,2.772297761,2.772054893,2.695696579,2.772297761,2.772054893,0.002312564153,0.002312564145,0.220106879,0.2300966221,0.1901160515,0.5994872729,0.5995449591,0.5994534206,0.4194656049,0.4295168897,0.4294197425
14.72,2.69570439,2.772304128,2.772063105,2.69570439,2.772304128,2.772063105,0.002299575806,0.002299575796,0.2201062542,0.2300961128,0.1901153946,0.5994902716,0.5995473585,0.5994565159,0.4194687292,0.4295194362,0.4294230272
14.74,2.695712153,2.772310463,2.77207127,2.695712153,2.772310463,2.77207127,0.002286660745,0.002286660735,0.2201056331,0.2300956059,0.1901147414,0.5994932521,0.5995497462,0.5994595934,0.4194718345,0.4295219704,0.4294262931
14.76,2.695719869,2.772316768,2.772079388,2.695719869,2.772316767,2.772079388,0.002273818554,0.002273818542,0.2201050158,0.2300951016,0.190114092,0.5994962145,0.5995521222,0.5994626532,0.419474921,0.4295244922,0.4294295402
14.78,2.695727538,2.772323041,2.772087459,2.695727538,2.772323041,2.772087459,0.002261048814,0.002261048802,0.2201044023,0.2300945997,0.1901134463,0.5994991589,0.5995544866,0.5994656953,0.4194779887,0.4295270017,0.4294327686
14.8,2.695735161,2.772329284,2.772095483,2.695735161,2.772329284,2.772095483,0.002248351113,0.002248351099,0.2201037924,0.2300941002,0.1901128043,0.5995020855,0.5995568395,0.59946872,0.4194810379,0.4295294989,0.4294359784
14.82,2.695742738,2.772335497,2.772103462,2.695742738,2.772335497,2.772103462,0.002235725038,0.002235725024,0.2201031863,0.2300936032,0.190112166,0.5995049944,0.5995591809,0.5994717273,0.4194840687,0.429531984,0.4294391699
14.84,2.695750269,2.772341679,2.772111394,2.695750269,2.772341679,2.772111394,0.00222317018,0.002223170165,0.2201025838,0.2300931086,0.1901115314,0.5995078856,0.5995615108,0.5994747173,0.419487081,0.4295344568,0.4294423429
14.86,2.695757755,2.772347831,2.772119282,2.695757755,2.772347831,2.772119282,0.002210686133,0.002210686117,0.220101985,0.2300926165,0.1901109004,0.5995107594,0.5995638293,0.5994776901,0.4194900752,0.4295369176,0.4294454978
14.88,2.695765195,2.772353953,2.772127123,2.695765195,2.772353953,2.772127123,0.002198272492,0.002198272476,0.2201013897,0.2300921267,0.1901102731,0.5995136157,0.5995661364,0.5994806458,0.4194930513,0.4295393663,0.4294486345
14.9,2.69577259,2.772360045,2.77213492,2.69577259,2.772360045,2.77213492,0.002185928855,0.002185928838,0.2201007981,0.2300916394,0.1901096494,0.5995164548,0.5995684322,0.5994835845,0.4194960093,0.4295418031,0.4294517532
14.92,2.69577994,2.772366107,2.772142672,2.69577994,2.772366107,2.772142672,0.002173654823,0.002173654806,0.2201002101,0.2300911544,0.1901090292,0.5995192767,0.5995707168,0.5994865064,0.4194989495,0.4295442278,0.429454854
14.94,2.695787246,2.772372139,2.77215038,2.695787246,2.772372139,2.77215038,0.002161449999,0.002161449981,0.2200996256,0.2300906719,0.1901084126,0.5995220815,0.5995729901,0.5994894115,0.4195018719,0.4295466406,0.429457937
14.96,2.695794508,2.772378141,2.772158043,2.695794508,2.772378141,2.772158043,0.002149313987,0.002149313969,0.2200990447,0.2300901917,0.1901077995,0.5995248694,0.5995752522,0.5994922998,0.4195047767,0.4295490416,0.4294610023
14.98,2.695801726,2.772384114,2.772165662,2.695801726,2.772384114,2.772165662,0.002137246395,0.002137246378,0.2200984672,0.2300897139,0.19010719,0.5995276405,0.5995775031,0.5994951716,0.4195076639,0.4295514307,0.4294640501
15,2.695808901,2.772390057,2.772173238,2.695808901,2.772390057,2.772173238,0.002125246833,0.002125246816,0.2200978933,0.2300892384,0.1901065839,0.5995303948,0.5995797429,0.5994980269,0.4195105337,0.4295538081,0.4294670803
15.02,2.695816032,2.772395971,2.77218077,2.695816032,2.772395971,2.77218077,0.002113314912,0.002113314896,0.2200973228,0.2300887653,0.1901059814,0.5995331325,0.5995819717,0.5995008659,0.4195133862,0.4295561737,0.4294700932
15.04,2.69582312,2.772401856,2.772188259,2.69582312,2.772401856,2.772188259,0.002101450248,0.002101450233,0.2200967557,0.2300882945,0.1901053822,0.5995358536,0.5995841895,0.5995036885,0.4195162215,0.4295585276,0.4294730888
15.06,2.695830166,2.772407712,2.772195705,2.695830166,2.772407712,2.772195705,0.002089652457,0.002089652442,0.2200961921,0.230087826,0.1901047866,0.5995385584,0.5995863963,0.5995064949,0.4195190397,0.4295608699,0.4294760672
15.08,2.695837169,2.772413539,2.772203108,2.695837169,2.772413539,2.772203108,0.002077921158,0.002077921144,0.2200956318,0.2300873599,0.1901041943,0.5995412468,0.5995885922,0.5995092853,0.419521841,0.4295632006,0.4294790285
15.1,2.69584413,2.772419337,2.772210469,2.69584413,2.772419337,2.772210469,0.002066255971,0.002066255959,0.2200950749,0.230086896,0.1901036054,0.599543919,0.5995907772,0.5995120596,0.4195246253,0.4295655198,0.4294819729
15.12,2.695851049,2.772425106,2.772217788,2.695851049,2.772425106,2.772217788,0.002054656521,0.00205465651,0.2200945214,0.2300864345,0.1901030199,0.5995465752,0.5995929513,0.599514818,0.4195273929,0.4295678275,0.4294849004
15.14,2.695857926,2.772430846,2.772225065,2.695857926,2.772430846,2.772225065,0.002043122432,0.002043122423,0.2200939712,0.2300859753,0.1901024378,0.5995492153,0.5995951147,0.5995175606,0.4195301438,0.4295701237,0.4294878111
15.16,2.695864762,2.772436559,2.7722323,2.695864762,2.772436558,2.7722323,0.002031653333,0.002031653325,0.2200934244,0.2300855183,0.190101859,0.5995518396,0.5995972673,0.5995202875,0.4195328782,0.4295724086,0.4294907052
15.18,2.695871557,2.772442242,2.772239494,2.695871557,2.772442242,2.772239494,0.002020248854,0.002020248848,0.2200928808,0.2300850636,0.1901012835,0.599554448,0.5995994093,0.5995229988,0.4195355961,0.429574682,0.4294935826
15.2,2.695878311,2.772447898,2.772246646,2.695878311,2.772447898,2.772246646,0.002008908626,0.002008908622,0.2200923405,0.2300846112,0.1901007113,0.5995570407,0.5996015405,0.5995256945,0.4195382977,0.4295769442,0.4294964437
15.22,2.695885024,2.772453525,2.772253758,2.695885024,2.772453525,2.772253758,0.001997632284,0.001997632282,0.2200918034,0.230084161,0.1901001423,0.5995596179,0.5996036612,0.5995283748,0.419540983,0.4295791951,0.4294992883
15.24,2.695891697,2.772459124,2.772260829,2.695891697,2.772459124,2.772260829,0.001986419464,0.001986419465,0.2200912696,0.230083713,0.1900995767,0.5995621795,0.5996057712,0.5995310398,0.4195436522,0.4295814348,0.4295021166
15.26,2.69589833,2.772464695,2.772267859,2.69589833,2.772464695,2.772267859,0.001975269805,0.001975269808,0.2200907389,0.2300832673,0.1900990142,0.5995647258,0.5996078708,0.5995336894,0.4195463054,0.4295836633,0.4295049288
15.28,2.695904923,2.772470239,2.772274849,2.695904923,2.772470239,2.772274849,0.001964182948,0.001964182953,0.2200902115,0.2300828238,0.190098455,0.5995672567,0.5996099598,0.5995363239,0.4195489426,0.4295858808,0.4295077248
15.3,2.695911477,2.772475755,2.772281799,2.695911477,2.772475755,2.772281799,0.001953158535,0.001953158542,0.2200896872,0.2300823826,0.190097899,0.5995697725,0.5996120385,0.5995389434,0.419551564,0.4295880871,0.4295105049
15.32,2.695917991,2.772481243,2.77228871,2.695917991,2.772481243,2.77228871,0.001942196212,0.001942196221,0.2200891661,0.2300819435,0.1900973462,0.5995722731,0.5996141067,0.5995415478,0.4195541697,0.4295902824,0.4295132691
15.34,2.695924466,2.772486704,2.772295581,2.695924466,2.772486704,2.772295581,0.001931295624,0.001931295636,0.2200886481,0.2300815067,0.1900967965,0.5995747588,0.5996161646,0.5995441373,0.4195567597,0.4295924667,0.4295160174
15.36,2.695930902,2.772492137,2.772302412,2.695930902,2.772492137,2.772302412,0.001920456422,0.001920456436,0.2200881332,0.230081072,0.19009625,0.5995772295,0.5996182121,0.599546712,0.4195593342,0.4295946401,0.4295187501
15.38,2.6959373,2.772497544,2.772309205,2.6959373,2.772497544,2.772309205,0.001909678256,0.001909678271,0.2200876213,0.2300806395,0.1900957066,0.5995796854,0.5996202494,0.599549272,0.4195618933,0.4295968026,0.4295214671
15.4,2.695943659,2.772502923,2.772315959,2.695943659,2.772502923,2.772315959,0.001898960779,0.001898960797,0.2200871126,0.2300802091,0.1900951663,0.5995821266,0.5996222765,0.5995518173,0.419564437,0.4295989543,0.4295241686
15.42,2.69594998,2.772508275,2.772322674,2.69594998,2.772508275,2.772322674,0.001888303647,0.001888303666,0.2200866069,0.230079781,0.1900946291,0.5995845531,0.5996242934,0.5995543481,0.4195669655,0.4296010951,0.4295268546
15.44,2.695956264,2.7725136,2.77232935,2.695956264,2.7725136,2.77232935,0.001877706516,0.001877706537,0.2200861042,0.230079355,0.1900940949,0.5995869651,0.5996263002,0.5995568644,0.4195694789,0.4296032252,0.4295295253
15.46,2.695962509,2.772518899,2.772335989,2.695962509,2.772518899,2.772335989,0.001867169046,0.001867169068,0.2200856046,0.2300789311,0.1900935638,0.5995893626,0.5996282969,0.5995593663,0.4195719772,0.4296053446,0.4295321808
15.48,2.695968718,2.772524171,2.77234259,2.695968718,2.772524171,2.77234259,0.001856690897,0.00185669092,0.2200851079,0.2300785093,0.1900930358,0.5995917458,0.5996302835,0.599561854,0.4195744605,0.4296074534,0.4295348211
15.5,2.695974889,2.772529416,2.772349153,2.695974889,2.772529416,2.772349153,0.001846271734,0.001846271758,0.2200846142,0.2300780897,0.1900925107,0.5995941147,0.5996322601,0.5995643274,0.419576929,0.4296095515,0.4295374463
15.52,2.695981023,2.772534635,2.772355678,2.695981023,2.772534635,2.772355678,0.001835911221,0.001835911245,0.2200841235,0.2300776722,0.1900919887,0.5995964695,0.5996342268,0.5995667867,0.4195793827,0.429611639,0.4295400565
15.54,2.695987121,2.772539827,2.772362167,2.695987121,2.772539827,2.772362166,0.001825609024,0.001825609048,0.2200836357,0.2300772568,0.1900914696,0.5995988101,0.5996361835,0.5995692319,0.4195818217,0.4296137161,0.4295426518
15.56,2.695993182,2.772544994,2.772368618,2.695993182,2.772544994,2.772368618,0.001815364814,0.001815364837,0.2200831508,0.2300768435,0.1900909536,0.5996011368,0.5996381303,0.5995716631,0.4195842462,0.4296157826,0.4295452322
15.58,2.695999207,2.772550134,2.772375032,2.695999207,2.772550134,2.772375032,0.00180517826,0.001805178283,0.2200826688,0.2300764323,0.1900904404,0.5996034495,0.5996400674,0.5995740805,0.4195866562,0.4296178387,0.429547798
15.6,2.696005196,2.772555248,2.77238141,2.696005196,2.772555248,2.77238141,0.001795049035,0.001795049057,0.2200821896,0.2300760231,0.1900899302,0.5996057484,0.5996419946,0.5995764841,0.4195890518,0.4296198845,0.4295503491
15.62,2.696011149,2.772560337,2.772387751,2.696011149,2.772560337,2.772387751,0.001784976815,0.001784976835,0.2200817134,0.230075616,0.1900894229,0.5996080336,0.5996439121,0.5995788739,0.4195914331,0.4296219199,0.4295528857
15.64,2.696017067,2.7725654,2.772394057,2.696017067,2.7725654,2.772394056,0.001774961275,0.001774961294,0.22008124,0.230075211,0.1900889184,0.5996103051,0.5996458199,0.5995812501,0.4195938001,0.429623945,0.4295554078
15.66,2.696022949,2.772570437,2.772400326,2.696022949,2.772570437,2.772400326,0.001765002094,0.001765002111,0.2200807694,0.230074808,0.1900884169,0.5996125631,0.599647718,0.5995836128,0.419596153,0.4296259598,0.4295579155
15.68,2.696028796,2.772575448,2.772406559,2.696028796,2.772575448,2.772406559,0.001755098953,0.001755098967,0.2200803016,0.2300744071,0.1900879182,0.5996148076,0.5996496065,0.5995859619,0.4195984919,0.4296279644,0.4295604089
15.7,2.696034609,2.772580434,2.772412757,2.696034609,2.772580434,2.772412757,0.001745251533,0.001745251545,0.2200798366,0.2300740082,0.1900874224,0.5996170387,0.5996514854,0.5995882977,0.4196008169,0.4296299589,0.429562888
15.72,2.696040386,2.772585395,2.77241892,2.696040386,2.772585395,2.77241892,0.001735459517,0.001735459527,0.2200793744,0.2300736114,0.1900869294,0.5996192564,0.5996533548,0.5995906201,0.419603128,0.4296319432,0.4295653531
15.74,2.69604613,2.772590331,2.772425047,2.69604613,2.772590331,2.772425047,0.001725722593,0.0017257226,0.2200789149,0.2300732165,0.1900864392,0.599621461,0.5996552146,0.5995929293,0.4196054253,0.4296339175,0.4295678041
15.76,2.696051839,2.772595241,2.77243114,2.696051839,2.772595241,2.77243114,0.001716040447,0.001716040452,0.2200784582,0.2300728237,0.1900859518,0.5996236524,0.599657065,0.5995952253,0.4196077089,0.4296358817,0.4295702411
15.78,2.696057514,2.772600127,2.772437198,2.696057514,2.772600127,2.772437198,0.00170641277,0.001706412772,0.2200780042,0.2300724328,0.1900854672,0.5996258307,0.599658906,0.5995975082,0.4196099789,0.429637836,0.4295726642
15.8,2.696063155,2.772604988,2.772443221,2.696063155,2.772604988,2.772443221,0.00169683925,0.001696839251,0.2200775529,0.2300720439,0.1900849853,0.5996279961,0.5996607377,0.5995997781,0.4196122354,0.4296397803,0.4295750735
15.82,2.696068763,2.772609824,2.77244921,2.696068763,2.772609824,2.77244921,0.001687319583,0.001687319582,0.2200771043,0.2300716571,0.1900845062,0.5996301486,0.59966256,0.5996020351,0.4196144784,0.4296417147,0.4295774691
15.84,2.696074337,2.772614635,2.772455165,2.696074337,2.772614635,2.772455165,0.001677853462,0.001677853461,0.2200766584,0.2300712722,0.1900840298,0.5996322882,0.599664373,0.5996042792,0.4196167082,0.4296436392,0.4295798511
15.86,2.696079878,2.772619422,2.772461086,2.696079878,2.772619422,2.772461086,0.001668440584,0.001668440583,0.2200762151,0.2300708892,0.1900835561,0.5996344152,0.5996661767,0.5996065105,0.4196189246,0.429645554,0.4295822195
15.88,2.696085386,2.772624184,2.772466973,2.696085386,2.772624184,2.772466973,0.001659080648,0.001659080647,0.2200757744,0.2300705082,0.1900830851,0.5996365294,0.5996679713,0.5996087291,0.4196211279,0.4296474589,0.4295845744
15.9,2.696090862,2.772628922,2.772472827,2.696090862,2.772628922,2.772472827,0.001649773355,0.001649773353,0.2200753364,0.2300701292,0.1900826168,0.5996386311,0.5996697567,0.599610935,0.419623318,0.4296493542,0.4295869158
15.92,2.696096305,2.772633636,2.772478647,2.696096305,2.772633636,2.772478647,0.001640518405,0.001640518403,0.220074901,0.2300697521,0.1900821512,0.5996407203,0.5996715329,0.5996131284,0.4196254952,0.4296512397,0.429589244
15.94,2.696101715,2.772638326,2.772484434,2.696101715,2.772638326,2.772484434,0.001631315502,0.001631315501,0.2200744681,0.2300693769,0.1900816882,0.599642797,0.5996733001,0.5996153093,0.4196276594,0.4296531156,0.4295915589
15.96,2.696107093,2.772642992,2.772490189,2.696107093,2.772642992,2.772490189,0.001622164352,0.001622164351,0.2200740379,0.2300690036,0.1900812279,0.5996448615,0.5996750582,0.5996174778,0.4196298107,0.429654982,0.4295938606
15.98,2.69611244,2.772647634,2.77249591,2.69611244,2.772647634,2.77249591,0.001613064662,0.00161306466,0.2200736101,0.2300686323,0.1900807701,0.5996469136,0.5996768074,0.5996196339,0.4196319493,0.4296568387,0.4295961493
16,2.696117754,2.772652252,2.772501599,2.696117754,2.772652252,2.772501599,0.00160401614,0.001604016138,0.220073185,0.2300682628,0.190080315,0.5996489536,0.5996785475,0.5996217778,0.4196340751,0.429658686,0.4295984249
16.02,2.696123038,2.772656847,2.772507256,2.696123038,2.772656847,2.772507256,0.001595018496,0.001595018495,0.2200727623,0.2300678952,0.1900798625,0.5996509814,0.5996802788,0.5996239094,0.4196361884,0.4296605238,0.4296006875
16.04,2.696128289,2.772661417,2.77251288,2.696128289,2.772661417,2.77251288,0.001586071443,0.001586071442,0.2200723422,0.2300675296,0.1900794125,0.5996529972,0.5996820012,0.5996260289,0.4196382891,0.4296623522,0.4296029373
16.06,2.69613351,2.772665965,2.772518473,2.69613351,2.772665965,2.772518473,0.001577174694,0.001577174693,0.2200719245,0.2300671658,0.1900789651,0.5996550011,0.5996837147,0.5996281364,0.4196403774,0.4296641711,0.4296051743
16.08,2.6961387,2.772670489,2.772524033,2.6961387,2.772670489,2.772524034,0.001568327965,0.001568327963,0.2200715094,0.2300668038,0.1900785203,0.599656993,0.5996854194,0.5996302318,0.4196424532,0.4296659808,0.4296073986
16.1,2.696143859,2.77267499,2.772529563,2.696143859,2.77267499,2.772529563,0.001559530972,0.001559530971,0.2200710966,0.2300664438,0.190078078,0.5996589731,0.5996871154,0.5996323154,0.4196445168,0.4296677812,0.4296096102
16.12,2.696148987,2.772679468,2.77253506,2.696148987,2.772679468,2.77253506,0.001550783434,0.001550783433,0.2200706864,0.2300660855,0.1900776382,0.5996609415,0.5996888026,0.5996343871,0.4196465681,0.4296695723,0.4296118092
16.14,2.696154085,2.772683922,2.772540526,2.696154085,2.772683922,2.772540526,0.001542085071,0.00154208507,0.2200702785,0.2300657292,0.1900772008,0.5996628982,0.5996904812,0.599636447,0.4196486073,0.4296713541,0.4296139958
16.16,2.696159153,2.772688354,2.772545962,2.696159153,2.772688354,2.772545962,0.001533435605,0.001533435604,0.2200698731,0.2300653746,0.190076766,0.5996648434,0.5996921511,0.5996384952,0.4196506344,0.4296731269,0.4296161699
16.18,2.69616419,2.772692763,2.772551366,2.69616419,2.772692763,2.772551366,0.00152483476,0.001524834759,0.2200694701,0.2300650219,0.1900763337,0.599666777,0.5996938124,0.5996405317,0.4196526495,0.4296748905,0.4296183316
16.2,2.696169198,2.77269715,2.77255674,2.696169198,2.77269715,2.77255674,0.00151628226,0.001516282259,0.2200690695,0.230064671,0.1900759038,0.5996686991,0.5996954652,0.5996425567,0.4196546526,0.429676645,0.4296204811
16.22,2.696174176,2.772701513,2.772562083,2.696174176,2.772701513,2.772562083,0.001507777832,0.001507777832,0.2200686712,0.2300643219,0.1900754763,0.5996706099,0.5996971094,0.5996445701,0.4196566439,0.4296783904,0.4296226183
16.24,2.696179125,2.772705854,2.772567396,2.696179125,2.772705854,2.772567396,0.001499321205,0.001499321204,0.2200682753,0.2300639746,0.1900750513,0.5996725093,0.5996987451,0.5996465721,0.4196586234,0.4296801269,0.4296247435
16.26,2.696184045,2.772710173,2.772572678,2.696184045,2.772710173,2.772572678,0.001490912107,0.001490912106,0.2200678818,0.2300636291,0.1900746287,0.5996743975,0.5997003724,0.5996485627,0.4196605912,0.4296818544,0.4296268565
16.28,2.696188935,2.77271447,2.772577931,2.696188935,2.77271447,2.772577931,0.00148255027,0.00148255027,0.2200674905,0.2300632854,0.1900742085,0.5996762746,0.5997019913,0.599650542,0.4196625474,0.429683573,0.4296289575
16.3,2.696193797,2.772718744,2.772583154,2.696193797,2.772718744,2.772583154,0.001474235428,0.001474235427,0.2200671016,0.2300629435,0.1900737907,0.5996781405,0.5997036018,0.5996525101,0.419664492,0.4296852827,0.4296310466
16.32,2.696198629,2.772722996,2.772588347,2.696198629,2.772722996,2.772588347,0.001465967314,0.001465967313,0.220066715,0.2300626033,0.1900733752,0.5996799954,0.599705204,0.599654467,0.4196664251,0.4296869835,0.4296331239
16.34,2.696203434,2.772727226,2.77259351,2.696203434,2.772727226,2.77259351,0.001457745664,0.001457745663,0.2200663306,0.2300622649,0.1900729621,0.5996818393,0.5997067979,0.5996564128,0.4196683468,0.4296886756,0.4296351893
16.36,2.696208209,2.772731434,2.772598645,2.696208209,2.772731434,2.772598645,0.001449570216,0.001449570215,0.2200659486,0.2300619282,0.1900725514,0.5996836724,0.5997083836,0.5996583475,0.4196702571,0.4296903589,0.429637243
16.38,2.696212957,2.772735621,2.77260375,2.696212957,2.772735621,2.77260375,0.001441440709,0.001441440707,0.2200655688,0.2300615933,0.190072143,0.5996854946,0.599709961,0.5996602712,0.4196721562,0.4296920335,0.4296392851
16.4,2.696217677,2.772739786,2.772608826,2.696217677,2.772739786,2.772608826,0.001433356883,0.00143335688,0.2200651912,0.2300612601,0.1900717369,0.599687306,0.5997115303,0.599662184,0.419674044,0.4296936994,0.4296413156
16.42,2.696222368,2.772743929,2.772613873,2.696222368,2.772743929,2.772613873,0.001425318479,0.001425318476,0.2200648159,0.2300609287,0.1900713331,0.5996891068,0.5997130914,0.5996640859,0.4196759207,0.4296953567,0.4296433345
16.44,2.696227032,2.77274805,2.772618892,2.696227032,2.77274805,2.772618892,0.001417325242,0.001417325239,0.2200644427,0.2300605989,0.1900709316,0.5996908969,0.5997146444,0.5996659771,0.4196777863,0.4296970053,0.429645342
16.46,2.696231669,2.772752151,2.772623882,2.696231669,2.772752151,2.772623882,0.001409376916,0.001409376912,0.2200640718,0.2300602709,0.1900705324,0.5996926764,0.5997161894,0.5996678575,0.4196796409,0.4296986455,0.4296473381
16.48,2.696236278,2.77275623,2.772628844,2.696236278,2.77275623,2.772628844,0.001401473248,0.001401473243,0.2200637031,0.2300599446,0.1900701354,0.5996944454,0.5997177263,0.5996697272,0.4196814846,0.4297002771,0.4296493229
16.5,2.69624086,2.772760288,2.772633778,2.69624086,2.772760288,2.772633778,0.001393613985,0.001393613978,0.2200633365,0.23005962,0.1900697407,0.5996962041,0.5997192553,0.5996715863,0.4196833174,0.4297019002,0.4296512964
16.52,2.696245415,2.772764324,2.772638684,2.696245415,2.772764324,2.772638684,0.001385798876,0.001385798869,0.2200629721,0.230059297,0.1900693483,0.5996979523,0.5997207763,0.5996734349,0.4196851393,0.4297035149,0.4296532587
16.54,2.696249943,2.77276834,2.772643562,2.696249943,2.77276834,2.772643562,0.001378027672,0.001378027664,0.2200626099,0.2300589758,0.190068958,0.5996996902,0.5997222893,0.599675273,0.4196869506,0.4297051212,0.4296552099
16.56,2.696254445,2.772772335,2.772648412,2.696254445,2.772772335,2.772648412,0.001370300125,0.001370300116,0.2200622498,0.2300586562,0.19006857,0.5997014179,0.5997237945,0.5996771006,0.4196887512,0.4297067192,0.42965715
16.58,2.696258919,2.772776309,2.772653235,2.69625892,2.772776309,2.772653235,0.001362615989,0.001362615979,0.2200618918,0.2300583382,0.1900681842,0.5997031354,0.5997252919,0.5996789179,0.4196905412,0.4297083088,0.4296590791
16.6,2.696263368,2.772780263,2.77265803,2.696263368,2.772780262,2.77265803,0.001354975018,0.001354975007,0.2200615359,0.230058022,0.1900678005,0.5997048428,0.5997267815,0.5996807249,0.4196923206,0.4297098902,0.4296609973
16.62,2.69626779,2.772784195,2.772662799,2.69626779,2.772784195,2.772662799,0.001347376969,0.001347376957,0.2200611821,0.2300577073,0.1900674191,0.5997065401,0.5997282633,0.5996825216,0.4196940895,0.4297114633,0.4296629046
16.64,2.696272187,2.772788108,2.77266754,2.696272187,2.772788108,2.77266754,0.0013398216,0.001339821587,0.2200608304,0.2300573944,0.1900670398,0.5997082274,0.5997297374,0.5996843081,0.4196958481,0.4297130282,0.4296648011
16.66,2.696276557,2.772791999,2.772672254,2.696276557,2.772791999,2.772672254,0.001332308669,0.001332308655,0.2200604807,0.230057083,0.1900666626,0.5997099048,0.5997312038,0.5996860845,0.4196975963,0.4297145849,0.4296666868
16.68,2.696280902,2.772795871,2.772676942,2.696280902,2.772795871,2.772676942,0.001324837938,0.001324837922,0.2200601332,0.2300567733,0.1900662876,0.5997115723,0.5997326625,0.5996878509,0.4196993342,0.4297161336,0.4296685619
16.7,2.696285221,2.772799722,2.772681603,2.696285221,2.772799722,2.772681603,0.001317409167,0.00131740915,0.2200597876,0.2300564652,0.1900659147,0.5997132301,0.5997341136,0.5996896072,0.4197010619,0.4297176741,0.4296704263
16.72,2.696289515,2.772803554,2.772686238,2.696289515,2.772803554,2.772686238,0.00131002212,0.001310022103,0.2200594441,0.2300561587,0.190065544,0.599714878,0.5997355572,0.5996913535,0.4197027794,0.4297192066,0.4296722802
16.74,2.696293784,2.772807365,2.772690846,2.696293784,2.772807365,2.772690846,0.001302676562,0.001302676544,0.2200591026,0.2300558538,0.1900651753,0.5997165163,0.5997369932,0.59969309,0.4197044868,0.4297207311,0.4296741236
16.76,2.696298027,2.772811156,2.772695428,2.696298027,2.772811156,2.772695428,0.001295372258,0.001295372239,0.2200587632,0.2300555505,0.1900648087,0.5997181449,0.5997384216,0.5996948166,0.4197061842,0.4297222476,0.4296759565
16.78,2.696302246,2.772814928,2.772699985,2.696302246,2.772814928,2.772699985,0.001288108977,0.001288108957,0.2200584257,0.2300552488,0.1900644442,0.599719764,0.5997398426,0.5996965334,0.4197078716,0.4297237562,0.429677779
16.8,2.696306439,2.772818679,2.772704515,2.69630644,2.772818679,2.772704515,0.001280886485,0.001280886464,0.2200580902,0.2300549486,0.1900640818,0.5997213735,0.5997412562,0.5996982405,0.4197095492,0.4297252569,0.4296795912
16.82,2.696310609,2.772822411,2.77270902,2.696310609,2.772822411,2.77270902,0.001273704554,0.001273704532,0.2200577566,0.2300546501,0.1900637214,0.5997229736,0.5997426624,0.599699938,0.4197112168,0.4297267497,0.4296813932
16.84,2.696314753,2.772826124,2.772713499,2.696314753,2.772826124,2.7727135,0.001266562954,0.001266562932,0.2200574251,0.230054353,0.190063363,0.5997245643,0.5997440612,0.5997016258,0.4197128747,0.4297282348,0.4296831849
16.86,2.696318874,2.772829817,2.772717953,2.696318874,2.772829817,2.772717954,0.001259461457,0.001259461436,0.2200570954,0.2300540576,0.1900630067,0.5997261456,0.5997454526,0.5997033041,0.4197145228,0.429729712,0.4296849665
16.88,2.69632297,2.772833491,2.772722382,2.69632297,2.772833491,2.772722382,0.001252399839,0.001252399817,0.2200567677,0.2300537637,0.1900626524,0.5997277177,0.5997468368,0.5997049728,0.4197161613,0.4297311815,0.4296867381
16.9,2.696327042,2.772837145,2.772726786,2.696327042,2.772837145,2.772726786,0.001245377873,0.001245377852,0.220056442,0.2300534713,0.1900623001,0.5997292805,0.5997482137,0.5997066321,0.4197177901,0.4297326433,0.4296884995
16.92,2.69633109,2.772840781,2.772731165,2.69633109,2.772840781,2.772731165,0.001238395337,0.001238395316,0.2200561181,0.2300531805,0.1900619498,0.5997308342,0.5997495834,0.599708282,0.4197194094,0.4297340974,0.4296902511
16.94,2.696335115,2.772844397,2.772735519,2.696335115,2.772844397,2.772735519,0.001231452007,0.001231451986,0.2200557962,0.2300528912,0.1900616015,0.5997323788,0.5997509459,0.5997099226,0.4197210192,0.4297355439,0.4296919927
16.96,2.696339115,2.772847994,2.772739848,2.696339116,2.772847994,2.772739848,0.001224547663,0.001224547643,0.2200554761,0.2300526034,0.1900612551,0.5997339142,0.5997523012,0.5997115538,0.4197226196,0.4297369828,0.4296937244
16.98,2.696343093,2.772851572,2.772744153,2.696343093,2.772851572,2.772744153,0.001217682085,0.001217682066,0.2200551579,0.2300523172,0.1900609107,0.5997354407,0.5997536494,0.5997131759,0.4197242105,0.4297384141,0.4296954464
17,2.696347047,2.772855132,2.772748433,2.696347047,2.772855132,2.772748434,0.001210855055,0.001210855037,0.2200548416,0.2300520324,0.1900605683,0.5997369583,0.5997549905,0.5997147887,0.4197257922,0.4297398379,0.4296971586
17.02,2.696350978,2.772858673,2.77275269,2.696350978,2.772858673,2.77275269,0.001204066354,0.001204066337,0.2200545271,0.2300517492,0.1900602278,0.5997384669,0.5997563246,0.5997163924,0.4197273646,0.4297412542,0.4296988611
17.04,2.696354886,2.772862195,2.772756922,2.696354886,2.772862195,2.772756922,0.001197315768,0.001197315752,0.2200542145,0.2300514674,0.1900598892,0.5997399667,0.5997576516,0.5997179871,0.4197289277,0.4297426631,0.4297005539
17.06,2.696358771,2.772865698,2.77276113,2.696358771,2.772865698,2.77276113,0.001190603081,0.001190603067,0.2200539036,0.2300511871,0.1900595526,0.5997414577,0.5997589716,0.5997195727,0.4197304818,0.4297440645,0.4297022372
17.08,2.696362633,2.772869184,2.772765315,2.696362633,2.772869184,2.772765315,0.001183928079,0.001183928067,0.2200535947,0.2300509083,0.1900592178,0.59974294,0.5997602847,0.5997211494,0.4197320267,0.4297454586,0.429703911
17.1,2.696366473,2.77287265,2.772769475,2.696366473,2.77287265,2.772769475,0.001177290551,0.001177290541,0.2200532875,0.2300506309,0.1900588849,0.5997444136,0.5997615909,0.5997227171,0.4197335625,0.4297468453,0.4297055753
17.12,2.69637029,2.772876099,2.772773613,2.69637029,2.772876099,2.772773613,0.001170690285,0.001170690276,0.2200529821,0.2300503551,0.190058554,0.5997458786,0.5997628902,0.599724276,0.4197350894,0.4297482247,0.4297072302
17.14,2.696374085,2.772879529,2.772777727,2.696374085,2.772879529,2.772777727,0.001164127071,0.001164127064,0.2200526785,0.2300500806,0.1900582248,0.599747335,0.5997641827,0.599725826,0.4197366074,0.4297495969,0.4297088758
17.16,2.696377858,2.772882942,2.772781817,2.696377858,2.772882942,2.772781817,0.0011576007,0.001157600696,0.2200523767,0.2300498076,0.1900578976,0.5997487828,0.5997654683,0.5997273673,0.4197381165,0.4297509618,0.429710512
17.18,2.696381608,2.772886336,2.772785885,2.696381608,2.772886336,2.772785885,0.001151110965,0.001151110963,0.2200520767,0.2300495361,0.1900575722,0.5997502222,0.5997667471,0.5997288998,0.4197396167,0.4297523195,0.429712139
17.2,2.696385337,2.772889712,2.772789929,2.696385337,2.772889712,2.772789929,0.001144657659,0.00114465766,0.2200517784,0.230049266,0.1900572486,0.5997516532,0.5997680192,0.5997304237,0.4197411082,0.4297536701,0.4297137568
17.22,2.696389044,2.772893071,2.772793951,2.696389044,2.772893071,2.772793951,0.001138240578,0.001138240581,0.2200514818,0.2300489973,0.1900569269,0.5997530758,0.5997692846,0.599731939,0.4197425909,0.4297550135,0.4297153654
17.24,2.696392729,2.772896412,2.77279795,2.696392729,2.772896412,2.77279795,0.001131859517,0.001131859522,0.220051187,0.23004873,0.190056607,0.5997544901,0.5997705432,0.5997334457,0.419744065,0.4297563498,0.429716965
17.26,2.696396393,2.772899735,2.772801926,2.696396393,2.772899735,2.772801926,0.001125514272,0.00112551428,0.2200508939,0.2300484642,0.1900562889,0.5997558962,0.5997717953,0.5997349438,0.4197455305,0.4297576791,0.4297185555
17.28,2.696400035,2.77290304,2.77280588,2.696400035,2.77290304,2.77280588,0.001119204644,0.001119204654,0.2200506025,0.2300481997,0.1900559726,0.599757294,0.5997730407,0.5997364336,0.4197469874,0.4297590013,0.429720137
17.3,2.696403656,2.772906328,2.772809811,2.696403656,2.772906328,2.772809811,0.00111293043,0.001112930443,0.2200503128,0.2300479367,0.1900556581,0.5997586836,0.5997742795,0.5997379148,0.4197484358,0.4297603165,0.4297217096
17.32,2.696407256,2.772909599,2.77281372,2.696407256,2.772909599,2.77281372,0.001106691432,0.001106691447,0.2200500249,0.230047675,0.1900553453,0.5997600652,0.5997755118,0.5997393878,0.4197498757,0.4297616248,0.4297232733
17.34,2.696410835,2.772912853,2.772817607,2.696410835,2.772912853,2.772817607,0.00110048745,0.001100487468,0.2200497385,0.2300474148,0.1900550344,0.5997614386,0.5997767375,0.5997408523,0.4197513073,0.4297629262,0.4297248281
17.36,2.696414393,2.772916089,2.772821473,2.696414393,2.772916089,2.772821473,0.001094318289,0.001094318309,0.2200494539,0.2300471559,0.1900547252,0.5997628041,0.5997779568,0.5997423086,0.4197527305,0.4297642206,0.4297263742
17.38,2.69641793,2.772919308,2.772825316,2.69641793,2.772919308,2.772825316,0.001088183752,0.001088183774,0.2200491709,0.2300468984,0.1900544177,0.5997641615,0.5997791695,0.5997437567,0.4197541453,0.4297655082,0.4297279116
17.4,2.696421446,2.77292251,2.772829138,2.696421446,2.77292251,2.772829138,0.001082083644,0.001082083668,0.2200488896,0.2300466422,0.190054112,0.5997655111,0.5997803759,0.5997451966,0.419755552,0.429766789,0.4297294402
17.42,2.696424943,2.772925695,2.772832938,2.696424942,2.772925695,2.772832938,0.001076017771,0.001076017797,0.2200486099,0.2300463874,0.190053808,0.5997668527,0.5997815759,0.5997466284,0.4197569504,0.429768063,0.4297309602
17.44,2.696428418,2.772928863,2.772836716,2.696428418,2.772928863,2.772836716,0.00106998594,0.001069985968,0.2200483319,0.2300461339,0.1900535057,0.5997681866,0.5997827695,0.599748052,0.4197583406,0.4297693303,0.4297324717
17.46,2.696431874,2.772932014,2.772840473,2.696431873,2.772932014,2.772840473,0.00106398796,0.001063987989,0.2200480554,0.2300458818,0.1900532051,0.5997695126,0.5997839567,0.5997494677,0.4197597228,0.4297705908,0.4297339746
17.48,2.696435309,2.772935149,2.77284421,2.696435309,2.772935149,2.772844209,0.001058023641,0.00105802367,0.2200477806,0.2300456311,0.1900529062,0.599770831,0.5997851377,0.5997508753,0.4197610969,0.4297718446,0.429735469
17.5,2.696438724,2.772938267,2.772847924,2.696438724,2.772938267,2.772847924,0.001052092792,0.001052092822,0.2200475074,0.2300453816,0.190052609,0.5997721416,0.5997863124,0.599752275,0.4197624629,0.4297730918,0.4297369549
17.52,2.696442119,2.772941368,2.772851618,2.696442119,2.772941368,2.772851618,0.001046195226,0.001046195256,0.2200472358,0.2300451335,0.1900523135,0.5997734446,0.5997874809,0.5997536667,0.4197638211,0.4297743324,0.4297384325
17.54,2.696445495,2.772944453,2.772855291,2.696445495,2.772944453,2.772855291,0.001040330754,0.001040330785,0.2200469657,0.2300448867,0.1900520197,0.59977474,0.5997886431,0.5997550506,0.4197651713,0.4297755664,0.4297399017
17.56,2.696448851,2.772947522,2.772858944,2.696448851,2.772947522,2.772858944,0.001034499192,0.001034499222,0.2200466973,0.2300446412,0.1900517275,0.5997760278,0.5997897992,0.5997564267,0.4197665136,0.4297767938,0.4297413627
17.58,2.696452187,2.772950574,2.772862576,2.696452187,2.772950574,2.772862575,0.001028700353,0.001028700383,0.2200464304,0.2300443971,0.1900514369,0.5997773082,0.5997909491,0.599757795,0.4197678481,0.4297780147,0.4297428154
17.6,2.696455504,2.77295361,2.772866187,2.696455504,2.77295361,2.772866187,0.001022934053,0.001022934082,0.220046165,0.2300441542,0.190051148,0.5997785811,0.5997920929,0.5997591556,0.4197691749,0.4297792291,0.4297442599
17.62,2.696458801,2.77295663,2.772869778,2.696458801,2.77295663,2.772869778,0.00101720011,0.001017200137,0.2200459012,0.2300439126,0.1900508608,0.5997798466,0.5997932306,0.5997605085,0.4197704939,0.429780437,0.4297456962
17.64,2.69646208,2.772959633,2.772873348,2.69646208,2.772959634,2.772873348,0.001011498341,0.001011498367,0.2200456389,0.2300436723,0.1900505751,0.5997811047,0.5997943623,0.5997618538,0.4197718053,0.4297816385,0.4297471244
17.66,2.696465339,2.772962621,2.772876899,2.696465339,2.772962621,2.772876899,0.001005828565,0.001005828589,0.2200453782,0.2300434333,0.1900502911,0.5997823555,0.599795488,0.5997631915,0.419773109,0.4297828336,0.4297485446
17.68,2.696468579,2.772965593,2.772880429,2.696468579,2.772965593,2.772880429,0.001000190602,0.001000190623,0.220045119,0.2300431955,0.1900500086,0.599783599,0.5997966076,0.5997645216,0.4197744051,0.4297840224,0.4297499568
17.7,2.696471801,2.772968549,2.772883939,2.696471801,2.772968549,2.772883939,0.0009945842725,0.0009945842919,0.2200448613,0.230042959,0.1900497278,0.5997848352,0.5997977213,0.5997658442,0.4197756937,0.4297852048,0.4297513609
17.72,2.696475004,2.772971489,2.77288743,2.696475004,2.77297149,2.77288743,0.0009890093994,0.0009890094162,0.220044605,0.2300427238,0.1900494486,0.5997860643,0.599798829,0.5997671594,0.4197769748,0.4297863809,0.4297527572
17.74,2.696478188,2.772974414,2.772890901,2.696478188,2.772974414,2.772890901,0.0009834658053,0.0009834658193,0.2200443503,0.2300424898,0.1900491709,0.5997872863,0.5997999309,0.5997684671,0.4197782485,0.4297875508,0.4297541456
17.76,2.696481353,2.772977323,2.772894352,2.696481353,2.772977323,2.772894352,0.000977953314,0.0009779533252,0.2200440971,0.2300422571,0.1900488948,0.5997885011,0.5998010269,0.5997697674,0.4197795147,0.4297887144,0.4297555261
17.78,2.696484501,2.772980217,2.772897784,2.696484501,2.772980217,2.772897784,0.0009724717505,0.0009724717589,0.2200438453,0.2300420256,0.1900486202,0.5997897088,0.599802117,0.5997710604,0.4197807736,0.4297898718,0.4297568989
17.8,2.696487629,2.772983095,2.772901197,2.696487629,2.772983095,2.772901197,0.0009670209407,0.0009670209465,0.220043595,0.2300417954,0.1900483472,0.5997909096,0.5998032013,0.5997723462,0.4197820252,0.4297910231,0.4297582639
17.82,2.69649074,2.772985958,2.77290459,2.69649074,2.772985958,2.77290459,0.0009616007116,0.0009616007149,0.2200433461,0.2300415664,0.1900480758,0.5997921033,0.5998042798,0.5997736246,0.4197832694,0.4297921682,0.4297596212
17.84,2.696493833,2.772988805,2.772907964,2.696493833,2.772988805,2.772907964,0.0009562108909,0.0009562108921,0.2200430987,0.2300413386,0.1900478058,0.5997932902,0.5998053525,0.5997748959,0.4197845065,0.4297933071,0.4297609709
17.86,2.696496908,2.772991637,2.77291132,2.696496908,2.772991637,2.77291132,0.0009508513074,0.0009508513071,0.2200428527,0.230041112,0.1900475374,0.5997944701,0.5998064196,0.5997761599,0.4197857364,0.42979444,0.429762313
17.88,2.696499964,2.772994454,2.772914656,2.696499964,2.772994454,2.772914656,0.000945521791,0.0009455217898,0.2200426082,0.2300408866,0.1900472705,0.5997956432,0.5998074809,0.5997774169,0.4197869591,0.4297955669,0.4297636474
17.9,2.696503004,2.772997256,2.772917973,2.696503004,2.772997256,2.772917973,0.0009402221724,0.0009402221711,0.220042365,0.2300406625,0.1900470051,0.5997968094,0.5998085365,0.5997786667,0.4197881748,0.4297966877,0.4297649744
17.92,2.696506025,2.773000043,2.772921272,2.696506025,2.773000043,2.772921272,0.0009349522841,0.0009349522828,0.2200421233,0.2300404395,0.1900467412,0.5997979689,0.5998095865,0.5997799095,0.4197893834,0.4297978025,0.4297662939
17.94,2.696509029,2.773002816,2.772924552,2.696509029,2.773002816,2.772924552,0.0009297119591,0.0009297119577,0.220041883,0.2300402177,0.1900464788,0.5997991217,0.5998106309,0.5997811453,0.419790585,0.4297989114,0.4297676059
17.96,2.696512015,2.773005573,2.772927814,2.696512015,2.773005573,2.772927814,0.0009245010311,0.0009245010296,0.2200416441,0.2300399971,0.1900462179,0.5998002678,0.5998116697,0.5997823741,0.4197917796,0.4298000143,0.4297689106
17.98,2.696514985,2.773008316,2.772931057,2.696514985,2.773008316,2.772931057,0.0009193193347,0.0009193193332,0.2200414066,0.2300397777,0.1900459584,0.5998014072,0.599812703,0.599783596,0.4197929672,0.4298011114,0.4297702078
18,2.696517937,2.773011043,2.772934282,2.696517937,2.773011043,2.772934282,0.0009141667056,0.000914166704,0.2200411704,0.2300395595,0.1900457004,0.59980254,0.5998137307,0.599784811,0.419794148,0.4298022026,0.4297714978
18.02,2.696520871,2.773013757,2.772937488,2.696520871,2.773013757,2.772937488,0.0009090429803,0.0009090429786,0.2200409356,0.2300393424,0.1900454439,0.5998036662,0.5998147529,0.5997860192,0.4197953219,0.4298032879,0.4297727805
18.04,2.696523789,2.773016456,2.772940677,2.696523789,2.773016456,2.772940677,0.0009039479962,0.0009039479946,0.2200407022,0.2300391265,0.1900451888,0.5998047859,0.5998157696,0.5997872205,0.4197964891,0.4298043674,0.429774056
18.06,2.69652669,2.77301914,2.772943848,2.69652669,2.77301914,2.772943848,0.0008988815919,0.0008988815902,0.2200404701,0.2300389118,0.1900449351,0.5998058991,0.5998167809,0.5997884151,0.4197976494,0.4298054411,0.4297753243
18.08,2.696529574,2.77302181,2.772947001,2.696529574,2.77302181,2.772947001,0.0008938436065,0.0008938436049,0.2200402394,0.2300386982,0.1900446829,0.5998070059,0.5998177867,0.5997896029,0.4197988031,0.4298065091,0.4297765854
18.1,2.696532442,2.773024465,2.772950136,2.696532442,2.773024465,2.772950136,0.0008888338804,0.0008888338788,0.22004001,0.2300384857,0.1900444321,0.5998081062,0.5998187872,0.5997907841,0.41979995,0.4298075713,0.4297778394
18.12,2.696535292,2.773027107,2.772953253,2.696535292,2.773027107,2.772953253,0.0008838522546,0.0008838522531,0.2200397819,0.2300382744,0.1900441827,0.5998092002,0.5998197823,0.5997919585,0.4198010903,0.4298086279,0.4297790864
18.14,2.696538127,2.773029734,2.772956353,2.696538127,2.773029734,2.772956353,0.0008788985712,0.0008788985697,0.2200395552,0.2300380642,0.1900439347,0.5998102878,0.5998207721,0.5997931264,0.419802224,0.4298096788,0.4297803263
18.16,2.696540944,2.773032347,2.772959435,2.696540944,2.773032347,2.772959435,0.0008739726731,0.0008739726717,0.2200393298,0.2300378552,0.1900436881,0.5998113692,0.5998217565,0.5997942877,0.4198033511,0.4298107241,0.4297815593
18.18,2.696543746,2.773034946,2.7729625,2.696543746,2.773034946,2.7729625,0.000869074404,0.0008690744027,0.2200391057,0.2300376473,0.1900434429,0.5998124442,0.5998227357,0.5997954424,0.4198044717,0.4298117637,0.4297827853
18.2,2.696546531,2.773037532,2.772965548,2.696546531,2.773037532,2.772965548,0.0008642036088,0.0008642036076,0.2200388828,0.2300374404,0.1900431991,0.599813513,0.5998237096,0.5997965906,0.4198055859,0.4298127978,0.4297840043
18.22,2.6965493,2.773040103,2.772968579,2.6965493,2.773040103,2.772968579,0.0008593601329,0.0008593601318,0.2200386613,0.2300372347,0.1900429567,0.5998145757,0.5998246783,0.5997977324,0.4198066935,0.4298138263,0.4297852166
18.24,2.696552054,2.77304266,2.772971592,2.696552054,2.77304266,2.772971592,0.0008545438229,0.0008545438219,0.220038441,0.2300370301,0.1900427156,0.5998156322,0.5998256418,0.5997988677,0.4198077948,0.4298148493,0.429786422
18.26,2.696554791,2.773045204,2.772974589,2.696554791,2.773045204,2.772974589,0.000849754526,0.0008497545251,0.2200382221,0.2300368266,0.1900424759,0.5998166826,0.5998266001,0.5997999966,0.4198088897,0.4298158668,0.4297876206
18.28,2.696557512,2.773047734,2.772977568,2.696557512,2.773047734,2.772977568,0.0008449920904,0.0008449920895,0.2200380044,0.2300366242,0.1900422375,0.5998177269,0.5998275532,0.5998011191,0.4198099782,0.4298168788,0.4297888124
18.3,2.696560218,2.773050251,2.772980531,2.696560218,2.773050251,2.772980531,0.0008402563651,0.0008402563643,0.2200377879,0.2300364229,0.1900420005,0.5998187651,0.5998285013,0.5998022354,0.4198110605,0.4298178854,0.4297899975
18.32,2.696562908,2.773052753,2.772983477,2.696562908,2.773052753,2.772983477,0.0008355472001,0.0008355471993,0.2200375727,0.2300362227,0.1900417648,0.5998197974,0.5998294442,0.5998033453,0.4198121364,0.4298188865,0.429791176
18.34,2.696565582,2.773055243,2.772986407,2.696565582,2.773055243,2.772986407,0.0008308644461,0.0008308644453,0.2200373588,0.2300360235,0.1900415304,0.5998208236,0.5998303821,0.599804449,0.4198132062,0.4298198823,0.4297923478
18.36,2.696568241,2.773057719,2.77298932,2.696568241,2.773057719,2.77298932,0.0008262079547,0.0008262079538,0.220037146,0.2300358254,0.1900412974,0.599821844,0.5998313149,0.5998055465,0.4198142698,0.4298208728,0.4297935131
18.38,2.696570885,2.773060182,2.772992216,2.696570885,2.773060182,2.772992216,0.0008215775782,0.0008215775772,0.2200369346,0.2300356284,0.1900410657,0.5998228584,0.5998322427,0.5998066378,0.4198153272,0.4298218579,0.4297946717
18.4,2.696573513,2.773062631,2.772995097,2.696573513,2.773062631,2.772995097,0.00081697317,0.0008169731689,0.2200367243,0.2300354325,0.1900408352,0.599823867,0.5998331655,0.5998077229,0.4198163785,0.4298228377,0.4297958239
18.42,2.696576126,2.773065068,2.772997961,2.696576126,2.773065068,2.772997961,0.000812394584,0.0008123945828,0.2200365152,0.2300352376,0.1900406061,0.5998248697,0.5998340833,0.599808802,0.4198174238,0.4298238122,0.4297969695
18.44,2.696578724,2.773067491,2.773000809,2.696578724,2.773067491,2.773000809,0.0008078416753,0.0008078416739,0.2200363074,0.2300350437,0.1900403783,0.5998258667,0.5998349962,0.5998098749,0.419818463,0.4298247815,0.4297981087
18.46,2.696581307,2.773069901,2.773003641,2.696581307,2.773069901,2.773003641,0.0008033142996,0.0008033142978,0.2200361008,0.2300348509,0.1900401517,0.5998268578,0.5998359041,0.5998109418,0.4198194962,0.4298257456,0.4297992415
18.48,2.696583875,2.773072298,2.773006457,2.696583875,2.773072298,2.773006457,0.0007988123133,0.0007988123113,0.2200358953,0.2300346591,0.1900399264,0.5998278433,0.5998368072,0.5998120027,0.4198205234,0.4298267044,0.4298003679
18.5,2.696586428,2.773074682,2.773009257,2.696586428,2.773074682,2.773009257,0.0007943355739,0.0007943355715,0.2200356911,0.2300344684,0.1900397024,0.5998288231,0.5998377054,0.5998130577,0.4198215447,0.4298276581,0.429801488
18.52,2.696588967,2.773077054,2.773012041,2.696588967,2.773077054,2.773012041,0.0007898839395,0.0007898839366,0.220035488,0.2300342787,0.1900394797,0.5998297972,0.5998385988,0.5998141066,0.4198225601,0.4298286067,0.4298026017
18.54,2.696591491,2.773079412,2.77301481,2.696591491,2.773079412,2.77301481,0.000785457269,0.0007854572657,0.2200352861,0.23003409,0.1900392582,0.5998307657,0.5998394873,0.5998151497,0.4198235696,0.4298295501,0.4298037092
18.56,2.696594,2.773081758,2.773017563,2.696594,2.773081758,2.773017563,0.0007810554222,0.0007810554184,0.2200350853,0.2300339023,0.1900390379,0.5998317285,0.5998403711,0.5998161869,0.4198245733,0.4298304885,0.4298048105
18.58,2.696596495,2.773084092,2.773020301,2.696596495,2.773084092,2.773020301,0.0007766782596,0.0007766782554,0.2200348858,0.2300337156,0.1900388189,0.5998326859,0.59984125,0.5998172183,0.4198255712,0.4298314218,0.4298059056
18.6,2.696598975,2.773086412,2.773023023,2.696598975,2.773086412,2.773023023,0.0007723256426,0.0007723256378,0.2200346873,0.23003353,0.1900386011,0.5998336377,0.5998421243,0.5998182439,0.4198265634,0.42983235,0.4298069945
18.62,2.696601441,2.77308872,2.77302573,2.696601441,2.77308872,2.77302573,0.0007679974332,0.0007679974279,0.22003449,0.2300333453,0.1900383846,0.599834584,0.5998429938,0.5998192637,0.4198275498,0.4298332733,0.4298080772
18.64,2.696603893,2.773091016,2.773028422,2.696603893,2.773091016,2.773028422,0.0007636934945,0.0007636934886,0.2200342939,0.2300331617,0.1900381692,0.5998355248,0.5998438586,0.5998202777,0.4198285306,0.4298341915,0.4298091539
18.66,2.696606331,2.773093299,2.773031098,2.696606331,2.773093299,2.773031098,0.0007594136899,0.0007594136834,0.2200340989,0.230032979,0.1900379551,0.5998364602,0.5998447188,0.5998212861,0.4198295057,0.4298351049,0.4298102245
18.68,2.696608754,2.77309557,2.77303376,2.696608754,2.77309557,2.77303376,0.000755157884,0.0007551578769,0.220033905,0.2300327974,0.1900377422,0.5998373903,0.5998455743,0.5998222887,0.4198304751,0.4298360132,0.4298112891
18.7,2.696611164,2.773097829,2.773036406,2.696611164,2.773097829,2.773036406,0.000750925942,0.0007509259343,0.2200337122,0.2300326167,0.1900375305,0.5998383149,0.5998464252,0.5998232858,0.419831439,0.4298369167,0.4298123477
18.72,2.69661356,2.773100075,2.773039038,2.69661356,2.773100075,2.773039038,0.0007467177297,0.0007467177214,0.2200335205,0.2300324369,0.1900373199,0.5998392343,0.5998472715,0.5998242772,0.4198323973,0.4298378153,0.4298134004
18.74,2.696615942,2.77310231,2.773041655,2.696615942,2.77310231,2.773041655,0.000742533114,0.0007425331051,0.22003333,0.2300322582,0.1900371106,0.5998401483,0.5998481132,0.599825263,0.4198333501,0.429838709,0.4298144471
18.76,2.69661831,2.773104532,2.773044257,2.69661831,2.773104532,2.773044257,0.0007383719623,0.0007383719528,0.2200331405,0.2300320804,0.1900369024,0.599841057,0.5998489503,0.5998262433,0.4198342974,0.4298395979,0.4298154879
18.78,2.696620665,2.773106742,2.773046844,2.696620665,2.773106742,2.773046844,0.0007342341427,0.0007342341327,0.2200329522,0.2300319036,0.1900366954,0.5998419606,0.599849783,0.5998272181,0.4198352392,0.429840482,0.4298165229
18.8,2.696623006,2.77310894,2.773049417,2.696623006,2.77310894,2.773049417,0.0007301195243,0.0007301195138,0.2200327649,0.2300317277,0.1900364896,0.5998428589,0.5998506111,0.5998281873,0.4198361756,0.4298413613,0.429817552
18.82,2.696625333,2.773111127,2.773051976,2.696625333,2.773111127,2.773051976,0.0007260279768,0.0007260279657,0.2200325787,0.2300315528,0.1900362849,0.599843752,0.5998514347,0.5998291512,0.4198371066,0.4298422359,0.4298185754
18.84,2.696627647,2.773113301,2.77305452,2.696627647,2.773113301,2.77305452,0.0007219593705,0.000721959359,0.2200323935,0.2300313789,0.1900360814,0.59984464,0.5998522539,0.5998301096,0.4198380323,0.4298431057,0.429819593
18.86,2.696629948,2.773115464,2.773057049,2.696629948,2.773115464,2.773057049,0.0007179135766,0.0007179135648,0.2200322095,0.2300312058,0.190035879,0.5998455229,0.5998530687,0.5998310626,0.4198389526,0.4298439708,0.4298206049
18.88,2.696632236,2.773117615,2.773059565,2.696632236,2.773117615,2.773059565,0.0007138904671,0.000713890455,0.2200320265,0.2300310338,0.1900356778,0.5998464006,0.599853879,0.5998320102,0.4198398676,0.4298448312,0.4298216111
18.9,2.69663451,2.773119755,2.773062066,2.69663451,2.773119755,2.773062066,0.0007098899145,0.0007098899021,0.2200318445,0.2300308626,0.1900354777,0.5998472734,0.599854685,0.5998329526,0.4198407774,0.429845687,0.4298226116
18.92,2.696636771,2.773121882,2.773064553,2.696636771,2.773121882,2.773064553,0.0007059117922,0.0007059117796,0.2200316636,0.2300306924,0.1900352787,0.5998481411,0.5998554866,0.5998338896,0.4198416819,0.4298465381,0.4298236065
18.94,2.69663902,2.773123999,2.773067027,2.69663902,2.773123999,2.773067027,0.0007019559742,0.0007019559615,0.2200314838,0.2300305231,0.1900350808,0.5998490038,0.5998562838,0.5998348213,0.4198425812,0.4298473846,0.4298245959
18.96,2.696641255,2.773126104,2.773069486,2.696641255,2.773126104,2.773069486,0.0006980223352,0.0006980223225,0.2200313049,0.2300303547,0.1900348841,0.5998498615,0.5998570767,0.5998357478,0.4198434753,0.4298482266,0.4298255796
18.98,2.696643477,2.773128197,2.773071932,2.696643477,2.773128197,2.773071932,0.0006941107508,0.0006941107382,0.2200311271,0.2300301872,0.1900346884,0.5998507143,0.5998578654,0.5998366691,0.4198443643,0.429849064,0.4298265578
19,2.696645687,2.773130279,2.773074363,2.696645687,2.773130279,2.773074363,0.000690221097,0.0006902210846,0.2200309504,0.2300300206,0.1900344939,0.5998515622,0.5998586497,0.5998375852,0.4198452481,0.4298498968,0.4298275305
19.02,2.696647884,2.77313235,2.773076782,2.696647884,2.77313235,2.773076782,0.0006863532508,0.0006863532386,0.2200307746,0.230029855,0.1900343004,0.5998524053,0.5998594298,0.5998384962,0.4198461269,0.4298507251,0.4298284978
19.04,2.696650068,2.773134409,2.773079186,2.696650068,2.773134409,2.773079186,0.0006825070897,0.0006825070779,0.2200305999,0.2300296902,0.1900341081,0.5998532434,0.5998602057,0.599839402,0.4198470007,0.4298515489,0.4298294596
19.06,2.69665224,2.773136458,2.773081577,2.69665224,2.773136458,2.773081577,0.000678682492,0.0006786824806,0.2200304261,0.2300295263,0.1900339168,0.5998540768,0.5998609773,0.5998403028,0.4198478694,0.4298523683,0.429830416
19.08,2.696654399,2.773138495,2.773083955,2.696654399,2.773138495,2.773083955,0.0006748793365,0.0006748793257,0.2200302534,0.2300293634,0.1900337266,0.5998549053,0.5998617448,0.5998411985,0.4198487331,0.4298531832,0.429831367
19.1,2.696656546,2.773140521,2.773086319,2.696656546,2.773140521,2.773086319,0.000671097503,0.0006710974928,0.2200300816,0.2300292013,0.1900335375,0.5998557291,0.5998625081,0.5998420891,0.4198495918,0.4298539937,0.4298323127
19.12,2.696658681,2.773142537,2.77308867,2.696658681,2.773142537,2.77308867,0.0006673368717,0.0006673368622,0.2200299109,0.23002904,0.1900333494,0.5998565482,0.5998632673,0.5998429747,0.4198504456,0.4298547998,0.429833253
19.14,2.696660803,2.773144541,2.773091007,2.696660803,2.773144541,2.773091007,0.0006635973236,0.0006635973149,0.2200297411,0.2300288797,0.1900331624,0.5998573625,0.5998640223,0.5998438554,0.4198512945,0.4298556015,0.4298341881
19.16,2.696662913,2.773146534,2.773093332,2.696662913,2.773146534,2.773093332,0.0006598787403,0.0006598787326,0.2200295723,0.2300287202,0.1900329764,0.5998581722,0.5998647732,0.5998447311,0.4198521385,0.4298563989,0.4298351179
19.18,2.696665011,2.773148517,2.773095643,2.696665011,2.773148517,2.773095643,0.0006561810041,0.0006561809974,0.2200294045,0.2300285616,0.1900327915,0.5998589772,0.5998655201,0.5998456019,0.4198529777,0.4298571919,0.4298360425
19.2,2.696667097,2.773150489,2.773097942,2.696667097,2.773150489,2.773097942,0.0006525039981,0.0006525039925,0.2200292376,0.2300284039,0.1900326076,0.5998597776,0.5998662629,0.5998464678,0.4198538121,0.4298579806,0.4298369619
19.22,2.696669171,2.77315245,2.773100227,2.696669171,2.77315245,2.773100227,0.0006488476059,0.0006488476014,0.2200290717,0.230028247,0.1900324248,0.5998605733,0.5998670017,0.5998473288,0.4198546416,0.4298587651,0.4298378761
19.24,2.696671233,2.7731544,2.7731025,2.696671233,2.7731544,2.7731025,0.0006452117117,0.0006452117084,0.2200289067,0.2300280909,0.190032243,0.5998613646,0.5998677364,0.5998481849,0.4198554664,0.4298595453,0.4298387852
19.26,2.696673283,2.77315634,2.77310476,2.696673283,2.77315634,2.77310476,0.0006415962005,0.0006415961985,0.2200287427,0.2300279358,0.1900320622,0.5998621512,0.5998684672,0.5998490363,0.4198562865,0.4298603212,0.4298396892
19.28,2.696675321,2.773158269,2.773107007,2.696675321,2.773158269,2.773107007,0.0006380009579,0.0006380009572,0.2200285796,0.2300277814,0.1900318824,0.5998629334,0.5998691939,0.5998498829,0.4198571018,0.4298610929,0.4298405881
19.3,2.696677348,2.773160188,2.773109242,2.696677348,2.773160188,2.773109242,0.0006344258702,0.0006344258709,0.2200284175,0.2300276279,0.1900317036,0.599863711,0.5998699168,0.5998507247,0.4198579125,0.4298618604,0.4298414819
19.32,2.696679363,2.773162097,2.773111464,2.696679363,2.773162097,2.773111464,0.0006308708242,0.0006308708263,0.2200282563,0.2300274752,0.1900315259,0.5998644842,0.5998706357,0.5998515618,0.4198587185,0.4298626238,0.4298423707
19.34,2.696681366,2.773163995,2.773113674,2.696681366,2.773163995,2.773113674,0.0006273357074,0.0006273357109,0.220028096,0.2300273234,0.1900313491,0.599865253,0.5998713507,0.5998523942,0.4198595198,0.429863383,0.4298432546
19.36,2.696683358,2.773165882,2.773115871,2.696683358,2.773165882,2.773115871,0.0006238204081,0.000623820413,0.2200279367,0.2300271724,0.1900311733,0.5998660173,0.5998720618,0.5998532219,0.4198603166,0.4298641381,0.4298441334
19.38,2.696685339,2.77316776,2.773118055,2.696685339,2.77316776,2.773118055,0.0006203248149,0.0006203248212,0.2200277782,0.2300270222,0.1900309985,0.5998667773,0.599872769,0.5998540449,0.4198611088,0.429864889,0.4298450073
19.4,2.696687308,2.773169627,2.773120228,2.696687308,2.773169627,2.773120228,0.0006168488174,0.0006168488251,0.2200276207,0.2300268728,0.1900308247,0.5998675328,0.5998734724,0.5998548633,0.4198618965,0.4298656359,0.4298458764
19.42,2.696689266,2.773171484,2.773122388,2.696689266,2.773171484,2.773122388,0.0006133923055,0.0006133923145,0.2200274641,0.2300267243,0.1900306519,0.5998682841,0.5998741719,0.5998556771,0.4198626796,0.4298663787,0.4298467405
19.44,2.696691212,2.773173331,2.773124536,2.696691212,2.773173331,2.773124536,0.0006099551699,0.0006099551802,0.2200273083,0.2300265765,0.1900304801,0.599869031,0.5998748676,0.5998564864,0.4198634583,0.4298671175,0.4298475997
19.46,2.696693148,2.773175168,2.773126673,2.696693148,2.773175168,2.773126673,0.0006065373019,0.0006065373135,0.2200271535,0.2300264296,0.1900303092,0.5998697737,0.5998755596,0.5998572911,0.4198642325,0.4298678522,0.4298484542
19.48,2.696695072,2.773176994,2.773128797,2.696695072,2.773176994,2.773128797,0.0006031385933,0.000603138606,0.2200269996,0.2300262834,0.1900301392,0.5998705121,0.5998762478,0.5998580913,0.4198650022,0.4298685829,0.4298493038
19.5,2.696696985,2.773178811,2.773130909,2.696696985,2.773178811,2.773130909,0.0005997589367,0.0005997589505,0.2200268465,0.2300261381,0.1900299703,0.5998712462,0.5998769322,0.5998588869,0.4198657675,0.4298693097,0.4298501487
19.52,2.696698888,2.773180618,2.773133009,2.696698888,2.773180618,2.773133009,0.0005963982252,0.0005963982399,0.2200266943,0.2300259935,0.1900298022,0.5998719762,0.5998776129,0.5998596782,0.4198665285,0.4298700325,0.4298509888
19.54,2.696700779,2.773182415,2.773135098,2.696700779,2.773182416,2.773135098,0.0005930563524,0.0005930563679,0.220026543,0.2300258497,0.1900296352,0.599872702,0.5998782899,0.5998604649,0.4198672851,0.4298707513,0.4298518242
19.56,2.69670266,2.773184203,2.773137174,2.69670266,2.773184203,2.773137174,0.0005897332127,0.0005897332289,0.2200263925,0.2300257067,0.190029469,0.5998734236,0.5998789632,0.5998612473,0.4198680373,0.4298714663,0.4298526549
19.58,2.69670453,2.77318598,2.77313924,2.69670453,2.77318598,2.773139239,0.0005864287009,0.0005864287176,0.220026243,0.2300255645,0.1900293038,0.599874141,0.5998796328,0.5998620252,0.4198687852,0.4298721773,0.429853481
19.6,2.696706389,2.773187748,2.773141293,2.696706389,2.773187748,2.773141293,0.0005831427125,0.0005831427296,0.2200260942,0.2300254231,0.1900291395,0.5998748544,0.5998802988,0.5998627988,0.4198695289,0.4298728845,0.4298543024
19.62,2.696708237,2.773189507,2.773143335,2.696708237,2.773189507,2.773143335,0.0005798751436,0.0005798751609,0.2200259464,0.2300252824,0.1900289762,0.5998755636,0.5998809611,0.599863568,0.4198702682,0.4298735878,0.4298551192
19.64,2.696710075,2.773191255,2.773145365,2.696710075,2.773191255,2.773145365,0.0005766258909,0.0005766259082,0.2200257993,0.2300251425,0.1900288137,0.5998762688,0.5998816199,0.5998643329,0.4198710034,0.4298742873,0.4298559314
19.66,2.696711902,2.773192994,2.773147385,2.696711902,2.773192995,2.773147385,0.0005733948515,0.0005733948687,0.2200256531,0.2300250034,0.1900286522,0.59987697,0.599882275,0.5998650935,0.4198717343,0.4298749829,0.429856739
19.68,2.696713719,2.773194724,2.773149392,2.696713719,2.773194724,2.773149392,0.0005701819234,0.0005701819402,0.2200255078,0.230024865,0.1900284916,0.5998776671,0.5998829266,0.5998658499,0.4198724611,0.4298756748,0.4298575421
19.7,2.696715526,2.773196444,2.773151389,2.696715526,2.773196444,2.773151389,0.0005669870047,0.000566987021,0.2200253633,0.2300247274,0.1900283319,0.5998783603,0.5998835746,0.599866602,0.4198731836,0.4298763629,0.4298583407
19.72,2.696717322,2.773198155,2.773153374,2.696717322,2.773198155,2.773153374,0.0005638099946,0.0005638100102,0.2200252196,0.2300245906,0.190028173,0.5998790495,0.5998842191,0.5998673498,0.4198739021,0.4298770472,0.4298591348
19.74,2.696719108,2.773199857,2.773155348,2.696719108,2.773199857,2.773155348,0.0005606507926,0.0005606508073,0.2200250767,0.2300244544,0.1900280151,0.5998797347,0.59988486,0.5998680935,0.4198746164,0.4298777278,0.4298599244
19.76,2.696720883,2.773201549,2.773157311,2.696720883,2.773201549,2.773157311,0.0005575092986,0.0005575093122,0.2200249347,0.2300243191,0.1900278581,0.599880416,0.5998854975,0.599868833,0.4198753267,0.4298784047,0.4298607096
19.78,2.696722649,2.773203232,2.773159263,2.696722649,2.773203232,2.773159263,0.0005543854133,0.0005543854258,0.2200247934,0.2300241844,0.1900277019,0.5998810934,0.5998861314,0.5998695683,0.4198760328,0.4298790779,0.4298614904
19.8,2.696724404,2.773204906,2.773161204,2.696724404,2.773204906,2.773161204,0.000551279038,0.0005512790492,0.220024653,0.2300240505,0.1900275466,0.5998817669,0.5998867619,0.5998702995,0.419876735,0.4298797474,0.4298622669
19.82,2.696726149,2.77320657,2.773163134,2.696726149,2.77320657,2.773163134,0.0005481900744,0.0005481900841,0.2200245134,0.2300239173,0.1900273922,0.5998824366,0.599887389,0.5998710266,0.4198774331,0.4298804133,0.4298630389
19.84,2.696727885,2.773208226,2.773165054,2.696727885,2.773208226,2.773165054,0.0005451184247,0.0005451184328,0.2200243746,0.2300237849,0.1900272387,0.5998831025,0.5998880126,0.5998717496,0.4198781272,0.4298810755,0.4298638066
19.86,2.69672961,2.773209872,2.773166962,2.69672961,2.773209872,2.773166962,0.0005420639917,0.0005420639984,0.2200242365,0.2300236532,0.190027086,0.5998837645,0.5998886329,0.5998724686,0.4198788173,0.4298817341,0.42986457
19.88,2.696731325,2.77321151,2.77316886,2.696731325,2.77321151,2.77316886,0.000539026679,0.000539026684,0.2200240993,0.2300235222,0.1900269342,0.5998844227,0.5998892497,0.5998731835,0.4198795035,0.4298823891,0.4298653292
19.9,2.696733031,2.773213138,2.773170747,2.696733031,2.773213138,2.773170747,0.0005360063902,0.0005360063937,0.2200239628,0.2300233919,0.1900267832,0.5998850772,0.5998898632,0.5998738944,0.4198801858,0.4298830405,0.429866084
19.92,2.696734727,2.773214758,2.773172624,2.696734727,2.773214758,2.773172624,0.00053300303,0.0005330030321,0.2200238272,0.2300232623,0.1900266331,0.5998857279,0.5998904733,0.5998746013,0.4198808642,0.4298836884,0.4298668346
19.94,2.696736413,2.773216369,2.77317449,2.696736413,2.773216369,2.77317449,0.0005300165032,0.000530016504,0.2200236923,0.2300231335,0.1900264838,0.5998863749,0.5998910801,0.5998753042,0.4198815387,0.4298843327,0.429867581
19.96,2.69673809,2.773217971,2.773176345,2.69673809,2.773217971,2.773176345,0.0005270467153,0.0005270467152,0.2200235581,0.2300230053,0.1900263353,0.5998870182,0.5998916835,0.5998760032,0.4198822093,0.4298849735,0.4298683233
19.98,2.696739757,2.773219564,2.77317819,2.696739757,2.773219564,2.77317819,0.0005240935724,0.0005240935716,0.2200234248,0.2300228778,0.1900261877,0.5998876579,0.5998922837,0.5998766983,0.4198828761,0.4298856108,0.4298690613
20,2.696741414,2.773221148,2.773180025,2.696741414,2.773221148,2.773180025,0.000521156981,0.00052115698,0.2200232922,0.2300227511,0.190026041,0.5998882938,0.5998928806,0.5998773894,0.4198835391,0.4298862446,0.4298697952
