t,n1,n2,n3,oracle_n1,oracle_n2,oracle_n3,error_norm,oracle_error_norm,r1,r2,r3,u1,u2,u3,z1,z2,z3
0,10.69703257,0.7735055371,10.77350554,10.69703257,0.7735055371,10.77350554,11.48912529,11.48912529,0,0.39,0,1,0,1,1.492712184,0,1.491025338
0.02,10.67480356,0.7953681131,10.75078906,10.63353411,0.8225400851,10.70705725,11.45403466,11.39015214,0,0.3882509939,0,1,0,1,1.493169602,0,1.491544737
0.04,10.65256817,0.8172002094,10.72806449,10.57058875,0.8708643899,10.64125015,11.41896166,11.29222457,0,0.3865044262,0,1,0,1,1.493612322,0,1.492048831
0.06,10.63032662,0.8390017338,10.70533206,10.50819134,0.9184874341,10.57607733,11.38390669,11.19533028,0,0.3847603043,0,1,0,1,1.494040325,0,1.4925376
0.08,10.60807911,0.860772594,10.68259202,10.44633676,0.9654180926,10.51153195,11.34887015,11.09945713,0,0.3830186355,0,1,0,1,1.494453597,0,1.493011022
0.1,10.58582587,0.8825126978,10.65984459,10.38501996,1.011665134,10.44760727,11.31385245,11.00459309,0,0.3812794271,0,1,0,1,1.494852121,0,1.493469077
0.12,10.56356711,0.904221953,10.63709002,10.3242359,1.057237222,10.3842966,11.27885401,10.91072629,0,0.3795426867,0,1,0,1,1.495235882,0,1.493911745
0.14,10.54130304,0.9259002673,10.61432854,10.26397965,1.102142915,10.32159334,11.24387522,10.81784501,0,0.3778084216,0,1,0,1,1.495604865,0,1.494339007
0.16,10.51903389,0.9475475485,10.5915604,10.20424627,1.14639067,10.25949098,11.2089165,10.72593765,0,0.3760766391,0,1,0,1,1.495959057,0,1.494750844
0.18,10.49675988,0.9691637043,10.56878582,10.1450309,1.189988843,10.19798306,11.17397826,10.63499275,0,0.3743473466,0,1,0,1,1.496298444,0,1.49514724
0.2,10.47448121,0.9907486424,10.54600505,10.08632872,1.232945689,10.13706321,11.13906092,10.544999,0,0.3726205516,0,1,0,1,1.496623014,0,1.495528177
0.22,10.45219811,1.012302271,10.52321832,10.02813496,1.275269362,10.07672512,11.10416489,10.45594521,0,0.3708962613,0,1,0,1,1.496932753,0,1.495893639
0.24,10.42991079,1.033824497,10.50042589,9.970444884,1.31696792,10.01696257,11.06929057,10.36782033,0,0.3691744832,0,1,0,1,1.497227651,0,1.496243609
0.26,10.40761947,1.055315229,10.47762797,9.913253819,1.358049325,9.957769401,11.0344384,10.28061344,0,0.3674552247,0,1,0,1,1.497507695,0,1.496578073
0.28,10.38532438,1.076774374,10.45482482,9.856557125,1.398521441,9.899139517,10.99960879,10.19431375,0,0.3657384931,0,1,0,1,1.497772877,0,1.496897016
0.3,10.36302572,1.098201841,10.43201667,9.800350212,1.438392039,9.841066905,10.96480216,10.10891059,0,0.3640242957,0,1,0,1,1.498023185,0,1.497200424
0.32,10.34072371,1.119597537,10.40920377,9.744628533,1.477668795,9.783545615,10.93001892,10.02439343,0,0.36231264,0,1,0,1,1.49825861,0,1.497488284
0.34,10.31841858,1.14096137,10.38638635,9.689387587,1.516359295,9.726569766,10.8952595,9.940751861,0,0.3606035334,0,1,0,1,1.498479144,0,1.497760584
0.36,10.29611054,1.162293249,10.36356466,9.634622913,1.554471031,9.670133543,10.86052432,9.857975593,0,0.3588969831,0,1,0,1,1.498684778,0,1.498017311
0.38,10.27379981,1.18359308,10.34073893,9.580330098,1.592011406,9.614231199,10.82581381,9.776054464,0,0.3571929965,0,1,0,1,1.498875505,0,1.498258455
0.4,10.25148661,1.204860774,10.3179094,9.526504768,1.628987735,9.558857053,10.7911284,9.694978429,0,0.3554915811,0,1,0,1,1.499051317,0,1.498484004
0.42,10.22917116,1.226096237,10.29507633,9.473142593,1.665407242,9.504005486,10.75646849,9.614737568,0,0.353792744,0,1,0,1,1.499212209,0,1.498693949
0.44,10.20685367,1.247299378,10.27223994,9.420239285,1.701277066,9.449670947,10.72183454,9.535322074,0,0.3520964927,0,1,0,1,1.499358173,0,1.498888281
0.46,10.18453437,1.268470106,10.24940048,9.367790597,1.736604261,9.395847945,10.68722696,9.456722261,0,0.3504028345,0,1,0,1,1.499489206,0,1.499066991
0.48,10.16221346,1.289608328,10.22655819,9.315792324,1.771395792,9.342531053,10.65264618,9.378928558,0,0.3487117767,0,1,0,1,1.499605302,0,1.499230071
0.5,10.13989119,1.310713954,10.20371331,9.2642403,1.805658544,9.289714907,10.61809264,9.301931508,0,0.3470233267,0,1,0,1,1.499706457,0,1.499377513
0.52,10.11756775,1.331786891,10.18086609,9.213130402,1.839399317,9.237394202,10.58356676,9.225721766,0,0.3453374917,0,1,0,1,1.499792667,0,1.499509312
0.54,10.09524337,1.35282705,10.15801676,9.162458544,1.872624828,9.185563695,10.54906898,9.150290101,0,0.343654279,0,1,0,1,1.499863931,0,1.499625461
0.56,10.07291827,1.373834337,10.13516557,9.112220681,1.905341715,9.134218202,10.51459974,9.075627393,0,0.341973696,0,1,0,1,1.499920244,0,1.499725954
0.58,10.05059266,1.394808664,10.11231276,9.062412809,1.937556535,9.083352598,10.48015947,9.001724628,0,0.3402957499,0,1,0,1,1.499961606,0,1.499810788
0.6,10.02826678,1.415749938,10.08945857,9.013030958,1.969275764,9.032961816,10.44574861,8.928572905,0,0.3386204479,0,1,0,1,1.499988015,0,1.499879957
0.62,10.00594083,1.436658069,10.06660324,8.964071202,2.000505802,8.983040847,10.41136759,8.856163425,0,0.3369477974,0,1,0,1,1.499999471,0,1.49993346
0.64,9.983615028,1.457532966,10.04374702,8.915529648,2.031252971,8.93358474,10.37701686,8.784487498,0,0.3352778057,0,1,0,1,1.499995973,0,1.499971293
0.66,9.961289603,1.478374539,10.02089014,8.867402444,2.061523516,8.884588598,10.34269685,8.713536538,0,0.3336104798,0,1,0,1,1.499977523,0,1.499993454
0.68,9.93896477,1.499182698,9.99803286,8.819685774,2.091323606,8.836047582,10.30840801,8.643302062,0,0.3319458271,0,1,0,1,1.499944121,0,1.499999942
0.7,9.916640748,1.519957351,9.975175409,8.772375858,2.120659337,8.787956906,10.27415078,8.573775688,0,0.3302838549,0,1,0,1,1.499895769,0,1.499990756
0.72,9.894317755,1.54069841,9.952318033,8.725468955,2.149536729,8.74031184,10.2399256,8.504949136,0,0.3286245702,0,1,0,1,1.499832469,0,1.499965896
0.74,9.87199601,1.561405784,9.929460973,8.678961357,2.177961731,8.693107705,10.20573292,8.436814227,0,0.3269679803,0,1,0,1,1.499754225,0,1.499925364
0.76,9.849675732,1.582079383,9.906604472,8.632849395,2.205940218,8.646339878,10.17157318,8.369362879,0,0.3253140924,0,1,0,1,1.499661039,0,1.499869159
0.78,9.82735714,1.602719118,9.883748773,8.587129432,2.233477996,8.600003787,10.13744683,8.302587108,0,0.3236629136,0,1,0,1,1.499552917,0,1.499797285
0.8,9.805040451,1.623324899,9.860894118,8.541797869,2.260580799,8.554094911,10.10335432,8.236479025,0,0.322014451,0,1,0,1,1.499429862,0,1.499709743
0.82,9.782725885,1.643896638,9.838040749,8.496851141,2.287254291,8.508608782,10.06929609,8.17103084,0,0.3203687119,0,1,0,1,1.499291879,0,1.499606538
0.84,9.76041366,1.664434245,9.815188908,8.452285716,2.313504068,8.463540981,10.03527261,8.106234855,0,0.3187257034,0,1,0,1,1.499138976,0,1.499487673
0.86,9.738103994,1.684937631,9.792338837,8.408098098,2.339335659,8.418887141,10.00128431,8.042083463,0,0.3170854325,0,1,0,1,1.498971157,0,1.499353153
0.88,9.715799052,1.705397406,9.769493807,8.364284823,2.364754524,8.374642941,9.967336145,7.978569154,0,0.3154486505,0,1,0.005890567741,1,1.498788447,0.002756747515,1.499203003
0.9,9.693523718,1.72569573,9.746692429,8.320842462,2.389766058,8.330804112,9.933485252,7.915684504,0,0.3138247846,0,1,0.02299195715,1,1.498591084,0.01087607708,1.499037529
0.92,9.671285415,1.745798317,9.723946152,8.277767617,2.414375589,8.287366432,9.899747959,7.853422183,0,0.3122165776,0,1,0.03957370066,1,1.498379201,0.01891711215,1.498856914
0.94,9.649084029,1.765706901,9.701254702,8.235056926,2.438588382,8.244325726,9.866123155,7.791774948,0,0.3106238909,0,1,0.05565949641,1,1.49815287,0.02688054548,1.498661269
0.96,9.626919448,1.785423196,9.678617806,8.192707056,2.462409636,8.201677867,9.832609742,7.730735644,0,0.3090465873,0,1,0.07127159757,1,1.497912164,0.0347670635,1.498450702
0.98,9.604791563,1.804948903,9.656035195,8.150714707,2.485844488,8.159418775,9.799206641,7.670297202,0,0.3074845307,0,1,0.086430921,1,1.497657154,0.04257734644,1.498225323
1,9.582700265,1.824285708,9.633506601,8.109076613,2.508898013,8.117544414,9.765912786,7.610452642,0,0.3059375863,0,1,0.1011571464,1,1.497387914,0.05031206833,1.497985239
1.02,9.56064545,1.84343528,9.611031762,8.067789536,2.531575223,8.076050796,9.732727129,7.551195066,0,0.3044056206,0,1,0.1154688065,1,1.497104514,0.0579718971,1.497730556
1.04,9.538627012,1.862399274,9.588610413,8.026850271,2.553881068,8.034933976,9.699648635,7.492517661,0,0.3028885011,0,1,0.1293833697,1,1.496807024,0.0655574946,1.497461379
1.06,9.516644849,1.881179329,9.566242297,7.986255645,2.57582044,7.994190055,9.666676287,7.434413696,0,0.3013860967,0,1,0.1429173159,1,1.496495517,0.07306951667,1.497177814
1.08,9.494698862,1.89977707,9.543927157,7.946002513,2.59739817,7.953815175,9.633809081,7.376876524,0,0.2998982774,0,1,0.156086205,1,1.496170061,0.08050861324,1.496879963
1.1,9.472788951,1.918194108,9.521664737,7.906087762,2.618619031,7.913805525,9.601046027,7.319899578,0,0.2984249143,0,1,0.1689047411,1,1.495830728,0.08787542828,1.496567931
1.12,9.45091502,1.936432037,9.499454787,7.866508308,2.639487735,7.874157335,9.568386152,7.26347637,0,0.29696588,0,1,0.1813868303,1,1.495477585,0.09517059998,1.496241817
1.14,9.429076975,1.954492439,9.477297057,7.827261098,2.66000894,7.834866877,9.535828496,7.207600493,0,0.2955210479,0,1,0.1935456344,1,1.495110703,0.1023947607,1.495901724
1.16,9.407274721,1.97237688,9.455191299,7.788343105,2.680187245,7.795930465,9.503372113,7.152265618,0,0.2940902926,0,1,0.2053936202,1,1.494730151,0.109548537,1.495547752
1.18,9.385508168,1.990086912,9.433137269,7.749751336,2.700027193,7.757344456,9.471016071,7.097465491,0,0.29267349,0,1,0.2169426053,1,1.494335997,0.11663255,1.49518
1.2,9.363777226,2.007624074,9.411134726,7.711482822,2.719533272,7.719105245,9.438759453,7.043193938,0,0.291270517,0,1,0.2282037993,1,1.493928309,0.1236474149,1.494798565
1.22,9.342081808,2.024989891,9.389183428,7.673534626,2.738709915,7.68120927,9.406601355,6.989444858,0,0.2898812517,0,1,0.2391878431,1,1.493507155,0.1305937415,1.494403547
1.24,9.320421826,2.042185872,9.367283138,7.635903838,2.757561501,7.643653008,9.374540884,6.936212226,0,0.2885055732,0,1,0.2499048447,1,1.493072603,0.1374721339,1.493995041
1.26,9.298797196,2.059213515,9.345433622,7.598587575,2.776092354,7.606432975,9.342577164,6.883490089,0,0.2871433618,0,1,0.2603644119,1,1.492624719,0.144283191,1.493573143
1.28,9.277207836,2.076074302,9.323634646,7.561582982,2.794306746,7.569545726,9.310709331,6.83127257,0,0.2857944988,0,1,0.2705756834,1,1.492163572,0.151027506,1.493137949
1.3,9.255653664,2.092769704,9.301885979,7.524887233,2.812208898,7.532987855,9.278936532,6.779553861,0,0.2844588666,0,1,0.2805473569,1,1.491689228,0.1577056668,1.492689552
1.32,9.2341346,2.109301178,9.280187393,7.488497527,2.829802977,7.496755993,9.247257929,6.728328228,0,0.2831363488,0,1,0.2902877161,1,1.491201753,0.1643182562,1.492228047
1.34,9.212650566,2.125670165,9.258538662,7.452411091,2.847093099,7.460846812,9.215672695,6.677590004,0,0.2818268297,0,1,0.2998046545,1,1.490701213,0.1708658514,1.491753526
1.36,9.191201485,2.141878098,9.236939562,7.416625177,2.864083332,7.425257017,9.184180016,6.627333595,0,0.2805301951,0,1,0.3091056985,1,1.490187674,0.1773490244,1.491266082
1.38,9.169787284,2.157926393,9.215389871,7.381137067,2.880777691,7.389983352,9.15277909,6.577553474,0,0.2792463315,0,1,0.3181980291,1,1.489661203,0.1837683423,1.490765804
1.4,9.148407887,2.173816454,9.193889369,7.345944065,2.897180143,7.355022596,9.121469128,6.528244182,0,0.2779751266,0,1,0.3270885008,1,1.489121863,0.1901243669,1.490252785
1.42,9.127063222,2.189549674,9.172437838,7.311043503,2.913294607,7.320371566,9.090249352,6.479400327,0,0.276716469,0,1,0.3357836606,1,1.488569721,0.1964176548,1.489727113
1.44,9.105753221,2.205127431,9.151035064,7.276432738,2.929124953,7.286027113,9.059118995,6.431016584,0,0.2754702485,0,1,0.3442897652,1,1.48800484,0.2026487576,1.489188878
1.46,9.084477812,2.220551093,9.129680834,7.242109151,2.944675004,7.251986122,9.028077303,6.383087693,0,0.2742363556,0,1,0.3526127967,1,1.487427287,0.2088182222,1.488638168
1.48,9.063236929,2.235822012,9.108374935,7.208070151,2.959948534,7.218245516,8.997123532,6.33560846,0,0.273014682,0,1,0.360758478,1,1.486837124,0.2149265902,1.488075071
1.5,9.042030505,2.250941533,9.087117159,7.174313169,2.974949274,7.184802249,8.96625695,6.288573753,0,0.2718051203,0,1,0.3687322865,1,1.486234417,0.2209743983,1.487499674
1.52,9.020858476,2.265910984,9.065907299,7.140835662,2.989680905,7.151653309,8.935476837,6.241978505,0,0.2706075643,0,1,0.3765394674,1,1.485619228,0.2269621787,1.486912062
1.54,8.999720778,2.280731683,9.04474515,7.107635111,3.004147066,7.118795721,8.904782481,6.19581771,0,0.2694219083,0,1,0.3841850461,1,1.484991622,0.2328904584,1.486312323
1.56,8.978617349,2.295404937,9.023630508,7.07470902,3.01835135,7.086226539,8.874173185,6.150086426,0,0.268248048,0,1,0.3916738392,1,1.484351662,0.2387597599,1.485700539
1.58,8.957548127,2.309932039,9.002563173,7.042054919,3.032297304,7.053942851,8.843648258,6.104779769,0,0.2670858798,0,1,0.3990104661,1,1.483699411,0.2445706009,1.485076797
1.6,8.936513055,2.324314273,8.981542946,7.00967036,3.045988435,7.021941779,8.813207023,6.059892917,0,0.2659353012,0,1,0.4061993584,1,1.483034933,0.2503234942,1.484441178
1.62,8.915512073,2.338552908,8.96056963,6.977552919,3.059428203,6.990220474,8.782848812,6.015421108,0,0.2647962103,0,1,0.4132447698,1,1.482358289,0.2560189483,1.483793768
1.64,8.894545125,2.352649205,8.939643029,6.945700194,3.072620027,6.95877612,8.752572967,5.971359639,0,0.2636685066,0,1,0.420150785,1,1.481669543,0.261657467,1.483134646
1.66,8.873612155,2.366604411,8.918762951,6.914109807,3.085567284,6.927605934,8.72237884,5.927703863,0,0.2625520901,0,1,0.426921328,1,1.480968756,0.2672395495,1.482463897
1.68,8.852713109,2.380419763,8.897929203,6.882779403,3.098273308,6.89670716,8.692265793,5.884449193,0,0.2614468619,0,1,0.4335601702,1,1.480255992,0.2727656905,1.481781599
1.7,8.831847934,2.394096488,8.877141597,6.851706648,3.110741393,6.866077075,8.662233198,5.841591097,0,0.260352724,0,1,0.4400709376,1,1.479531311,0.2782363802,1.481087835
1.72,8.811016578,2.407635798,8.856399946,6.820889232,3.122974791,6.835712987,8.632280437,5.7991251,0,0.2592695791,0,1,0.4464571181,1,1.478794776,0.2836521045,1.480382684
1.74,8.79021899,2.421038899,8.835704062,6.790324866,3.134976716,6.80561223,8.6024069,5.757046782,0,0.258197331,0,1,0.4527220678,1,1.478046449,0.2890133448,1.479666225
1.76,8.769455121,2.434306983,8.815053763,6.760011282,3.146750339,6.775772172,8.572611989,5.715351778,0,0.2571358844,0,1,0.4588690175,1,1.47728639,0.2943205782,1.478938536
1.78,8.748724923,2.447441231,8.794448867,6.729946236,3.158298794,6.746190207,8.542895111,5.674035777,0,0.2560851445,0,1,0.4649010784,1,1.47651466,0.2995742775,1.478199697
1.8,8.728028347,2.460442815,8.773889192,6.700127503,3.169625176,6.716863757,8.513255686,5.633094522,0,0.2550450178,0,1,0.4708212477,1,1.475731322,0.3047749112,1.477449784
1.82,8.707365349,2.473312896,8.753374562,6.67055288,3.180732541,6.687790277,8.483693142,5.592523807,0,0.2540154113,0,1,0.4766324141,1,1.474936435,0.3099229437,1.476688875
1.84,8.686735884,2.486052625,8.732904798,6.641220184,3.191623906,6.658967244,8.454206915,5.55231948,0,0.252996233,0,1,0.4823373623,1,1.47413006,0.315018835,1.475917046
1.86,8.666139906,2.49866314,8.712479727,6.612127256,3.202302253,6.630392167,8.424796449,5.51247744,0,0.2519873918,0,1,0.487938778,1,1.473312259,0.3200630412,1.475134373
1.88,8.645577375,2.511145572,8.692099174,6.583271953,3.212770525,6.602062582,8.395461198,5.472993636,0,0.2509887972,0,1,0.4934392524,1,1.47248309,0.3250560141,1.474340931
1.9,8.625048247,2.523501041,8.671762968,6.554652156,3.223031629,6.57397605,8.366200624,5.433864069,0,0.2500003597,0,1,0.4988412861,1,1.471642615,0.3299982014,1.473536796
1.92,8.604552483,2.535730655,8.651470941,6.526265764,3.233088436,6.54613016,8.337014199,5.395084788,0,0.2490219906,0,1,0.5041472933,1,1.470790893,0.3348900471,1.472722041
1.94,8.584090043,2.547835514,8.631222922,6.498110697,3.242943781,6.518522528,8.307901399,5.356651891,0,0.2480536018,0,1,0.5093596056,1,1.469927985,0.3397319908,1.47189674
1.96,8.563660888,2.559816708,8.611018747,6.470184894,3.252600464,6.491150795,8.278861712,5.318561526,0,0.2470951063,0,1,0.5144804754,1,1.469053949,0.3445244684,1.471060966
1.98,8.543264981,2.571675316,8.590858249,6.442486315,3.262061249,6.464012629,8.249894633,5.280809887,0,0.2461464177,0,1,0.5195120794,1,1.468168846,0.3492679117,1.470214793
2,8.522902284,2.583412409,8.570741266,6.415012937,3.271328868,6.437105724,8.220999663,5.243393217,0,0.2452074502,0,1,0.5244565219,1,1.467272735,0.3539627488,1.469358292
2.02,8.502572763,2.595029047,8.550667637,6.387762757,3.280406017,6.410427796,8.192176314,5.206307805,0,0.2442781192,0,1,0.5293158377,1,1.466365675,0.3586094039,1.468491536
2.04,8.482276382,2.60652628,8.530637201,6.360733794,3.289295358,6.383976591,8.163424102,5.169549985,0,0.2433583405,0,1,0.5340919949,1,1.465447725,0.3632082973,1.467614594
2.06,8.462013108,2.617905151,8.510649801,6.33392408,3.29799952,6.357749874,8.134742554,5.133116138,0,0.2424480309,0,1,0.5387868981,1,1.464518945,0.3677598456,1.46672754
2.08,8.441782908,2.629166691,8.490705278,6.307331671,3.306521102,6.33174544,8.106131202,5.09700269,0,0.2415471077,0,1,0.5434023905,1,1.463579392,0.3722644616,1.465830442
2.1,8.42158575,2.640311923,8.470803478,6.280954639,3.314862665,6.305961104,8.077589586,5.061206111,0,0.2406554891,0,1,0.5479402568,1,1.462629127,0.3767225545,1.46492337
2.12,8.401421602,2.651341862,8.450944248,6.254791074,3.323026744,6.280394707,8.049117253,5.025722913,0,0.239773094,0,1,0.5524022253,1,1.461668207,0.3811345298,1.464006394
2.14,8.381290436,2.66225751,8.431127434,6.228839084,3.331015837,6.255044112,8.020713757,4.990549655,0,0.2388998422,0,1,0.55678997,1,1.46069669,0.3855007892,1.463079583
2.16,8.36119222,2.673059865,8.411352887,6.203096797,3.338832415,6.229907206,7.992378661,4.955682936,0,0.2380356538,0,1,0.5611051135,1,1.459714636,0.389821731,1.462143005
2.18,8.341126928,2.683749912,8.391620457,6.177562355,3.346478915,6.204981901,7.964111531,4.921119398,0,0.23718045,0,1,0.5653492281,1,1.458722102,0.3940977498,1.461196729
2.2,8.321094531,2.694328629,8.371929996,6.152233922,3.353957744,6.180266127,7.935911944,4.886855726,0,0.2363341527,0,1,0.5695238384,1,1.457719146,0.3983292367,1.460240821
2.22,8.301095002,2.704796986,8.352281358,6.127109675,3.361271281,6.155757842,7.90777948,4.852888645,0,0.2354966841,0,1,0.5736304229,1,1.456705827,0.4025165794,1.459275349
2.24,8.281128315,2.715155942,8.332674399,6.102187812,3.368421872,6.131455023,7.879713728,4.819214919,0,0.2346679676,0,1,0.5776704158,1,1.455682202,0.4066601619,1.45830038
2.26,8.261194446,2.72540645,8.313108975,6.077466545,3.375411835,6.107355668,7.851714283,4.785831356,0,0.233847927,0,1,0.5816452087,1,1.454648329,0.410760365,1.45731598
2.28,8.241293369,2.735549452,8.293584944,6.052944105,3.38224346,6.0834578,7.823780746,4.752734801,0,0.2330364868,0,1,0.5855561523,1,1.453604265,0.4148175659,1.456322215
2.3,8.22142506,2.745585884,8.274102165,6.028618738,3.388919007,6.05975946,7.795912724,4.71992214,0,0.2322335723,0,1,0.5894045578,1,1.452550068,0.4188321386,1.45531915
2.32,8.201589498,2.755516671,8.2546605,6.004488708,3.395440706,6.036258714,7.76810983,4.687390295,0,0.2314391093,0,1,0.5931916984,1,1.451485795,0.4228044535,1.45430685
2.34,8.181786659,2.765342732,8.23525981,5.980552294,3.401810763,6.012953646,7.740371685,4.655136228,0,0.2306530244,0,1,0.5969188107,1,1.450411504,0.426734878,1.453285381
2.36,8.162016522,2.775064977,8.21589996,5.956807792,3.408031351,5.989842361,7.712697914,4.62315694,0,0.2298752448,0,1,0.6005870962,1,1.449327251,0.430623776,1.452254806
2.38,8.142279066,2.784684308,8.196580813,5.933253514,3.41410462,5.966922986,7.685088149,4.591449467,0,0.2291056984,0,1,0.6041977225,1,1.448233094,0.4344715082,1.451215189
2.4,8.122574271,2.794201618,8.177302238,5.909887789,3.420032691,5.944193666,7.657542027,4.560010883,0,0.2283443136,0,1,0.6077518242,1,1.447129089,0.4382784322,1.450166593
2.42,8.102902118,2.803617792,8.1580641,5.886708959,3.425817658,5.92165257,7.630059192,4.528838298,0,0.2275910196,0,1,0.6112505047,1,1.446015294,0.4420449021,1.449109082
2.44,8.083262587,2.81293371,8.138866269,5.863715384,3.431461589,5.899297881,7.602639292,4.497928858,0,0.2268457462,0,1,0.6146948368,1,1.444891765,0.4457712692,1.448042719
2.46,8.063655661,2.822150241,8.119708615,5.840905438,3.436966527,5.877127807,7.575281981,4.467279744,0,0.2261084237,0,1,0.6180858639,1,1.443758559,0.4494578814,1.446967565
2.48,8.044081322,2.831268246,8.10059101,5.818277511,3.442334486,5.855140573,7.547986921,4.436888173,0,0.2253789833,0,1,0.6214246014,1,1.442615732,0.4531050837,1.445883682
2.5,8.024539553,2.840288582,8.081513327,5.795830009,3.447567457,5.833334422,7.520753776,4.406751396,0,0.2246573564,0,1,0.6247120369,1,1.44146334,0.4567132179,1.444791133
2.52,8.005030338,2.849212094,8.062475438,5.773561351,3.452667407,5.811707617,7.493582217,4.376866697,0,0.2239434755,0,1,0.6279491322,1,1.440301441,0.4602826227,1.443689979
2.54,7.985553661,2.858039622,8.043477221,5.751469971,3.457636274,5.790258441,7.466471919,4.347231396,0,0.2232372732,0,1,0.6311368231,1,1.439130089,0.4638136339,1.442580279
2.56,7.966109507,2.866771998,8.024518551,5.72955432,3.462475975,5.768985194,7.439422565,4.317842844,0,0.2225386832,0,1,0.634276021,1,1.437949342,0.4673065842,1.441462096
2.58,7.946697861,2.875410046,8.005599305,5.707812862,3.467188401,5.747886193,7.41243384,4.288698426,0,0.2218476393,0,1,0.6373676137,1,1.436759255,0.4707618036,1.440335488
2.6,7.92731871,2.883954584,7.986719364,5.686244074,3.47177542,5.726959777,7.385505436,4.25979556,0,0.2211640763,0,1,0.6404124658,1,1.435559884,0.4741796187,1.439200516
2.62,7.90797204,2.892406421,7.967878606,5.66484645,3.476238875,5.706204298,7.358637048,4.231131694,0,0.2204879293,0,1,0.6434114198,1,1.434351285,0.4775603537,1.43805724
2.64,7.888657839,2.900766361,7.949076914,5.643618496,3.480580586,5.685618129,7.331828378,4.202704309,0,0.2198191341,0,1,0.6463652966,1,1.433133514,0.4809043296,1.436905717
2.66,7.869376093,2.909035198,7.930314169,5.622558733,3.484802351,5.665199659,7.305079131,4.174510918,0,0.2191576271,0,1,0.6492748965,1,1.431906626,0.4842118645,1.435746008
2.68,7.850126791,2.917213722,7.911590256,5.601665696,3.488905942,5.644947295,7.278389018,4.146549062,0,0.2185033452,0,1,0.6521409998,1,1.430670678,0.4874832739,1.434578171
2.7,7.830909922,2.925302713,7.892905059,5.580937933,3.492893113,5.624859461,7.251757755,4.118816316,0,0.2178562259,0,1,0.654964367,1,1.429425723,0.4907188705,1.433402264
2.72,7.811725474,2.933302947,7.874258463,5.560374006,3.496765592,5.604934596,7.225185061,4.091310282,0,0.2172162072,0,1,0.6577457401,1,1.428171819,0.4939189639,1.432218344
2.74,7.792573439,2.941215191,7.855650357,5.53997249,3.500525086,5.585171159,7.19867066,4.064028592,0,0.2165832277,0,1,0.6604858428,1,1.42690902,0.4970838614,1.431026469
2.76,7.773453804,2.949040205,7.837080627,5.519731974,3.504173281,5.565567622,7.172214281,4.03696891,0,0.2159572266,0,1,0.6631853813,1,1.425637381,0.5002138672,1.429826697
2.78,7.754366562,2.956778745,7.818549164,5.49965106,3.50771184,5.546122476,7.145815657,4.010128926,0,0.2153381434,0,1,0.6658450445,1,1.424356957,0.503309283,1.428619084
2.8,7.735311703,2.964431556,7.800055857,5.479728362,3.511142406,5.526834226,7.119474526,3.983506359,0,0.2147259185,0,1,0.668465505,1,1.423067804,0.5063704077,1.427403687
2.82,7.716289219,2.971999382,7.781600599,5.459962509,3.514466599,5.507701394,7.093190628,3.957098956,0,0.2141204924,0,1,0.6710474192,1,1.421769976,0.5093975378,1.426180561
2.84,7.697299101,2.979482955,7.76318328,5.440352141,3.517686022,5.488722518,7.066963711,3.930904494,0,0.2135218066,0,1,0.673591428,1,1.420463529,0.512390967,1.424949764
2.86,7.678341341,2.986883003,7.744803796,5.420895912,3.520802253,5.469896151,7.040793522,3.904920774,0,0.2129298027,0,1,0.6760981575,1,1.419148516,0.5153509863,1.423711351
2.88,7.659415933,2.994200248,7.726462039,5.401592487,3.523816853,5.451220861,7.014679818,3.879145626,0,0.2123444231,0,1,0.6785682189,1,1.417824993,0.5182778843,1.422465377
2.9,7.64052287,3.001435405,7.708157906,5.382440545,3.526731362,5.432695231,6.988622354,3.853576907,0,0.2117656106,0,1,0.6810022094,1,1.416493015,0.521171947,1.421211897
2.92,7.621662144,3.008589182,7.689891294,5.363438775,3.529547299,5.41431786,6.962620893,3.8282125,0,0.2111933084,0,1,0.6834007125,1,1.415152636,0.5240334579,1.419950967
2.94,7.60283375,3.015662282,7.6716621,5.344585882,3.532266165,5.396087363,6.936675201,3.803050313,0,0.2106274604,0,1,0.6857642982,1,1.41380391,0.5268626979,1.418682639
2.96,7.584037682,3.022655401,7.653470222,5.32588058,3.534889442,5.378002365,6.910785048,3.77808828,0,0.2100680109,0,1,0.6880935239,1,1.412446891,0.5296599454,1.41740697
2.98,7.565273934,3.029569228,7.63531556,5.307321595,3.53741859,5.360061511,6.884950205,3.753324363,0,0.2095149047,0,1,0.6903889343,1,1.411081635,0.5324254765,1.416124012
3,7.546542502,3.036404449,7.617198014,5.288907666,3.539855054,5.342263458,6.85917045,3.728756544,0,0.208968087,0,1,0.6926510619,1,1.409708195,0.5351595649,1.41483382
3.02,7.52784338,3.043161741,7.599117486,5.270637544,3.542200258,5.324606875,6.833445563,3.704382835,0,0.2084275037,0,1,0.6948804275,1,1.408326625,0.5378624816,1.413536447
3.04,7.509176564,3.049841776,7.581073879,5.25250999,3.544455609,5.307090449,6.807775329,3.680201269,0,0.2078931009,0,1,0.6970775403,1,1.406936979,0.5405344954,1.412231946
3.06,7.49054205,3.056445219,7.563067095,5.234523779,3.546622493,5.289712877,6.782159534,3.656209903,0,0.2073648254,0,1,0.6992428985,1,1.405539312,0.5431758728,1.41092037
3.08,7.471939834,3.062972732,7.54509704,5.216677694,3.548702282,5.272472874,6.75659797,3.632406821,0,0.2068426244,0,1,0.7013769895,1,1.404133677,0.5457868778,1.409601772
3.1,7.453369912,3.069424968,7.527163617,5.198970532,3.550696328,5.255369164,6.731090431,3.608790126,0,0.2063264455,0,1,0.7034802899,1,1.402720128,0.5483677723,1.408276203
3.12,7.434832282,3.075802576,7.509266733,5.1814011,3.552605965,5.238400488,6.705636715,3.585357947,0,0.2058162369,0,1,0.7055532666,1,1.401298719,0.5509188156,1.406943717
3.14,7.416326939,3.082106199,7.491406296,5.163968217,3.554432511,5.221565599,6.680236621,3.562108435,0,0.205311947,0,1,0.7075963761,1,1.399869503,0.5534402649,1.405604364
3.16,7.397853882,3.088336475,7.473582213,5.146670711,3.556177266,5.204863261,6.654889956,3.539039765,0,0.204813525,0,1,0.7096100655,1,1.398432534,0.5559323751,1.404258197
3.18,7.379413108,3.094494034,7.455794393,5.129507424,3.557841515,5.188292254,6.629596525,3.516150131,0,0.2043209202,0,1,0.7115947724,1,1.396987865,0.5583953989,1.402905267
3.2,7.361004615,3.100579504,7.438042745,5.112477204,3.559426523,5.171851369,6.604356139,3.493437752,0,0.2038340826,0,1,0.7135509254,1,1.39553555,0.5608295869,1.401545625
3.22,7.3426284,3.106593505,7.42032718,5.095578915,3.56093354,5.155539411,6.579168612,3.470900867,0,0.2033529626,0,1,0.7154789442,1,1.394075643,0.5632351871,1.400179322
3.24,7.324284463,3.112536652,7.402647609,5.078811428,3.562363802,5.139355196,6.55403376,3.448537737,0,0.2028775108,0,1,0.7173792398,1,1.392608195,0.5656124458,1.398806408
3.26,7.3059728,3.118409554,7.385003945,5.062173626,3.563718526,5.123297554,6.528951403,3.426346644,0,0.2024076786,0,1,0.7192522147,1,1.391133262,0.5679616068,1.397426935
3.28,7.287693411,3.124212817,7.367396101,5.045664401,3.564998914,5.107365325,6.503921363,3.40432589,0,0.2019434176,0,1,0.7210982636,1,1.389650895,0.570282912,1.396040951
3.3,7.269446296,3.12994704,7.349823989,5.029282656,3.566206152,5.091557363,6.478943466,3.382473801,0,0.2014846798,0,1,0.7229177729,1,1.388161147,0.572576601,1.394648507
3.32,7.251231452,3.135612816,7.332287526,5.013027304,3.567341412,5.075872533,6.454017539,3.360788717,0,0.2010314177,0,1,0.7247111213,1,1.386664072,0.5748429115,1.393249652
3.34,7.233048879,3.141210734,7.314786626,4.996897268,3.568405848,5.060309712,6.429143413,3.339269005,0,0.2005835842,0,1,0.7264786802,1,1.385159722,0.5770820789,1.391844437
3.36,7.214898577,3.146741379,7.297321205,4.980891482,3.569400602,5.04486779,6.404320923,3.317913046,0,0.2001411327,0,1,0.7282208133,1,1.383648151,0.5792943367,1.39043291
3.38,7.196780544,3.152205328,7.279891182,4.965008888,3.570326798,5.029545666,6.379549904,3.296719244,0,0.1997040167,0,1,0.7299378775,1,1.38212941,0.5814799163,1.38901512
3.4,7.178694782,3.157603155,7.262496472,4.949248438,3.571185548,5.014342251,6.354830195,3.275686022,0,0.1992721906,0,1,0.7316302225,1,1.380603553,0.583639047,1.387591117
3.42,7.160641289,3.162935428,7.245136996,4.933609096,3.571977946,4.99925647,6.330161639,3.254811819,0,0.1988456087,0,1,0.7332981914,1,1.379070632,0.5857719564,1.386160947
3.44,7.142620067,3.168202712,7.227812672,4.918089832,3.572705076,4.984287256,6.305544079,3.234095096,0,0.198424226,0,1,0.7349421204,1,1.377530699,0.5878788698,1.384724661
3.46,7.124631114,3.173405564,7.21052342,4.902689629,3.573368005,4.969433554,6.280977361,3.213534331,0,0.1980079979,0,1,0.7365623396,1,1.375983807,0.5899600106,1.383282306
3.48,7.106674431,3.178544538,7.193269161,4.887407475,3.573967786,4.95469432,6.256461336,3.193128021,0,0.1975968799,0,1,0.7381591727,1,1.374430007,0.5920156004,1.38183393
3.5,7.088750019,3.183620184,7.176049817,4.872242373,3.574505458,4.940068522,6.231995855,3.172874681,0,0.1971908282,0,1,0.7397329371,1,1.372869353,0.5940458588,1.38037958
3.52,7.070857879,3.188633045,7.158865309,4.857193329,3.574982047,4.925555136,6.207580772,3.152772842,0,0.1967897993,0,1,0.7412839444,1,1.371301896,0.5960510033,1.378919305
3.54,7.05299801,3.193583662,7.141715562,4.842259364,3.575398565,4.911153151,6.183215943,3.132821055,0,0.19639375,0,1,0.7428125005,1,1.369727689,0.5980312499,1.377453151
3.56,7.035170414,3.198472568,7.124600497,4.827439503,3.575756013,4.896861565,6.158901226,3.113017886,0,0.1960026375,0,1,0.7443189053,1,1.368146783,0.5999868123,1.375981165
3.58,7.017375092,3.203300294,7.107520041,4.812732783,3.576055374,4.882679388,6.134636484,3.093361921,0,0.1956164195,0,1,0.7458034535,1,1.36655923,0.6019179027,1.374503395
3.6,6.999612044,3.208067365,7.090474117,4.798138248,3.576297621,4.868605637,6.110421578,3.07385176,0,0.1952350538,0,1,0.7472664342,1,1.364965082,0.6038247312,1.373019887
3.62,6.981881271,3.212774303,7.073462652,4.783654953,3.576483715,4.854639343,6.086256375,3.054486021,0,0.1948584988,0,1,0.7487081314,1,1.36336439,0.6057075062,1.371530687
3.64,6.964182776,3.217421623,7.056485572,4.769281959,3.576614602,4.840779543,6.062140742,3.035263338,0,0.1944867131,0,1,0.7501288236,1,1.361757207,0.6075664344,1.370035842
3.66,6.946516558,3.222009839,7.039542804,4.755018338,3.576691216,4.827025288,6.038074549,3.016182361,0,0.1941196559,0,1,0.7515287847,1,1.360143583,0.6094017206,1.368535398
3.68,6.928882619,3.226539456,7.022634275,4.740863169,3.57671448,4.813375635,6.014057667,2.997241758,0,0.1937572865,0,1,0.7529082836,1,1.35852357,0.6112135677,1.3670294
3.7,6.91128096,3.23101098,7.005759914,4.72681554,3.576685303,4.799829652,5.990089971,2.978440208,0,0.1933995646,0,1,0.7542675842,1,1.35689722,0.6130021772,1.365517895
3.72,6.893711583,3.235424908,6.988919651,4.712874546,3.576604582,4.786386419,5.966171337,2.959776411,0,0.1930464503,0,1,0.755606946,1,1.355264584,0.6147677483,1.364000927
3.74,6.876174489,3.239781735,6.972113413,4.699039293,3.576473203,4.77304502,5.942301641,2.94124908,0,0.1926979042,0,1,0.7569266237,1,1.353625713,0.6165104791,1.362478542
3.76,6.858669679,3.244081951,6.955341133,4.685308892,3.57629204,4.759804554,5.918480765,2.922856942,0,0.1923538869,0,1,0.7582268678,1,1.351980657,0.6182305656,1.360950786
3.78,6.841197155,3.248326042,6.93860274,4.671682465,3.576061955,4.746664126,5.89470859,2.904598741,0,0.1920143596,0,1,0.7595079241,1,1.350329469,0.6199282021,1.359417702
3.8,6.823756918,3.252514491,6.921898166,4.65815914,3.575783798,4.733622851,5.870984999,2.886473234,0,0.1916792837,0,1,0.7607700346,1,1.348672198,0.6216035815,1.357879337
3.82,6.80634897,3.256647774,6.905227344,4.644738053,3.575458408,4.720679852,5.847309878,2.868479193,0,0.191348621,0,1,0.7620134369,1,1.347008896,0.6232568948,1.356335733
3.84,6.788973311,3.260726366,6.888590205,4.63141835,3.575086613,4.707834262,5.823683114,2.850615407,0,0.1910223337,0,1,0.7632383644,1,1.345339614,0.6248883315,1.354786936
3.86,6.771629945,3.264750735,6.871986683,4.618199182,3.57466923,4.695085222,5.800104597,2.832880674,0,0.1907003841,0,1,0.7644450469,1,1.343664402,0.6264980793,1.35323299
3.88,6.754318871,3.268721348,6.855416712,4.605079709,3.574207064,4.682431884,5.776574218,2.815273811,0,0.1903827351,0,1,0.76563371,1,1.34198331,0.6280863244,1.351673939
3.9,6.737040092,3.272638666,6.838880226,4.5920591,3.573700911,4.669873405,5.753091868,2.797793646,0,0.1900693497,0,1,0.7668045757,1,1.34029639,0.6296532515,1.350109827
3.92,6.719793609,3.276503146,6.82237716,4.579136528,3.573151553,4.657408953,5.729657443,2.780439022,0,0.1897601913,0,1,0.7679578621,1,1.33860369,0.6311990435,1.348540696
3.94,6.702579423,3.280315242,6.80590745,4.566311177,3.572559766,4.645037704,5.706270838,2.763208793,0,0.1894552236,0,1,0.769093784,1,1.336905263,0.6327238819,1.346966592
3.96,6.685397536,3.284075403,6.789471031,4.553582237,3.571926311,4.632758841,5.682931952,2.74610183,0,0.1891544107,0,1,0.7702125525,1,1.335201158,0.6342279465,1.345387556
3.98,6.668247949,3.287784077,6.773067841,4.540948906,3.571251942,4.620571558,5.659640682,2.729117014,0,0.1888577168,0,1,0.771314375,1,1.333491424,0.6357114158,1.343803633
4,6.651130664,3.291441703,6.756697816,4.528410387,3.5705374,4.608475054,5.636396931,2.71225324,0,0.1885651067,0,1,0.7723994559,1,1.331776113,0.6371744664,1.342214864
4.02,6.634045681,3.295048722,6.740360894,4.515965893,3.56978342,4.596468538,5.6132006,2.695509416,0,0.1882765452,0,1,0.7734679961,1,1.330055273,0.6386172738,1.340621293
4.04,6.616993002,3.298605566,6.724057013,4.503614643,3.568990723,4.584551226,5.590051593,2.678884463,0,0.1879919977,0,1,0.7745201932,1,1.328328955,0.6400400117,1.339022963
4.06,6.599972628,3.302112668,6.707786111,4.491355863,3.568160021,4.572722344,5.566949816,2.662377313,0,0.1877114295,0,1,0.7755562418,1,1.326597208,0.6414428525,1.337419916
4.08,6.58298456,3.305570455,6.691548129,4.479188786,3.567292018,4.560981122,5.543895176,2.645986911,0,0.1874348066,0,1,0.7765763333,1,1.324860082,0.642825967,1.335812193
4.1,6.566028799,3.308979348,6.675343006,4.467112652,3.566387408,4.549326801,5.520887581,2.629712214,0,0.1871620951,0,1,0.777580656,1,1.323117627,0.6441895245,1.334199838
4.12,6.549105347,3.31233977,6.659170681,4.455126708,3.565446873,4.537758627,5.497926941,2.613552191,0,0.1868932614,0,1,0.7785693953,1,1.321369891,0.6455336932,1.332582892
4.14,6.532214204,3.315652135,6.643031096,4.443230208,3.564471089,4.526275857,5.475013167,2.597505824,0,0.1866282721,0,1,0.7795427337,1,1.319616925,0.6468586393,1.330961397
4.16,6.515355371,3.318916858,6.626924192,4.431422413,3.563460721,4.514877753,5.452146171,2.581572103,0,0.1863670944,0,1,0.7805008509,1,1.317858777,0.6481645282,1.329335394
4.18,6.498528849,3.322134346,6.610849909,4.419702588,3.562416426,4.503563583,5.429325868,2.565750034,0,0.1861096953,0,1,0.7814439236,1,1.316095497,0.6494515234,1.327704925
4.2,6.481734638,3.325305005,6.594808191,4.408070009,3.56133885,4.492332626,5.406552173,2.550038631,0,0.1858560425,0,1,0.7823721261,1,1.314327133,0.6507197873,1.326070031
4.22,6.464972739,3.328429239,6.57879898,4.396523955,3.560228631,4.481184166,5.383825002,2.534436921,0,0.1856061038,0,1,0.7832856297,1,1.312553734,0.6519694809,1.324430754
4.24,6.448243152,3.331507446,6.562822219,4.385063714,3.559086401,4.470117493,5.361144272,2.518943941,0,0.1853598473,0,1,0.7841846032,1,1.310775349,0.6532007635,1.322787134
4.26,6.431545879,3.334540021,6.546877852,4.373688577,3.557912778,4.459131907,5.338509904,2.503558738,0,0.1851172413,0,1,0.7850692129,1,1.308992028,0.6544137936,1.321139211
4.28,6.414880918,3.337527357,6.530965821,4.362397846,3.556708376,4.448226712,5.315921817,2.488280373,0,0.1848782544,0,1,0.7859396225,1,1.307203818,0.6556087279,1.319487028
4.3,6.398248271,3.340469842,6.515086072,4.351190825,3.555473798,4.437401221,5.293379933,2.473107914,0,0.1846428556,0,1,0.7867959933,1,1.305410767,0.656785722,1.317830624
4.32,6.381647937,3.343367862,6.49923855,4.340066827,3.554209641,4.426654753,5.270884174,2.458040441,0,0.184411014,0,1,0.7876384841,1,1.303612925,0.65794493,1.316170039
4.34,6.365079916,3.3462218,6.483423199,4.32902517,3.55291649,4.415986634,5.248434465,2.443077045,0,0.184182699,0,1,0.7884672515,1,1.30181034,0.659086505,1.314505314
4.36,6.348544209,3.349032034,6.467639965,4.318065179,3.551594926,4.405396197,5.22603073,2.428216825,0,0.1839578803,0,1,0.7892824496,1,1.300003059,0.6602105986,1.312836489
4.38,6.332040814,3.35179894,6.451888794,4.307186183,3.550245519,4.39488278,5.203672896,2.413458893,0,0.1837365278,0,1,0.7900842302,1,1.298191131,0.661317361,1.311163603
4.4,6.315569732,3.354522891,6.436169633,4.29638752,3.548868832,4.384445729,5.181360889,2.398802369,0,0.1835186117,0,1,0.7908727431,1,1.296374604,0.6624069414,1.309486697
4.42,6.299130961,3.357204256,6.420482429,4.285668531,3.547465421,4.374084396,5.159094638,2.384246382,0,0.1833041025,0,1,0.7916481358,1,1.294553525,0.6634794877,1.307805809
4.44,6.282724501,3.359843403,6.404827128,4.275028565,3.546035833,4.363798139,5.136874073,2.369790073,0,0.1830929708,0,1,0.7924105535,1,1.292727943,0.6645351462,1.30612098
4.46,6.266350352,3.362440693,6.389203678,4.264466976,3.544580608,4.353586324,5.114699123,2.35543259,0,0.1828851875,0,1,0.7931601395,1,1.290897905,0.6655740625,1.304432249
4.48,6.250008512,3.364996489,6.373612028,4.253983124,3.543100279,4.343448321,5.09256972,2.341173093,0,0.1826807239,0,1,0.793897035,1,1.289063458,0.6665963807,1.302739654
4.5,6.23369898,3.367511146,6.358052125,4.243576375,3.541595369,4.333383508,5.070485797,2.327010749,0,0.1824795513,0,1,0.7946213792,1,1.287224649,0.6676022436,1.301043235
4.52,6.217421754,3.369985019,6.342523918,4.233246099,3.540066397,4.323391267,5.048447287,2.312944735,0,0.1822816414,0,1,0.7953333092,1,1.285381527,0.6685917929,1.299343031
4.54,6.201176834,3.37241846,6.327027358,4.222991674,3.538513873,4.313470989,5.026454124,2.298974237,0,0.1820869661,0,1,0.7960329604,1,1.283534138,0.6695651693,1.29763908
4.56,6.184964217,3.374811817,6.311562392,4.212812482,3.5369383,4.303622067,5.004506244,2.285098451,0,0.1818954976,0,1,0.7967204659,1,1.28168253,0.6705225121,1.29593142
4.58,6.168783902,3.377165436,6.296128971,4.202707911,3.535340173,4.293843904,4.982603583,2.27131658,0,0.1817072081,0,1,0.7973959574,1,1.279826748,0.6714639594,1.294220091
4.6,6.152635888,3.379479658,6.280727045,4.192677355,3.533719982,4.284135907,4.960746078,2.257627837,0,0.1815220704,0,1,0.7980595643,1,1.277966841,0.6723896482,1.29250513
4.62,6.136520171,3.381754823,6.265356564,4.182720211,3.532078209,4.274497488,4.938933667,2.244031442,0,0.1813400571,0,1,0.7987114146,1,1.276102854,0.6732997145,1.290786576
4.64,6.120436749,3.383991269,6.25001748,4.172835886,3.530415328,4.264928065,4.917166289,2.230526625,0,0.1811611414,0,1,0.7993516343,1,1.274234835,0.6741942929,1.289064467
4.66,6.104385621,3.38618933,6.234709744,4.163023786,3.528731809,4.255427064,4.895443885,2.217112625,0,0.1809852966,0,1,0.7999803476,1,1.272362829,0.6750735171,1.287338839
4.68,6.088366783,3.388349336,6.219433307,4.153283329,3.527028112,4.245993913,4.873766393,2.203788686,0,0.1808124961,0,1,0.8005976773,1,1.270486884,0.6759375196,1.285609732
4.7,6.072380233,3.390471616,6.204188121,4.143613933,3.525304694,4.236628049,4.852133757,2.190554064,0,0.1806427137,0,1,0.8012037442,1,1.268607044,0.6767864317,1.283877183
4.72,6.056425967,3.392556497,6.188974138,4.134015023,3.523562002,4.227328911,4.830545919,2.17740802,0,0.1804759232,0,1,0.8017986676,1,1.266723358,0.6776203838,1.282141228
4.74,6.040503983,3.3946043,6.173791312,4.124486031,3.521800479,4.218095946,4.809002821,2.164349824,0,0.180312099,0,1,0.8023825653,1,1.264835869,0.678439505,1.280401906
4.76,6.024614277,3.396615346,6.158639593,4.11502639,3.520020561,4.208928606,4.787504407,2.151378755,0,0.1801512153,0,1,0.8029555533,1,1.262944625,0.6792439236,1.278659253
4.78,6.008756845,3.398589953,6.143518937,4.105635541,3.518222677,4.199826347,4.766050623,2.138494098,0,0.1799932467,0,1,0.8035177463,1,1.261049671,0.6800337665,1.276913307
4.8,5.992931684,3.400528437,6.128429296,4.096312929,3.516407252,4.190788631,4.744641413,2.125695147,0,0.179838168,0,1,0.8040692571,1,1.259151053,0.6808091598,1.275164104
4.82,5.97713879,3.402431108,6.113370624,4.087058005,3.514574702,4.181814926,4.723276724,2.112981202,0,0.1796859543,0,1,0.8046101974,1,1.257248815,0.6815702285,1.273411681
4.84,5.961378159,3.404298278,6.098342875,4.077870223,3.512725439,4.172904704,4.701956503,2.100351572,0,0.1795365807,0,1,0.8051406772,1,1.255343004,0.6823170965,1.271656075
4.86,5.945649785,3.406130254,6.083346004,4.068749043,3.510859868,4.164057443,4.680680696,2.087805571,0,0.1793900226,0,1,0.8056608052,1,1.253433665,0.6830498868,1.269897322
4.88,5.929953666,3.40792734,6.068379964,4.05969393,3.508978389,4.155272624,4.659449254,2.075342523,0,0.1792462558,0,1,0.8061706884,1,1.251520843,0.6837687211,1.268135458
4.9,5.914289795,3.409689838,6.053444712,4.050704352,3.507081396,4.146549736,4.638262124,2.062961758,0,0.1791052559,0,1,0.8066704327,1,1.249604582,0.6844737204,1.26637052
4.92,5.898658168,3.411418048,6.038540201,4.041779785,3.505169276,4.13788827,4.617119256,2.050662613,0,0.1789669991,0,1,0.8071601425,1,1.247684928,0.6851650046,1.264602544
4.94,5.883058781,3.413112268,6.023666388,4.032919706,3.503242413,4.129287725,4.596020601,2.038444431,0,0.1788314615,0,1,0.807639921,1,1.245761925,0.6858426925,1.262831565
4.96,5.867491626,3.414772792,6.008823228,4.024123598,3.501301182,4.120747601,4.574966109,2.026306563,0,0.1786986196,0,1,0.8081098697,1,1.243835618,0.6865069021,1.26105762
4.98,5.851956699,3.416399913,5.994010677,4.01539095,3.499345956,4.112267406,4.553955733,2.014248367,0,0.1785684499,0,1,0.8085700893,1,1.241906052,0.6871577504,1.259280743
5,5.836453994,3.41799392,5.979228692,4.006721254,3.4973771,4.103846651,4.532989424,2.002269207,0,0.1784409294,0,1,0.8090206787,1,1.23997327,0.6877953532,1.257500971
5.02,5.820983505,3.419555101,5.964477228,3.998114005,3.495394975,4.095484852,4.512067135,1.990368453,0,0.1783160349,0,1,0.8094617361,1,1.238037317,0.6884198257,1.255718339
5.04,5.805545225,3.421083742,5.949756243,3.989568707,3.493399936,4.08718153,4.491188821,1.978545484,0,0.1781937436,0,1,0.8098933579,1,1.236098237,0.6890312819,1.253932883
5.06,5.790139148,3.422580124,5.935065693,3.981084863,3.491392332,4.07893621,4.470354434,1.966799683,0,0.178074033,0,1,0.8103156397,1,1.234156074,0.6896298349,1.252144636
5.08,5.774765267,3.424044529,5.920405536,3.972661984,3.48937251,4.070748422,4.449563929,1.95513044,0,0.1779568806,0,1,0.8107286758,1,1.232210872,0.6902155969,1.250353635
5.1,5.759423576,3.425477235,5.905775729,3.964299584,3.487340808,4.0626177,4.428817263,1.943537151,0,0.1778422641,0,1,0.8111325591,1,1.230262674,0.6907886793,1.248559914
5.12,5.744114067,3.426878518,5.891176231,3.955997182,3.485297561,4.054543583,4.40811439,1.932019219,0,0.1777301615,0,1,0.8115273817,1,1.228311524,0.6913491924,1.246763508
5.14,5.728836733,3.428248651,5.876606997,3.947754299,3.483243099,4.046525614,4.387455267,1.920576053,0,0.1776205509,0,1,0.8119132344,1,1.226357465,0.6918972456,1.244964452
5.16,5.713591565,3.429587906,5.862067988,3.939570464,3.481177747,4.038563339,4.366839851,1.909207067,0,0.1775134105,0,1,0.8122902067,1,1.224400541,0.6924329476,1.24316278
5.18,5.698378557,3.430896552,5.847559161,3.931445206,3.479101825,4.030656311,4.346268098,1.897911683,0,0.1774087188,0,1,0.8126583873,1,1.222440794,0.6929564061,1.241358526
5.2,5.683197699,3.432174857,5.833080475,3.923378061,3.477015648,4.022804086,4.325739968,1.886689326,0,0.1773064544,0,1,0.8130178637,1,1.220478268,0.6934677278,1.239551725
5.22,5.668048984,3.433423084,5.818631889,3.915368568,3.474919527,4.015006223,4.305255419,1.875539429,0,0.1772065963,0,1,0.8133687223,1,1.218513006,0.6939670186,1.237742411
5.24,5.652932404,3.434641496,5.804213361,3.907416271,3.472813767,4.007262286,4.284814408,1.864461431,0,0.1771091233,0,1,0.8137110484,1,1.21654505,0.6944543837,1.235930617
5.26,5.637847948,3.435830355,5.789824851,3.899520716,3.47069867,3.999571843,4.264416897,1.853454774,0,0.1770140146,0,1,0.8140449265,1,1.214574442,0.6949299272,1.234116378
5.28,5.622795608,3.436989919,5.775466318,3.891681454,3.468574531,3.991934468,4.244062845,1.842518909,0,0.1769212495,0,1,0.8143704398,1,1.212601226,0.6953937526,1.232299728
5.3,5.607775376,3.438120443,5.761137722,3.88389804,3.466441645,3.984349735,4.223752212,1.83165329,0,0.1768308076,0,1,0.8146876707,1,1.210625443,0.6958459622,1.230480699
5.32,5.59278724,3.439222182,5.746839023,3.876170034,3.464300298,3.976817226,4.203484958,1.820857377,0,0.1767426684,0,1,0.8149967005,1,1.208647135,0.6962866579,1.228659326
5.34,5.577831191,3.440295388,5.73257018,3.868496998,3.462150773,3.969336524,4.183261046,1.810130637,0,0.1766568119,0,1,0.8152976097,1,1.206666345,0.6967159405,1.226835641
5.36,5.56290722,3.441340312,5.718331154,3.860878498,3.45999335,3.961907217,4.163080438,1.79947254,0,0.176573218,0,1,0.8155904777,1,1.204683115,0.6971339099,1.225009678
5.38,5.548015316,3.442357201,5.704121905,3.853314105,3.457828304,3.954528897,4.142943095,1.788882562,0,0.1764918669,0,1,0.815875383,1,1.202697486,0.6975406655,1.223181471
5.4,5.533155468,3.443346301,5.689942394,3.845803392,3.455655905,3.947201161,4.122848979,1.778360186,0,0.1764127389,0,1,0.8161524032,1,1.200709499,0.6979363057,1.221351052
5.42,5.518327666,3.444307857,5.675792582,3.838345939,3.453476421,3.939923606,4.102798055,1.767904898,0,0.1763358144,0,1,0.816421615,1,1.198719196,0.6983209281,1.219518453
5.44,5.503531898,3.445242111,5.661672429,3.830941325,3.451290112,3.932695836,4.082790286,1.757516188,0,0.1762610741,0,1,0.8166830941,1,1.196726619,0.6986946296,1.217683708
5.46,5.488768153,3.446149302,5.647581896,3.823589136,3.449097238,3.925517459,4.062825635,1.747193555,0,0.1761884988,0,1,0.8169369155,1,1.194731808,0.6990575062,1.21584685
5.48,5.47403642,3.44702967,5.633520945,3.81628896,3.446898053,3.918388084,4.042904067,1.736936499,0,0.1761180694,0,1,0.8171831533,1,1.192734805,0.6994096531,1.21400791
5.5,5.459336686,3.44788345,5.619489537,3.809040391,3.444692808,3.911307325,4.023025546,1.726744527,0,0.176049767,0,1,0.8174218807,1,1.19073565,0.6997511651,1.212166921
5.52,5.444669245,3.448710876,5.605487633,3.801843022,3.442481748,3.9042748,4.003190248,1.71661715,0.0001890657461,0.1759835729,0,1,0.81765317,1,1.188734426,0.7000821357,1.210323916
5.54,5.430048942,3.449512187,5.5915152,3.794696454,3.440265118,3.89729013,3.983408335,1.706553884,0.001358689954,0.175919468,0,1,0.817877094,1,1.18673321,0.7004026599,1.208478927
5.56,5.415483876,3.450287628,5.577572213,3.787600289,3.438043155,3.89035294,3.963685336,1.696554251,0.002523895252,0.1758574327,0,1,0.8180937281,1,1.184733179,0.7007128364,1.206631987
5.58,5.400973881,3.451037447,5.563658649,3.780554134,3.435816095,3.883462858,3.944021109,1.686617774,0.003684694874,0.1757974472,0,1,0.8183031473,1,1.182734381,0.7010127641,1.204783131
5.6,5.386518791,3.451761889,5.549774486,3.773557597,3.433584169,3.876619515,3.924415511,1.676743984,0.004841102065,0.1757394918,0,1,0.8185054257,1,1.180736867,0.7013025408,1.202932393
5.62,5.372118441,3.452461197,5.535919701,3.766610292,3.431347606,3.869822545,3.904868402,1.666932416,0.005993130081,0.1756835472,0,1,0.8187006366,1,1.178740684,0.7015822638,1.201079806
5.64,5.357772664,3.453135611,5.522094273,3.759711834,3.429106629,3.863071588,3.88537964,1.657182608,0.007140792187,0.1756295941,0,1,0.8188888526,1,1.17674588,0.7018520295,1.199225404
5.66,5.343481296,3.453785371,5.50829818,3.752861844,3.42686146,3.856366284,3.865949085,1.647494104,0.008284101657,0.1755776133,0,1,0.8190701454,1,1.174752503,0.7021119336,1.197369221
5.68,5.329244169,3.454410714,5.494531399,3.746059944,3.424612315,3.849706279,3.846576598,1.637866451,0.009423071774,0.1755275858,0,1,0.8192445861,1,1.1727606,0.7023620709,1.19551129
5.7,5.315061119,3.455011876,5.48079391,3.73930576,3.422359408,3.84309122,3.82726204,1.628299201,0.01055771583,0.1754794929,0,1,0.8194122447,1,1.170770215,0.7026025357,1.193651645
5.72,5.300931978,3.45558909,5.467085692,3.73259892,3.42010295,3.836520759,3.808005274,1.61879191,0.01168804711,0.1754333158,0,1,0.8195731908,1,1.168781396,0.7028334212,1.191790318
5.74,5.28685658,3.456142588,5.453406721,3.725939059,3.417843148,3.829994549,3.78880616,1.60934414,0.01281407894,0.1753890359,0,1,0.819727493,1,1.166794187,0.7030548203,1.189927343
5.76,5.272834759,3.456672599,5.439756979,3.719325811,3.415580206,3.823512249,3.769664563,1.599955453,0.01393582461,0.175346635,0,1,0.8198752194,1,1.164808632,0.7032668248,1.188062754
5.78,5.258866349,3.457179352,5.426136444,3.712758814,3.413314323,3.817073519,3.750580347,1.59062542,0.01505329744,0.1753060948,0,1,0.8200164371,1,1.162824775,0.7034695259,1.186196583
5.8,5.244951182,3.457663072,5.412545094,3.706237711,3.411045697,3.810678023,3.731553375,1.581353612,0.01616651076,0.1752673972,0,1,0.8201512127,1,1.160842661,0.7036630141,1.184328862
5.82,5.231089093,3.458123985,5.39898291,3.699762147,3.408774522,3.804325427,3.712583512,1.572139606,0.01727547787,0.1752305242,0,1,0.820279612,1,1.158862331,0.7038473792,1.182459626
5.84,5.217279915,3.458562313,5.385449871,3.693331769,3.406500989,3.798015402,3.693670625,1.562982983,0.01838021212,0.175195458,0,1,0.8204017001,1,1.156883829,0.7040227102,1.180588907
5.86,5.203523481,3.458978276,5.371945956,3.686946228,3.404225286,3.79174762,3.674814579,1.553883328,0.01948072683,0.1751621809,0,1,0.8205175416,1,1.154907195,0.7041890955,1.178716737
5.88,5.189819625,3.459372094,5.358471146,3.680605178,3.401947597,3.785521756,3.656015242,1.544840228,0.02057703533,0.1751306755,0,1,0.8206272,1,1.152932471,0.7043466226,1.176843148
5.9,5.17616818,3.459743984,5.345025419,3.674308276,3.399668104,3.77933749,3.63727248,1.535853277,0.02166915096,0.1751009243,0,1,0.8207307387,1,1.150959699,0.7044953786,1.174968175
5.92,5.162568978,3.460094161,5.331608756,3.668055181,3.397386985,3.773194502,3.618586163,1.52692207,0.02275708705,0.1750729101,0,1,0.8208282199,1,1.148988917,0.7046354497,1.173091848
5.94,5.149021855,3.460422841,5.318221138,3.661845557,3.395104417,3.767092478,3.599956158,1.518046206,0.02384085693,0.1750466157,0,1,0.8209197054,1,1.147020166,0.7047669215,1.1712142
5.96,5.135526642,3.460730234,5.304862543,3.655679069,3.392820572,3.761031103,3.581382336,1.509225289,0.02492047395,0.1750220242,0,1,0.8210052566,1,1.145053484,0.7048898788,1.169335264
5.98,5.122083174,3.461016552,5.291532953,3.649555385,3.39053562,3.75501007,3.562864565,1.500458926,0.02599595144,0.1749991188,0,1,0.8210849337,1,1.143088912,0.7050044059,1.167455071
6,5.108691283,3.461282003,5.278232348,3.643474176,3.388249727,3.749029069,3.544402718,1.491746728,0.02706730272,0.1749778827,0,1,0.8211587969,1,1.141126485,0.7051105864,1.165573654
6.02,5.095350802,3.461526795,5.264960707,3.637435116,3.38596306,3.743087797,3.525996664,1.483088309,0.02813454114,0.1749582994,0,1,0.8212269053,1,1.139166244,0.705208503,1.163691043
6.04,5.082061566,3.461751132,5.251718013,3.631437883,3.383675778,3.737185952,3.507646277,1.474483286,0.02919768001,0.1749403524,0,1,0.8212893175,1,1.137208223,0.7052982381,1.161807273
6.06,5.068823408,3.46195522,5.238504244,3.625482155,3.381388041,3.731323234,3.489351428,1.46593128,0.03025673268,0.1749240254,0,1,0.8213460918,1,1.135252461,0.7053798731,1.159922372
6.08,5.055636161,3.46213926,5.225319382,3.619567615,3.379100005,3.725499348,3.47111199,1.457431916,0.03131171246,0.1749093022,0,1,0.8213972856,1,1.133298993,0.7054534891,1.158036375
6.1,5.042499658,3.462303453,5.212163407,3.613693948,3.376811823,3.719714,3.452927838,1.448984823,0.03236263268,0.1748961668,0,1,0.8214429558,1,1.131347855,0.7055191662,1.156149311
6.12,5.029413734,3.462447998,5.199036301,3.60786084,3.374523646,3.713966897,3.434798845,1.44058963,0.03340950664,0.1748846032,0,1,0.8214831587,1,1.129399083,0.7055769842,1.154261213
6.14,5.016378221,3.462573092,5.185938044,3.602067984,3.372235623,3.708257753,3.416724888,1.432245973,0.03445234767,0.1748745956,0,1,0.8215179502,1,1.127452709,0.7056270219,1.152372112
6.16,5.003392953,3.462678932,5.172868616,3.596315071,3.3699479,3.70258628,3.39870584,1.42395349,0.03549116906,0.1748661284,0,1,0.8215473853,1,1.12550877,0.7056693579,1.150482039
6.18,4.990457765,3.462765712,5.159828,3.590601796,3.367660619,3.696952195,3.380741579,1.415711821,0.03652598412,0.174859186,0,1,0.8215715187,1,1.123567299,0.7057040698,1.148591025
6.2,4.97757249,3.462833624,5.14681635,3.584927858,3.365373921,3.691355217,3.362832105,1.407520611,0.03755680613,0.1748537531,0.000135134939,1,0.8215904046,1,1.121628329,0.7057312347,1.146699127
6.22,4.964736965,3.462882863,5.133846369,3.579292958,3.363087945,3.685795068,3.344986275,1.399379507,0.0385836481,0.174849814,0.00117273347,1,0.8216040973,1,1.119691893,0.7057509302,1.144808233
6.24,4.951951039,3.462913628,5.120925785,3.573696798,3.360802827,3.680271472,3.327209439,1.391288159,0.03960652219,0.1748473527,0.002206380188,1,0.8216126526,1,1.117758025,0.7057632363,1.142919522
6.26,4.939214561,3.462926119,5.10805444,3.568139084,3.358518699,3.674784154,3.309501385,1.383246222,0.04062544044,0.1748463535,0.003236087771,1,0.821616126,1,1.115826761,0.7057682326,1.14103303
6.28,4.92652738,3.462920533,5.095232176,3.562619524,3.356235694,3.669332844,3.291861897,1.375253352,0.0416404149,0.1748468004,0.004261868876,1,0.8216145727,1,1.113898134,0.7057659982,1.139148789
6.3,4.913889347,3.462897066,5.082458835,3.557137829,3.353953941,3.663917272,3.274290763,1.367309208,0.04265145757,0.1748486777,0.00528373614,1,0.8216080472,1,1.111972176,0.7057566117,1.137266833
6.32,4.901300311,3.462855914,5.06973426,3.551693711,3.351673565,3.658537173,3.25678777,1.359413453,0.04365858048,0.1748519698,0.006301702181,1,0.8215966034,1,1.110048922,0.7057401509,1.135387196
6.34,4.888760121,3.46279727,5.057058292,3.546286886,3.349394691,3.653192281,3.239352705,1.351565753,0.04466179565,0.1748566614,0.007315779594,1,0.8215802949,1,1.108128403,0.7057166931,1.133509909
6.36,4.876268628,3.462721324,5.044430775,3.540917072,3.347117441,3.647882336,3.221985358,1.343765776,0.04566111508,0.1748627371,0.008325980954,1,0.8215591746,1,1.106210652,0.7056863147,1.131635005
6.38,4.863825682,3.462628267,5.031851552,3.535583988,3.344841936,3.642607076,3.204685517,1.336013193,0.04665655077,0.1748701816,0.009332318816,1,0.821533295,1,1.104295701,0.705649092,1.129762515
6.4,4.851431133,3.462518287,5.019320466,3.530287358,3.342568292,3.637366246,3.187452971,1.328307679,0.04764811472,0.17487898,0.01033480571,1,0.821502708,1,1.102383579,0.7056051001,1.127892471
6.42,4.83908483,3.462391572,5.00683736,3.525026905,3.340296626,3.63215959,3.170287511,1.320648911,0.04863581891,0.1748891172,0.01133345415,1,0.8214674651,1,1.100474319,0.705554414,1.126024903
6.44,4.826786625,3.462248307,4.994402079,3.519802358,3.338027051,3.626986855,3.153188926,1.313036568,0.04961967531,0.1749005784,0.01232827663,1,0.8214276173,1,1.098567951,0.7054971078,1.124159842
6.46,4.814536368,3.462088675,4.982014467,3.514613445,3.335759679,3.62184779,3.136157008,1.305470333,0.05059969591,0.174913349,0.01331928562,1,0.821383215,1,1.096664504,0.7054332552,1.122297318
6.48,4.802333908,3.46191286,4.969674368,3.509459898,3.333494618,3.616742147,3.119191548,1.297949891,0.05157589265,0.1749274142,0.01430649356,1,0.8213343082,1,1.094764008,0.705362929,1.12043736
6.5,4.790179098,3.461721042,4.957381626,3.504341451,3.331231977,3.611669679,3.102292339,1.29047493,0.0525482775,0.1749427596,0.01528991287,1,0.8212809464,1,1.092866493,0.7052862018,1.118579999
6.52,4.778071787,3.461513401,4.945136088,3.49925784,3.32897186,3.606630142,3.085459172,1.283045141,0.0535168624,0.1749593709,0.01626955597,1,0.8212231788,1,1.090971986,0.7052031454,1.116725262
6.54,4.766011826,3.461290115,4.932937597,3.494208804,3.326714372,3.601623294,3.068691842,1.275660217,0.05448165927,0.1749772338,0.01724543523,1,0.8211610539,1,1.089080517,0.705113831,1.114873179
6.56,4.753999066,3.461051361,4.920786,3.489194082,3.324459613,3.596648895,3.051990141,1.268319853,0.05544268006,0.1749963341,0.01821756301,1,0.8210946198,1,1.087192113,0.7050183294,1.113023777
6.58,4.742033358,3.460797313,4.908681142,3.484213418,3.322207684,3.591706707,3.035353865,1.261023748,0.05639993666,0.1750166579,0.01918595165,1,0.8210239243,1,1.085306802,0.7049167105,1.111177084
6.6,4.730114554,3.460528147,4.896622869,3.479266556,3.319958681,3.586796494,3.018782808,1.253771603,0.057353441,0.1750381912,0.02015061346,1,0.8209490145,1,1.083424611,0.7048090441,1.109333128
6.62,4.718242505,3.460244034,4.884611028,3.474353243,3.317712701,3.581918022,3.002276764,1.246563122,0.05830320496,0.1750609202,0.02111156074,1,0.8208699373,1,1.081545566,0.704695399,1.107491935
6.64,4.706417061,3.459945146,4.872645465,3.469473228,3.315469837,3.577071059,2.985835532,1.239398009,0.05924924043,0.1750848313,0.02206880575,1,0.820786739,1,1.079669695,0.7045758436,1.105653532
6.66,4.694638075,3.459631652,4.860726028,3.464626262,3.313230183,3.572255375,2.969458905,1.232275975,0.06019155929,0.1751099108,0.02302236074,1,0.8206994656,1,1.077797023,0.7044504459,1.103817946
6.68,4.682905399,3.45930372,4.848852563,3.459812098,3.310993828,3.567470742,2.953146683,1.225196728,0.06113017339,0.1751361454,0.02397223794,1,0.8206081625,1,1.075927575,0.7043192732,1.101985201
6.7,4.671218884,3.458961517,4.837024918,3.455030492,3.30876086,3.562716934,2.936898662,1.218159983,0.0620650946,0.1751635216,0.02491844954,1,0.8205128749,1,1.074061377,0.7041823921,1.100155325
6.72,4.659578382,3.45860521,4.825242941,3.450281201,3.306531368,3.557993726,2.920714641,1.211165456,0.06299633474,0.1751920262,0.02586100772,1,0.8204136473,1,1.072198454,0.704039869,1.098328341
6.74,4.647983746,3.458234961,4.813506479,3.445563984,3.304305436,3.553300898,2.904594418,1.204212863,0.06392390565,0.1752216461,0.02679992464,1,0.8203105241,1,1.07033883,0.7038917696,1.096504274
6.76,4.636434827,3.457850934,4.801815382,3.440878602,3.302083147,3.548638228,2.888537792,1.197301926,0.06484781914,0.1752523682,0.02773521242,1,0.8202035491,1,1.06848253,0.7037381589,1.09468315
6.78,4.624931479,3.457453291,4.790169497,3.436224818,3.299864583,3.544005497,2.872544564,1.190432366,0.06576808703,0.1752841797,0.02866688318,1,0.8200927657,1,1.066629576,0.7035791017,1.092864992
6.8,4.613473553,3.457042192,4.778568675,3.431602398,3.297649825,3.53940249,2.856614534,1.183603909,0.0666847211,0.1753170676,0.02959494899,1,0.8199782169,1,1.064779993,0.7034146619,1.091049824
6.82,4.602060903,3.456617795,4.767012763,3.427011108,3.295438952,3.534828992,2.840747503,1.176816282,0.06759773312,0.1753510194,0.03051942192,1,0.8198599455,1,1.062933803,0.7032449032,1.089237669
6.84,4.590693381,3.456180258,4.755501612,3.422450717,3.293232039,3.530284789,2.824943273,1.170069214,0.06850713488,0.1753860223,0.031440314,1,0.8197379936,1,1.061091028,0.7030698885,1.08742855
6.86,4.57937084,3.455729738,4.744035072,3.417920998,3.291029163,3.52576967,2.809201645,1.163362437,0.06941293811,0.1754220639,0.03235763725,1,0.8196124031,1,1.059251693,0.7028896805,1.08562249
6.88,4.568093135,3.45526639,4.732612992,3.413421721,3.288830398,3.521283427,2.793522423,1.156695684,0.07031515456,0.1754591318,0.03327140364,1,0.8194832155,1,1.057415817,0.7027043411,1.083819512
6.9,4.556860117,3.454790367,4.721235223,3.408952662,3.286635815,3.516825851,2.77790541,1.150068691,0.07121379595,0.1754972136,0.03418162516,1,0.8193504719,1,1.055583423,0.7025139319,1.082019636
6.92,4.545671642,3.454301822,4.709901616,3.404513598,3.284445486,3.512396736,2.762350409,1.143481196,0.072108874,0.1755362972,0.03508831373,1,0.819214213,1,1.053754532,0.7023185138,1.080222886
6.94,4.534527562,3.453800905,4.698612021,3.400104307,3.28225948,3.507995878,2.746857226,1.136932939,0.0730004004,0.1755763705,0.03599148127,1,0.8190744792,1,1.051929165,0.7021181473,1.078429282
6.96,4.523427731,3.453287768,4.687366291,3.395724568,3.280077865,3.503623076,2.731425665,1.130423662,0.07388838684,0.1756174215,0.03689113967,1,0.8189313105,1,1.050107343,0.7019128924,1.076638846
6.98,4.512372004,3.452762559,4.676164277,3.391374164,3.277900707,3.499278127,2.716055533,1.12395311,0.07477284498,0.1756594383,0.0377873008,1,0.8187847465,1,1.048289085,0.7017028086,1.074851598
7,4.501360236,3.452225425,4.665005831,3.387052879,3.275728071,3.494960834,2.700746635,1.117521029,0.07565378648,0.175702409,0.0386799765,1,0.8186348265,1,1.046474411,0.701487955,1.073067558
7.02,4.49039228,3.451676512,4.653890805,3.382760498,3.273560022,3.490670998,2.685498778,1.111127167,0.07653122297,0.175746322,0.03956917859,1,0.8184815894,1,1.044663341,0.7012683899,1.071286747
7.04,4.479467991,3.451115966,4.642819051,3.378496808,3.27139662,3.486408424,2.67031177,1.104771274,0.07740516608,0.1757911657,0.04045491887,1,0.8183250738,1,1.042855895,0.7010441716,1.069509184
7.06,4.468587224,3.450543931,4.631790424,3.374261599,3.269237928,3.482172917,2.655185419,1.098453103,0.07827562741,0.1758369285,0.04133720908,1,0.8181653179,1,1.041052091,0.7008153574,1.067734889
7.08,4.457749835,3.449960549,4.620804775,3.37005466,3.267084004,3.477964286,2.640119534,1.092172409,0.07914261857,0.1758835991,0.04221606099,1,0.8180023596,1,1.039251947,0.7005820046,1.065963881
7.1,4.446955678,3.449365961,4.609861958,3.365875785,3.264934906,3.473782339,2.625113924,1.085928946,0.08000615111,0.1759311661,0.04309148631,1,0.8178362364,1,1.037455481,0.7003441696,1.064196178
7.12,4.436204609,3.448760308,4.598961828,3.361724768,3.262790692,3.469626887,2.610168399,1.079722473,0.08086623661,0.1759796183,0.04396349673,1,0.8176669855,1,1.035662713,0.7001019085,1.0624318
7.14,4.425496484,3.44814373,4.588104238,3.357601405,3.260651418,3.465497742,2.595282769,1.073552751,0.0817228866,0.1760289446,0.04483210391,1,0.8174946438,1,1.033873658,0.6998552772,1.060670764
7.16,4.414831159,3.447516364,4.577289043,3.353505492,3.258517136,3.461394718,2.580456846,1.067419542,0.08257611262,0.1760791339,0.04569731951,1,0.8173192478,1,1.032088335,0.6996043307,1.058913088
7.18,4.40420849,3.446878346,4.566516098,3.349436829,3.256387902,3.45731763,2.565690442,1.061322608,0.08342592617,0.1761301753,0.04655915513,1,0.8171408338,1,1.030306761,0.6993491237,1.05715879
7.2,4.393628332,3.446229813,4.555785258,3.345395217,3.254263765,3.453266294,2.550983368,1.055261715,0.08427233874,0.1761820579,0.04741762237,1,0.8169594376,1,1.028528951,0.6990897105,1.055407888
7.22,4.383090544,3.4455709,4.545096377,3.341380458,3.252144778,3.449240531,2.536335439,1.049236632,0.08511536181,0.176234771,0.04827273279,1,0.8167750948,1,1.026754922,0.698826145,1.053660397
7.24,4.372594981,3.444901738,4.534449313,3.337392356,3.250030989,3.445240158,2.521746467,1.043247127,0.08595500685,0.1762883039,0.04912449794,1,0.8165878406,1,1.024984691,0.6985584805,1.051916335
7.26,4.362141501,3.444222462,4.523843921,3.333430717,3.247922446,3.441264998,2.507216267,1.037292971,0.08679128528,0.176342646,0.04997292932,1,0.8163977101,1,1.023218273,0.6982867699,1.050175719
7.28,4.35172996,3.443533201,4.513280057,3.329495348,3.245819197,3.437314872,2.492744655,1.031373937,0.08762420854,0.1763977869,0.05081803844,1,0.8162047377,1,1.021455683,0.6980110657,1.048438564
7.3,4.341360216,3.442834087,4.502757578,3.325586057,3.243721288,3.433389607,2.478331444,1.025489799,0.08845378803,0.176453716,0.05165983674,1,0.816008958,1,1.019696937,0.6977314198,1.046704886
7.32,4.331032127,3.442125247,4.492276341,3.321702655,3.241628763,3.429489026,2.463976452,1.019640334,0.08928003514,0.1765104232,0.05249833567,1,0.8158104048,1,1.017942049,0.6974478839,1.044974701
7.34,4.320745551,3.44140681,4.481836204,3.317844953,3.239541666,3.425612957,2.449679496,1.01382532,0.09010296123,0.1765678982,0.05333354664,1,0.8156091119,1,1.016191034,0.6971605091,1.043248025
7.36,4.310500346,3.440678903,4.471437024,3.314012765,3.23746004,3.421761229,2.435440393,1.008044537,0.09092257765,0.1766261308,0.05416548103,1,0.8154051127,1,1.014443905,0.6968693462,1.041524871
7.38,4.30029637,3.43994165,4.46107866,3.310205905,3.235383926,3.417933672,2.421258962,1.002297765,0.09173889575,0.1766851109,0.05499415021,1,0.8151984403,1,1.012700678,0.6965744453,1.039805256
7.4,4.290133481,3.439195178,4.450760968,3.306424191,3.233313364,3.414130116,2.40713502,0.9965847879,0.09255192682,0.1767448287,0.0558195655,1,0.8149891276,1,1.010961365,0.6962758565,1.038089193
7.42,4.280011539,3.438439609,4.440483809,3.302667439,3.231248394,3.410350394,2.393068388,0.9909053904,0.09336168217,0.1768052742,0.05664173821,1,0.8147772072,1,1.00922598,0.6959736289,1.036376696
7.44,4.269930403,3.437675067,4.430247042,3.298935468,3.229189054,3.406594341,2.379058886,0.9852593587,0.09416817307,0.1768664376,0.05746067963,1,0.8145627112,1,1.007494536,0.6956678118,1.03466778
7.46,4.259889932,3.436901671,4.420050525,3.2952281,3.227135382,3.402861791,2.365106334,0.9796464807,0.09497141077,0.1769283093,0.058276401,1,0.8143456717,1,1.005767046,0.6953584537,1.032962458
7.48,4.249889985,3.436119544,4.409894118,3.291545157,3.225087414,3.399152581,2.351210554,0.974066546,0.09577140652,0.1769908795,0.05908891357,1,0.8141261204,1,1.004043522,0.6950456027,1.031260743
7.5,4.239930423,3.435328804,4.399777681,3.287886462,3.223045185,3.39546655,2.337371369,0.9685193455,0.09656817152,0.1770541387,0.05989822851,1,0.8139040886,1,1.002323977,0.6947293066,1.02956265
7.52,4.230011104,3.434529569,4.389701074,3.28425184,3.221008729,3.391803537,2.3235886,0.9630046721,0.09736171698,0.1771180774,0.06070435702,1,0.8136796075,1,1.000608422,0.6944096128,1.027868189
7.54,4.220131891,3.433721958,4.379664159,3.280641118,3.21897808,3.388163381,2.309862072,0.9575223199,0.09815205407,0.1771826864,0.06150731025,1,0.813452708,1,0.9988968696,0.6940865682,1.026177376
7.56,4.210292642,3.432906086,4.369666796,3.277054123,3.216953271,3.384545925,2.296191609,0.9520720846,0.09893919395,0.1772479561,0.0623070993,1,0.8132234207,1,0.9971893307,0.6937602194,1.02449022
7.58,4.20049322,3.432082068,4.359708846,3.273490684,3.214934332,3.380951013,2.282577035,0.9466537637,0.09972314775,0.1773138775,0.06310373528,1,0.812991776,1,0.9954858166,0.6934306124,1.022806735
7.6,4.190733484,3.43125002,4.349790171,3.269950632,3.212921295,3.377378487,2.269018176,0.9412671558,0.1005039266,0.1773804414,0.06389722926,1,0.8127578038,1,0.9937863382,0.6930977931,1.021126933
7.62,4.181013297,3.430410054,4.339910634,3.266433799,3.210914189,3.373828195,2.255514859,0.9359120612,0.1012815416,0.1774476386,0.06468759228,1,0.8125215339,1,0.9920909063,0.6927618068,1.019450825
7.64,4.17133252,3.429562283,4.330070095,3.262940018,3.208913042,3.370299983,2.24206691,0.9305882818,0.1020560038,0.1775154603,0.06547483535,1,0.812282996,1,0.9903995311,0.6924226984,1.017778423
7.66,4.161691014,3.428706818,4.320268419,3.259469124,3.206917884,3.366793699,2.228674157,0.9252956207,0.1028273242,0.1775838975,0.06625896946,1,0.8120422194,1,0.9887122228,0.6920805125,1.016109737
7.68,4.152088642,3.42784377,4.310505467,3.256020951,3.20492874,3.363309192,2.215336429,0.9200338827,0.103595514,0.1776529413,0.06704000558,1,0.811799233,1,0.9870289913,0.6917352933,1.014444779
7.7,4.142525266,3.426973248,4.300781104,3.252595339,3.202945637,3.359846312,2.202053554,0.9148028738,0.104360584,0.1777225831,0.06781795464,1,0.8115540656,1,0.9853498462,0.6913870845,1.01278356
7.72,4.13300075,3.426095361,4.291095193,3.249192124,3.2009686,3.356404912,2.188825362,0.9096024016,0.1051225454,0.1777928141,0.06859282754,1,0.8113067457,1,0.9836747969,0.6910359297,1.011126089
7.74,4.123514954,3.425210216,4.281447597,3.245811147,3.198997655,3.352984845,2.175651684,0.9044322751,0.105881409,0.1778636257,0.06936463517,1,0.8110573017,1,0.9820038526,0.6906818717,1.009472376
7.76,4.114067744,3.424317921,4.271838182,3.242452249,3.197032823,3.349585963,2.162532351,0.8992923046,0.1066371858,0.1779350093,0.07013338838,1,0.8108057616,1,0.9803370222,0.6903249534,1.007822433
7.78,4.104658982,3.423418579,4.262266812,3.239115271,3.195074129,3.346208123,2.149467195,0.8941823019,0.1073898868,0.1780069566,0.07089909799,1,0.8105521531,1,0.9786743142,0.6899652169,1.006176268
7.8,4.095288532,3.422512298,4.252733352,3.235800058,3.193121595,3.342851181,2.136456048,0.88910208,0.1081395228,0.1780794592,0.07166177481,1,0.8102965039,1,0.9770157371,0.6896027042,1.004533891
7.82,4.085956257,3.421599179,4.243237667,3.232506455,3.191175241,3.339514994,2.123498745,0.8840514534,0.1088861047,0.1781525086,0.07242142961,1,0.8100388411,1,0.9753612992,0.6892374568,1.002895312
7.84,4.076678708,3.42067457,4.23377565,3.229234306,3.189235089,3.336199421,2.110601818,0.879030238,0.1096283087,0.1782264774,0.07317839098,0.9980943927,0.8097778489,1,0.9718584566,0.688867613,1.001259851
7.86,4.067479714,3.419731785,4.224341458,3.22598346,3.187301158,3.332904321,2.097774682,0.8740382508,0.1103642282,0.1783019001,0.07393312631,0.9959888129,0.8095116362,1,0.9681788588,0.6884904993,0.9996265261
7.88,4.05835871,3.418771127,4.214935058,3.222753765,3.185373468,3.329629556,2.085016934,0.8690753104,0.1110939085,0.1783787528,0.07468563836,0.9938966427,0.8092402828,1,0.9645304574,0.6881062361,0.9979953542
7.9,4.049314933,3.417792951,4.205556462,3.219545071,3.183452036,3.326374986,2.072328093,0.8641412364,0.1118174107,0.1784570069,0.07543592601,0.991817782,0.8089638837,1,0.9609129467,0.6877149656,0.9963663613
7.92,4.040347628,3.416797607,4.196205684,3.216357227,3.18153688,3.323140476,2.059707686,0.8592358501,0.1125347951,0.1785366344,0.07618398824,0.9897521315,0.8086825326,1,0.9573260247,0.6873168278,0.9947395731
7.94,4.031456047,3.41578544,4.186882736,3.213190087,3.179628018,3.319925889,2.047155247,0.8543589736,0.1132461215,0.1786176078,0.07692982409,0.9876995932,0.8083963218,1,0.9537693923,0.686911961,0.9931150151
7.96,4.02263945,3.41475679,4.177587628,3.210043503,3.177725465,3.316731089,2.034670317,0.8495104307,0.1139514493,0.1786998998,0.07767343272,0.9856600698,0.8081053422,1,0.9502427535,0.6865005012,0.9914927126
7.98,4.013892479,3.413708628,4.168338487,3.20691733,3.175829237,3.313555945,2.02226086,0.8446900462,0.114651207,0.1787837527,0.07841336403,0.9836323917,0.8078087307,0.9980374508,0.9467439651,0.6860812363,0.9879331799
8,4.005208568,3.412637022,4.15915835,3.203811423,3.173939348,3.310400321,2.009937119,0.8398976463,0.1153459199,0.1788694812,0.079147775,0.9816150983,0.8075053682,0.9959450219,0.9432704004,0.6856525941,0.984261125
8.02,3.99658719,3.411542426,4.15004671,3.200725639,3.172055814,3.307264088,1.997698399,0.8351330583,0.1160356301,0.1789570489,0.07987670616,0.9796081245,0.8071953744,0.9938639828,0.9398218495,0.6852147554,0.9806164692
8.04,3.988027851,3.410425299,4.141002973,3.197659835,3.170178647,3.304147113,1.985543967,0.8303961108,0.1167203773,0.179046419,0.08060020513,0.9776114117,0.8068788726,0.991794256,0.9363981137,0.6847679049,0.9769989743
8.06,3.979530057,3.4092861,4.132026549,3.194613871,3.16830786,3.301049268,1.9734731,0.8256866336,0.1174002008,0.179137555,0.08131831907,0.9756249018,0.8065559839,0.9897357651,0.9329989961,0.6843122251,0.9734084046
8.08,3.971093321,3.408125277,4.123116854,3.191587605,3.166443467,3.297970424,1.961485082,0.8210044578,0.1180751397,0.1792304208,0.08203109466,0.9736485371,0.8062268281,0.9876884346,0.9296243017,0.6838478958,0.9698445267
8.1,3.962717159,3.406943273,4.114273311,3.1885809,3.164585477,3.294910452,1.949579204,0.8163494155,0.1187452326,0.1793249811,0.08273857812,0.9716822606,0.8058915228,0.9856521895,0.9262738368,0.6833750943,0.9663071094
8.12,3.954401091,3.405740526,4.105495347,3.185593617,3.162733902,3.291869226,1.937754768,0.8117213401,0.119410518,0.1794212009,0.0834408152,0.9697260158,0.8055501842,0.9836269559,0.9229474098,0.6828939956,0.962795924
8.14,3.946144643,3.404517467,4.096782397,3.182625619,3.160888754,3.28884662,1.92601108,0.8071200663,0.1200710339,0.1795190456,0.08413785121,0.9677797468,0.8052029269,0.9816126607,0.9196448304,0.682404772,0.959310744
8.16,3.937947342,3.403274521,4.0881339,3.179676772,3.15905004,3.28584251,1.914347456,0.8025454296,0.120726818,0.1796184813,0.084829731,0.9658433983,0.8048498635,0.9796092315,0.9163659101,0.6819075936,0.955851345
8.18,3.929808722,3.402012107,4.0795493,3.176746939,3.157217772,3.282856772,1.902763219,0.797997267,0.1213779076,0.1797194744,0.08551649899,0.9639169152,0.8044911054,0.9776165968,0.9131104622,0.6814026279,0.9524175051
8.2,3.92172832,3.400730638,4.071028048,3.173835987,3.155391957,3.279889282,1.891257698,0.7934754166,0.1220243398,0.1798219919,0.08619819914,0.9620002433,0.804126762,0.9756346858,0.9098783012,0.6808900404,0.9490090043
8.22,3.913705676,3.399430522,4.0625696,3.170943785,3.153572603,3.276939919,1.879830231,0.7889797173,0.1226661513,0.1799260012,0.08687487498,0.9600933288,0.8037569415,0.9736634284,0.9066692437,0.6803699938,0.9456256251
8.24,3.905740335,3.398112159,4.054173417,3.1680702,3.151759718,3.274008562,1.868480163,0.7845100096,0.1233033785,0.1800314702,0.08754656962,0.9581961181,0.8033817504,0.9717027553,0.9034831074,0.6798426489,0.9422671519
8.26,3.897831846,3.396775947,4.045838965,3.165215101,3.149953309,3.271095091,1.857206845,0.7800661348,0.1239360576,0.1801383672,0.08821332574,0.9563085585,0.8030012936,0.969752598,0.9003197118,0.6793081641,0.9389333713
8.28,3.889979762,3.395422276,4.037565717,3.16237836,3.148153383,3.268199386,1.846009637,0.7756479353,0.1245642244,0.1802466609,0.08887518559,0.9544305976,0.8026156746,0.9678128887,0.8971788781,0.6787666956,0.9356240721
8.3,3.882183638,3.39405153,4.02935315,3.159559847,3.146359944,3.265321329,1.834887903,0.7712552548,0.1251879143,0.1803563206,0.08953219101,0.9525621833,0.8022249955,0.9658835601,0.8940604287,0.6782183972,0.932339045
8.32,3.874443036,3.392664089,4.021200744,3.156759436,3.144573,3.262460804,1.823841017,0.7668879378,0.1258071624,0.1804673158,0.09018438343,0.9507032643,0.8018293568,0.963964546,0.8909641879,0.6776634208,0.9290780829
8.34,3.866757519,3.391260327,4.013107989,3.153976999,3.142792554,3.259617693,1.812868358,0.7625458302,0.1264220038,0.1805796168,0.09083180387,0.9488537895,0.8014288577,0.9620557804,0.8878899811,0.6771019159,0.9258409807
8.36,3.859126656,3.389840613,4.005074375,3.151212412,3.141018611,3.25679188,1.801969312,0.7582287786,0.1270324729,0.180693194,0.09147449294,0.9470137084,0.8010235959,0.9601571984,0.8848376356,0.6765340302,0.9226275353
8.38,3.851550016,3.388405309,3.997099401,3.148465549,3.139251175,3.253983252,1.791143271,0.753936631,0.127638604,0.1808080182,0.09211249088,0.9451829707,0.8006136678,0.9582687356,0.8818069799,0.6759599089,0.9194375456
8.4,3.844027177,3.386954776,3.989182569,3.145736287,3.137490249,3.251191695,1.780389634,0.7496692362,0.1282404312,0.1809240609,0.09274583749,0.9433615268,0.8001991684,0.956390328,0.8787978441,0.6753796954,0.9162708126
8.42,3.836557716,3.385489364,3.981323384,3.143024503,3.135735836,3.248417094,1.769707807,0.7454264441,0.128837988,0.1810412938,0.09337457221,0.9415493274,0.7997801914,0.9545219127,0.8758100598,0.6747935309,0.9131271389
8.44,3.829141216,3.384009424,3.973521361,3.140330075,3.133987938,3.24565934,1.759097202,0.7412081056,0.129431308,0.1811596891,0.09399873409,0.9397463236,0.7993568291,0.9526634271,0.8728434599,0.6742015547,0.9100063295
8.46,3.821777263,3.382515297,3.965776015,3.137652884,3.132246558,3.242918319,1.748557237,0.7370140729,0.1300204243,0.1812792192,0.0946183618,0.937952467,0.7989291725,0.9508148094,0.8698978787,0.673603904,0.906908191
8.48,3.814465447,3.381007323,3.958086867,3.134992808,3.130511697,3.240193922,1.738087336,0.7328441987,0.1306053696,0.1813998572,0.09523349363,0.9361677094,0.7984973114,0.9489759983,0.8669731522,0.6730007142,0.9038325318
8.5,3.807205361,3.379485833,3.950453443,3.13234973,3.128783356,3.237486038,1.727686929,0.7286983371,0.1311861765,0.1815215763,0.09584416749,0.9343920033,0.7980613344,0.947146933,0.8640691176,0.6723921185,0.9007791626
8.52,3.7999966,3.377951158,3.942875276,3.12972353,3.127061536,3.23479456,1.717355453,0.7245763431,0.1317628773,0.1816443503,0.09645042092,0.9326253013,0.7976213287,0.9453275536,0.8611856134,0.6717782483,0.8977478954
8.54,3.792838766,3.37640362,3.935351898,3.127114092,3.125346236,3.23211938,1.70709235,0.7204780725,0.1323355041,0.1817681533,0.09705229112,0.9308675565,0.7971773803,0.9435178005,0.8583224797,0.6711592333,0.8947385444
8.56,3.785731461,3.374843539,3.927882851,3.1245213,3.123637457,3.229460389,1.696897068,0.7164033824,0.1329040884,0.1818929598,0.09764981489,0.9291187224,0.7967295742,0.9417176147,0.8554795579,0.6705352009,0.8917509256
8.58,3.778674293,3.37327123,3.920467678,3.121945039,3.121935198,3.226817483,1.686769061,0.7123521307,0.1334686619,0.1820187446,0.0982430287,0.9273787528,0.7962779938,0.939926938,0.8526566905,0.6699062771,0.8887848565
8.6,3.771666871,3.371687001,3.913105929,3.119385194,3.120239458,3.224190555,1.676707788,0.7083241761,0.1340292556,0.1821454829,0.09883196865,0.925647602,0.7958227218,0.9381457124,0.8498537218,0.6692725857,0.8858401567
8.62,3.764708809,3.37009116,3.905797156,3.116841651,3.118550235,3.2215795,1.666712715,0.7043193784,0.1345859006,0.1822731502,0.09941667051,0.9239252244,0.7953638394,0.9363738808,0.8470704971,0.668634249,0.8829166474
8.64,3.757799724,3.368484005,3.898540916,3.114314297,3.116867528,3.218984215,1.656783312,0.7003375985,0.1351386274,0.1824017226,0.09999716969,0.9222115751,0.7949014269,0.9346113863,0.844306863,0.6679913872,0.8800141516
8.66,3.750939236,3.366865835,3.891336771,3.111803022,3.115191334,3.216404596,1.646919056,0.696378698,0.1356874665,0.1825311762,0.1005735013,0.9205066092,0.7944355633,0.9328581728,0.8415626676,0.6673441191,0.8771324937
8.68,3.744126967,3.365236941,3.884184288,3.109307714,3.11352165,3.213840542,1.637119429,0.6924425395,0.1362324479,0.1826614877,0.1011456999,0.9188102823,0.7939663266,0.9311141845,0.8388377603,0.6666925615,0.8742715003
8.7,3.737362545,3.363597611,3.877083036,3.106828263,3.111858474,3.211291949,1.627383918,0.6885289866,0.1367736017,0.1827926341,0.1017138001,0.9171225504,0.7934937936,0.9293793664,0.8361319915,0.6660368296,0.8714309994
8.72,3.730645599,3.361948129,3.870032588,3.104364559,3.110201803,3.208758718,1.617712014,0.6846379036,0.1373109574,0.1829245926,0.1022778359,0.9154433698,0.7930180403,0.9276536636,0.8334452131,0.6653770368,0.8686108205
8.74,3.723975762,3.360288775,3.863032525,3.101916495,3.108551631,3.206240748,1.608103216,0.6807691559,0.1378445443,0.183057341,0.102837841,0.913772697,0.7925391413,0.925937022,0.8307772783,0.664713295,0.8658107951
8.76,3.71735267,3.358619823,3.856082427,3.099483962,3.106907956,3.20373794,1.598557026,0.6769226098,0.1383743917,0.1831908571,0.1033938488,0.9121104888,0.7920571703,0.9242293879,0.8281280413,0.6640457143,0.8630307561
8.78,3.710775961,3.356941545,3.849181882,3.097066854,3.105270773,3.201250196,1.589072952,0.6730981324,0.1389005284,0.1833251193,0.1039458924,0.9104567026,0.7915722002,0.9225307082,0.8254973579,0.6633744033,0.860270538
8.8,3.704245278,3.355254209,3.84233048,3.094665065,3.103640077,3.198777416,1.579650506,0.6692955917,0.1394229831,0.1834601062,0.1044940046,0.9088112958,0.7910843024,0.92084093,0.8228850847,0.6626994688,0.857529977
8.82,3.697760266,3.353558077,3.835527814,3.09227849,3.102015862,3.196319504,1.570289208,0.6655148567,0.139941784,0.1835957968,0.1050382178,0.9071742262,0.7905935478,0.919160001,0.8202910799,0.6620210161,0.8548089108
8.84,3.691320573,3.35185341,3.828773484,3.089907024,3.100398124,3.193876364,1.560988578,0.6617557969,0.1404569595,0.1837321702,0.1055785643,0.9055454521,0.7901000059,0.9174878695,0.8177152026,0.6613391492,0.8521071786
8.86,3.68492585,3.350140462,3.82206709,3.087550564,3.098786856,3.1914479,1.551748145,0.6580182832,0.1409685373,0.183869206,0.1061150758,0.9039249317,0.7896037456,0.9158244841,0.8151573133,0.66065397,0.8494246212
8.88,3.678575751,3.348419486,3.81540824,3.085209006,3.097182053,3.189034016,1.542567442,0.6543021868,0.1414765453,0.1840068841,0.1066477838,0.9023126237,0.7891048347,0.9141697938,0.8126172736,0.6599655795,0.846761081
8.9,3.672269932,3.346690729,3.808796542,3.08288225,3.095583708,3.186634618,1.533446004,0.6506073803,0.1419810108,0.1841451847,0.1071767196,0.9007084873,0.7886033398,0.9125237482,0.8100949462,0.6592740766,0.8441164018
8.92,3.666008054,3.344954435,3.802231609,3.080570193,3.093991814,3.184249612,1.524383374,0.6469337367,0.142481961,0.1842840882,0.1077019142,0.8991124816,0.7880993271,0.9108862972,0.8075901951,0.6585795592,0.8414904288
8.94,3.65978978,3.343210846,3.795713059,3.078272735,3.092406364,3.181878906,1.515379097,0.64328113,0.1429794229,0.1844235753,0.1082233982,0.8975245661,0.7875928613,0.9092573912,0.8051028853,0.6578821235,0.8388830089
8.96,3.653614774,3.341460198,3.789240513,3.075989777,3.090827351,3.179522407,1.506432726,0.639649435,0.1434734234,0.1845636272,0.1087412019,0.8959447008,0.7870840068,0.9076369809,0.8026328831,0.6571818642,0.8362939903
8.98,3.647482706,3.339702724,3.782813593,3.07372122,3.089254767,3.177180024,1.497543814,0.6360385274,0.1439639888,0.1847042251,0.1092553555,0.8943728456,0.7865728265,0.9060250176,0.8001800558,0.6564788747,0.8337232226
9,3.641393246,3.337938654,3.776431929,3.071466964,3.087688604,3.174851664,1.488711921,0.6324482836,0.1444511456,0.1848453506,0.1097658886,0.8928089609,0.786059383,0.9044214528,0.7977442718,0.6557732469,0.8311705569
9.02,3.635346068,3.336168216,3.770095152,3.069226914,3.086128854,3.172537239,1.479936613,0.628878581,0.1449349199,0.1849869857,0.1102728308,0.8912530074,0.7855437375,0.9028262387,0.7953254007,0.6550650714,0.8286358458
9.04,3.62934085,3.33439163,3.763802895,3.067000971,3.084575508,3.170236658,1.471217456,0.6253292975,0.1454153373,0.1851291126,0.1107762114,0.8897049458,0.7850259508,0.9012393275,0.7929233133,0.6543544372,0.8261189432
9.06,3.623377269,3.332609118,3.757554798,3.064789041,3.083028559,3.167949833,1.462554023,0.621800312,0.1458924238,0.1852717135,0.1112760591,0.8881647374,0.7845060825,0.8996606721,0.7905378811,0.6536414323,0.8236197044
9.08,3.617455009,3.330820894,3.751350502,3.062591027,3.081487996,3.165676675,1.453945892,0.6182915041,0.1463662046,0.1854147714,0.1117724028,0.8866323435,0.7839841916,0.8980902258,0.7881689771,0.6529261429,0.8211379861
9.1,3.611573754,3.329027173,3.745189653,3.060406836,3.07995381,3.163417096,1.445392643,0.6148027544,0.146836705,0.1855582691,0.1122652708,0.8851077256,0.7834603361,0.8965279419,0.7858164751,0.6522086544,0.8186736462
9.12,3.605733192,3.327228163,3.739071897,3.058236373,3.078425992,3.161171008,1.436893861,0.6113339439,0.14730395,0.1857021899,0.1127546912,0.8835908457,0.7829345735,0.8949737745,0.7834802501,0.6514890504,0.816226544
9.14,3.599933012,3.325424071,3.732996888,3.056079545,3.076904532,3.158938327,1.428449136,0.6078849547,0.1477679644,0.1858465173,0.1132406919,0.8820816658,0.7824069601,0.8934276779,0.7811601781,0.6507674135,0.8137965404
9.16,3.594172907,3.3236151,3.72696428,3.053936259,3.07538942,3.156718966,1.420058061,0.6044556695,0.1482287728,0.185991235,0.1137233006,0.8805801484,0.7818775517,0.8918896068,0.7788561362,0.650043825,0.8113834972
9.18,3.588452572,3.321801449,3.720973731,3.051806425,3.073880646,3.154512838,1.411720232,0.6010459718,0.1486863995,0.186136327,0.1142025445,0.8790862558,0.7813464032,0.8903595161,0.7765680023,0.6493183648,0.8089872777
9.2,3.582771706,3.319983317,3.715024903,3.04968995,3.072378199,3.152319861,1.403435251,0.5976557458,0.1491408689,0.1862817776,0.1146784507,0.8775999509,0.7808135688,0.8888373612,0.7742956557,0.6485911118,0.8066077465
9.22,3.577130007,3.318160895,3.709117461,3.047586745,3.070882069,3.15013995,1.395202722,0.5942848766,0.1495922047,0.1864275713,0.1151510461,0.8761211968,0.7802791019,0.887323098,0.7720389763,0.6478621433,0.8042447694
9.24,3.57152718,3.316334377,3.703251071,3.045496719,3.069392244,3.147973022,1.387022255,0.5909332498,0.150040431,0.1865736928,0.1156203573,0.8746499567,0.7797430551,0.8858166824,0.7697978452,0.6471315358,0.8018982135
9.26,3.565962928,3.314503948,3.697425405,3.043419784,3.067908713,3.145818993,1.378893461,0.587600752,0.1504855711,0.1867201271,0.1160864106,0.873186194,0.7792054804,0.8843180709,0.7675721447,0.6463993644,0.799567947
9.28,3.560436961,3.312669794,3.691640136,3.041355851,3.066431465,3.143677782,1.370815957,0.5842872702,0.1509276485,0.1868668594,0.1165492321,0.8717298724,0.7786664291,0.8828272202,0.7653617577,0.6456657029,0.7972538397
9.3,3.554948987,3.310832098,3.685894942,3.039304832,3.064960489,3.141549306,1.362789362,0.5809926926,0.1513666863,0.1870138751,0.1170088476,0.8702809558,0.7781259514,0.8813440874,0.7631665683,0.6449306243,0.7949557621
9.32,3.54949872,3.308991037,3.680189503,3.037266641,3.063495772,3.139433486,1.3548133,0.5777169076,0.1518027077,0.18716116,0.1174652827,0.8688394082,0.7775840974,0.8798686299,0.7609864615,0.6441942,0.7926735864
9.34,3.544085875,3.307146789,3.674523501,3.035241191,3.062037302,3.137330239,1.346887398,0.5744598046,0.1522357353,0.1873086999,0.1179185629,0.8674051941,0.777040916,0.8784008054,0.7588213233,0.6434565007,0.7904071856
9.36,3.538710168,3.305299526,3.668896622,3.033228396,3.060585067,3.135239488,1.339011287,0.5712212738,0.1526657919,0.1874564809,0.1183687132,0.8659782779,0.7764964556,0.876940572,0.7566710406,0.6427175956,0.7881564341
9.38,3.53337132,3.30344942,3.663308556,3.031228171,3.059139055,3.133161151,1.331184601,0.5680012057,0.1530928997,0.1876044894,0.1188157585,0.8645586243,0.7759507639,0.875487888,0.7545355013,0.6419775531,0.7859212074
9.4,3.528069052,3.301596638,3.657758992,3.029240431,3.057699254,3.131095151,1.323406976,0.564799492,0.1535170812,0.1877527119,0.1192597236,0.8631461983,0.7754038881,0.8740427121,0.7524145942,0.6412364403,0.7837013821
9.42,3.522803089,3.299741346,3.652247627,3.027265093,3.056265649,3.12904141,1.315678054,0.5616160247,0.1539383582,0.1879011353,0.1197006328,0.8617409649,0.7748558744,0.8726050033,0.750308209,0.6404943234,0.7814968361
9.44,3.517573157,3.297883706,3.646774158,3.025302073,3.054838229,3.126999848,1.30799748,0.5584506967,0.1543567528,0.1880497465,0.1201385104,0.8603428896,0.7743067686,0.8711747209,0.7482162362,0.6397512674,0.7793074482
9.46,3.512378985,3.296023878,3.641338284,3.023351289,3.05341698,3.124970391,1.300364901,0.5553034015,0.1547722865,0.1881985327,0.1205733803,0.8589519377,0.7737566159,0.8697518243,0.7461385676,0.6390073363,0.7771330986
9.48,3.507220305,3.29416202,3.635939708,3.021412658,3.052001888,3.12295296,1.292779967,0.5521740333,0.1551849809,0.1883474814,0.1210052663,0.8575680749,0.7732054605,0.8683362736,0.7440750954,0.638262593,0.7749736683
9.5,3.502096849,3.292298286,3.630578136,3.0194861,3.050592941,3.12094748,1.285242333,0.5490624869,0.1555948574,0.1884965801,0.1214341921,0.8561912672,0.7726533464,0.8669280288,0.7420257131,0.6375170995,0.7728290396
9.52,3.497008354,3.290432829,3.625253277,3.017571532,3.049190125,3.118953876,1.277751657,0.5459686578,0.156001937,0.1886458166,0.1218601808,0.8548214807,0.7721003167,0.8655270503,0.7399903148,0.6367709168,0.7706990959
9.54,3.491954556,3.288565799,3.619964841,3.015668876,3.047793425,3.116972072,1.270307599,0.5428924423,0.1564062409,0.1887951791,0.1222832557,0.8534586815,0.7715464141,0.864133299,0.7379687957,0.6360241047,0.7685837215
9.56,3.486935196,3.286697343,3.614712542,3.013778051,3.046402828,3.115001995,1.262909822,0.5398337371,0.1568077897,0.1889446555,0.1227034396,0.8521028362,0.7709916805,0.8627467358,0.7359610516,0.6352767223,0.766482802
9.58,3.481950015,3.284827606,3.609496096,3.011898978,3.045018319,3.11304357,1.255557993,0.5367924398,0.1572066041,0.1890942345,0.1231207553,0.8507539113,0.7704361572,0.8613673221,0.7339669795,0.6345288275,0.7643962237
9.6,3.476998759,3.28295673,3.604315223,3.010031579,3.043639885,3.111096724,1.248251783,0.5337684485,0.1576027046,0.1892439045,0.1235352251,0.8494118736,0.7698798852,0.8599950193,0.7319864769,0.6337804773,0.7623238743
9.62,3.472081173,3.281084857,3.599169643,3.008175775,3.04226751,3.109161384,1.240990864,0.5307616619,0.1579961115,0.1893936544,0.1239468715,0.8480766902,0.7693229046,0.8586297892,0.7300194424,0.6330317279,0.7602656424
9.64,3.467197005,3.279212123,3.594059081,3.006331491,3.04090118,3.107237477,1.233774911,0.5277719796,0.1583868449,0.1895434731,0.1243557165,0.846748328,0.768765255,0.8572715941,0.7280657754,0.6322826344,0.7582214175
9.66,3.462346006,3.277338665,3.588983263,3.004498648,3.039540881,3.105324933,1.226603604,0.5247993014,0.1587749248,0.1896933498,0.124761782,0.8454267546,0.7682069756,0.8559203962,0.7261253759,0.6315332511,0.7561910902
9.68,3.457527929,3.275464615,3.583941918,3.00267717,3.038186598,3.103423679,1.219476625,0.5218435281,0.159160371,0.1898432737,0.1251650896,0.8441119372,0.7676481048,0.8545761581,0.7241981451,0.6307836313,0.7541745522
9.7,3.452742528,3.273590106,3.578934777,3.000866983,3.036838314,3.101533645,1.212393658,0.518904561,0.1595432031,0.1899932345,0.1255656608,0.8428038437,0.7670886806,0.8532388428,0.7222839846,0.6300338274,0.7521716959
9.72,3.44798956,3.271715265,3.573961575,2.99906801,3.035496016,3.099654761,1.20535439,0.515982302,0.1599234406,0.1901432218,0.125963517,0.8415024418,0.7665287405,0.8519084133,0.7203827972,0.6292838912,0.750182415
9.74,3.443268782,3.26984022,3.569022047,2.997280177,3.034159688,3.097786956,1.198358513,0.5130766536,0.1603011028,0.1902932254,0.1263586792,0.8402076995,0.7659683213,0.850584833,0.7184944862,0.6285338731,0.748206604
9.76,3.438579956,3.267965095,3.564115933,2.995503411,3.032829315,3.095930161,1.191405718,0.510187519,0.1606762088,0.1904432354,0.1267511683,0.8389195849,0.7654074594,0.8492680656,0.7166189559,0.6277838231,0.7462441584
9.78,3.433922845,3.266090013,3.559242973,2.993737637,3.03150488,3.094084308,1.184495701,0.5073148018,0.1610487777,0.190593242,0.1271410051,0.8376380664,0.7648461905,0.8479580748,0.7147561113,0.6270337902,0.7442949745
9.8,3.429297212,3.264215093,3.554402912,2.991982783,3.030186369,3.092249327,1.177628162,0.5044584064,0.1614188284,0.1907432355,0.12752821,0.8363631123,0.7642845501,0.8466548249,0.712905858,0.6262838225,0.7423589498
9.82,3.424702824,3.262340456,3.549595493,2.990238777,3.028873766,3.090425152,1.170802802,0.5016182377,0.1617863794,0.1908932065,0.1279128035,0.8350946915,0.7637225728,0.8453582802,0.7110681028,0.6255339674,0.7404359825
9.84,3.420139449,3.260466215,3.544820467,2.988505546,3.027567054,3.088611715,1.164019324,0.4987942013,0.1621514494,0.1910431457,0.1282948056,0.8338327725,0.763160293,0.8440684052,0.7092427528,0.6247842713,0.7385259719
9.86,3.415606857,3.258592487,3.540077582,2.98678302,3.026266217,3.086808948,1.157277434,0.4959862033,0.1625140568,0.191193044,0.1286742364,0.8325773244,0.7625977445,0.8427851648,0.7074297162,0.62403478,0.736628818
9.88,3.411104821,3.256719383,3.535366592,2.985071127,3.024971241,3.085016785,1.150576843,0.4931941503,0.1628742196,0.1913428923,0.1290511156,0.8313283163,0.7620349605,0.8415085241,0.7056289018,0.6232855383,0.7347444219
9.9,3.406633114,3.254847013,3.530687251,2.983369796,3.023682108,3.083235161,1.143917262,0.4904179496,0.1632319562,0.1914926819,0.1294254629,0.8300857174,0.7614719739,0.8402384483,0.7038402191,0.6225365905,0.7328726855
9.92,3.402191513,3.252975487,3.526039316,2.98167896,3.022398801,3.081464009,1.137298404,0.4876575091,0.1635872843,0.191642404,0.1297972977,0.828849497,0.7609088171,0.8389749029,0.7020635784,0.6217879799,0.7310135115
9.94,3.397779794,3.25110491,3.521422546,2.979998547,3.021121306,3.079703264,1.130719987,0.4849127372,0.1639402218,0.1917920502,0.1301666393,0.8276196248,0.7603455217,0.8377178536,0.7002988909,0.6210397491,0.7291668036
9.96,3.393397737,3.249235387,3.516836703,2.978328489,3.019849604,3.077952862,1.12418173,0.4821835428,0.1642907864,0.191941612,0.1305335067,0.8263960703,0.7597821193,0.8364672665,0.6985460681,0.6202919399,0.7273324663
9.98,3.389045123,3.247367021,3.51228155,2.976668719,3.01858368,3.076212738,1.117683355,0.4794698355,0.1646389955,0.1920910813,0.130897919,0.8251788036,0.7592186408,0.8352231077,0.6968050227,0.6195445935,0.725510405
10,3.384721736,3.245499913,3.507756852,2.975019167,3.017323517,3.074482829,1.111224585,0.4767715255,0.1649848664,0.1922404499,0.1312598948,0.8239677944,0.7586551166,0.8339853436,0.6950756678,0.6187977503,0.7237005258
10.02,3.38042736,3.243634162,3.503262377,2.973379767,3.016069097,3.072763071,1.104805147,0.4740885233,0.1653284165,0.19238971,0.1316194528,0.822763013,0.7580915767,0.8327539408,0.6933579173,0.6180514499,0.7219027359
10.04,3.376161781,3.241769865,3.498797895,2.971750453,3.014820405,3.071053402,1.09842477,0.4714207401,0.1656696628,0.1925388537,0.1319766114,0.8215644295,0.7575280507,0.8315288661,0.6916516859,0.6173057313,0.7201169431
10.06,3.371924788,3.239907119,3.494363177,2.970131156,3.013577423,3.069353758,1.092083185,0.4687680877,0.1660086223,0.1926878735,0.1323313888,0.8203720145,0.7569645678,0.8303100865,0.6899568887,0.6165606327,0.7183430561
10.08,3.367716171,3.238046016,3.489957998,2.968521813,3.012340135,3.067664078,1.085780126,0.4661304785,0.1663453117,0.1928367617,0.1326838031,0.8191857385,0.7564011566,0.8290975692,0.6882734417,0.6158161917,0.7165809843
10.1,3.363535721,3.23618665,3.485582133,2.966922357,3.011108522,3.0659843,1.079515329,0.4635078252,0.1666797477,0.192985511,0.1330338724,0.818005572,0.7558378454,0.8278912818,0.6866012617,0.6150724451,0.7148306382
10.12,3.359383232,3.23432911,3.481235359,2.965332724,3.009882568,3.064314363,1.073288531,0.4609000411,0.1670119468,0.1931341141,0.1333816142,0.8168314861,0.755274662,0.8266911918,0.684940266,0.6143294293,0.7130919288
10.14,3.355258498,3.232473486,3.476917457,2.963752848,3.008662256,3.062654205,1.067099472,0.4583070403,0.1673419255,0.1932825641,0.1337270464,0.8156634515,0.7547116338,0.8254972672,0.6832903725,0.6135871796,0.7113647679
10.16,3.351161316,3.230619865,3.472628208,2.962182667,3.007447567,3.061003768,1.060947896,0.4557287371,0.1676697,0.1934308538,0.1340701863,0.8145014394,0.7541487879,0.8243094758,0.6816514999,0.612845731,0.7096490683
10.18,3.347091486,3.228768332,3.468367395,2.960622116,3.006238486,3.05936299,1.054833547,0.4531650465,0.1679952865,0.1935789764,0.1344110513,0.8133454211,0.7535861509,0.8231277861,0.6800235676,0.6121051178,0.7079447433
10.2,3.343048805,3.226918971,3.464134805,2.959071132,3.005034994,3.057731812,1.048756172,0.4506158839,0.1683187009,0.1937269253,0.1347496585,0.8121953679,0.7530237488,0.8219521664,0.6784064956,0.6113653734,0.7062517073
10.22,3.339033077,3.225071865,3.459930225,2.957529654,3.003837074,3.056110175,1.04271552,0.4480811653,0.1686399591,0.1938746938,0.135086025,0.8110512512,0.7524616076,0.8207825853,0.6768002043,0.610626531,0.7045698751
10.24,3.335044105,3.223227094,3.455753443,2.955997618,3.002644708,3.05449802,1.036711342,0.4455608072,0.168959077,0.1940222754,0.1354201675,0.8099130427,0.7518997526,0.8196190117,0.6752046152,0.6098886228,0.7028991624
10.26,3.331081692,3.221384739,3.451604251,2.954474963,3.001457879,3.052895288,1.030743391,0.4430547267,0.16927607,0.1941696639,0.1357521029,0.8087807141,0.7513382088,0.8184614146,0.6736196501,0.6091516807,0.7012394857
10.28,3.327145645,3.219544876,3.447482442,2.952961628,3.000276569,3.051301923,1.024811423,0.4405628412,0.1695909537,0.1943168529,0.1360818476,0.8076542374,0.7507770009,0.8173097631,0.6720452315,0.6084157356,0.6995907621
10.3,3.323235773,3.217707583,3.443387811,2.951457551,2.99910076,3.049717865,1.018915195,0.4380850688,0.1699037435,0.1944638364,0.1364094181,0.8065335845,0.750216153,0.8161640268,0.6704812826,0.6076808182,0.6979529096
10.32,3.319351885,3.215872933,3.439320154,2.949962673,2.997930434,3.048143059,1.013054466,0.4356213279,0.1702144546,0.1946106083,0.1367348307,0.8054187276,0.749655689,0.815024175,0.6689277272,0.6069469584,0.6963258467
10.34,3.315493791,3.214041001,3.435279269,2.948476933,2.996765573,3.046577447,1.007228997,0.4331715376,0.1705231021,0.1947571629,0.1370581014,0.8043096389,0.7490956325,0.8138901777,0.6673844896,0.6062141855,0.6947094928
10.36,3.311661304,3.212211858,3.431264957,2.947000273,2.99560616,3.045020972,1.001438553,0.4307356174,0.170829701,0.1949034943,0.1373792464,0.8032062908,0.7485360066,0.8127620047,0.6658514948,0.6054825285,0.693103768
10.38,3.307854238,3.210385576,3.427277019,2.945532632,2.994452177,3.043473579,0.9956828978,0.4283134873,0.1711342663,0.1950495969,0.1376982814,0.8021086558,0.747976834,0.8116396261,0.6643286685,0.6047520155,0.6915085928
10.4,3.304072408,3.208562222,3.423315259,2.944073952,2.993303605,3.041935212,0.9899617992,0.4259050677,0.1714368127,0.1951954652,0.1380152222,0.8010167066,0.7474181371,0.8105230122,0.6628159367,0.6040226741,0.6899238889
10.42,3.300315632,3.206741866,3.419379482,2.942624174,2.992160426,3.040405815,0.9842750264,0.4235102796,0.1717373547,0.1953410937,0.1383300844,0.7999304158,0.746859938,0.8094121336,0.6613132263,0.6032945317,0.6883495781
10.44,3.296583728,3.204924574,3.415469496,2.941183242,2.991022623,3.038885335,0.9786223504,0.4211290445,0.1720359071,0.1954864771,0.1386428833,0.7988497565,0.7463022584,0.8083069607,0.6598204647,0.6025676147,0.6867855835
10.46,3.292876516,3.20311041,3.411585108,2.939751097,2.989890177,3.037373715,0.9730035442,0.4187612842,0.1723324841,0.1956316102,0.1389536344,0.7977747015,0.7457451196,0.8072074645,0.6583375797,0.6018419491,0.6852318282
10.48,3.289193816,3.201299439,3.407726128,2.938327683,2.988763071,3.035870903,0.9674183824,0.4164069211,0.1726271,0.1957764879,0.1392623527,0.7967052239,0.7451885427,0.8061136158,0.6568644999,0.6011175607,0.6836882366
10.5,3.285535453,3.199491723,3.40389237,2.936912942,2.987641285,3.034376843,0.9618666419,0.4140658781,0.1729197691,0.1959211051,0.1395690534,0.7956412971,0.7446325484,0.8050253859,0.6554011545,0.6003944743,0.6821547332
10.52,3.281901249,3.197687324,3.400083646,2.935506819,2.986524801,3.032891484,0.9563481009,0.4117380785,0.1732105054,0.1960654571,0.1398737513,0.7945828944,0.7440771571,0.8039427461,0.653947473,0.5996727146,0.6806312436
10.54,3.278291031,3.195886301,3.396299771,2.934109258,2.985413602,3.031414771,0.9508625398,0.4094234461,0.1734993229,0.1962095389,0.1401764613,0.7935299892,0.7435223886,0.8028656678,0.6525033856,0.5989523054,0.6791176937
10.56,3.274704625,3.194088713,3.392540563,2.932720202,2.984307669,3.029946651,0.9454097407,0.4071219052,0.1737862353,0.1963533459,0.1404771979,0.7924825552,0.7429682627,0.8017941227,0.6510688233,0.5982332703,0.6776140103
10.58,3.27114186,3.192294618,3.388805839,2.931339598,2.983206984,3.028487073,0.9399894872,0.4048333803,0.1740712566,0.1964968735,0.1407759759,0.791440566,0.7424147989,0.8007280825,0.6496437172,0.5975156324,0.6761201207
10.6,3.267602565,3.190504072,3.385095419,2.929967391,2.982111528,3.027035985,0.9346015649,0.4025577967,0.1743544002,0.1966401172,0.1410728094,0.7904039954,0.7418620161,0.7996675194,0.6482279992,0.5967994141,0.6746359529
10.62,3.264086571,3.188717131,3.381409125,2.928603525,2.981021283,3.025593334,0.9292457611,0.40029508,0.1746356796,0.1967830725,0.1413677129,0.7893728174,0.7413099332,0.7986124054,0.6468216019,0.5960846376,0.6731614353
10.64,3.260593712,3.186933848,3.37774678,2.927247948,2.979936231,3.02415907,0.9239218647,0.3980451562,0.1749151084,0.1969257351,0.1416607006,0.7883470061,0.7407585684,0.7975627127,0.645424458,0.5953713243,0.6716964972
10.66,3.25712382,3.185154276,3.374108208,2.925900606,2.978856352,3.02273314,0.9186296665,0.3958079518,0.1751926998,0.1970681009,0.1419517863,0.7873265355,0.7402079401,0.7965184139,0.6440365012,0.5946594955,0.6702410683
10.68,3.25367673,3.183378467,3.370493235,2.924561445,2.97778163,3.021315495,0.9133689586,0.3935833937,0.1754684669,0.1972101656,0.1422409842,0.7863113801,0.7396580659,0.7954794815,0.6426576654,0.5939491719,0.668795079
10.7,3.25025228,3.181606471,3.366901688,2.923230413,2.976712044,3.019906085,0.908139535,0.3913714093,0.175742423,0.1973519253,0.1425283079,0.785301514,0.7391089635,0.7944458883,0.6412878852,0.5932403736,0.6673584604
10.72,3.246850306,3.179838338,3.363333397,2.921907457,2.975647577,3.018504858,0.9029411915,0.3891719265,0.1760145809,0.1974933759,0.1428137712,0.784296912,0.73856065,0.7934176072,0.6399270956,0.5925331204,0.6659311438
10.74,3.243470647,3.178074116,3.359788191,2.920592526,2.97458821,3.017111767,0.8977737251,0.3869848734,0.1762849536,0.1976345137,0.1430973877,0.7832975484,0.7380131424,0.7923946112,0.6385752322,0.5918274317,0.6645130616
10.76,3.240113144,3.176313853,3.356265903,2.919285568,2.973533925,3.01572676,0.8926369347,0.3848101787,0.1765535538,0.1977753347,0.1433791707,0.7823033982,0.7374664574,0.7913768737,0.6372322311,0.5911233264,0.6631041463
10.78,3.236777639,3.174557595,3.352766365,2.917986531,2.972484704,3.014349789,0.8875306207,0.3826477715,0.1768203942,0.1979158354,0.1436591337,0.7813144361,0.7369206114,0.7903643679,0.6358980288,0.590420823,0.6617043313
10.8,3.233463973,3.172805386,3.349289413,2.916695365,2.971440526,3.012980806,0.882454585,0.3804975814,0.1770854875,0.1980560121,0.1439372899,0.780330637,0.7363756203,0.7893570673,0.6345725625,0.5897199395,0.6603135504
10.82,3.230171991,3.171057271,3.345834882,2.915412019,2.970401375,3.011619762,0.8774086313,0.3783595382,0.1773488461,0.1981958613,0.1442136524,0.7793519759,0.7358315001,0.7883549456,0.6332557697,0.5890206936,0.6589317381
10.84,3.226901538,3.169313293,3.34240261,2.914136442,2.969367231,3.010266609,0.8723925645,0.3762335723,0.1776104823,0.1983353795,0.1444882341,0.7783784281,0.7352882663,0.7873579766,0.6319475885,0.5883231026,0.6575588293
10.86,3.22365246,3.167573495,3.338992436,2.912868585,2.968338076,3.008921299,0.8674061912,0.3741196146,0.1778704085,0.1984745634,0.1447610481,0.7774099688,0.7347459341,0.7863661343,0.6306479575,0.5876271832,0.6561947595
10.88,3.220424606,3.165837917,3.335604199,2.911608399,2.967313892,3.007583784,0.8624493196,0.3720175962,0.1781286369,0.1986134096,0.145032107,0.7764465734,0.7342045186,0.7853793927,0.6293568157,0.5869329521,0.6548394648
10.9,3.217217823,3.1641066,3.332237741,2.910355833,2.966294659,3.006254019,0.8575217591,0.3699274486,0.1783851795,0.198751915,0.1453014237,0.7754882172,0.7336640344,0.7843977261,0.6280741026,0.5862404251,0.6534928817
10.92,3.214031962,3.162379582,3.328892906,2.90911084,2.965280359,3.004931955,0.8526233209,0.3678491039,0.1786400483,0.1988900764,0.1455690105,0.774534876,0.7331244961,0.7834211089,0.6267997583,0.5855496181,0.6521549474
10.94,3.210866875,3.160656903,3.325569536,2.907873371,2.964270974,3.003617546,0.8477538174,0.3657824946,0.1788932554,0.1990278907,0.1458348801,0.7735865254,0.7325859179,0.7824495155,0.6255337232,0.5848605463,0.6508255996
10.96,3.207722412,3.158938599,3.322267478,2.906643377,2.963266485,3.002310747,0.8429130627,0.3637275533,0.1791448123,0.1991653551,0.1460990447,0.7726431411,0.7320483137,0.7814829206,0.6242759383,0.5841732246,0.6495047764
10.98,3.204598429,3.157224706,3.318986578,2.905420811,2.962266873,3.001011511,0.838100872,0.3616842133,0.179394731,0.1993024665,0.1463615167,0.7717046991,0.7315116973,0.7805212991,0.6230263449,0.5834876676,0.6481924165
11,3.201494779,3.155515261,3.315726685,2.904205625,2.96127212,2.999719792,0.8333170621,0.3596524083,0.179643023,0.1994392221,0.1466223082,0.7707711753,0.730976082,0.7795646257,0.621784885,0.5828038895,0.6468884592
11.02,3.198411319,3.153810298,3.312487647,2.902997772,2.960282207,2.998435545,0.8285614514,0.3576320722,0.1798896998,0.1995756192,0.1468814312,0.7698425459,0.7304414812,0.7786128757,0.6205515008,0.5821219042,0.645592844
11.04,3.195347905,3.15210985,3.309269316,2.901797206,2.959297116,2.997158726,0.8238338593,0.3556231394,0.180134773,0.199711655,0.1471388977,0.768918787,0.7299079077,0.7776660241,0.6193261352,0.581441725,0.6443055114
11.06,3.192304395,3.15041395,3.306071542,2.900603879,2.958316828,2.99588929,0.8191341069,0.3536255448,0.1803782537,0.1998473269,0.1473947196,0.767999875,0.7293753744,0.7767240464,0.6181087313,0.5807633653,0.6430264019
11.08,3.189280649,3.148722631,3.302894179,2.899417746,2.957341324,2.994627191,0.8144620165,0.3516392234,0.1806201534,0.1999826325,0.1476489086,0.7670857862,0.7288438937,0.775786918,0.6168992328,0.5800868377,0.6417554568
11.1,3.186276526,3.147035924,3.299737082,2.898238761,2.956370587,2.993372386,0.8098174116,0.3496641108,0.1808604832,0.2001175691,0.1479014764,0.7661764972,0.7283134778,0.7748546144,0.6156975838,0.5794121547,0.6404926178
11.12,3.183291889,3.145353858,3.296600105,2.897066877,2.955404596,2.992124832,0.8052001175,0.347700143,0.1810992542,0.2002521343,0.1481524346,0.7652719845,0.7277841389,0.7739271115,0.6145037289,0.5787393286,0.639237827
11.14,3.180326599,3.143676464,3.293483105,2.895902051,2.954443335,2.990884484,0.8006099603,0.3457472562,0.1813364774,0.2003863258,0.1484017946,0.7643722249,0.7272558886,0.773004385,0.613317613,0.5780683709,0.6379910271
11.16,3.177380521,3.142003771,3.29038594,2.894744237,2.953486784,2.9896513,0.7960467676,0.3438053872,0.1815721637,0.2005201413,0.1486495677,0.7634771951,0.7267287386,0.772086411,0.6121391816,0.5773992934,0.6367521613
11.18,3.174453518,3.140335805,3.28730847,2.89359339,2.952534924,2.988425235,0.7915103686,0.341874473,0.1818063239,0.2006535786,0.1488957654,0.7625868721,0.7262027001,0.7711731655,0.6109683804,0.576732107,0.6355211732
11.2,3.171545456,3.138672594,3.284250554,2.892449466,2.951587738,2.987206249,0.7870005933,0.3399544511,0.1820389689,0.2007866355,0.1491403986,0.7617012329,0.7256777844,0.7702646248,0.6098051557,0.5760668227,0.6342980068
11.22,3.168656202,3.137014165,3.281212053,2.891312421,2.950645206,2.985994297,0.7825172732,0.3380452593,0.1822701092,0.2009193098,0.1493834787,0.7608202546,0.7251540024,0.7693607653,0.6086494542,0.5754034511,0.6330826066
11.24,3.165785624,3.135360543,3.278192831,2.890182211,2.949707311,2.984789338,0.778060241,0.3361468357,0.1824997554,0.2010515995,0.1496250165,0.7599439143,0.7246313647,0.7684615635,0.607501223,0.5747420023,0.6318749176
11.26,3.16293359,3.133711753,3.27519275,2.889058794,2.948774034,2.983591331,0.7736293309,0.3342591189,0.1827279181,0.2011835027,0.1498650229,0.7590721893,0.7241098818,0.7675669959,0.6063604094,0.5740824863,0.6306748853
11.28,3.160099971,3.132067819,3.272211676,2.887942125,2.947845356,2.982400232,0.7692243778,0.3323820477,0.1829546077,0.2013150174,0.1501035089,0.7582050572,0.723589564,0.7666770393,0.6052269616,0.5734249128,0.6294824555
11.3,3.157284636,3.130428765,3.269249474,2.886832163,2.946921259,2.981216002,0.7648452184,0.3305155615,0.1831798345,0.2014461418,0.1503404851,0.7573424952,0.7230704213,0.7657916705,0.6041008276,0.5727692911,0.6282975746
11.32,3.154487457,3.128794613,3.26630601,2.885728864,2.946001724,2.980038599,0.7604916903,0.3286595998,0.1834036087,0.2015768739,0.1505759621,0.7564844811,0.7225524637,0.7649108666,0.6029819564,0.5721156303,0.6271201893
11.34,3.151708309,3.127165385,3.263381154,2.884632186,2.945086734,2.978867981,0.7561636322,0.3268141027,0.1836259406,0.2017072122,0.1508099506,0.7556309924,0.7220357008,0.7640346045,0.6018702968,0.5714639392,0.6259502468
11.36,3.148947063,3.125541103,3.260474774,2.883542088,2.944176269,2.97770411,0.7518608843,0.3249790104,0.1838468403,0.2018371547,0.151042461,0.7547820071,0.7215201419,0.7631628617,0.6007657985,0.5708142263,0.6247876948
11.38,3.146203595,3.123921787,3.25758674,2.882458527,2.943270311,2.976546943,0.7475832877,0.3231542637,0.1840663177,0.2019667,0.1512735037,0.7539375029,0.7210057965,0.7622956153,0.5996684113,0.5701664998,0.6236324813
11.4,3.14347778,3.122307456,3.254716924,2.881381463,2.942368843,2.975396442,0.7433306849,0.3213398035,0.1842843829,0.2020958465,0.151503089,0.7530974578,0.7204926735,0.7614328428,0.5985780855,0.5695207677,0.6224845549
11.42,3.140769496,3.120698132,3.251865198,2.880310855,2.941471845,2.974252566,0.7391029193,0.3195355712,0.1845010456,0.2022245924,0.1517312271,0.7522618499,0.7199807818,0.7605745219,0.5974947718,0.5688770378,0.6213438643
11.44,3.138078619,3.119093831,3.249031434,2.879246661,2.9405793,2.973115276,0.7348998356,0.3177415086,0.1847163158,0.2023529365,0.1519579282,0.7514306573,0.7194701301,0.7597206301,0.5964184211,0.5682353175,0.6202103589
11.46,3.135405029,3.117494572,3.246215508,2.878188841,2.939691189,2.971984533,0.7307212796,0.3159575577,0.184930203,0.2024808772,0.1521832023,0.7506038583,0.7189607268,0.7588711454,0.595348985,0.5675956139,0.6190839884
11.48,3.132748604,3.115900372,3.243417295,2.877137355,2.938807493,2.970860297,0.7265670984,0.3141836609,0.185142717,0.2026084132,0.1524070594,0.7497814312,0.7184525804,0.7580260455,0.5942864151,0.566957934,0.617964703
11.5,3.130109226,3.114311248,3.24063667,2.876092163,2.937928196,2.96974253,0.7224371398,0.3124197609,0.1853538673,0.2027355431,0.1526295094,0.7489633545,0.7179456988,0.7571853086,0.5932306636,0.5663222845,0.6168524532
11.52,3.127486775,3.112727217,3.237873512,2.875053225,2.937053278,2.968631193,0.718331253,0.3106658008,0.1855636634,0.2028622656,0.152850562,0.7481496066,0.7174400901,0.7563489128,0.5921816832,0.5656886718,0.61574719
11.54,3.124881133,3.111148292,3.235127699,2.874020502,2.936182721,2.967526248,0.7142492883,0.3089217241,0.1857721147,0.2029885796,0.1530702271,0.7473401663,0.7169357619,0.7555168364,0.5911394265,0.5650571021,0.6146488646
11.56,3.122292184,3.109574491,3.232399109,2.872993954,2.935316507,2.966427657,0.7101910969,0.3071874744,0.1859792306,0.2031144837,0.1532885143,0.7465350122,0.716432722,0.7546890577,0.590103847,0.5644275815,0.6135574287
11.58,3.119719812,3.108005826,3.229687624,2.871973543,2.934454619,2.965335382,0.7061565313,0.3054629958,0.1861850204,0.2032399769,0.1535054331,0.745734123,0.7159309776,0.7538655551,0.5890748982,0.5638001155,0.6124728346
11.6,3.117163902,3.106442312,3.226993124,2.870959231,2.933597038,2.964249386,0.7021454449,0.3037482328,0.1863894932,0.203365058,0.1537209931,0.7449374778,0.715430536,0.7530463074,0.588052534,0.5631747098,0.6113950347
11.62,3.114624339,3.104883961,3.224315492,2.869950978,2.932743745,2.963169631,0.6981576921,0.3020431299,0.1865926582,0.2034897261,0.1539352036,0.7441450555,0.7149314043,0.7522312932,0.5870367089,0.5625513696,0.6103239818
11.64,3.11210101,3.103330787,3.22165461,2.868948747,2.931894724,2.96209608,0.6941931285,0.3003476324,0.1867945245,0.20361398,0.1541480742,0.7433568351,0.7144335894,0.7514204912,0.5860273774,0.5619300999,0.6092596292
11.66,3.109593803,3.101782801,3.219010363,2.8679525,2.931049955,2.961028696,0.6902516107,0.2986616855,0.1869951011,0.2037378189,0.1543596139,0.7425727959,0.7139370979,0.7506138805,0.5850244946,0.5613109056,0.6082019305
11.68,3.107102606,3.100240015,3.216382637,2.866962199,2.930209422,2.959967443,0.6863329962,0.2969852349,0.1871943968,0.2038612418,0.154569832,0.7417929171,0.7134419365,0.74981144,0.5840280158,0.5606937912,0.6071508398
11.7,3.104627308,3.09870244,3.213771315,2.865977807,2.929373105,2.958912284,0.6824371436,0.2953182267,0.1873924207,0.2039842477,0.1547787377,0.741017178,0.7129481116,0.7490131489,0.5830378967,0.5600787613,0.6061063114
11.72,3.1021678,3.097170087,3.211176287,2.864999287,2.928540988,2.957863184,0.6785639125,0.293660607,0.1875891813,0.204106836,0.15498634,0.740245558,0.7124556293,0.7482189863,0.5820540934,0.5594658199,0.6050682999
11.74,3.099723972,3.095642965,3.208597439,2.864026603,2.927713052,2.956820105,0.6747131636,0.2920123227,0.1877846876,0.2042290058,0.1551926479,0.7394780367,0.7119644959,0.7474289317,0.5810765622,0.5588549711,0.6040367606
11.76,3.097295716,3.094121084,3.206034659,2.863059716,2.92688928,2.955783013,0.6708847584,0.2903733205,0.187978948,0.2043507563,0.1553976702,0.7387145938,0.7114747171,0.7466429645,0.5801052598,0.5582462186,0.6030116488
11.78,3.094882925,3.092604452,3.203487838,2.862098592,2.926069653,2.954751873,0.6670785594,0.2887435478,0.1881719713,0.2044720868,0.1556014159,0.7379552088,0.7109862988,0.7458610642,0.5791401433,0.557639566,0.6019929204
11.8,3.092485492,3.091093079,3.200956866,2.861143195,2.925254154,2.953726648,0.6632944302,0.2871229522,0.188363766,0.2045929967,0.1558038937,0.7371998616,0.7104992465,0.7450832106,0.5781811701,0.5570350167,0.6009805315
11.82,3.090103311,3.089586972,3.198441633,2.860193487,2.924442766,2.952707303,0.6595322353,0.2855114813,0.1885543405,0.2047134852,0.1560051123,0.7364485321,0.7100135659,0.7443093832,0.5772282977,0.556432574,0.5999744385
11.84,3.087736277,3.088086139,3.195942033,2.859249434,2.92363547,2.951693805,0.65579184,0.2839090836,0.1887437032,0.2048335519,0.1562050803,0.7357012001,0.7095292621,0.7435395621,0.5762814842,0.5558322407,0.5989745983
11.86,3.085384287,3.086590586,3.193457958,2.858311001,2.922832249,2.950686118,0.6520731109,0.2823157073,0.1889318624,0.2049531961,0.1564038064,0.7349578459,0.7090463403,0.7427737271,0.575340688,0.5552340197,0.5979809682
11.88,3.083047236,3.085100321,3.190989301,2.857378152,2.922033085,2.949684209,0.6483759151,0.2807313013,0.1891188265,0.2050724173,0.1566012989,0.7342184495,0.7085648056,0.7420118583,0.5744058676,0.5546379136,0.5969935055
11.9,3.080725022,3.083615349,3.188535958,2.856450852,2.921237961,2.948688042,0.6447001209,0.2791558146,0.1893046036,0.205191215,0.1567975663,0.733482991,0.7080846628,0.7412539359,0.5734769821,0.5540439249,0.5960121683
11.92,3.078417543,3.082135677,3.186097823,2.855529067,2.92044686,2.947697584,0.6410455975,0.2775891966,0.1894892019,0.2053095888,0.1569926171,0.732751451,0.7076059167,0.7404999401,0.5725539906,0.5534520558,0.5950369145
11.94,3.076124699,3.080661308,3.183674794,2.854612762,2.919659763,2.946712801,0.6374122149,0.276031397,0.1896726294,0.2054275383,0.1571864594,0.7320238096,0.7071285718,0.7397498513,0.5716368528,0.5528623085,0.5940677028
11.96,3.073846388,3.079192249,3.181266767,2.853701904,2.918876653,2.94573366,0.6337998442,0.2744823657,0.1898548943,0.205545063,0.1573791016,0.7313000475,0.7066526327,0.73900365,0.5707255285,0.5522746848,0.593104492
11.98,3.071582511,3.077728503,3.17887364,2.852796458,2.918097513,2.944760128,0.6302083571,0.2729420529,0.1900360044,0.2056621627,0.1575705517,0.7305801451,0.7061781037,0.7382613167,0.5698199779,0.5516891865,0.5921472413
12,3.06933297,3.076270075,3.176495312,2.85189639,2.917322326,2.943792171,0.6266376264,0.2714104091,0.1902159677,0.205778837,0.157760818,0.7298640831,0.7057049889,0.737522832,0.5689201615,0.5511058151,0.5911959101
12.02,3.067097667,3.074816967,3.174131682,2.851001667,2.916551074,2.942829756,0.6230875257,0.2698873852,0.190394792,0.2058950856,0.1579499084,0.7291518423,0.7052332924,0.7367881767,0.56802604,0.5505245721,0.5902504582
12.04,3.064876503,3.073369184,3.171782651,2.850112257,2.915783739,2.941872851,0.6195579296,0.2683729324,0.1905724851,0.2060109082,0.1581378309,0.7284434035,0.7047630181,0.7360573316,0.5671375746,0.5499454588,0.5893108457
12.06,3.062669383,3.071926728,3.16944812,2.849228124,2.915020306,2.940921424,0.6160487133,0.2668670018,0.1907490547,0.2061263048,0.1583245934,0.7277387476,0.7042941699,0.7353302778,0.5662547266,0.5493684762,0.588377033
12.08,3.060476211,3.0704896,3.167127989,2.848349238,2.914260756,2.939975441,0.6125597532,0.2653695453,0.1909245085,0.2062412749,0.1585102038,0.7270378555,0.7038267513,0.7346069961,0.5653774576,0.5487936253,0.587448981
12.1,3.058296891,3.069057804,3.164822163,2.847475565,2.913505072,2.939034872,0.6090909262,0.2638805148,0.1910988541,0.2063558186,0.1586946699,0.7263407084,0.703360766,0.7338874678,0.5645057296,0.5482209068,0.5865266505
12.12,3.056131329,3.067631341,3.162530544,2.846607073,2.912753237,2.938099684,0.6056421102,0.2623998624,0.191272099,0.2064699357,0.1588779994,0.7256472874,0.7028962174,0.733171674,0.5636395049,0.5476503214,0.5856100029
12.14,3.053979431,3.066210211,3.160253037,2.845743729,2.912005234,2.937169845,0.602213184,0.2609275407,0.1914442508,0.2065836261,0.1590602,0.7249575737,0.7024331086,0.7324595961,0.5627787458,0.5470818696,0.5846989999
12.16,3.051841105,3.064794417,3.157989546,2.844885503,2.911261046,2.936245324,0.5988040272,0.2594635025,0.1916153169,0.2066968896,0.1592412793,0.7242715486,0.701971443,0.7317512155,0.5619234153,0.5465155518,0.5837936034
12.18,3.049716258,3.063383957,3.155739976,2.844032361,2.910520656,2.93532609,0.59541452,0.2580077008,0.1917853047,0.2068097264,0.1594212449,0.7235891936,0.7015112236,0.7310465137,0.5610734764,0.545951368,0.5828937756
12.2,3.047604798,3.061978833,3.153504235,2.843184273,2.909784048,2.934412111,0.5920445438,0.256560089,0.1919542215,0.2069221363,0.1596001042,0.7229104901,0.7010524533,0.7303454721,0.5602288925,0.5453893185,0.581999479
12.22,3.045506634,3.060579045,3.151282228,2.842341207,2.909051203,2.933503358,0.5886939805,0.2551206205,0.1921220746,0.2070341194,0.1597778647,0.7222354197,0.700595135,0.7296480727,0.5593896271,0.544829403,0.5811106764
12.24,3.043421677,3.059184591,3.149073864,2.841503132,2.908322106,2.932599798,0.585362713,0.2536892494,0.1922888712,0.2071456757,0.1599545338,0.721563964,0.7001392712,0.728954297,0.5585556441,0.5442716214,0.5802273309
12.26,3.041349836,3.05779547,3.146879052,2.840670017,2.907596739,2.931701402,0.5820506247,0.2522659296,0.1924546184,0.2072568053,0.1601301188,0.7208961048,0.6996848647,0.728264127,0.5577269078,0.5437159733,0.5793494059
12.28,3.039291023,3.056411683,3.1446977,2.839841831,2.906875086,2.930808139,0.5787576002,0.2508506156,0.1926193235,0.2073675084,0.160304627,0.7202318239,0.6992319179,0.7275775447,0.5569033825,0.5431624582,0.5784768651
12.3,3.037245149,3.055033226,3.142529718,2.839018545,2.90615713,2.92991998,0.5754835244,0.2494432621,0.1927829934,0.2074777849,0.1604780655,0.7195711032,0.6987804331,0.7268945319,0.556085033,0.5426110755,0.5776096723
12.32,3.035212127,3.053660098,3.140375017,2.838200127,2.905442855,2.929036893,0.5722282835,0.248043824,0.1929456351,0.2075876351,0.1606504416,0.7189139246,0.6983304126,0.726215071,0.5552718243,0.5420618245,0.5767477918
12.34,3.03319187,3.052292298,3.138233507,2.837386548,2.904732243,2.92815885,0.568991764,0.2466522563,0.1931072557,0.2076970591,0.1608217624,0.7182602702,0.6978818586,0.7255391441,0.5544637214,0.5415147043,0.575891188
12.36,3.031184291,3.050929822,3.136105102,2.836577777,2.904025278,2.927285821,0.5657738534,0.2452685147,0.193267862,0.2078060572,0.1609920348,0.7176101221,0.6974347731,0.7248667335,0.55366069,0.5409697139,0.5750398258
12.38,3.029189306,3.049572668,3.133989712,2.835773785,2.903321944,2.926417777,0.56257444,0.2438925547,0.1934274609,0.2079146296,0.161161266,0.7169634625,0.6969891581,0.7241978215,0.5528626957,0.5404268522,0.5741936701
12.4,3.027206828,3.048220832,3.131887253,2.834974543,2.902622224,2.925554688,0.5593934127,0.2425243323,0.1935860591,0.2080227764,0.1613294627,0.7163202738,0.6965450153,0.7235323908,0.5520697045,0.5398861179,0.5733526863
12.42,3.025236773,3.046874311,3.129797637,2.834180021,2.901926101,2.924696525,0.5562306611,0.2411638038,0.1937436635,0.2081304981,0.161496632,0.7156805382,0.6961023465,0.7228704237,0.5512816827,0.5393475097,0.5725168398
12.44,3.023279059,3.045533103,3.127720778,2.83339019,2.90123356,2.923843259,0.5530860758,0.2398109254,0.1939002806,0.2082377948,0.1616627807,0.7150442383,0.6956611533,0.7222119031,0.5504985968,0.5388110262,0.5716860965
12.46,3.0213336,3.044197202,3.125656593,2.832605021,2.900544584,2.922994862,0.5499595478,0.2384656541,0.1940559173,0.2083446668,0.1618279155,0.7144113565,0.6952214373,0.7215568115,0.5497204135,0.5382766658,0.5708604225
12.48,3.019400316,3.042866604,3.123604997,2.831824486,2.899859156,2.922151306,0.5468509691,0.2371279467,0.19421058,0.2084511147,0.1619920432,0.7137818755,0.6947831999,0.7209051319,0.5489470998,0.5377444267,0.5700397842
12.5,3.017479124,3.041541305,3.121565907,2.831048555,2.899177261,2.921312561,0.5437602323,0.2357977604,0.1943642754,0.2085571386,0.1621551704,0.713155778,0.6943464424,0.7202568471,0.548178623,0.5372143072,0.5692241479
12.52,3.015569943,3.040221301,3.119539239,2.830277201,2.898498882,2.920478601,0.5406872306,0.2344750526,0.1945170099,0.2086627389,0.1623173038,0.7125330467,0.6939111661,0.7196119401,0.5474149504,0.5366863054,0.5684134808
12.54,3.013672691,3.038906585,3.117524911,2.829510396,2.897824003,2.919649396,0.5376318581,0.2331597811,0.19466879,0.2087679161,0.1624784501,0.7119136644,0.693477372,0.718970394,0.5466560499,0.5361604193,0.5676077497
12.56,3.01178729,3.037597154,3.115522842,2.82874811,2.897152608,2.918824919,0.5345940096,0.2318519039,0.1948196221,0.2088726706,0.1626386156,0.7112976141,0.6930450614,0.718332192,0.5459018893,0.5356366468,0.5668069221
12.58,3.009913659,3.036293001,3.113532951,2.827990317,2.896484681,2.918005143,0.5315735803,0.2305513789,0.1949695126,0.2089770029,0.1627978069,0.7106848787,0.692614235,0.7176973171,0.5451524369,0.5351149856,0.5660109655
12.6,3.008051719,3.034994121,3.111555157,2.82723699,2.895820205,2.91719004,0.5285704665,0.2292581648,0.1951184678,0.2090809133,0.1629560304,0.7100754414,0.6921848938,0.7170657529,0.5444076611,0.5345954335,0.5652198478
12.62,3.006201393,3.033700507,3.10958938,2.826488099,2.895159166,2.916379583,0.5255845649,0.2279722202,0.1952664939,0.2091844024,0.1631132926,0.7094692852,0.6917570386,0.7164374826,0.5436675305,0.5340779881,0.564433537
12.64,3.004362602,3.032412154,3.107635541,2.825743619,2.894501546,2.915573744,0.522615773,0.2266935038,0.1954135972,0.2092874706,0.1632695997,0.7088663935,0.69133067,0.7158124898,0.542932014,0.5335626468,0.5636520015
12.66,3.002535268,3.031129055,3.105693561,2.825003522,2.893847331,2.914772497,0.5196639888,0.225421975,0.1955597839,0.2093901186,0.1634249581,0.7082667494,0.6909057887,0.7151907579,0.5422010807,0.5330494072,0.5628752097
12.68,3.000719317,3.029851203,3.103763363,2.824267782,2.893196504,2.913975814,0.5167291113,0.224157593,0.19570506,0.2094923467,0.1635793739,0.7076703364,0.6904823952,0.7145722707,0.5414747,0.5325382663,0.5621031305
12.7,2.99891467,3.028578591,3.101844869,2.823536371,2.89254905,2.91318367,0.5138110398,0.2229003174,0.1958494317,0.2095941557,0.1637328534,0.7070771379,0.6900604898,0.7139570119,0.5407528415,0.5320292216,0.5613357329
12.72,2.997121254,3.027311213,3.099938002,2.822809263,2.891904953,2.912396038,0.5109096746,0.2216501081,0.195992905,0.209695546,0.1638854028,0.7064871374,0.689640073,0.7133449652,0.5400354749,0.5315222702,0.5605729861
12.74,2.995338992,3.02604906,3.098042686,2.822086432,2.891264197,2.911612892,0.5080249163,0.2204069252,0.1961354859,0.2097965182,0.1640370281,0.7059003186,0.6892211451,0.7127361145,0.5393225703,0.5310174091,0.5598148596
12.76,2.993567811,3.024792125,3.096158845,2.821367852,2.890626767,2.910834205,0.5051566663,0.2191707289,0.1962771804,0.209897073,0.1641877354,0.7053166651,0.6888037061,0.7121304438,0.5386140978,0.5305146352,0.5590613231
12.78,2.991807636,3.023540401,3.094286404,2.820653495,2.889992646,2.910059951,0.5023048268,0.2179414797,0.1964179944,0.2099972109,0.1643375307,0.7047361607,0.6883877563,0.7115279371,0.5379100279,0.5300139455,0.5583123466
12.8,2.990058395,3.022293879,3.092425287,2.819943338,2.889361821,2.909290105,0.4994693004,0.2167191384,0.1965579337,0.2100969327,0.16448642,0.7041587891,0.6879732956,0.7109285785,0.5372103313,0.5295153367,0.5575679001
12.82,2.988320014,3.021052551,3.090575422,2.819237353,2.888734274,2.908524641,0.4966499905,0.215503666,0.1966970042,0.2101962389,0.1646344092,0.7035845343,0.687560324,0.7103323523,0.5365149789,0.5290188056,0.556827954
12.84,2.986592421,3.019816409,3.088736735,2.818535516,2.888109992,2.907763533,0.493846801,0.2142950236,0.1968352117,0.2102951302,0.1647815042,0.7030133803,0.6871488413,0.7097392426,0.5358239417,0.5285243488,0.556092479
12.86,2.984875544,3.018585444,3.086909152,2.817837801,2.887488957,2.907006756,0.4910596365,0.2130931728,0.1969725618,0.2103936074,0.1649277108,0.7024453111,0.6867388474,0.7091492338,0.5351371911,0.5280319629,0.5553614459
12.88,2.983169313,3.017359648,3.085092601,2.817144183,2.886871156,2.906254286,0.4882884021,0.211898075,0.1971090603,0.2104916711,0.1650730349,0.7018803108,0.686330342,0.7085623103,0.5344546986,0.5275416444,0.5546348256
12.9,2.981473656,3.016139011,3.083287011,2.816454636,2.886256573,2.905506096,0.4855330037,0.2107096922,0.1972447128,0.2105893221,0.1652174821,0.7013183636,0.6859233248,0.7079784566,0.5337764358,0.5270533896,0.5539125895
12.92,2.979788504,3.014923525,3.081492309,2.815769137,2.885645193,2.904762162,0.4827933476,0.2095279864,0.197379525,0.210686561,0.1653610582,0.7007594538,0.6855177952,0.7073976573,0.5331023748,0.526567195,0.5531947089
12.94,2.978113786,3.013713179,3.079708426,2.81508766,2.885037,2.90402246,0.480069341,0.20835292,0.1975135025,0.2107833886,0.1655037689,0.7002035657,0.6851137529,0.7068198971,0.5324324876,0.5260830568,0.5524811556
12.96,2.976449433,3.012507965,3.07793529,2.814410181,2.88443198,2.903286964,0.4773608913,0.2071844555,0.1976466507,0.2108798058,0.1656456197,0.6996506837,0.6847111972,0.7062451605,0.5317667466,0.5256009712,0.5517719013
12.98,2.974795377,3.011307873,3.076172833,2.813736675,2.883830117,2.90255565,0.4746679068,0.2060225555,0.1977789751,0.2109758131,0.1657866164,0.6991007923,0.6843101275,0.7056734325,0.5311051243,0.5251209343,0.5510669182
13,2.97315155,3.010112893,3.074420984,2.813067118,2.883231396,2.901828495,0.4719902963,0.2048671831,0.1979104813,0.2110714115,0.1659267643,0.6985538761,0.6839105431,0.7051046979,0.5304475934,0.5246429423,0.5503661786
13.02,2.971517884,3.008923015,3.072679674,2.812401486,2.882635803,2.901105473,0.4693279691,0.2037183013,0.1980411746,0.2111666018,0.166066069,0.6980099196,0.6835124433,0.7045389416,0.5297941269,0.5241669911,0.5496696549
13.04,2.969894311,3.007738229,3.070948837,2.811739756,2.882043323,2.900386561,0.4666808352,0.2025758735,0.1981710604,0.2112613847,0.166204536,0.6974689076,0.6831158272,0.7039761486,0.5291446978,0.5236930766,0.5489773199
13.06,2.968280766,3.006558524,3.069228403,2.811081903,2.881453941,2.899671735,0.4640488052,0.2014398633,0.1983001441,0.211355761,0.1663421707,0.6969308248,0.682720694,0.703416304,0.5284992796,0.5232211948,0.5482891463
13.08,2.966677181,3.005383891,3.067518305,2.810427903,2.880867642,2.898960972,0.46143179,0.2003102345,0.1984284309,0.2114497317,0.1664789785,0.6963956561,0.6823270426,0.702859393,0.5278578457,0.5227513415,0.5476051073
13.1,2.965083491,3.004214318,3.065818478,2.809777735,2.880284411,2.898254247,0.4588297015,0.1991869511,0.198555926,0.2115432975,0.1666149648,0.6958633864,0.681934872,0.7023054008,0.5272203698,0.5222835124,0.5469251762
13.12,2.963499631,3.003049795,3.064128853,2.809131373,2.879704234,2.897551538,0.4562424517,0.1980699772,0.1986826348,0.2116364594,0.1667501347,0.6953340006,0.6815441811,0.7017543126,0.5265868259,0.5218177032,0.5462493264
13.14,2.961925536,3.001890311,3.062449366,2.808488795,2.879127096,2.89685282,0.4536699535,0.1969592773,0.1988085624,0.2117292181,0.1668844937,0.6948074839,0.6811549689,0.7012061139,0.5259571879,0.5213539096,0.5455775316
13.16,2.960361142,3.000735855,3.060779951,2.807849978,2.878552983,2.896158072,0.4511121203,0.1958548159,0.198933714,0.2118215746,0.1670180469,0.6942838212,0.680767234,0.7006607901,0.5253314302,0.5208921271,0.5449097657
13.18,2.958806385,2.999586415,3.059120544,2.8072149,2.87798188,2.895467269,0.4485688658,0.1947565578,0.1990580946,0.2119135297,0.1671507995,0.6937629979,0.6803809752,0.7001183266,0.5247095272,0.5204323513,0.5442460026
13.2,2.957261201,2.998441981,3.057471079,2.806583536,2.877413772,2.89478039,0.4460401046,0.1936644681,0.1991817093,0.2120050845,0.1672827566,0.6932449991,0.6799961912,0.6995787092,0.5240914536,0.5199745777,0.5435862168
13.22,2.955725527,2.997302541,3.055831493,2.805955866,2.876848645,2.894097411,0.4435257517,0.192578512,0.1993045632,0.2120962397,0.1674139235,0.6927298101,0.6796128806,0.6990419233,0.5234771842,0.5195188017,0.5429303824
13.24,2.954199302,2.996168084,3.054201723,2.805331866,2.876286486,2.89341831,0.4410257224,0.1914986548,0.1994266612,0.2121869963,0.1675443051,0.6922174165,0.6792310419,0.6985079548,0.522866694,0.5190650186,0.5422784743
13.26,2.952682462,2.995038597,3.052581705,2.804711515,2.875727279,2.892743064,0.4385399329,0.1904248622,0.1995480084,0.2122773552,0.1676739066,0.6917078036,0.6788506737,0.6979767895,0.5222599581,0.5186132238,0.5416304671
13.28,2.951174946,2.993914068,3.050971377,2.804094789,2.87517101,2.892071652,0.4360682998,0.1893570999,0.1996686096,0.2123673175,0.1678027328,0.691200957,0.6784717743,0.6974484131,0.521656952,0.5181634125,0.5409863358
13.3,2.949676694,2.992794487,3.049370676,2.803481668,2.874617665,2.89140405,0.4336107401,0.188295334,0.1997884698,0.212456884,0.1679307889,0.6906968622,0.6780943423,0.6969228116,0.5210576511,0.5177155801,0.5403460556
13.32,2.948187644,2.991679841,3.047779542,2.802872128,2.87406723,2.890740237,0.4311671714,0.1872395306,0.1999075938,0.2125460557,0.1680580796,0.690195505,0.6777183758,0.6963999711,0.5204620312,0.5172697216,0.5397096019
13.34,2.946707737,2.990570118,3.046197912,2.80226615,2.873519692,2.890080191,0.428737512,0.1861896561,0.2000259864,0.2126348336,0.16818461,0.6896968711,0.6773438732,0.6958798774,0.5198700681,0.5168258322,0.53907695
13.36,2.945236912,2.989465305,3.044625726,2.80166371,2.872975035,2.88942389,0.4263216804,0.1851456771,0.2001436524,0.2127232186,0.1683103848,0.6892009462,0.6769708328,0.6953625169,0.519281738,0.516383907,0.5384480758
13.38,2.943775109,2.98836539,3.043062925,2.801064788,2.872433246,2.888771313,0.4239195958,0.1841075603,0.2002605966,0.2128112118,0.168435409,0.6887077163,0.6765992527,0.6948478757,0.518697017,0.5159439411,0.537822955
13.4,2.94232227,2.987270361,3.041509446,2.800469363,2.871894311,2.888122438,0.4215311779,0.1830752727,0.2003768237,0.2128988141,0.1685596873,0.6882171672,0.676229131,0.6943359399,0.5181158815,0.5155059294,0.5372015637
13.42,2.940878337,2.986180204,3.039965232,2.799877413,2.871358216,2.887477243,0.4191563468,0.1820487814,0.2004923384,0.2129860266,0.1686832244,0.687729285,0.6758604658,0.6938266961,0.5175383082,0.5150698669,0.5365838781
13.44,2.939443251,2.985094909,3.038430223,2.799288916,2.870824947,2.886835708,0.4167950233,0.1810280537,0.2006071453,0.2130728503,0.1688060251,0.6872440558,0.6754932552,0.6933201305,0.5169642737,0.5146357486,0.5359698745
13.46,2.938016954,2.98401446,3.036904361,2.798703854,2.870294491,2.886197811,0.4144471284,0.1800130572,0.200721249,0.2131592861,0.1689280941,0.6867614656,0.6751274972,0.6928162296,0.516393755,0.5142035693,0.5353595296
13.48,2.936599389,2.982938847,3.035387587,2.798122203,2.869766834,2.885563531,0.4121125839,0.1790037596,0.2008346542,0.2132453352,0.169049436,0.6862815007,0.6747631896,0.69231498,0.5158267291,0.5137733239,0.53475282
13.5,2.9351905,2.981868055,3.033879844,2.797543945,2.869241962,2.884932848,0.4097913119,0.1780001287,0.2009473654,0.2133309986,0.1691700555,0.6858041473,0.6744003304,0.6918163682,0.5152631732,0.5133450071,0.5341497226
13.52,2.933790228,2.980802072,3.032381073,2.796969058,2.868719861,2.88430574,0.407483235,0.1770021326,0.2010593871,0.2134162772,0.1692899571,0.6853293919,0.6740389175,0.6913203809,0.5147030647,0.5129186138,0.5335502144
13.54,2.93239852,2.979740884,3.030891219,2.796397523,2.868200518,2.883682188,0.4051882763,0.1760097395,0.2011707237,0.2135011723,0.1694091455,0.6848572207,0.6736789485,0.6908270047,0.5141463813,0.5124941387,0.5329542726
13.56,2.931015318,2.978684479,3.029410224,2.795829318,2.86768392,2.88306217,0.4029063595,0.1750229179,0.2012813799,0.2135856847,0.1695276251,0.6843876202,0.6733204214,0.6903362266,0.5135931005,0.5120715766,0.5323618746
13.58,2.929640567,2.977632842,3.027938032,2.795264424,2.867170053,2.882445666,0.4006374085,0.1740416364,0.2013913599,0.2136698156,0.1696454004,0.683920577,0.6729633338,0.6898480333,0.5130432003,0.511650922,0.531772998
13.6,2.928274213,2.976585961,3.026474588,2.794702822,2.866658904,2.881832656,0.3983813479,0.1730658637,0.2015006683,0.2137535661,0.1697624759,0.6834560776,0.6726076833,0.6893624117,0.5124966586,0.5112321696,0.5311876203
13.62,2.926916201,2.975543822,3.025019836,2.79414449,2.866150459,2.88122312,0.3961381027,0.1720955689,0.2016093092,0.2138369372,0.1698788561,0.6829941088,0.6722534677,0.6888793488,0.5119534538,0.510815314,0.5306057194
13.64,2.925566477,2.974506412,3.023573721,2.793589409,2.865644705,2.880617037,0.3939075985,0.171130721,0.2017172872,0.21391993,0.1699945453,0.6825346571,0.6719006845,0.6883988317,0.511413564,0.5104003499,0.5300272734
13.66,2.924224986,2.973473716,3.022136188,2.793037561,2.865141629,2.880014389,0.391689761,0.1701712894,0.2018246064,0.2140025457,0.1701095479,0.6820777095,0.6715493312,0.6879208473,0.5108769678,0.5099872717,0.5294522604
13.68,2.922891676,2.972445722,3.020707184,2.792488925,2.864641217,2.879415154,0.3894845167,0.1692172436,0.2019312712,0.2140847852,0.1702238683,0.6816232527,0.6711994054,0.687445383,0.5103436439,0.509576074,0.5288806587
13.7,2.921566494,2.971422415,3.019286654,2.791943481,2.864143457,2.878819314,0.3872917924,0.1682685531,0.2020372858,0.2141666498,0.1703375107,0.6811712736,0.6708509045,0.686972426,0.509813571,0.5091667512,0.5283124467
13.72,2.920249387,2.970403782,3.017874545,2.791401212,2.863648335,2.878226849,0.3851115155,0.167325188,0.2021426544,0.2142481404,0.1704504794,0.6807217593,0.670503826,0.6865019634,0.509286728,0.5087592978,0.527747603
13.74,2.918940302,2.969389808,3.016470803,2.790862097,2.863155839,2.877637739,0.3829436136,0.1663871181,0.2022473812,0.2143292583,0.1705627787,0.6802746967,0.6701581673,0.6860339827,0.5087630941,0.5083537084,0.5271861065
13.76,2.917639188,2.96838048,3.015075377,2.790326119,2.862665955,2.877051966,0.380788015,0.1654543136,0.2023514703,0.2144100046,0.1706744128,0.679830073,0.6698139257,0.6855684712,0.5082426485,0.5079499771,0.526627936
13.78,2.916345993,2.967375784,3.013688214,2.789793257,2.862178671,2.876469509,0.3786446482,0.1645267449,0.2024549259,0.2144903803,0.1707853859,0.6793878754,0.6694710986,0.6851054164,0.5077253706,0.5075480986,0.5260730706
13.8,2.915060666,2.966375705,3.012309261,2.789263493,2.861693973,2.87589035,0.3765134423,0.1636043826,0.202557752,0.2145703866,0.1708957021,0.6789480909,0.6691296832,0.6846448059,0.5072112399,0.507148067,0.5255214895
13.82,2.913783157,2.965380229,3.010938467,2.788736809,2.861211849,2.87531447,0.3743943269,0.1626871972,0.2026599528,0.2146500246,0.1710053656,0.678510707,0.6687896769,0.6841866273,0.506700236,0.5067498768,0.5249731721
13.84,2.912513414,2.964389343,3.009575781,2.788213186,2.860732286,2.874741851,0.3722872319,0.1617751597,0.2027615322,0.2147292955,0.1711143805,0.6780757109,0.6684510767,0.6837308681,0.5061923388,0.5063535223,0.5244280977
13.86,2.911251387,2.963403031,3.008221152,2.787692606,2.860255272,2.874172472,0.3701920875,0.160868241,0.2028624943,0.2148082005,0.1712227508,0.6776430902,0.6681138799,0.6832775161,0.5056875283,0.5059589977,0.5238862461
13.88,2.909997028,2.962421281,3.00687453,2.78717505,2.859780793,2.873606317,0.3681088247,0.1599664123,0.2029628431,0.2148867405,0.1713304806,0.6772128321,0.6677780837,0.6828265591,0.5051857846,0.5055662974,0.5233475971
13.9,2.908750286,2.961444076,3.005535864,2.786660501,2.859308837,2.873043365,0.3660373745,0.159069645,0.2030625824,0.2149649169,0.1714375739,0.6767849243,0.6674436852,0.6823779849,0.5046870878,0.5051754155,0.5228121306
13.92,2.907511113,2.960471403,3.004205103,2.786148939,2.858839392,2.872483599,0.3639776687,0.1581779106,0.2031617163,0.2150427307,0.1715440347,0.6763593544,0.6671106814,0.6819317814,0.5041914184,0.5047863464,0.5222798265
13.94,2.906279459,2.959503248,3.0028822,2.785640349,2.858372444,2.871927001,0.3619296393,0.1572911808,0.2032602486,0.2151201831,0.171649867,0.67593611,0.6667790694,0.6814879364,0.5036987569,0.5043990843,0.5217506652
13.96,2.905055276,2.958539595,3.001567105,2.785134711,2.857907982,2.871373552,0.3598932188,0.1564094273,0.2033581832,0.2151972754,0.1717550746,0.6755151788,0.6664488463,0.6810464381,0.5032090839,0.5040136232,0.521224627
13.98,2.903838517,2.957580431,3.000259768,2.784632008,2.857445994,2.870823234,0.35786834,0.1555326221,0.203455524,0.2152740085,0.1718596616,0.6750965486,0.6661200091,0.6806072745,0.5027223802,0.5036299575,0.5207016922
14,2.902629133,2.95662574,2.998960141,2.784132222,2.856986466,2.87027603,0.3558549362,0.1546607375,0.2035522747,0.2153503838,0.1719636317,0.6746802072,0.6657925546,0.6801704336,0.5022386267,0.5032480812,0.5201818416
14.02,2.901427078,2.955675509,2.997668177,2.783635337,2.856529387,2.86973192,0.3538529411,0.1537937457,0.2036484391,0.2154264023,0.1720669888,0.6742661425,0.6654664799,0.6797359038,0.5017578046,0.5028679886,0.5196650559
14.04,2.900232304,2.954729722,2.996383827,2.783141334,2.856074744,2.869190889,0.3518622888,0.1529316192,0.203744021,0.2155020652,0.1721697368,0.6738543424,0.6651417819,0.6793036731,0.5012798949,0.5024896738,0.5191513159
14.06,2.899044764,2.953788364,2.995107044,2.782650196,2.855622525,2.868652917,0.3498829137,0.1520743306,0.2038390242,0.2155773738,0.1722718795,0.673444795,0.6648184574,0.6788737299,0.5008048789,0.5021131308,0.5186406027
14.08,2.897864412,2.952851422,2.99383778,2.782161906,2.855172718,2.868117988,0.3479147509,0.1512218526,0.2039334524,0.2156523292,0.1723734205,0.6730374883,0.6644965034,0.6784460625,0.5003327382,0.5017383538,0.5181328973
14.1,2.896691202,2.951918879,2.99257599,2.781676448,2.854725311,2.867586083,0.3459577355,0.1503741583,0.2040273091,0.2157269326,0.1724743638,0.6726324105,0.6641759165,0.6780206594,0.4998634543,0.5013653369,0.5176281811
14.12,2.895525089,2.950990722,2.991321626,2.781193804,2.854280291,2.867057187,0.3440118033,0.1495312206,0.2041205982,0.2158011852,0.1725747129,0.6722295496,0.6638566938,0.6775975089,0.4993970089,0.5009940741,0.5171264354
14.14,2.894366026,2.950066936,2.990074642,2.780713957,2.853837648,2.86653128,0.3420768902,0.1486930128,0.2042133232,0.2158750881,0.1726744716,0.6718288941,0.6635388318,0.6771765997,0.4989333838,0.5006245595,0.5166276418
14.16,2.893213969,2.949147505,2.988834992,2.780236891,2.853397368,2.866008347,0.3401529328,0.1478595084,0.2043054878,0.2159486426,0.1727736436,0.671430432,0.6632223274,0.6767579202,0.498472561,0.5002567872,0.5161317819
14.18,2.892068873,2.948232415,2.987602631,2.779762589,2.852959441,2.86548837,0.338239868,0.1470306807,0.2043970955,0.2160218498,0.1728722325,0.6710341519,0.6629071773,0.6763414591,0.4980145226,0.4998907512,0.5156388374
14.2,2.890930694,2.947321651,2.986377513,2.779291035,2.852523853,2.864971333,0.3363376328,0.1462065036,0.2044881498,0.2160947109,0.1729702419,0.6706400421,0.6625933783,0.6759272051,0.4975592508,0.4995264455,0.5151487904
14.22,2.889799386,2.946415198,2.985159594,2.778822213,2.852090594,2.864457217,0.334446165,0.1453869509,0.2045786544,0.2161672272,0.1730676754,0.6702480911,0.6622809269,0.6755151469,0.4971067279,0.4991638642,0.5146616228
14.24,2.888674907,2.94551304,2.983948829,2.778356105,2.851659651,2.863946008,0.3325654025,0.1445719965,0.2046686127,0.2162393998,0.1731645367,0.6698582875,0.6619698199,0.6751052733,0.4966569363,0.4988030012,0.5141773167
14.26,2.887557213,2.944615164,2.982745173,2.777892696,2.851231014,2.863437687,0.3306952837,0.1437616146,0.2047580283,0.2163112299,0.1732608291,0.6694706197,0.6616600538,0.6746975732,0.4962098587,0.4984438506,0.5136958545
14.28,2.886446261,2.943721553,2.981548583,2.777431969,2.85080467,2.862932239,0.3288357472,0.1429557795,0.2048469045,0.2163827187,0.1733565563,0.6690850765,0.6613516254,0.6742920353,0.4957654777,0.4980864064,0.5132172184
14.3,2.885342007,2.942832193,2.980359015,2.77697391,2.850380607,2.862429647,0.3269867322,0.1421544655,0.2049352448,0.2164538675,0.1734517218,0.6687016465,0.6610445311,0.6738886488,0.4953237761,0.4977306625,0.5127413911
14.32,2.884244409,2.941947069,2.979176425,2.776518501,2.849958815,2.861929895,0.3251481782,0.1413576473,0.2050230526,0.2165246774,0.173546329,0.6683203185,0.6607387676,0.6734874026,0.4948847369,0.4973766129,0.5122683552
14.34,2.883153424,2.941066166,2.97800077,2.776065727,2.849539282,2.861432966,0.3233200249,0.1405652995,0.2051103314,0.2165951497,0.1736403813,0.6679410813,0.6604343315,0.6730882857,0.4944483431,0.4970242516,0.5117980933
14.36,2.882069011,2.940189468,2.976832008,2.775615572,2.849121995,2.860938844,0.3215022126,0.1397773971,0.2051970844,0.2166652855,0.1737338823,0.6675639238,0.6601312191,0.6726912873,0.4940145779,0.4966735725,0.5113305884
14.38,2.880991128,2.939316961,2.975670096,2.775168022,2.848706945,2.860447514,0.3196946817,0.138993915,0.2052833151,0.2167350861,0.1738268353,0.6671888349,0.6598294272,0.6722963965,0.4935834246,0.4963245697,0.5108658235
14.4,2.879919733,2.93844863,2.974514991,2.774723059,2.848294119,2.859958959,0.3178973732,0.1382148283,0.2053690267,0.2168045526,0.1739192437,0.6668158035,0.6595289521,0.6719036026,0.4931548665,0.495977237,0.5104037815
14.42,2.878854785,2.937584458,2.973366652,2.77428067,2.847883507,2.859473163,0.3161102284,0.1374401124,0.2054542225,0.2168736863,0.1740111108,0.6664448186,0.6592297903,0.6715128948,0.4927288873,0.4956315684,0.5099444459
14.44,2.877796243,2.936724432,2.972225037,2.773840838,2.847475096,2.858990111,0.3143331888,0.1366697426,0.2055389059,0.2169424884,0.17410244,0.6660758695,0.6589319384,0.6711242624,0.4923054704,0.4952875579,0.5094877998
14.46,2.876744066,2.935868536,2.971090104,2.773403548,2.847068877,2.858509787,0.3125661965,0.1359036946,0.2056230801,0.2170109601,0.1741932347,0.6657089451,0.6586353926,0.6707376948,0.4918845996,0.4949451994,0.5090338267
14.48,2.875698214,2.935016754,2.969961812,2.772968786,2.846664837,2.858032175,0.3108091937,0.135141944,0.2057067482,0.2170791026,0.174283498,0.6653440348,0.6583401495,0.6703531814,0.4914662589,0.4946044869,0.5085825101
14.5,2.874658647,2.934169073,2.968840122,2.772536536,2.846262966,2.85755726,0.309062123,0.1343844666,0.2057899136,0.2171469172,0.1743732332,0.6649811277,0.6580462055,0.6699707118,0.4910504321,0.4942654142,0.5081338338
14.52,2.873625325,2.933325475,2.967724991,2.772106783,2.845863252,2.857085026,0.3073249275,0.1336312385,0.2058725793,0.2172144049,0.1744624437,0.6646202131,0.6577535569,0.6695902754,0.4906371033,0.4939279753,0.5076877814
14.54,2.872598208,2.932485947,2.966616379,2.771679513,2.845465685,2.856615459,0.3055975505,0.1328822357,0.2059547487,0.2172815672,0.1745511326,0.6642612804,0.6574622002,0.6692118617,0.4902262567,0.4935921641,0.5072443369
14.56,2.871577258,2.931650474,2.965514248,2.771254711,2.845070254,2.856148542,0.3038799356,0.1321374345,0.2060364247,0.2173484051,0.1746393032,0.663904319,0.6571721316,0.6688354606,0.4898178767,0.4932579746,0.5068034842
14.58,2.870562435,2.930819039,2.964418556,2.770832361,2.844676947,2.855684261,0.302172027,0.1313968113,0.2061176105,0.2174149199,0.1747269585,0.6635493183,0.6568833476,0.6684610615,0.4894119474,0.4929254007,0.5063652075
14.6,2.869553701,2.929991628,2.963329264,2.770412451,2.844285754,2.855222601,0.3004737688,0.1306603425,0.2061983093,0.2174811127,0.1748141018,0.6631962679,0.6565958444,0.6680886543,0.4890084536,0.4925944364,0.5059294909
14.62,2.868551016,2.929168226,2.962246334,2.769994964,2.843896665,2.854763547,0.2987851059,0.1299280049,0.206278524,0.2175469849,0.1749007362,0.6628451574,0.6563096184,0.6677182287,0.4886073798,0.4922650754,0.5054963188
14.64,2.867554343,2.928348817,2.961169726,2.769579887,2.843509668,2.854307083,0.2971059832,0.1291997751,0.2063582579,0.2176125376,0.1749868649,0.6624959762,0.6560246659,0.6673497745,0.4882087106,0.4919373118,0.5050656755
14.66,2.866563644,2.927533386,2.960099401,2.769167206,2.843124753,2.853853195,0.2954363459,0.1284756302,0.2064375138,0.2176777721,0.1750724909,0.6621487142,0.6557409831,0.6669832817,0.487812431,0.4916111396,0.5046375455
14.68,2.865578881,2.926721918,2.959035321,2.768756906,2.842741908,2.853401869,0.2937761399,0.127755547,0.2065162948,0.2177426895,0.1751576173,0.661803361,0.6554585663,0.6666187401,0.4874185258,0.4912865525,0.5042119136
14.7,2.864600017,2.925914399,2.957977448,2.768348973,2.842361124,2.85295309,0.2921253111,0.1270395029,0.206594604,0.2178072911,0.1752422471,0.6614599065,0.6551774119,0.6662561398,0.4870269801,0.4909635446,0.5037887644
14.72,2.863627014,2.925110812,2.956925744,2.767943393,2.84198239,2.852506843,0.2904838057,0.1263274751,0.2066724442,0.217871578,0.1753263835,0.6611183403,0.654897516,0.6658954707,0.486637779,0.4906421098,0.5033680827
14.74,2.862659836,2.924311142,2.955880171,2.767540152,2.841605696,2.852063113,0.2888515704,0.1256194411,0.2067498185,0.2179355516,0.1754100293,0.6607786525,0.6546188749,0.6655367229,0.4862509077,0.490322242,0.5029498534
14.76,2.861698445,2.923515375,2.954840691,2.767139237,2.84123103,2.851621887,0.2872285522,0.1249153783,0.2068267297,0.217999213,0.1754931877,0.6604408329,0.6543414847,0.6651798866,0.4858663515,0.4900039351,0.5025340617
14.78,2.860742806,2.922723495,2.953807269,2.766740633,2.840858383,2.85118315,0.2856146982,0.1242152645,0.2069031808,0.2180625634,0.1755758615,0.6601048715,0.6540653418,0.6648249519,0.4854840959,0.4896871831,0.5021206926
14.8,2.859792882,2.921935487,2.952779865,2.766344328,2.840487744,2.850746888,0.2840099561,0.1235190774,0.2069791747,0.218125604,0.1756580537,0.6597707583,0.6537904423,0.664471909,0.4851041263,0.4893719799,0.5017097313
14.82,2.858848638,2.921151336,2.951758445,2.765950306,2.840119103,2.850313087,0.2824142737,0.1228267951,0.2070547143,0.2181883361,0.1757397674,0.6594384835,0.6535167825,0.6641207483,0.4847264285,0.4890583195,0.5013011631
14.84,2.857910037,2.920371026,2.950742971,2.765558556,2.839752449,2.849881732,0.2808275992,0.1221383955,0.2071298024,0.2182507609,0.1758210053,0.6591080371,0.6532443584,0.66377146,0.4843509882,0.4887461957,0.5008949736
14.86,2.856977044,2.919594544,2.949733407,2.765169062,2.839387773,2.849452811,0.2792498811,0.1214538569,0.2072044418,0.2183128795,0.1759017704,0.6587794093,0.6529731663,0.6634240344,0.4839777911,0.4884356027,0.5004911481
14.88,2.856049624,2.918821873,2.948729718,2.764781813,2.839025063,2.849026308,0.2776810682,0.1207731575,0.2072786354,0.2183746932,0.1759820655,0.6584525903,0.6527032024,0.663078462,0.4836068231,0.4881265342,0.5000896724
14.9,2.855127742,2.918052998,2.947731867,2.764396795,2.838664311,2.848602211,0.2761211096,0.1200962758,0.2073523859,0.2184362031,0.1760618936,0.6581275705,0.6524344627,0.6627347333,0.4832380704,0.4878189843,0.499690532
14.92,2.854211364,2.917287904,2.946739819,2.764013994,2.838305506,2.848180505,0.2745699547,0.1194231903,0.2074256962,0.2184974106,0.1761412574,0.6578043401,0.6521669434,0.6623928387,0.4828715189,0.4875129469,0.4992937129
14.94,2.853300454,2.916526577,2.945753539,2.763633398,2.837948637,2.847761177,0.2730275532,0.1187538797,0.207498569,0.2185583168,0.1762201598,0.6574828896,0.6519006408,0.6620527688,0.4825071549,0.487208416,0.4988992009
14.96,2.852394978,2.915769001,2.944772992,2.763254993,2.837593696,2.847344213,0.2714938551,0.1180883228,0.2075710071,0.2186189229,0.1762986036,0.6571632093,0.6516355508,0.6617145142,0.4821449647,0.4869053856,0.498506982
14.98,2.851494903,2.915015161,2.943798143,2.762878767,2.837240671,2.8469296,0.2699688106,0.1174264985,0.2076430131,0.2186792301,0.1763765915,0.6568452898,0.6513716697,0.6613780655,0.4817849346,0.4866038497,0.4981170423
15,2.850600194,2.914265042,2.942828957,2.762504707,2.836889554,2.846517325,0.2684523705,0.1167683858,0.2077145898,0.2187392396,0.1764541264,0.6565291214,0.6511089935,0.6610434134,0.4814270511,0.4863038021,0.497729368
15.02,2.849710819,2.91351863,2.9418654,2.7621328,2.836540334,2.846107374,0.2669444854,0.1161139639,0.2077857398,0.2187989526,0.1765312109,0.656214695,0.6508475183,0.6607105487,0.4810713009,0.486005237,0.4973439453
15.04,2.848826743,2.912775908,2.940907438,2.761763033,2.836193001,2.845699733,0.2654451067,0.115463212,0.2078564659,0.2188583703,0.1766078479,0.6559020009,0.6505872403,0.660379462,0.4807176705,0.4857081483,0.4969607605
15.06,2.847947933,2.912036862,2.939955038,2.761395393,2.835847545,2.845294391,0.2639541858,0.1148161095,0.2079267707,0.218917494,0.17668404,0.6555910299,0.6503281556,0.6600501443,0.4803661467,0.4854125301,0.4965798002
15.08,2.847074357,2.911301478,2.939008164,2.761029869,2.835503958,2.844891333,0.2624716743,0.1141726359,0.2079966567,0.2189763247,0.1767597898,0.6552817728,0.6500702601,0.6597225864,0.4800167163,0.4851183763,0.4962010508
15.1,2.846205982,2.91056974,2.938066785,2.760666447,2.835162229,2.844490547,0.2609975244,0.1135327708,0.2080661267,0.2190348638,0.1768351002,0.6549742202,0.6498135501,0.6593967792,0.4796693663,0.484825681,0.495824499
15.12,2.845342776,2.909841632,2.937130866,2.760305116,2.834822348,2.84409202,0.2595316883,0.112896494,0.2081351833,0.2190931124,0.1769099737,0.6546683631,0.6495580216,0.6590727137,0.4793240837,0.4845344381,0.4954501314
15.14,2.844484705,2.909117142,2.936200375,2.759945862,2.834484307,2.843695738,0.2580741185,0.1122637853,0.2082038289,0.2191510716,0.176984413,0.6543641921,0.6493036706,0.6587503808,0.4789808555,0.4842446419,0.495077935
15.16,2.843631739,2.908396253,2.935275278,2.759588675,2.834148095,2.84330169,0.2566247681,0.1116346247,0.2082720662,0.2192087428,0.1770584207,0.6540616983,0.6490504933,0.6584297717,0.478639669,0.4839562862,0.4947078964
15.18,2.842783845,2.90767895,2.934355544,2.75923354,2.833813703,2.842909862,0.2551835901,0.1110089922,0.2083398977,0.219266127,0.1771319994,0.6537608726,0.6487984857,0.6581108773,0.4783005114,0.4836693651,0.4943400028
15.2,2.841940992,2.906965219,2.93344114,2.758880448,2.833481121,2.842520243,0.2537505379,0.110386868,0.208407326,0.2193232255,0.1772051518,0.653461706,0.6485476438,0.6577936889,0.4779633701,0.4833838727,0.4939742412
15.22,2.841103148,2.906255045,2.932532034,2.758529384,2.833150341,2.842132818,0.2523255652,0.1097682323,0.2084743535,0.2193800394,0.1772778803,0.6531641895,0.6482979637,0.6574781975,0.4776282325,0.4830998031,0.4936105987
15.24,2.840270282,2.905548413,2.931628193,2.758180339,2.832821352,2.841747576,0.250908626,0.1091530658,0.2085409828,0.2194365699,0.1773501875,0.6528683142,0.6480494415,0.6571643945,0.4772950861,0.4828171504,0.4932490625
15.26,2.839442363,2.904845308,2.930729587,2.757833298,2.832494146,2.841364505,0.2494996745,0.1085413487,0.2086072163,0.2194928183,0.177422076,0.6525740712,0.6478020731,0.6568522711,0.4769639186,0.4825359085,0.49288962
15.28,2.838619361,2.904145716,2.929836183,2.757488252,2.832168712,2.840983591,0.2480986652,0.1079330618,0.2086730565,0.2195487857,0.1774935483,0.6522814518,0.6475558547,0.6565418185,0.4766347177,0.4822560717,0.4925322585
15.3,2.837801244,2.903449622,2.928947951,2.757145188,2.831845043,2.840604823,0.2467055529,0.1073281857,0.2087385058,0.2196044732,0.1775646069,0.6519904471,0.6473107823,0.6562330282,0.476307471,0.4819776341,0.4921769654
15.32,2.836987983,2.902757011,2.928064858,2.756804094,2.831523129,2.840228189,0.2453202926,0.1067267015,0.2088035667,0.2196598821,0.1776352543,0.6517010484,0.6470668518,0.6559258915,0.4759821666,0.4817005897,0.4918237285
15.34,2.836179547,2.902067869,2.927186875,2.75646496,2.83120296,2.839853677,0.2439428396,0.1061285898,0.2088682416,0.2197150135,0.177705493,0.6514132471,0.6468240595,0.6556203999,0.4756587922,0.4814249327,0.4914725351
15.36,2.835375907,2.90138218,2.92631397,2.756127772,2.830884528,2.839481273,0.2425731494,0.105533832,0.2089325328,0.2197698685,0.1777753254,0.6511270344,0.6465824011,0.6553165448,0.475337336,0.4811506573,0.4911233732
15.38,2.834577032,2.900699931,2.925446113,2.755792521,2.830567823,2.839110968,0.2412111779,0.104942409,0.2089964428,0.2198244485,0.1778447539,0.6508424019,0.6463418729,0.6550143177,0.475017786,0.4808777575,0.4907762305
15.4,2.833782893,2.900021106,2.924583274,2.755459194,2.830252836,2.838742747,0.2398568812,0.1043543023,0.2090599739,0.2198787545,0.1779137811,0.6505593409,0.6461024709,0.6547137103,0.4747001305,0.4806062275,0.4904310947
15.42,2.83299346,2.899345691,2.923725422,2.755127781,2.829939559,2.838376601,0.2385102155,0.103769493,0.2091231285,0.2199327877,0.1779824092,0.6502778429,0.6458641909,0.654414714,0.4743843575,0.4803360616,0.490087954
15.44,2.832208706,2.898673672,2.922872528,2.75479827,2.829627983,2.838012516,0.2371711375,0.1031879629,0.2091859089,0.2199865492,0.1780506407,0.6499978995,0.6456270292,0.6541173206,0.4740704556,0.4800672539,0.4897467963
15.46,2.831428599,2.898005034,2.922024561,2.754470649,2.829318098,2.837650481,0.2358396039,0.1026096934,0.2092483174,0.2200400403,0.1781184781,0.6497195022,0.6453909817,0.6538215217,0.4737584131,0.4797997986,0.4894076097
15.48,2.830653113,2.897339762,2.921181493,2.754144909,2.829009896,2.837290485,0.234515572,0.1020346662,0.2093103563,0.220093262,0.1781859235,0.6494426427,0.6451560443,0.653527309,0.4734482184,0.4795336898,0.4890703825
15.5,2.829882217,2.896677842,2.920343294,2.753821037,2.828703368,2.836932516,0.233198999,0.1014628631,0.209372028,0.2201462156,0.1782529795,0.6491673126,0.6449222133,0.6532346744,0.4731398602,0.4792689219,0.4887351027
15.52,2.829115884,2.89601926,2.919509934,2.753499023,2.828398505,2.836576563,0.2318898424,0.100894266,0.2094333346,0.2201989022,0.1783196482,0.6488935036,0.6446894844,0.6529436096,0.472833327,0.479005489,0.4884017589
15.54,2.828354086,2.895364001,2.918681385,2.753178856,2.828095299,2.836222613,0.2305880603,0.1003288569,0.2094942785,0.2202513229,0.1783859321,0.6486212076,0.6444578539,0.6526541064,0.4725286077,0.4787433855,0.4880703393
15.56,2.827596794,2.894712051,2.917857619,2.752860525,2.82779374,2.835870656,0.2292936105,0.09976661801,0.2095548618,0.2203034789,0.1784518335,0.6483504162,0.6442273177,0.6523661568,0.472225691,0.4784826054,0.4877408326
15.58,2.826843981,2.894063395,2.917038605,2.75254402,2.827493821,2.835520681,0.2280064516,0.09920753139,0.2096150869,0.2203553714,0.1785173546,0.6480811214,0.6439978718,0.6520797526,0.4719245657,0.4782231432,0.4874132271
15.6,2.826095619,2.89341802,2.916224316,2.752229329,2.827195532,2.835172675,0.2267265419,0.09865157939,0.2096749558,0.2204070014,0.1785824977,0.647813315,0.6437695123,0.6517948859,0.4716252208,0.4779649931,0.4870875116
15.62,2.82535168,2.892775911,2.915414724,2.751916443,2.826898865,2.834826629,0.2254538404,0.09809874441,0.2097344709,0.2204583701,0.178647265,0.6475469889,0.6435422351,0.6515115486,0.4713276453,0.4777081494,0.4867636748
15.64,2.824612137,2.892137053,2.914609801,2.75160535,2.826603812,2.83448253,0.2241883061,0.09754900896,0.2097936344,0.2205094787,0.1787116589,0.6472821351,0.6433160363,0.6512297328,0.4710318282,0.4774526063,0.4864417054
15.66,2.823876964,2.891501433,2.913809518,2.75129604,2.826310364,2.834140368,0.2229298982,0.09700235563,0.2098524482,0.2205603283,0.1787756815,0.6470187456,0.6430909119,0.6509494306,0.4707377588,0.4771983583,0.4861215923
15.68,2.823146132,2.890869036,2.913013848,2.750988502,2.826018513,2.833800132,0.2216785763,0.09645876712,0.2099109147,0.2206109201,0.1788393351,0.6467568124,0.642866858,0.650670634,0.4704454263,0.4769453996,0.4858033244
15.7,2.822419616,2.890239849,2.912222764,2.750682727,2.82572825,2.833461811,0.2204343002,0.09591822622,0.209969036,0.2206612551,0.1789026219,0.6464963277,0.6426438706,0.6503933353,0.4701548199,0.4766937246,0.4854868907
15.72,2.821697389,2.889613856,2.911436238,2.750378703,2.825439566,2.833125393,0.2191970299,0.09538071583,0.2100268142,0.2207113345,0.178965544,0.6462372835,0.6424219456,0.6501175267,0.469865929,0.4764433277,0.4851722802
15.74,2.820979424,2.888991045,2.910654242,2.750076422,2.825152455,2.832790869,0.2179667255,0.09484621893,0.2100842514,0.2207611594,0.1790281036,0.645979672,0.6422010791,0.6498432003,0.4695787431,0.4761942032,0.484859482
15.76,2.820265696,2.888371401,2.909876751,2.749775871,2.824866906,2.832458228,0.2167433475,0.09431471861,0.2101413497,0.2208107309,0.1790903029,0.6457234855,0.6419812673,0.6495703485,0.4692932517,0.4759463454,0.4845484855
15.78,2.819556177,2.887754909,2.909103737,2.749477042,2.824582913,2.832127458,0.2155268567,0.09378619805,0.2101981111,0.2208600502,0.179152144,0.6454687162,0.641762506,0.6492989635,0.4690094443,0.4756997489,0.4842392798
15.8,2.818850843,2.887141557,2.908335173,2.749179925,2.824300466,2.831798549,0.2143172139,0.09326064052,0.2102545379,0.2209091184,0.1792136292,0.6452153564,0.6415447913,0.6490290378,0.4687273106,0.475454408,0.4839318542
15.82,2.818149667,2.88653133,2.907571033,2.748884508,2.824019559,2.831471491,0.2131143802,0.0927380294,0.210310632,0.2209579366,0.1792747604,0.6449633983,0.6413281193,0.6487605637,0.4684468402,0.4752103172,0.4836261982
15.84,2.817452624,2.885924214,2.90681129,2.748590783,2.823740182,2.831146274,0.2119183171,0.09221834813,0.2103663954,0.2210065058,0.1793355397,0.6447128345,0.641112486,0.6484935337,0.4681680231,0.4749674709,0.4833223013
15.86,2.816759689,2.885320196,2.906055919,2.74829874,2.823462327,2.830822885,0.2107289862,0.09170158028,0.2104218302,0.2210548273,0.1793959694,0.6444636573,0.6408978874,0.6482279402,0.467890849,0.4747258635,0.483020153
15.88,2.816070836,2.884719261,2.905304894,2.748008368,2.823185987,2.830501317,0.2095463491,0.0911877095,0.2104769384,0.2211029021,0.1794560514,0.6442158591,0.6406843197,0.6479637757,0.4676153078,0.4744854895,0.4827197428
15.9,2.81538604,2.884121396,2.904558188,2.747719658,2.822911154,2.830181557,0.2083703681,0.09067671952,0.2105317221,0.2211507313,0.1795157879,0.6439694325,0.6404717788,0.6477010327,0.4673413895,0.4742463434,0.4824210604
15.92,2.814705277,2.883526587,2.903815776,2.7474326,2.822637819,2.829863596,0.2072010052,0.09016859418,0.2105861832,0.221198316,0.1795751809,0.64372437,0.6402602607,0.6474397039,0.4670690842,0.4740084198,0.4821240957
15.94,2.814028521,2.88293482,2.903077633,2.747147185,2.822365975,2.829547424,0.2060382231,0.08966331739,0.2106403236,0.2212456574,0.1796342323,0.6434806641,0.6400497617,0.6471797819,0.466798382,0.473771713,0.4818288384
15.96,2.813355749,2.882346081,2.902343733,2.746863403,2.822095614,2.82923303,0.2048819844,0.08916087318,0.2106941454,0.2212927565,0.1796929443,0.6432383074,0.6398402776,0.6469212593,0.466529273,0.4735362177,0.4815352783
15.98,2.812686935,2.881760358,2.90161405,2.746581244,2.821826728,2.828920405,0.2037322519,0.08866124564,0.2107476505,0.2213396143,0.1797513189,0.6429972927,0.6396318047,0.6466641288,0.4662617475,0.4733019284,0.4812434053
16,2.812022056,2.881177636,2.900888561,2.746300699,2.821559309,2.828609538,0.2025889889,0.08816441897,0.2108008409,0.2213862321,0.1798093581,0.6427576126,0.6394243388,0.646408383,0.4659957957,0.4730688397,0.4809532096
16.02,2.811361087,2.880597902,2.90016724,2.746021759,2.821293349,2.82830042,0.2014521586,0.08767037745,0.2108537184,0.2214326108,0.1798670638,0.6425192597,0.6392178762,0.6461540149,0.4657314082,0.4728369461,0.4806646811
16.04,2.810704005,2.880021143,2.899450062,2.745744414,2.821028841,2.82799304,0.2003217246,0.08717910544,0.210906285,0.2214787516,0.179924438,0.642282227,0.6390124129,0.6459010172,0.4654685752,0.4726062422,0.4803778099
16.06,2.810050785,2.879447344,2.898737003,2.745468655,2.820765777,2.827687388,0.1991976507,0.08669058741,0.2109585425,0.2215246555,0.1799814827,0.6420465071,0.638807945,0.6456493827,0.4652072873,0.4723767227,0.4800925863
16.08,2.809401404,2.878876492,2.898028038,2.745194472,2.82050415,2.827383456,0.1980799008,0.0862048079,0.211010493,0.2215703236,0.1800381999,0.641812093,0.6386044685,0.6453991042,0.464947535,0.4721483821,0.4798090004
16.1,2.808755839,2.878308575,2.897323144,2.744921857,2.820243951,2.827081233,0.196968439,0.08572175154,0.2110621382,0.221615757,0.1800945915,0.6415789774,0.6384019796,0.6451501748,0.4646893089,0.4719212151,0.4795270426
16.12,2.808114066,2.877743578,2.896622295,2.744650801,2.819985173,2.826780709,0.1958632299,0.08524140305,0.21111348,0.2216609567,0.1801506593,0.6413471534,0.6382004744,0.6449025872,0.4644325998,0.4716952163,0.4792467033
16.14,2.807476062,2.877181488,2.895925469,2.744381294,2.819727809,2.826481876,0.1947642378,0.08476374724,0.2111645203,0.2217059239,0.1802064054,0.6411166138,0.6379999489,0.6446563346,0.4641773984,0.4714703804,0.4789679728
16.16,2.806841805,2.876622292,2.895232641,2.744113327,2.819471851,2.826184722,0.1936714277,0.084288769,0.2112152609,0.2217506596,0.1802618317,0.6408873517,0.6378003992,0.6444114099,0.4639236953,0.4712467022,0.4786908416
16.18,2.806211271,2.876065978,2.894543788,2.743846891,2.819217292,2.82588924,0.1925847646,0.0838164533,0.2112657037,0.2217951648,0.1803169399,0.64065936,0.6376018216,0.6441678061,0.4636714816,0.4710241762,0.4784153004
16.2,2.805584437,2.87551253,2.893858886,2.743581977,2.818964124,2.825595419,0.1915042136,0.0833467852,0.2113158504,0.2218394406,0.1803717321,0.6404326319,0.637404212,0.6439255164,0.4634207481,0.4708027972,0.4781413396
16.22,2.804961281,2.874961937,2.893177912,2.743318578,2.818712341,2.82530325,0.19042974,0.08287974984,0.2113657028,0.221883488,0.18042621,0.6402071604,0.6372075666,0.6436845338,0.4631714858,0.47058256,0.4778689501
16.24,2.804341781,2.874414185,2.892500843,2.743056683,2.818461933,2.825012723,0.1893613096,0.08241533246,0.2114152629,0.2219273081,0.1804803755,0.6399829387,0.6370118815,0.6434448515,0.4629236857,0.4703634593,0.4775981224
16.26,2.803725914,2.873869262,2.891827655,2.742796283,2.818212895,2.82472383,0.1882988881,0.08195351836,0.2114645322,0.221970902,0.1805342305,0.6397599599,0.636817153,0.6432064626,0.462677339,0.4701454898,0.4773288473
16.28,2.803113658,2.873327153,2.891158327,2.742537372,2.817965219,2.824436561,0.1872424415,0.08149429294,0.2115135127,0.2220142707,0.1805877768,0.6395382172,0.636623377,0.6429693605,0.4624324367,0.4699286464,0.4770611158
16.3,2.802504992,2.872787847,2.890492834,2.742279938,2.817718897,2.824150907,0.186191936,0.08103764167,0.211562206,0.2220574152,0.1806410163,0.639317704,0.6364305499,0.6427335383,0.4621889701,0.4697129238,0.4767949187
16.32,2.801899893,2.872251329,2.889831154,2.742023975,2.817473923,2.823866859,0.1851473379,0.08058355011,0.2116106139,0.2221003366,0.1806939506,0.6390984134,0.6362386676,0.6424989893,0.4619469304,0.4694983169,0.4765302469
16.34,2.801298339,2.871717588,2.889173266,2.741769474,2.81723029,2.823584407,0.1841086138,0.0801320039,0.2116587382,0.2221430359,0.1807465817,0.6388803387,0.6360477264,0.6422657069,0.4617063089,0.4692848204,0.4762670914
16.36,2.800700309,2.87118661,2.888519146,2.741516425,2.816987989,2.823303543,0.1830757306,0.07968298875,0.2117065806,0.2221855141,0.1807989113,0.6386634734,0.6358577224,0.6420336844,0.4614670971,0.4690724293,0.4760054434
16.38,2.800105783,2.870658383,2.887868772,2.741264821,2.816747015,2.823024258,0.1820486551,0.07923649047,0.2117541427,0.2222277723,0.1808509412,0.6384478109,0.6356686519,0.6418029151,0.4612292864,0.4688611384,0.475745294
16.4,2.799514737,2.870132893,2.887222123,2.741014653,2.81650736,2.822746542,0.1810273545,0.07879249494,0.2118014264,0.2222698115,0.1809026732,0.6382333444,0.6354805109,0.6415733925,0.4609928682,0.4686509425,0.4754866342
16.42,2.798927152,2.869610129,2.886579176,2.740765913,2.816269016,2.822470388,0.1800117961,0.07835098811,0.2118484332,0.2223116327,0.1809541089,0.6380200675,0.6352932957,0.6413451101,0.4607578341,0.4684418366,0.4752294554
16.44,2.798343006,2.869090076,2.885939909,2.740518592,2.816031978,2.822195786,0.1790019475,0.07791195602,0.2118951649,0.2223532369,0.1810052502,0.6378079738,0.6351070025,0.6411180613,0.4605241756,0.4682338156,0.4749737489
16.46,2.797762278,2.868572723,2.885304302,2.740272683,2.815796238,2.821922726,0.1779977764,0.07747538479,0.2119416231,0.2223946251,0.1810560988,0.6375970566,0.6349216274,0.6408922397,0.4602918845,0.4680268744,0.4747195059
16.48,2.797184948,2.868058057,2.884672332,2.740028176,2.815561789,2.821651202,0.1769992506,0.07704126061,0.2119878095,0.2224357984,0.1811066564,0.6373873095,0.6347371667,0.6406676387,0.4600609525,0.4678210079,0.4744667179
16.5,2.796610995,2.867546065,2.884043978,2.739785065,2.815328624,2.821381203,0.1760063383,0.07660956976,0.2120337258,0.2224767578,0.1811569247,0.6371787263,0.6345536166,0.640444252,0.4598313712,0.4676162112,0.4742153763
16.52,2.796040398,2.867036735,2.883419219,2.739543341,2.815096737,2.821112722,0.1750190076,0.07618029858,0.2120793735,0.2225175042,0.1812069055,0.6369713004,0.6343709732,0.6402220732,0.4596031326,0.4674124792,0.4739654726
16.54,2.795473138,2.866530054,2.882798033,2.739302995,2.814866121,2.820845749,0.1740372272,0.0757534335,0.2121247543,0.2225580386,0.1812566003,0.6367650255,0.6341892329,0.640001096,0.4593762284,0.4672098068,0.4737169984
16.56,2.794909193,2.86602601,2.8821804,2.73906402,2.814636768,2.820580277,0.1730609655,0.07532896102,0.2121698699,0.2225983622,0.1813060109,0.6365598953,0.6340083919,0.6397813139,0.4591506506,0.4670081891,0.4734699453
16.58,2.794348544,2.86552459,2.881566299,2.738826408,2.814408672,2.820316296,0.1720901914,0.07490686772,0.2122147218,0.2226384758,0.181355139,0.6363559037,0.6338284464,0.6395627208,0.4589263911,0.4668076212,0.4732243048
16.6,2.793791172,2.865025782,2.880955709,2.738590151,2.814181827,2.820053799,0.1711248738,0.07448714025,0.2122593116,0.2226783804,0.1814039862,0.6361530442,0.6336493926,0.6393453103,0.458703442,0.4666080981,0.4729800689
16.62,2.793237055,2.864529574,2.88034861,2.738355241,2.813956225,2.819792777,0.170164982,0.07406976535,0.2123036409,0.222718077,0.1814525542,0.6359513107,0.6334712269,0.6391290763,0.4584817954,0.4664096148,0.4727372291
16.64,2.792686175,2.864035953,2.879744981,2.738121671,2.81373186,2.819533221,0.1692104853,0.07365472981,0.2123477113,0.2227575667,0.1815008445,0.6357506971,0.6332939454,0.6389140125,0.4582614433,0.4662121664,0.4724957774
16.66,2.792138511,2.863544907,2.879144801,2.737889432,2.813508726,2.819275123,0.1682613531,0.07324202051,0.2123915244,0.2227968504,0.1815488589,0.6355511972,0.6331175444,0.6387001128,0.4580423779,0.4660157481,0.4722557055
16.68,2.791594045,2.863056424,2.878548051,2.737658517,2.813286815,2.819018476,0.1673175553,0.07283162441,0.2124350817,0.222835929,0.1815965989,0.6353528049,0.6329420204,0.638487371,0.4578245915,0.4658203549,0.4720170054
16.7,2.791052757,2.862570492,2.87795471,2.737428918,2.813066122,2.818763271,0.1663790616,0.07242352853,0.2124783847,0.2228748036,0.1816440662,0.6351555141,0.6327673694,0.638275781,0.4576080763,0.4656259819,0.4717796691
16.72,2.790514628,2.862087098,2.877364758,2.737200627,2.81284664,2.818509499,0.165445842,0.07201771996,0.2125214351,0.2229134751,0.1816912623,0.6349593187,0.6325935879,0.6380653368,0.4573928247,0.4654326244,0.4715436885
16.74,2.789979639,2.861606231,2.876778176,2.736973638,2.812628361,2.818257153,0.1645178669,0.07161418588,0.2125642342,0.2229519445,0.1817381889,0.6347642128,0.632420672,0.6378560323,0.4571788289,0.4652402775,0.4713090557
16.76,2.78944777,2.861127878,2.876194944,2.736747941,2.812411281,2.818006224,0.1635951065,0.07121291352,0.2126067837,0.2229902127,0.1817848474,0.6345701904,0.6322486183,0.6376478615,0.4569660815,0.4650489363,0.4710757629
16.78,2.788919004,2.860652027,2.875615043,2.736523531,2.812195392,2.817756705,0.1626775314,0.07081389021,0.212649085,0.2230282808,0.1818312396,0.6343772456,0.6320774229,0.6374408184,0.4567545749,0.4648585961,0.4708438022
16.8,2.788393321,2.860178667,2.875038451,2.736300399,2.811980688,2.817508588,0.1617651123,0.07041710332,0.2126911397,0.2230661496,0.1818773669,0.6341853723,0.6319070822,0.6372348971,0.4565443016,0.4646692521,0.4706131657
16.82,2.787870702,2.859707786,2.874465152,2.736078539,2.811767163,2.817261864,0.1608578202,0.07002254032,0.2127329492,0.2231038201,0.1819232308,0.6339945648,0.6317375926,0.6370300916,0.4563352542,0.4644808996,0.4703838458
16.84,2.78735113,2.859239371,2.873895124,2.735857942,2.81155481,2.817016527,0.1599556261,0.06963018873,0.212774515,0.2231412933,0.181968833,0.6338048172,0.6315689503,0.6368263961,0.4561274252,0.4642935337,0.4701558348
16.86,2.786834585,2.858773411,2.873328349,2.735638602,2.811343623,2.816772567,0.1590585011,0.06924003614,0.2128158385,0.2231785701,0.182014175,0.6336161236,0.6314011518,0.6366238047,0.4559208074,0.4641071497,0.4699291249
16.88,2.78632105,2.858309895,2.872764809,2.73542051,2.811133596,2.816529978,0.1581664167,0.06885207023,0.2128569213,0.2232156514,0.1820592583,0.6334284783,0.6312341934,0.6364223116,0.4557153934,0.463921743,0.4697037087
16.9,2.785810507,2.857848809,2.872204483,2.735203661,2.810924723,2.816288751,0.1572793444,0.06846627872,0.2128977648,0.2232525382,0.1821040843,0.6332418755,0.6310680715,0.6362219109,0.455511176,0.4637373088,0.4694795785
16.92,2.785302937,2.857390143,2.871647354,2.734988046,2.810716997,2.816048879,0.1563972559,0.06808264943,0.2129383704,0.2232892315,0.1821486546,0.6330563095,0.6309027825,0.6360225969,0.455308148,0.4635538425,0.4692567268
16.94,2.784798322,2.856933886,2.871093403,2.734773659,2.810510412,2.815810354,0.1555201231,0.06770117022,0.2129787395,0.2233257321,0.1821929708,0.6328717746,0.6307383227,0.6358243639,0.4551063023,0.4633713394,0.4690351462
16.96,2.784296646,2.856480024,2.87054261,2.734560493,2.810304963,2.815573169,0.154647918,0.06732182904,0.2130188737,0.223362041,0.1822370342,0.6326882651,0.6305746886,0.635627206,0.4549056316,0.4631897949,0.4688148292
16.98,2.783797889,2.856028548,2.869994958,2.73434854,2.810100642,2.815337316,0.1537806129,0.0669446139,0.2130587742,0.2233981592,0.1822808463,0.6325057754,0.6304118766,0.6354311177,0.454706129,0.4630092042,0.4685957685
17,2.783302035,2.855579444,2.869450429,2.734137793,2.809897445,2.815102788,0.1529181799,0.06656951287,0.2130984425,0.2234340874,0.1823244086,0.6323242999,0.6302498831,0.6352360933,0.4545077874,0.4628295629,0.4683779568
17.02,2.782809066,2.855132703,2.868909004,2.733928246,2.809695364,2.814869576,0.1520605918,0.0661965141,0.21313788,0.2234698267,0.1823677227,0.632143833,0.6300887046,0.6350421272,0.4543105999,0.4626508663,0.4681613867
17.04,2.782318965,2.854688312,2.868370665,2.733719892,2.809494394,2.814637674,0.1512078211,0.06582560579,0.2131770881,0.223505378,0.1824107898,0.6319643691,0.6299283374,0.6348492137,0.4541145595,0.4624731099,0.467946051
17.06,2.781831715,2.85424626,2.867835394,2.733512723,2.809294529,2.814407075,0.1503598406,0.06545677622,0.2132160681,0.2235407422,0.1824536115,0.6317859028,0.629768778,0.6346573473,0.4539196593,0.4622962891,0.4677319426
17.08,2.781347298,2.853806535,2.867303173,2.733306733,2.809095763,2.81417777,0.1495166233,0.06509001374,0.2132548215,0.2235759201,0.1824961892,0.6316084286,0.6296100229,0.6344665224,0.4537258925,0.4621203993,0.4675190542
17.1,2.780865697,2.853369127,2.866773984,2.733101915,2.80889809,2.813949753,0.1486781424,0.06472530675,0.2132933496,0.2236109128,0.1825385242,0.6314319409,0.6294520686,0.6342767335,0.4535332522,0.4619454361,0.4673073788
17.12,2.780386896,2.852934024,2.86624781,2.732898262,2.808701505,2.813723016,0.1478443711,0.06436264373,0.2133316536,0.223645721,0.1825806181,0.6312564344,0.6292949114,0.6340879752,0.4533417318,0.4617713949,0.4670969093
17.14,2.779910878,2.852501215,2.865724634,2.732695768,2.808506001,2.813497553,0.1470152829,0.06400201321,0.2133697351,0.2236803458,0.1826224723,0.6310819036,0.629138548,0.633900242,0.4531513245,0.4615982712,0.4668876387
17.16,2.779437626,2.852070689,2.865204437,2.732494426,2.808311572,2.813273355,0.1461908514,0.06364340379,0.2134075953,0.2237147879,0.182664088,0.6309083433,0.6289829748,0.6337135284,0.4529620236,0.4614260606,0.46667956
17.18,2.778967123,2.851642434,2.864687203,2.732294229,2.808118213,2.813050416,0.1453710502,0.06328680415,0.2134452355,0.2237490483,0.1827054667,0.630735748,0.6288281883,0.6335278291,0.4527738224,0.4612547586,0.4664726663
17.2,2.778499353,2.851216439,2.864172914,2.73209517,2.807925918,2.812828729,0.1445558533,0.062932203,0.2134826571,0.2237831279,0.1827466099,0.6305641125,0.628674185,0.6333431386,0.4525867145,0.4610843607,0.4662669507
17.22,2.7780343,2.850792694,2.863661553,2.731897243,2.807734681,2.812608287,0.1437452348,0.06257958914,0.2135198613,0.2238170275,0.1827875187,0.6303934314,0.6285209615,0.6331594516,0.4524006933,0.4609148627,0.4660624063
17.24,2.777571947,2.850371187,2.863153103,2.731700442,2.807544496,2.812389082,0.1429391687,0.06222895144,0.2135568496,0.223850748,0.1828281947,0.6302236995,0.6283685142,0.6329767628,0.4522157522,0.46074626,0.4658590263
17.26,2.777112278,2.849951908,2.862647547,2.73150476,2.807355359,2.812171108,0.1421376295,0.0618802788,0.2135936231,0.2238842904,0.1828686392,0.6300549116,0.6282168398,0.6327950669,0.4520318847,0.4605785482,0.4656568039
17.28,2.776655278,2.849534845,2.862144868,2.731310191,2.807167263,2.811954357,0.1413405916,0.06153356021,0.2136301831,0.2239176554,0.1829088535,0.6298870625,0.6280659347,0.6326143587,0.4518490845,0.4604117231,0.4654557325
17.3,2.77620093,2.849119987,2.86164505,2.731116727,2.806980202,2.811738823,0.1405480296,0.06118878471,0.213666531,0.223950844,0.1829488389,0.6297201469,0.6279157956,0.6324346328,0.4516673452,0.4602457802,0.4652558053
17.32,2.775749218,2.848707325,2.861148076,2.730924364,2.806794171,2.8115245,0.1397599183,0.06084594141,0.2137026679,0.223983857,0.1829885969,0.6295541599,0.6277664191,0.6322558842,0.4514866604,0.4600807152,0.4650570157
17.34,2.775300126,2.848296847,2.86065393,2.730733093,2.806609165,2.811311379,0.1389762326,0.06050501946,0.2137385952,0.2240166952,0.1830281286,0.6293890962,0.6276178016,0.6320781075,0.4513070238,0.4599165238,0.4648593571
17.36,2.77485364,2.847888541,2.860162595,2.73054291,2.806425178,2.811099455,0.1381969476,0.0601660081,0.2137743142,0.2240493597,0.1830674354,0.6292249507,0.6274699398,0.6319012976,0.4511284292,0.4597532017,0.464662823
17.38,2.774409742,2.847482399,2.859674054,2.730353808,2.806242204,2.810888721,0.1374220384,0.05982889661,0.2138098259,0.2240818511,0.1831065187,0.6290617185,0.6273228303,0.6317254494,0.4509508703,0.4595907446,0.4644674067
17.4,2.773968419,2.847078408,2.859188292,2.73016578,2.806060238,2.810679169,0.1366514805,0.05949367435,0.2138451318,0.2241141703,0.1831453796,0.6288993944,0.6271764698,0.6315505578,0.4507743409,0.4594291483,0.4642731018
17.42,2.773529654,2.846676558,2.858705292,2.729978821,2.805879274,2.810470794,0.1358852492,0.05916033071,0.213880233,0.2241463183,0.1831840196,0.6287379735,0.6270308547,0.6313766177,0.4505988349,0.4592684085,0.4640799019
17.44,2.773093432,2.84627684,2.858225039,2.729792924,2.805699308,2.810263588,0.1351233202,0.05882885516,0.2139151308,0.2241782958,0.1832224399,0.6285774507,0.6268859819,0.631203624,0.4504243462,0.459108521,0.4638878006
17.46,2.772659738,2.845879241,2.857747516,2.729608083,2.805520333,2.810057545,0.1343656692,0.05849923723,0.2139498263,0.2242101037,0.1832606417,0.6284178212,0.6267418479,0.6310315718,0.4502508687,0.4589494815,0.4636967914
17.48,2.772228558,2.845483752,2.857272707,2.729424293,2.805342344,2.809852659,0.1336122722,0.0581714665,0.2139843207,0.2242417428,0.1832986264,0.62825908,0.6265984493,0.6308604559,0.4500783964,0.4587912859,0.4635068681
17.5,2.771799875,2.845090362,2.856800598,2.729241546,2.805165337,2.809648923,0.1328631052,0.05784553261,0.2140186153,0.224273214,0.1833363951,0.6281012221,0.6264557829,0.6306902715,0.4499069233,0.45863393,0.4633180244
17.52,2.771373675,2.844699061,2.856331172,2.729059838,2.804989305,2.80944633,0.1321181443,0.05752142527,0.2140527113,0.2243045181,0.1833739492,0.6279442428,0.6263138454,0.6305210135,0.4497364434,0.4584774097,0.4631302539
17.54,2.770949943,2.844309839,2.855864414,2.728879161,2.804814244,2.809244875,0.1313773658,0.05719913424,0.2140866099,0.2243356559,0.1834112899,0.6277881372,0.6261726333,0.630352677,0.4495669507,0.4583217207,0.4629435506
17.56,2.770528665,2.843922685,2.855400307,2.728699511,2.804640148,2.80904455,0.1306407462,0.05687864932,0.2141203121,0.2243666282,0.1834484184,0.6276329004,0.6260321435,0.6301852572,0.4493984395,0.458166859,0.4627579081
17.58,2.770109826,2.843537588,2.854938838,2.728520881,2.804467011,2.808845349,0.1299082621,0.0565599604,0.2141538192,0.2243974359,0.1834853359,0.6274785277,0.6258923725,0.6300187492,0.4492309038,0.4580128204,0.4625733204
17.6,2.769693411,2.843154539,2.854479991,2.728343265,2.80429483,2.808647267,0.1291798901,0.0562430574,0.2141871324,0.2244280798,0.1835220437,0.6273250143,0.6257533172,0.629853148,0.449064338,0.4578596009,0.4623897814
17.62,2.769279407,2.842773528,2.85402375,2.728166657,2.804123598,2.808450296,0.1284556071,0.05592793032,0.2142202528,0.2244585607,0.183558543,0.6271723554,0.6256149743,0.6296884489,0.448898736,0.4577071963,0.462207285
17.64,2.768867798,2.842394544,2.8535701,2.727991053,2.80395331,2.80825443,0.12773539,0.05561456918,0.2142531815,0.2244888795,0.183594835,0.6270205464,0.6254773404,0.629524647,0.4487340924,0.4575556027,0.4620258251
17.66,2.76845857,2.842017577,2.853119027,2.727816445,2.803783962,2.808059663,0.1270192161,0.0553029641,0.2142859198,0.2245190368,0.1836309208,0.6268695826,0.6253404124,0.6293617377,0.4485704012,0.457404816,0.4618453958
17.68,2.768051709,2.841642617,2.852670515,2.727642829,2.803615548,2.80786599,0.1263070624,0.05499310522,0.2143184686,0.2245490336,0.1836668018,0.6267194592,0.625204187,0.6291997161,0.448407657,0.4572548321,0.4616659911
17.7,2.767647202,2.841269655,2.85222455,2.727470198,2.803448063,2.807673403,0.1255989063,0.05468498276,0.2143508292,0.2245788706,0.183702479,0.6265701716,0.6250686609,0.6290385774,0.448245854,0.457105647,0.4614876051
17.72,2.767245033,2.840898679,2.851781117,2.727298547,2.803281502,2.807481897,0.1248947254,0.05437858698,0.2143830027,0.2246085486,0.1837379536,0.6264217153,0.6249338311,0.6288783171,0.4480849866,0.4569572568,0.4613102319
17.74,2.76684519,2.840529681,2.851340201,2.72712787,2.80311586,2.807291466,0.1241944972,0.0540739082,0.2144149901,0.2246380685,0.1837732269,0.6262740856,0.6247996941,0.6287189303,0.4479250494,0.4568096574,0.4611338657
17.76,2.766447658,2.840162649,2.850901788,2.726958162,2.802951133,2.807102104,0.1234981995,0.05377093679,0.2144467927,0.224667431,0.1838082999,0.6261272779,0.6246662469,0.6285604126,0.4477660367,0.4566628449,0.4609585005
17.78,2.766052424,2.839797576,2.850465864,2.726789417,2.802787314,2.806913803,0.1228058102,0.05346966319,0.2144784114,0.2246966369,0.1838431739,0.6259812878,0.6245334863,0.6284027591,0.447607943,0.4565168154,0.4607841307
17.8,2.765659474,2.83943445,2.850032413,2.726621629,2.8026244,2.80672656,0.1221173073,0.05317007787,0.2145098474,0.224725687,0.1838778499,0.6258361107,0.624401409,0.6282459653,0.447450763,0.456371565,0.4606107505
17.82,2.765268795,2.839073261,2.849601423,2.726454794,2.802462385,2.806540367,0.1214326688,0.05287217136,0.2145411018,0.2247545821,0.1839123292,0.6256917421,0.624270012,0.6280900266,0.4472944912,0.4562270897,0.4604383542
17.84,2.764880372,2.838714001,2.849172877,2.726288905,2.802301265,2.806355219,0.120751873,0.05257593426,0.2145721756,0.2247833229,0.1839466128,0.6255481776,0.624139292,0.6279349385,0.4471391221,0.4560833856,0.4602669361
17.86,2.764494193,2.838356659,2.848746763,2.726123957,2.802141034,2.80617111,0.1200748983,0.05228135721,0.2146030699,0.2248119102,0.1839807019,0.6254054126,0.6240092459,0.6277806964,0.4469846505,0.4559404489,0.4600964905
17.88,2.764110244,2.838001226,2.848323067,2.725959945,2.801981688,2.805988033,0.1194017232,0.0519884309,0.2146337858,0.2248403449,0.1840145976,0.6252634429,0.6238798706,0.6276272958,0.4468310711,0.4557982756,0.4599270119
17.9,2.763728513,2.837647692,2.847901774,2.725796863,2.801823222,2.805805984,0.1187323263,0.05169714607,0.2146643243,0.2248686276,0.1840483011,0.6251222639,0.623751163,0.6274747322,0.4466783784,0.4556568621,0.4597584947
17.92,2.763348985,2.837296048,2.84748287,2.725634707,2.801665631,2.805624956,0.1180666863,0.05140749353,0.2146946865,0.2248967591,0.1840818134,0.6249818714,0.6236231199,0.6273230011,0.4465265673,0.4555162043,0.4595909332
17.94,2.762971648,2.836946284,2.847066342,2.725473469,2.80150891,2.805444944,0.1174047821,0.05111946411,0.2147248735,0.2249247403,0.1841151356,0.6248422609,0.6234957382,0.6271720981,0.4463756326,0.4553762986,0.4594243221
17.96,2.762596489,2.83659839,2.846652177,2.725313147,2.801353056,2.805265942,0.1167465926,0.05083304873,0.2147548862,0.2249525718,0.1841482688,0.6247034282,0.6233690149,0.6270220188,0.446225569,0.4552371411,0.4592586558
17.98,2.762223495,2.836252357,2.84624036,2.725153733,2.801198062,2.805087944,0.116092097,0.05054823834,0.2147847257,0.2249802544,0.1841812142,0.6245653689,0.6232429468,0.6268727587,0.4460763714,0.4550987281,0.459093929
18,2.761852653,2.835908176,2.845830877,2.724995224,2.801043924,2.804910945,0.1154412744,0.05026502393,0.2148143931,0.2250077888,0.1842139728,0.6244280788,0.623117531,0.6267243135,0.4459280346,0.4549610558,0.458930136
18.02,2.761483951,2.835565838,2.845423716,2.724837613,2.800890638,2.804734939,0.1147941043,0.04998339656,0.2148438893,0.2250351759,0.1842465457,0.6242915536,0.6229927642,0.6265766788,0.4457805536,0.4548241204,0.4587672717
18.04,2.761117375,2.835225333,2.845018864,2.724680896,2.8007382,2.80455992,0.1141505659,0.04970334733,0.2148732153,0.2250624164,0.1842789339,0.6241557891,0.6228686436,0.6264298503,0.4456339234,0.4546879182,0.4586053306
18.06,2.760752913,2.834886651,2.844616306,2.724525068,2.800586603,2.804385883,0.1135106389,0.0494248674,0.2149023722,0.2250895109,0.1843111385,0.6240207811,0.622745166,0.6262838236,0.4454881388,0.4545524455,0.4584443075
18.08,2.760390554,2.834549784,2.84421603,2.724370123,2.800435844,2.804212822,0.112874303,0.04914794797,0.214931361,0.2251164603,0.1843431606,0.6238865253,0.6226223284,0.6261385945,0.4453431948,0.4544176986,0.458284197
18.1,2.760030283,2.834214722,2.843818022,2.724216056,2.800285919,2.804040732,0.112241538,0.04887258029,0.2149601827,0.2251432652,0.1843750012,0.6237530177,0.6225001278,0.6259941588,0.4451990865,0.4542836739,0.4581249938
18.12,2.759672089,2.833881456,2.843422269,2.724062862,2.800136822,2.803869608,0.1116123238,0.04859875566,0.2149888382,0.2251699265,0.1844066614,0.6236202541,0.6223785613,0.6258505121,0.445055809,0.4541503676,0.4579666929
18.14,2.75931596,2.833549977,2.843028759,2.723910537,2.79998855,2.803699443,0.1109866403,0.04832646543,0.2150173285,0.2251964448,0.1844381422,0.6234882303,0.6222576257,0.6257076503,0.4449133574,0.4540177761,0.4578092889
18.16,2.758961883,2.833220277,2.842637479,2.723759075,2.799841097,2.803530233,0.1103644678,0.048055701,0.2150456547,0.2252228208,0.1844694447,0.6233569423,0.6221373181,0.6255655691,0.4447717266,0.4538858958,0.4576527767
18.18,2.758609847,2.832892345,2.842248415,2.723608472,2.79969446,2.803361973,0.1097457864,0.04778645382,0.2150738176,0.2252490554,0.1845005698,0.6232263861,0.6220176356,0.6254242643,0.444630912,0.4537547231,0.4574971512
18.2,2.758259838,2.832566173,2.841861555,2.723458722,2.799548633,2.803194656,0.1091305766,0.04751871538,0.2151018183,0.2252751491,0.1845315185,0.6230965574,0.6218985752,0.6252837319,0.4444909087,0.4536242544,0.4573424073
18.22,2.757911846,2.832241752,2.841476887,2.72330982,2.799403613,2.803028277,0.1085188189,0.04725247722,0.2151296576,0.2253011028,0.184562292,0.6229674525,0.6217801339,0.6251439676,0.4443517119,0.453494486,0.4571885399
18.24,2.757565859,2.831919073,2.841094397,2.723161763,2.799259395,2.802862832,0.1079104937,0.04698773094,0.2151573366,0.2253269171,0.1845928912,0.6228390671,0.6216623088,0.6250049674,0.4442133168,0.4533654145,0.457035544
18.26,2.757221863,2.831598128,2.840714073,2.723014544,2.799115975,2.802698315,0.1073055818,0.04672446817,0.2151848563,0.2253525928,0.1846233171,0.6227113973,0.6215450969,0.6248667271,0.4440757187,0.4532370362,0.4568834145
18.28,2.756879849,2.831278906,2.840335903,2.722868159,2.798973347,2.80253472,0.1067040639,0.04646268059,0.2152122174,0.2253781305,0.1846535707,0.6225844393,0.6214284954,0.6247292427,0.4439389129,0.4531093477,0.4567321465
18.3,2.756539804,2.830961401,2.839959875,2.722722604,2.798831509,2.802372044,0.1061059211,0.04620235994,0.215239421,0.2254035309,0.184683653,0.6224581889,0.6213125014,0.6245925101,0.4438028948,0.4529823454,0.4565817351
18.32,2.756201716,2.830645601,2.839585975,2.722577873,2.798690456,2.802210279,0.1055111343,0.045943498,0.2152664681,0.2254287948,0.1847135649,0.6223326424,0.6211971118,0.6244565254,0.4436676596,0.4528560258,0.4564321753
18.34,2.755865574,2.830331501,2.839214192,2.722433961,2.798550183,2.802049422,0.1049196846,0.04568608658,0.2152933594,0.2254539229,0.1847433076,0.6222077958,0.6210823239,0.6243212844,0.4435332028,0.4527303854,0.4562834622
18.36,2.755531366,2.830019089,2.838844514,2.722290866,2.798410686,2.801889467,0.1043315533,0.04543011756,0.215320096,0.2254789159,0.1847728818,0.6220836452,0.6209681348,0.6241867832,0.4433995198,0.4526054207,0.4561355909
18.38,2.755199081,2.829708358,2.838476929,2.72214858,2.798271961,2.80173041,0.1037467217,0.04517558285,0.2153466788,0.2255037743,0.1848022887,0.6219601868,0.6208545416,0.6240530179,0.4432666059,0.4524811283,0.4559885567
18.4,2.754868709,2.829399299,2.838111424,2.7220071,2.798134003,2.801572244,0.1031651713,0.0449224744,0.2153731086,0.225528499,0.1848315291,0.6218374167,0.6207415414,0.6239199844,0.4431344568,0.4523575048,0.4558423547
18.42,2.754540236,2.829091904,2.837747987,2.721866422,2.797996809,2.801414965,0.1025868835,0.04467078424,0.2153993864,0.2255530907,0.184860604,0.6217153312,0.6206291314,0.6237876788,0.4430030679,0.4522345467,0.4556969801
18.44,2.754213653,2.828786164,2.837386608,2.72172654,2.797860375,2.801258569,0.1020118402,0.0444205044,0.2154255131,0.2255775499,0.1848895143,0.6215939264,0.6205173088,0.6236560974,0.4428724346,0.4521122506,0.4555524283
18.46,2.753888948,2.82848207,2.837027273,2.72158745,2.797724695,2.80110305,0.1014400229,0.04417162698,0.2154514895,0.2256018774,0.1849182611,0.6214731986,0.6204060707,0.623525236,0.4427425526,0.4519906131,0.4554086944
18.48,2.75356611,2.828179614,2.836669972,2.721449148,2.797589767,2.800948402,0.1008714136,0.04392414412,0.2154773165,0.2256260738,0.1849468452,0.621353144,0.6202954144,0.623395091,0.4426134175,0.4518696309,0.4552657738
18.5,2.753245129,2.827878788,2.836314692,2.721311629,2.797455586,2.800794622,0.1003059943,0.04367804801,0.215502995,0.2256501399,0.1849752676,0.6212337588,0.620185337,0.6232656584,0.4424850248,0.4517493005,0.4551236619
18.52,2.752925992,2.827579584,2.835961422,2.721174888,2.797322148,2.800641705,0.09974374691,0.04343333086,0.215528526,0.2256740763,0.1850035292,0.6211150395,0.6200758358,0.6231369344,0.4423573701,0.4516296186,0.4549823539
18.54,2.75260869,2.827281992,2.83561015,2.721038922,2.797189448,2.800489645,0.09918465372,0.04318998496,0.2155539102,0.2256978836,0.1850316309,0.6209969822,0.6199669079,0.6230089153,0.4422304492,0.4515105819,0.4548418453
18.56,2.752293211,2.826986005,2.835260866,2.720903725,2.797057483,2.800338438,0.09862869698,0.04294800261,0.2155791484,0.2257215626,0.1850595737,0.6208795833,0.6198585506,0.6228815971,0.4421042578,0.4513921871,0.4547021315
18.58,2.751979545,2.826691614,2.834913557,2.720769293,2.796926249,2.800188079,0.09807585904,0.04270737617,0.2156042417,0.2257451138,0.1850873584,0.6207628392,0.6197507612,0.6227549762,0.4419787914,0.4512744308,0.4545632079
18.6,2.751667681,2.826398812,2.834568212,2.720635623,2.796795742,2.800038563,0.09752612237,0.04246809804,0.2156291908,0.225768538,0.185114986,0.6206467463,0.6196435368,0.6226290489,0.4418540459,0.4511573098,0.45442507
18.62,2.751357609,2.826107589,2.83422482,2.720502709,2.796665958,2.799889885,0.09697946954,0.04223016067,0.2156539966,0.2257918358,0.1851424573,0.6205313008,0.6195368748,0.6225038113,0.4417300171,0.4510408208,0.4542877134
18.64,2.751049318,2.825817938,2.833883371,2.720370547,2.796536892,2.799742041,0.09643588321,0.04199355654,0.2156786599,0.2258150079,0.1851697733,0.6204164993,0.6194307724,0.6223792597,0.4416067006,0.4509249605,0.4541511334
18.66,2.750742798,2.825529851,2.833543852,2.720239133,2.796408542,2.799595027,0.09589534615,0.04175827817,0.2157031815,0.2258380549,0.1851969348,0.6203023381,0.6193252269,0.6222553906,0.4414840924,0.4508097257,0.4540153258
18.68,2.750438037,2.82524332,2.833206252,2.720108463,2.796280902,2.799448836,0.09535784122,0.04152431814,0.2157275623,0.2258609774,0.1852239428,0.6201888138,0.6192202356,0.6221322001,0.4413621883,0.4506951132,0.453880286
18.7,2.750135027,2.824958336,2.832870561,2.719978532,2.79615397,2.799303466,0.09482335137,0.04129166906,0.2157518032,0.2258837761,0.1852507981,0.6200759227,0.6191157959,0.6220096847,0.4412409842,0.4505811197,0.4537460097
18.72,2.749833756,2.824674892,2.832536768,2.719849336,2.796027741,2.79915891,0.09429185966,0.04106032358,0.2157759048,0.2259064516,0.1852775015,0.6199636613,0.6190119049,0.6218878408,0.4411204759,0.4504677421,0.4536124925
18.74,2.749534215,2.82439298,2.832204862,2.719720871,2.795902211,2.799015165,0.09376334924,0.04083027439,0.2157998681,0.2259290046,0.185304054,0.6198520263,0.6189085601,0.6217666646,0.4410006593,0.4503549771,0.45347973
18.76,2.749236393,2.824112591,2.831874832,2.719593134,2.795777377,2.798872227,0.09323780335,0.04060151422,0.2158236939,0.2259514357,0.1853304564,0.619741014,0.6188057588,0.6216461527,0.4408815304,0.4502428216,0.453347718
18.78,2.74894028,2.823833718,2.831546667,2.719466118,2.795653234,2.798730089,0.09271520533,0.04037403586,0.2158473829,0.2259737455,0.1853567096,0.6196306211,0.6187034984,0.6215263014,0.4407630853,0.4501312725,0.4532164521
18.8,2.748645866,2.823556353,2.831220357,2.719339822,2.79552978,2.798588749,0.09219553862,0.04014783211,0.2158709361,0.2259959347,0.1853828144,0.6195208441,0.6186017761,0.6214071072,0.4406453197,0.4500203265,0.453085928
18.82,2.748353141,2.823280489,2.830895891,2.719214239,2.79540701,2.798448201,0.09167878673,0.03992289584,0.215894354,0.2260180039,0.1854087717,0.6194116795,0.6185005894,0.6212885665,0.4405282299,0.4499099807,0.4529561416
18.84,2.748062096,2.823006117,2.830573259,2.719089368,2.795284921,2.798308441,0.09116493329,0.03969921994,0.2159176377,0.2260399536,0.1854345823,0.6193031241,0.6183999356,0.6211706758,0.4404118117,0.4498002318,0.4528270886
18.86,2.74777272,2.822733229,2.830252449,2.718965202,2.795163508,2.798169465,0.09065396202,0.03947679734,0.2159407877,0.2260617847,0.185460247,0.6191951743,0.6182998122,0.6210534317,0.4402960613,0.4496910767,0.4526987648
18.88,2.747485004,2.822461818,2.829933452,2.718841739,2.795042768,2.798031268,0.0901458567,0.03925562102,0.215963805,0.2260834975,0.1854857668,0.6190878269,0.6182002165,0.6209368306,0.4401809748,0.4495825124,0.4525711661
18.9,2.747198937,2.822191877,2.829616258,2.718718974,2.794922698,2.797893846,0.08964060125,0.03903568401,0.2159866903,0.2261050928,0.1855111424,0.6189810785,0.618101146,0.6208208691,0.4400665483,0.4494745359,0.4524442882
18.92,2.746914511,2.821923397,2.829300855,2.718596903,2.794803293,2.797757195,0.08913817964,0.03881697934,0.2160094444,0.2261265712,0.1855363746,0.6188749258,0.618002598,0.6207055437,0.4399527779,0.449367144,0.4523181271
18.94,2.746631716,2.821656372,2.828987234,2.718475522,2.79468455,2.797621309,0.08863857595,0.03859950011,0.2160320681,0.2261479332,0.1855614643,0.6187693654,0.61790457,0.620590851,0.4398396597,0.4492603338,0.4521926787
18.96,2.746350542,2.821390792,2.828675384,2.718354828,2.794566466,2.797486186,0.08814177435,0.03838323946,0.216054562,0.2261691796,0.1855864122,0.6186643941,0.6178070595,0.6204767876,0.43972719,0.4491541021,0.4520679389
18.98,2.746070979,2.821126652,2.828365296,2.718234817,2.794449037,2.79735182,0.08764775909,0.03816819055,0.216076927,0.2261903108,0.1856112193,0.6185600086,0.6177100639,0.62036335,0.439615365,0.449048446,0.4519439037
19,2.745793019,2.820863944,2.828056959,2.718115484,2.794332258,2.797218207,0.08715651452,0.0379543466,0.2160991638,0.2262113275,0.1856358862,0.6184562057,0.6176135807,0.620250535,0.4395041808,0.4489433626,0.4518205689
19.02,2.745516651,2.820602659,2.827750364,2.717996825,2.794216128,2.797085344,0.08666802508,0.03774170085,0.2161212732,0.2262322303,0.1856604139,0.618352982,0.6175176073,0.6201383391,0.4393936338,0.4488388487,0.4516979307
19.04,2.745241867,2.820342791,2.8274455,2.717878838,2.794100642,2.796953225,0.08618227528,0.03753024659,0.216143256,0.2262530197,0.185684803,0.6182503345,0.6174221412,0.620026759,0.4392837202,0.4487349015,0.4515759851
19.06,2.744968657,2.820084332,2.827142357,2.717761517,2.793985796,2.796821847,0.08569924974,0.03731997713,0.2161651127,0.2262736964,0.1857090544,0.6181482599,0.6173271799,0.6199157914,0.4391744363,0.448631518,0.4514547281
19.08,2.744697013,2.819827275,2.826840926,2.71764486,2.793871587,2.796691206,0.08521893315,0.03711088584,0.2161868443,0.226294261,0.1857331689,0.618046755,0.6172327209,0.619805433,0.4390657784,0.4485286952,0.4513341557
19.1,2.744426924,2.819571613,2.826541197,2.717528862,2.793758012,2.796561297,0.0847413103,0.03690296612,0.2162084514,0.226314714,0.1857571472,0.6179458166,0.6171387618,0.6196956805,0.4389577429,0.4484264302,0.4512142641
19.12,2.744158382,2.819317337,2.826243161,2.71741352,2.793645067,2.796432116,0.08426636604,0.03669621139,0.2162299348,0.226335056,0.1857809901,0.6178454417,0.6170453001,0.6195865306,0.4388503261,0.4483247202,0.4510950494
19.14,2.743891378,2.819064442,2.825946806,2.717298829,2.793532748,2.79630366,0.08379408534,0.03649061514,0.2162512951,0.2263552876,0.1858046985,0.617745627,0.6169523332,0.6194779801,0.4387435245,0.4482235621,0.4509765076
19.16,2.743625902,2.81881292,2.825652125,2.717184787,2.793421053,2.796175923,0.08332445323,0.03628617086,0.2162725331,0.2263754094,0.185828273,0.6176463695,0.6168598588,0.6193700258,0.4386373343,0.4481229532,0.4508586351
19.18,2.743361947,2.818562763,2.825359107,2.71707139,2.793309978,2.796048903,0.08285745483,0.0360828721,0.2162936496,0.2263954219,0.1858517144,0.6175476661,0.6167678744,0.6192626643,0.4385317522,0.4480228905,0.4507414279
19.2,2.743099503,2.818313965,2.825067743,2.716958633,2.793199519,2.795922595,0.08239307536,0.03588071244,0.2163146451,0.2264153258,0.1858750236,0.6174495137,0.6166763776,0.6191558925,0.4384267744,0.4479233712,0.4506248822
19.22,2.74283856,2.818066518,2.824778023,2.716846513,2.793089673,2.795796995,0.08193130009,0.0356796855,0.2163355205,0.2264351215,0.1858982011,0.6173519092,0.6165853659,0.6190497073,0.4383223975,0.4478243925,0.4505089944
19.24,2.742579112,2.817820416,2.824489939,2.716735028,2.792980436,2.795672099,0.08147211441,0.03547978493,0.2163562764,0.2264548097,0.1859212479,0.6172548495,0.6164948369,0.6189441054,0.438218618,0.4477259515,0.4503937606
19.26,2.742321147,2.817575651,2.82420348,2.716624172,2.792871806,2.795547903,0.08101550377,0.03528100441,0.2163769135,0.2264743909,0.1859441646,0.6171583318,0.6164047883,0.6188390837,0.4381154323,0.4476280454,0.450279177
19.28,2.742064659,2.817332216,2.823918637,2.716513942,2.792763779,2.795424404,0.0805614537,0.03508333767,0.2163974326,0.2264938657,0.185966952,0.6170623529,0.6163152176,0.6187346391,0.4380128371,0.4475306714,0.4501652401
19.3,2.741809639,2.817090104,2.823635402,2.716404335,2.792656351,2.795301597,0.08010994983,0.03488677847,0.2164178342,0.2265132346,0.1859896108,0.6169669098,0.6162261225,0.6186307684,0.4379108289,0.4474338268,0.4500519461
19.32,2.741556077,2.816849309,2.823353765,2.716295348,2.79254952,2.795179478,0.07966097786,0.0346913206,0.2164381192,0.2265324983,0.1860121417,0.6168719996,0.6161375006,0.6185274686,0.4378094042,0.4473375086,0.4499392913
19.34,2.741303966,2.816609823,2.823073718,2.716186976,2.792443282,2.795058044,0.07921452356,0.03449695789,0.2164582881,0.2265516571,0.1860345456,0.6167776193,0.6160493494,0.6184247365,0.4377085597,0.4472417143,0.4498272722
19.36,2.741053296,2.816371639,2.82279525,2.716079216,2.792337634,2.79493729,0.07877057279,0.0343036842,0.2164783416,0.2265707118,0.186056823,0.616683766,0.6159616668,0.6183225691,0.4376082919,0.4471464409,0.449715885
19.38,2.740804061,2.816134752,2.822518353,2.715972065,2.792232572,2.794817213,0.07832911151,0.03411149343,0.2164982805,0.2265896628,0.1860789748,0.6165904367,0.6158744503,0.6182209633,0.4375085976,0.4470516859,0.4496051262
19.4,2.74055625,2.815899153,2.822243018,2.715865519,2.792128093,2.79469781,0.07789012572,0.0339203795,0.2165181053,0.2266085107,0.1861010016,0.6164976285,0.6157876975,0.6181199161,0.4374094733,0.4469574464,0.4494949922
19.42,2.740309856,2.815664837,2.821969236,2.715759576,2.792024195,2.794579076,0.07745360152,0.03373033639,0.2165378168,0.226627256,0.1861229041,0.6164053386,0.6157014063,0.6180194244,0.4373109158,0.4468637198,0.4493854794
19.44,2.740064871,2.815431795,2.821696998,2.71565423,2.791920874,2.794461007,0.0770195251,0.03354135809,0.2165574157,0.2266458993,0.1861446831,0.616313564,0.6156155742,0.6179194853,0.4372129217,0.4467705033,0.4492765844
19.46,2.739821286,2.815200023,2.821426296,2.71554948,2.791818126,2.7943436,0.0765878827,0.03335343864,0.2165769024,0.2266644411,0.1861663393,0.6162223019,0.615530199,0.6178200958,0.4371154878,0.4466777943,0.4491683035
19.48,2.739579093,2.814969512,2.82115712,2.715445321,2.791715949,2.794226851,0.07615866066,0.03316657209,0.2165962778,0.226682882,0.1861878733,0.6161315494,0.6154452783,0.6177212529,0.4370186108,0.4465855902,0.4490606333
19.5,2.739338285,2.814740257,2.820889463,2.71534175,2.79161434,2.794110757,0.0757318454,0.03298075256,0.2166155425,0.2267012224,0.1862092859,0.6160413037,0.6153608099,0.6176229536,0.4369222874,0.4464938881,0.4489535703
19.52,2.739098853,2.814512251,2.820623315,2.715238765,2.791513295,2.793995313,0.07530742338,0.03279597417,0.2166346971,0.2267194629,0.1862305778,0.615951562,0.6152767915,0.617525195,0.4368265145,0.4464026856,0.4488471111
19.54,2.738860789,2.814285487,2.820358668,2.71513636,2.791412811,2.793880517,0.07488538118,0.03261223109,0.2166537422,0.226737604,0.1862517496,0.6158623214,0.6151932209,0.6174279741,0.4367312889,0.4463119799,0.4487412522
19.56,2.738624085,2.814059958,2.820095513,2.715034534,2.791312886,2.793766364,0.07446570544,0.03242951752,0.2166726785,0.2267556463,0.186272802,0.6157735792,0.6151100958,0.6173312881,0.4366366073,0.4462217685,0.4486359902
19.58,2.738388733,2.813835659,2.819833841,2.714933283,2.791213515,2.793652851,0.07404838286,0.03224782768,0.2166915067,0.2267735903,0.1862937357,0.6156853327,0.615027414,0.617235134,0.4365424666,0.4461320487,0.4485313217
19.6,2.738154726,2.813612582,2.819573646,2.714832604,2.791114697,2.793539974,0.07363340024,0.03206715585,0.2167102273,0.2267914364,0.1863145513,0.615597579,0.6149451731,0.617139509,0.4364488636,0.446042818,0.4484272434
19.62,2.737922055,2.813390722,2.819314917,2.714732493,2.791016427,2.793427729,0.07322074444,0.03188749631,0.2167288409,0.2268091852,0.1863352496,0.6155103154,0.6148633711,0.6170444102,0.4363557953,0.4459540738,0.4483237518
19.64,2.737690713,2.813170071,2.819057646,2.714632948,2.790918704,2.793316114,0.07281040239,0.03170884339,0.2167473483,0.2268268373,0.1863558313,0.6154235392,0.6147820056,0.6169498347,0.4362632584,0.4458658134,0.4482208436
19.66,2.737460692,2.812950623,2.818801826,2.714533964,2.790821523,2.793205125,0.07240236111,0.03153119146,0.21676575,0.2268443931,0.1863762969,0.6153372477,0.6147010746,0.6168557797,0.43617125,0.4457780344,0.4481185155
19.68,2.737231984,2.812732373,2.818547448,2.714435539,2.790724883,2.793094757,0.07199660767,0.03135453489,0.2167840466,0.2268618532,0.1863966471,0.6152514382,0.6146205757,0.6167622424,0.436079767,0.4456907342,0.4480167643
19.7,2.737004582,2.812515313,2.818294504,2.71433767,2.790628779,2.792985008,0.07159312923,0.03117886812,0.2168022388,0.2268792179,0.1864168827,0.6151661079,0.6145405068,0.61666922,0.4359888062,0.4456039103,0.4479155866
19.72,2.736778478,2.812299437,2.818042985,2.714240353,2.79053321,2.792875875,0.07119191303,0.0310041856,0.216820327,0.226896488,0.1864370042,0.6150812543,0.6144608658,0.6165767097,0.4358983648,0.4455175601,0.4478149792
19.74,2.736553665,2.81208474,2.817792884,2.714143585,2.790438172,2.792767352,0.07079294636,0.03083048181,0.2168383121,0.2269136638,0.1864570122,0.6149968747,0.6143816504,0.6164847086,0.4358084395,0.4454316812,0.4477149388
19.76,2.736330136,2.811871215,2.817544193,2.714047364,2.790343662,2.792659439,0.0703962166,0.03065775126,0.2168561945,0.2269307458,0.1864769076,0.6149129664,0.6143028585,0.6163932141,0.4357190276,0.445346271,0.4476154622
19.78,2.736107881,2.811658855,2.817296903,2.713951686,2.790249677,2.79255213,0.07000171118,0.03048598851,0.2168739748,0.2269477346,0.1864966908,0.6148295268,0.614224488,0.6163022234,0.4356301259,0.4452613271,0.4475165462
19.8,2.735886895,2.811447655,2.817051006,2.713856547,2.790156215,2.792445422,0.06960941762,0.03031518813,0.2168916537,0.2269646306,0.1865163625,0.6147465533,0.6141465367,0.6162117338,0.4355417315,0.445176847,0.4474181877
19.82,2.73566717,2.811237608,2.816806495,2.713761946,2.790063272,2.792339312,0.06921932351,0.03014534473,0.2169092317,0.2269814344,0.1865359233,0.6146640434,0.6140690026,0.6161217425,0.4354538415,0.4450928282,0.4473203834
19.84,2.735448699,2.811028708,2.816563362,2.713667879,2.789970846,2.792233798,0.06883141649,0.02997645294,0.2169267094,0.2269981463,0.186555374,0.6145819944,0.6139918833,0.6160322468,0.4353664529,0.4450092683,0.4472231301
19.86,2.735231474,2.810820949,2.816321599,2.713574342,2.789878933,2.792128874,0.0684456843,0.02980850743,0.2169440874,0.227014767,0.186574715,0.6145004037,0.613915177,0.6159432441,0.4352795629,0.4449261649,0.4471264249
19.88,2.735015488,2.810614326,2.816081198,2.713481333,2.789787532,2.792024539,0.06806211472,0.0296415029,0.2169613663,0.2270312969,0.1865939471,0.6144192689,0.6138388814,0.6158547316,0.4351931685,0.4448435156,0.4470302645
19.9,2.734800734,2.810408832,2.815842152,2.713388849,2.789696639,2.791920788,0.06768069561,0.02947543407,0.2169785466,0.2270477364,0.1866130708,0.6143385873,0.6137629946,0.6157667068,0.4351072669,0.4447613179,0.4469346459
19.92,2.734587205,2.810204461,2.815604452,2.713296887,2.789606251,2.791817619,0.06730141491,0.02931029571,0.216995629,0.2270640861,0.1866320868,0.6142583565,0.6136875143,0.6156791669,0.4350218552,0.4446795694,0.446839566
19.94,2.734374893,2.810001206,2.815368091,2.713205444,2.789516366,2.791715028,0.06692426061,0.02914608259,0.2170126139,0.2270803465,0.1866509957,0.614178574,0.6136124386,0.6155921093,0.4349369306,0.4445982677,0.4467450216
19.96,2.734163792,2.809799064,2.815133062,2.713114516,2.78942698,2.791613012,0.06654922078,0.02898278954,0.217029502,0.2270965179,0.186669798,0.6140992372,0.6135377653,0.6155055314,0.4348524902,0.4445174106,0.4466510099
19.98,2.733953895,2.809598026,2.814899356,2.713024102,2.789338092,2.791511567,0.06617628355,0.02882041139,0.2170462938,0.2271126009,0.1866884945,0.6140203437,0.6134634924,0.6154194306,0.4347685312,0.4444369956,0.4465575277
20,2.733745194,2.809398088,2.814666967,2.712934197,2.789249698,2.791410691,0.06580543712,0.02865894303,0.2170629898,0.2271285959,0.1867070856,0.613941891,0.613389618,0.6153338043,0.4346850509,0.4443570203,0.4464645721
