t,n1,n2,n3,oracle_n1,oracle_n2,oracle_n3,error_norm,oracle_error_norm,r1,r2,r3,u1,u2,u3,z1,z2,z3
0,4.649147039,4.649147039,4.649147039,4.649147039,4.649147039,4.649147039,0.7320508076,0.7320508076,0.5577350269,0.1577350269,0,0.7183946842,0.7183946842,0.7183946842,0.7690598923,0.7690598923,0.7690598923
0.02,4.644941604,4.647173307,4.649139167,4.644941604,4.647173307,4.649139167,0.7284847735,0.7284847735,0.5581555704,0.1579324001,0,0.717275827,0.7178697037,0.7183925908,0.7673777183,0.7682703995,0.7690567435
0.04,4.640778014,4.645197008,4.64911562,4.640778014,4.645197008,4.64911562,0.7249442592,0.7249442592,0.5585719295,0.15813003,0,0.7161670604,0.7173438075,0.7183863291,0.7657122822,0.7674798798,0.7690473248
0.06,4.636655852,4.643218388,4.649076504,4.636655852,4.643218388,4.649076504,0.7214289061,0.7214289061,0.5589841456,0.158327892,0,0.7150683009,0.7168170597,0.7183759272,0.7640634174,0.7666884321,0.7690316785
0.08,4.632574706,4.64123769,4.649021926,4.632574706,4.64123769,4.649021926,0.7179383612,0.7179383612,0.5593922602,0.1585259618,0,0.713979466,0.7162895237,0.7183614131,0.7624309591,0.7658961529,0.7690098471
0.1,4.628534168,4.639255151,4.648951993,4.628534168,4.639255151,4.648951993,0.7144722769,0.7144722769,0.559796314,0.1587242157,0,0.7129004735,0.7157612615,0.7183428154,0.7608147441,0.7651031373,0.7689818738
0.12,4.624533835,4.637271004,4.648866813,4.624533835,4.637271004,4.648866813,0.7110303115,0.7110303115,0.5601963473,0.1589226305,0,0.7118312419,0.7152323341,0.7183201628,0.7592146106,0.7643094782,0.7689478019
0.14,4.620573305,4.635285476,4.648766496,4.620573305,4.635285476,4.648766496,0.7076121287,0.7076121287,0.5605924003,0.1591211832,0,0.7107716901,0.7147028016,0.7182934842,0.7576303988,0.763515267,0.7689076753
0.16,4.616652183,4.633298791,4.648651154,4.616652183,4.633298791,4.648651154,0.7042173974,0.7042173974,0.5609845125,0.1593198517,0,0.7097217379,0.7141727228,0.7182628087,0.7560619501,0.7627205933,0.7688615382
0.18,4.612770078,4.63131117,4.648520896,4.612770078,4.63131117,4.648520896,0.700845792,0.700845792,0.5613727231,0.1595186138,0,0.7086813053,0.7136421554,0.7182281656,0.7545091078,0.7619255449,0.7688094351
0.2,4.608926599,4.629322828,4.648375835,4.608926599,4.629322828,4.648375835,0.6974969922,0.6974969922,0.5617570709,0.159717448,0,0.7076503131,0.7131111563,0.7181895844,0.7529717165,0.761130208,0.7687514109
0.22,4.605121364,4.627333976,4.648216086,4.605121364,4.627333976,4.648216085,0.6941706829,0.6941706829,0.5621375944,0.1599163333,0,0.7066286827,0.7125797813,0.7181470948,0.7514496225,0.760334667,0.768687511
0.24,4.601353992,4.62534482,4.64804176,4.601353992,4.62534482,4.64804176,0.6908665541,0.6908665541,0.5625143316,0.1601152488,0,0.7056163357,0.7120480851,0.7181007267,0.7499426735,0.7595390046,0.7686177807
0.26,4.597624106,4.623355564,4.647852973,4.597624106,4.623355564,4.647852973,0.6875843009,0.6875843009,0.5628873202,0.1603141745,0,0.7046131947,0.7115161215,0.71805051,0.748450719,0.7587433022,0.7685422659
0.28,4.593931332,4.621366406,4.64764984,4.593931332,4.621366406,4.64764984,0.6843236234,0.6843236234,0.5632565976,0.1605130902,0,0.7036191826,0.7109839432,0.717996475,0.7469736097,0.7579476392,0.7684610127
0.3,4.590275303,4.619377542,4.647432477,4.590275303,4.619377542,4.647432477,0.6810842266,0.6810842266,0.5636222005,0.1607119766,0,0.7026342228,0.7104516023,0.7179386519,0.7455111978,0.7571520936,0.7683740674
0.32,4.586655651,4.617389163,4.647201,4.586655651,4.617389163,4.647201,0.6778658204,0.6778658204,0.5639841657,0.1609108145,0,0.7016582395,0.7099191495,0.7178770712,0.7440633372,0.756356742,0.7682814766
0.34,4.583072016,4.615401456,4.646955526,4.583072016,4.615401456,4.646955526,0.6746681195,0.6746681195,0.5643425292,0.1611095852,0,0.7006911572,0.7093866347,0.7178117635,0.7426298831,0.7555616591,0.7681832873
0.36,4.579524038,4.613414604,4.646696174,4.579524038,4.613414604,4.646696174,0.6714908435,0.6714908435,0.564697327,0.1613082704,0,0.6997329011,0.7088541072,0.7177427593,0.741210692,0.7547669184,0.7680795463
0.38,4.576011363,4.611428788,4.646423061,4.576011363,4.611428788,4.646423061,0.6683337164,0.6683337164,0.5650485945,0.161506852,0,0.6987833967,0.7083216149,0.7176700896,0.7398056221,0.7539725919,0.767970301
0.4,4.57253364,4.609444183,4.646136305,4.57253364,4.609444183,4.646136305,0.6651964671,0.6651964671,0.5653963668,0.1617053125,0,0.6978425704,0.7077892051,0.7175937851,0.738414533,0.7531787498,0.7678555988
0.42,4.569090521,4.607460961,4.645836026,4.569090521,4.607460961,4.645836026,0.6620788288,0.6620788288,0.5657406787,0.1619036347,0,0.6969103488,0.7072569241,0.7175138769,0.7370372853,0.7523854613,0.7677354873
0.44,4.565681662,4.605479293,4.645522344,4.565681662,4.605479293,4.645522344,0.6589805395,0.6589805395,0.5660815646,0.1621018015,0,0.6959866592,0.7067248175,0.717430396,0.7356737416,0.7515927939,0.7676100143
0.46,4.562306721,4.603499343,4.645195378,4.562306721,4.603499343,4.645195378,0.6559013413,0.6559013413,0.5664190587,0.1622997965,0,0.6950714294,0.7061929299,0.7173433736,0.7343237653,0.7508008138,0.7674792278
0.48,4.558965362,4.601521273,4.644855247,4.558965362,4.601521273,4.644855248,0.6528409808,0.6528409808,0.5667531946,0.1624976035,0,0.6941645877,0.7056613051,0.7172528408,0.7329872215,0.7500095858,0.7673431758
0.5,4.555657249,4.599545242,4.644502074,4.555657249,4.599545242,4.644502074,0.6497992091,0.6497992091,0.5670840059,0.1626952066,0,0.6932660628,0.705129986,0.7171588291,0.7316639765,0.7492191734,0.7672019064
0.52,4.552382053,4.597571405,4.644135978,4.552382053,4.597571405,4.644135979,0.6467757813,0.6467757813,0.5674115255,0.1628925903,0,0.6923757842,0.7045990147,0.7170613696,0.7303538981,0.7484296386,0.7670554682
0.54,4.549139446,4.595599914,4.643757081,4.549139446,4.595599914,4.643757081,0.6437704568,0.6437704568,0.5677357862,0.1630897394,0,0.6914936817,0.7040684327,0.7169604937,0.7290568551,0.7476410423,0.7669039093
0.56,4.545929103,4.593630918,4.643365504,4.545929103,4.593630918,4.643365504,0.640782999,0.640782999,0.5680568205,0.163286639,0,0.6906196857,0.7035382803,0.7168562329,0.727772718,0.7468534438,0.7667472785
0.58,4.542750704,4.591664562,4.642961369,4.542750704,4.591664562,4.642961369,0.6378131757,0.6378131757,0.5683746605,0.1634832746,0,0.689753727,0.7030085973,0.7167486187,0.7265013582,0.7460669016,0.7665856242
0.6,4.53960393,4.589700989,4.642544796,4.53960393,4.589700989,4.642544796,0.6348607584,0.6348607584,0.5686893378,0.1636796319,0,0.6888957371,0.7024794228,0.7166376825,0.7252426486,0.7452814724,0.7664189952
0.62,4.536488467,4.587740338,4.642115908,4.536488467,4.587740338,4.642115908,0.6319255226,0.6319255226,0.5690008841,0.163875697,0,0.6880456477,0.7019507949,0.7165234559,0.7239964634,0.7444972121,0.7662474401
0.64,4.533404003,4.585782746,4.641674828,4.533404003,4.585782746,4.641674828,0.6290072478,0.6290072478,0.5693093305,0.1640714562,0,0.6872033914,0.701422751,0.7164059703,0.722762678,0.7437141751,0.7660710078
0.66,4.530350231,4.583828345,4.641221676,4.530350231,4.583828345,4.641221676,0.6261057174,0.6261057174,0.5696147078,0.1642668963,0,0.6863689009,0.7008953279,0.7162852574,0.721541169,0.7429324147,0.765889747
0.68,4.527326843,4.581877266,4.640756575,4.527326843,4.581877266,4.640756575,0.6232207184,0.6232207184,0.5699170465,0.1644620042,0,0.6855421097,0.7003685616,0.7161613486,0.7203318141,0.7421519831,0.7657037067
0.7,4.52433354,4.579929636,4.640279647,4.52433354,4.579929636,4.640279647,0.6203520416,0.6203520416,0.5702163769,0.1646567672,0,0.6847229517,0.6998424873,0.7160342755,0.7191344926,0.7413729312,0.7655129358
0.72,4.52137002,4.57798558,4.639791016,4.52137002,4.57798558,4.639791016,0.6174994817,0.6174994817,0.5705127289,0.1648511728,0,0.6839113612,0.6993171395,0.7159040697,0.7179490846,0.7405953088,0.765317483
0.74,4.518435987,4.57604522,4.639290801,4.518435987,4.57604522,4.639290801,0.6146628366,0.6146628366,0.5708061321,0.1650452088,0,0.683107273,0.6987925521,0.7157707628,0.7167754716,0.7398191646,0.7651173973
0.76,4.515531149,4.574108674,4.638779127,4.515531149,4.574108674,4.638779127,0.6118419082,0.6118419081,0.5710966159,0.1652388635,0,0.6823106225,0.6982687582,0.7156343861,0.7156135362,0.7390445462,0.7649127276
0.78,4.512655214,4.572176058,4.638256115,4.512655214,4.572176058,4.638256115,0.6090365015,0.6090365015,0.5713842094,0.165432125,0,0.6815213456,0.6977457904,0.7154949713,0.7144631623,0.7382715,0.7647035227
0.8,4.509807895,4.570247487,4.637721887,4.509807895,4.570247487,4.637721887,0.6062464254,0.6062464254,0.5716689413,0.1656249821,0,0.6807393784,0.6972236804,0.7153525499,0.7133242348,0.7375000715,0.7644898315
0.82,4.506988908,4.568323071,4.637176565,4.506988908,4.568323071,4.637176565,0.6034714919,0.6034714919,0.57195084,0.1658174237,0,0.6799646579,0.6967024594,0.7152071532,0.7121966398,0.736730305,0.7642717028
0.84,4.50419797,4.566402918,4.636620272,4.50419797,4.566402918,4.636620271,0.6007115165,0.6007115164,0.5722299338,0.166009439,0,0.6791971212,0.6961821578,0.7150588127,0.7110802646,0.7359622438,0.7640491854
0.86,4.501434802,4.564487134,4.636053128,4.501434802,4.564487134,4.636053128,0.5979663179,0.5979663179,0.5725062506,0.1662010174,0,0.6784367061,0.6956628056,0.7149075597,0.7099749975,0.7351959302,0.763822328
0.88,4.498699128,4.562575822,4.635475256,4.498699128,4.562575822,4.635475256,0.5952357182,0.5952357181,0.572779818,0.1663921486,0,0.6776833508,0.6951444319,0.7147534257,0.708880728,0.7344314054,0.7635911793
0.9,4.495990675,4.560669083,4.634886778,4.495990675,4.560669083,4.634886777,0.5925195426,0.5925195425,0.5730506633,0.1665828226,0,0.6769369939,0.6946270653,0.7145964418,0.7077973467,0.7336687098,0.7633557878
0.92,4.493309171,4.558767014,4.634287814,4.493309171,4.558767015,4.634287813,0.5898176195,0.5898176195,0.5733188137,0.1667730294,0,0.6761975746,0.6941107339,0.7144366393,0.7067247452,0.7329078825,0.7631162022
0.94,4.490654349,4.556869713,4.633678485,4.490654349,4.556869713,4.633678485,0.5871297805,0.5871297804,0.573584296,0.1669627595,0,0.6754650324,0.6935954649,0.7142740495,0.7056628162,0.732148962,0.7628724708
0.96,4.488025942,4.554977272,4.633058913,4.488025942,4.554977272,4.633058913,0.5844558599,0.5844558599,0.5738471366,0.1671520036,0,0.6747393074,0.6930812852,0.7141087034,0.7046114536,0.7313919857,0.7626246421
0.98,4.485423689,4.553089783,4.632429219,4.485423689,4.553089783,4.632429219,0.5817956956,0.5817956955,0.5741073619,0.1673407525,0,0.6740203401,0.692568221,0.7139406321,0.7035705522,0.7306369899,0.7623727644
1,4.482847328,4.551207333,4.631789522,4.482847328,4.551207334,4.631789522,0.5791491279,0.5791491279,0.574364998,0.1675289975,0,0.6733080715,0.6920562979,0.7137698665,0.702540008,0.7298840102,0.7621168857
1.02,4.480296603,4.549330011,4.631139944,4.480296603,4.549330011,4.631139944,0.5765160005,0.5765160005,0.5746200705,0.1677167297,0,0.672602443,0.6915455409,0.7135964377,0.7015197179,0.7291330812,0.7618570543
1.04,4.477771258,4.5474579,4.630480603,4.477771258,4.5474579,4.630480603,0.5738961595,0.5738961596,0.574872605,0.1679039408,0,0.6719033963,0.6910359745,0.7134203764,0.7005095798,0.7283842367,0.7615933181
1.06,4.47527104,4.545591082,4.62981162,4.47527104,4.545591082,4.629811621,0.5712894543,0.5712894544,0.5751226268,0.1680906226,0,0.671210874,0.6905276226,0.7132417135,0.6995094928,0.7276375095,0.7613257249
1.08,4.4727957,4.543729637,4.629133114,4.4727957,4.543729637,4.629133115,0.5686957366,0.5686957368,0.5753701608,0.1682767671,0,0.6705248186,0.6900205086,0.7130604795,0.6985193568,0.7268929316,0.7610543225
1.1,4.47034499,4.541873644,4.628445204,4.47034499,4.541873644,4.628445205,0.5661148614,0.5661148615,0.5756152318,0.1684623664,0,0.6698451734,0.6895146554,0.7128767052,0.6975390728,0.7261505343,0.7607791584
1.12,4.467918665,4.540023177,4.627748009,4.467918665,4.540023177,4.627748009,0.5635466858,0.5635466859,0.5758578643,0.1686474131,0,0.669171882,0.6890100852,0.7126904211,0.6965685428,0.7254103477,0.7605002802
1.14,4.465516482,4.538178312,4.627041646,4.465516483,4.538178312,4.627041647,0.56099107,0.5609910701,0.5760980826,0.1688318996,0,0.6685048886,0.6885068198,0.7125016575,0.6956076697,0.7246724015,0.7602177352
1.16,4.463138202,4.536339119,4.626326235,4.463138202,4.536339119,4.626326235,0.5584478765,0.5584478766,0.5763359106,0.1690158189,0,0.6678441375,0.6880048805,0.7123104448,0.6946563575,0.7239367243,0.7599315706
1.18,4.460783586,4.534505668,4.625601892,4.460783586,4.534505668,4.625601892,0.5559169706,0.5559169707,0.5765713722,0.169199164,0,0.6671895737,0.6875042881,0.7121168132,0.693714511,0.723203344,0.7596418334
1.2,4.458452398,4.532678027,4.624868734,4.458452398,4.532678027,4.624868734,0.55339822,0.55339822,0.576804491,0.1693819281,0,0.6665411427,0.6870050628,0.711920793,0.6927820361,0.7224722877,0.7593485704
1.22,4.456144407,4.530856263,4.624126879,4.456144407,4.530856263,4.624126879,0.5508914948,0.5508914948,0.5770352901,0.1695641045,0,0.6658987901,0.6865072244,0.711722414,0.6918588394,0.7217435819,0.7590518285
1.24,4.45385938,4.529040438,4.623376443,4.45385938,4.529040438,4.623376443,0.5483966677,0.5483966677,0.5772637928,0.169745687,0,0.6652624623,0.6860107922,0.7115217063,0.6909448287,0.7210172521,0.7587516541
1.26,4.451597089,4.527230616,4.622617542,4.451597089,4.527230616,4.622617542,0.5459136137,0.5459136137,0.5774900219,0.1699266692,0,0.6646321057,0.685515785,0.7113186996,0.6900399125,0.7202933231,0.7584480935
1.28,4.449357309,4.525426856,4.621850291,4.449357309,4.525426856,4.621850291,0.5434422102,0.5434422102,0.5777139999,0.1701070452,0,0.6640076676,0.6850222211,0.7111134237,0.6891440004,0.7195718192,0.7581411931
1.3,4.447139815,4.523629218,4.621074805,4.447139815,4.523629218,4.621074805,0.5409823368,0.5409823368,0.5779357493,0.1702868091,0,0.6633890954,0.6845301185,0.7109059082,0.6882570028,0.7188527638,0.7578309989
1.32,4.444944385,4.521837757,4.6202912,4.444944385,4.521837757,4.6202912,0.5385338756,0.5385338756,0.5781552923,0.1704659551,0,0.6627763369,0.6840394944,0.7106961826,0.687378831,0.7181361794,0.7575175566
1.34,4.442770801,4.520052529,4.619499588,4.442770801,4.520052529,4.619499588,0.5360967108,0.5360967108,0.5783726507,0.1706444779,0,0.6621693404,0.683550366,0.7104842761,0.6865093971,0.7174220883,0.757200912
1.36,4.440618844,4.518273587,4.618700084,4.440618844,4.518273587,4.618700084,0.5336707287,0.5336707287,0.5785878465,0.1708223721,0,0.6615680548,0.6830627497,0.7102702182,0.6856486142,0.7167105116,0.7568811105
1.38,4.438488299,4.516500983,4.617892802,4.438488299,4.516500983,4.617892802,0.531255818,0.531255818,0.5788009009,0.1709996325,0,0.660972429,0.6825766616,0.7100540379,0.6847963962,0.71600147,0.7565581975
1.4,4.436378953,4.514734767,4.617077853,4.436378953,4.514734767,4.617077853,0.5288518693,0.5288518693,0.5790118355,0.1711762541,0,0.6603824126,0.6820921173,0.7098357642,0.683952658,0.7152949836,0.7562322179
1.42,4.434290596,4.512974987,4.61625535,4.434290596,4.512974987,4.61625535,0.5264587754,0.5264587754,0.5792206712,0.1713522321,0,0.6597979556,0.6816091321,0.709615426,0.6831173151,0.7145910717,0.7559032167
1.44,4.432223018,4.511221691,4.615425404,4.432223018,4.511221691,4.615425404,0.5240764311,0.5240764311,0.579427429,0.1715275617,0,0.6592190082,0.6811277208,0.709393052,0.682290284,0.713889753,0.7555712384
1.46,4.430176013,4.509474922,4.614588127,4.430176013,4.509474922,4.614588127,0.5217047334,0.5217047334,0.5796321295,0.1717022386,0,0.6586455212,0.6806478977,0.7091686709,0.681471482,0.7131910456,0.7552363277
1.48,4.428149376,4.507734726,4.61374363,4.428149376,4.507734726,4.61374363,0.5193435809,0.5193435809,0.5798347932,0.1718762583,0,0.6580774457,0.680169677,0.7089423112,0.6806608272,0.712494967,0.7548985286
1.5,4.426142904,4.506001143,4.612892021,4.426142904,4.506001143,4.612892021,0.5169928746,0.5169928746,0.5800354404,0.1720496165,0,0.6575147332,0.6796930722,0.7087140012,0.6798582386,0.7118015339,0.7545578854
1.52,4.424156398,4.504274215,4.612033412,4.424156398,4.504274215,4.612033412,0.514652517,0.5146525169,0.580234091,0.1722223093,0,0.6569573356,0.6792180965,0.7084837692,0.6790636358,0.7111107628,0.7542144416
1.54,4.422189657,4.502553981,4.611167911,4.422189657,4.502553981,4.61116791,0.5123224127,0.5123224126,0.5804307651,0.1723943327,0,0.6564052052,0.6787447627,0.7082516432,0.6782769395,0.7104226692,0.753868241
1.56,4.420242485,4.500840479,4.610295625,4.420242485,4.500840479,4.610295625,0.5100024681,0.510002468,0.5806254823,0.1725656829,0,0.6558582946,0.6782730832,0.7080176512,0.6774980709,0.7097372684,0.7535193269
1.58,4.418314689,4.499133745,4.609416664,4.418314689,4.499133745,4.609416664,0.5076925915,0.5076925914,0.5808182619,0.1727363563,0,0.655316557,0.6778030702,0.707781821,0.6767269522,0.7090545747,0.7531677424
1.6,4.416406074,4.497433814,4.608531134,4.416406074,4.497433814,4.608531134,0.5053926927,0.5053926926,0.5810091234,0.1729063494,0,0.6547799457,0.6773347352,0.7075441802,0.6759635063,0.7083746022,0.7528135305
1.62,4.41451645,4.495740719,4.607639143,4.41451645,4.495740719,4.607639142,0.5031026835,0.5031026834,0.5811980858,0.1730756589,0,0.6542484145,0.6768680897,0.7073047565,0.6752076568,0.7076973644,0.7524567338
1.64,4.412645628,4.494054494,4.606740795,4.412645628,4.494054494,4.606740795,0.5008224774,0.5008224773,0.581385168,0.1732442815,0,0.6537219177,0.6764031447,0.7070635771,0.6744593281,0.7070228742,0.7520973947
1.66,4.410793422,4.492375168,4.605836197,4.410793422,4.492375168,4.605836197,0.4985519894,0.4985519893,0.5815703886,0.173412214,0,0.6532004098,0.6759399106,0.7068206693,0.6737184454,0.7063511438,0.7517355555
1.68,4.408959645,4.490702771,4.604925453,4.408959645,4.490702771,4.604925453,0.4962911364,0.4962911363,0.5817537663,0.1735794537,0,0.6526838457,0.6754783979,0.7065760602,0.6729849346,0.7056821853,0.751371258
1.7,4.407144114,4.489037333,4.604008668,4.407144114,4.489037333,4.604008668,0.4940398366,0.4940398366,0.5819353194,0.1737459975,0,0.6521721808,0.6750186164,0.7063297768,0.6722587224,0.7050160098,0.7510045441
1.72,4.405346648,4.487378879,4.603085946,4.405346648,4.487378879,4.603085946,0.4917980102,0.4917980102,0.582115066,0.1739118429,0,0.6516653706,0.6745605758,0.7060818458,0.6715397361,0.7043526283,0.7506354552
1.74,4.403567068,4.485727436,4.602157389,4.403567068,4.485727436,4.60215739,0.4895655786,0.4895655786,0.582293024,0.1740769872,0,0.6511633713,0.6741042852,0.7058322939,0.6708279038,0.7036920512,0.7502640326
1.76,4.401805194,4.484083029,4.601223101,4.401805194,4.484083029,4.601223101,0.4873424648,0.4873424649,0.5824692114,0.1742414279,0,0.6506661392,0.6736497537,0.7055811476,0.6701231544,0.7030342882,0.7498903171
1.78,4.400060851,4.48244568,4.600283182,4.400060851,4.48244568,4.600283182,0.4851285935,0.4851285936,0.5826436457,0.1744051628,0,0.6501736311,0.6731969898,0.7053284332,0.6694254173,0.7023793488,0.7495143496
1.8,4.398333865,4.480815413,4.599337734,4.398333865,4.480815413,4.599337735,0.4829238908,0.4829238909,0.5828163443,0.1745681895,0,0.6496858041,0.6727460019,0.705074177,0.6687346229,0.701727242,0.7491361705
1.82,4.396624063,4.479192248,4.598386858,4.396624063,4.479192248,4.598386858,0.4807282839,0.4807282841,0.5829873245,0.174730506,0,0.6492026156,0.6722967979,0.7048184049,0.6680507019,0.7010779761,0.74875582
1.84,4.394931273,4.477576206,4.597430654,4.394931274,4.477576206,4.597430654,0.478541702,0.4785417022,0.5831566035,0.1748921102,0,0.6487240234,0.6718493855,0.7045611428,0.6673735861,0.7004315592,0.7483733382
1.86,4.393255328,4.475967305,4.59646922,4.393255328,4.475967305,4.59646922,0.4763640753,0.4763640754,0.5833241981,0.1750530003,0,0.6482499858,0.6714037721,0.7043024166,0.6667032078,0.6997879989,0.7479887647
1.88,4.391596057,4.474365564,4.595502656,4.391596058,4.474365564,4.595502656,0.4741953353,0.4741953355,0.5834901251,0.1752131744,0,0.6477804612,0.6709599648,0.7040422516,0.6660394998,0.6991473024,0.7476021391
1.9,4.389953297,4.472770999,4.594531059,4.389953298,4.472770999,4.594531059,0.4720354152,0.4720354153,0.5836544011,0.1753726309,0,0.6473154085,0.6705179705,0.7037806734,0.6653823958,0.6985094764,0.7472135004
1.92,4.388326883,4.471183626,4.593554527,4.388326883,4.471183626,4.593554527,0.4698842492,0.4698842493,0.5838170425,0.1755313682,0,0.6468547868,0.6700777955,0.7035177073,0.6647318301,0.6978745271,0.7468228877
1.94,4.386716652,4.469603459,4.592573157,4.386716652,4.469603459,4.592573157,0.4677417729,0.467741773,0.5839780656,0.1756893849,0,0.6463985558,0.6696394461,0.7032533782,0.6640877376,0.6972424606,0.7464303395
1.96,4.385122443,4.468030514,4.591587044,4.385122443,4.468030514,4.591587044,0.4656079232,0.4656079232,0.5841374865,0.1758466795,0,0.6459466752,0.6692029283,0.7029877112,0.663450054,0.6966132822,0.7460358944
1.98,4.383544097,4.466464801,4.590596284,4.383544097,4.466464801,4.590596284,0.463482638,0.463482638,0.5842953212,0.1760032507,0,0.6454991054,0.6687682478,0.702720731,0.6628187154,0.6959869971,0.7456395905
2,4.381981455,4.464906333,4.589600972,4.381981455,4.464906333,4.589600972,0.4613658568,0.4613658568,0.5844515853,0.1761590975,0,0.6450558068,0.6683354099,0.7024524622,0.6621936587,0.69536361,0.7452414655
2.02,4.380434362,4.463355121,4.588601201,4.380434362,4.463355121,4.588601201,0.45925752,0.45925752,0.5846062946,0.1763142187,0,0.6446167403,0.6679044199,0.7021829292,0.6615748215,0.6947431253,0.7448415573
2.04,4.378902663,4.461811175,4.587597066,4.378902662,4.461811175,4.587597066,0.4571575692,0.4571575692,0.5847594646,0.1764686133,0,0.6441818671,0.6674752825,0.7019121565,0.6609621418,0.6941255469,0.744439903
2.06,4.377386204,4.460274504,4.586588658,4.377386204,4.460274504,4.586588658,0.4550659472,0.4550659472,0.5849111104,0.1766222804,0,0.6437511488,0.6670480025,0.7016401681,0.6603555583,0.6935108783,0.7440365399
2.08,4.375884834,4.458745115,4.58557607,4.375884834,4.458745115,4.58557607,0.452982598,0.452982598,0.5850612474,0.1767752193,0,0.6433245472,0.6666225842,0.7013669879,0.6597550105,0.6928991229,0.7436315047
2.1,4.374398404,4.457223017,4.584559393,4.374398404,4.457223017,4.584559393,0.4509074665,0.4509074665,0.5852098905,0.1769274291,0,0.6429020245,0.6661990317,0.7010926399,0.6591604382,0.6922902836,0.7432248339
2.12,4.372926763,4.455708215,4.583538718,4.372926763,4.455708215,4.583538718,0.4488404988,0.4488404988,0.5853570545,0.1770789093,0,0.6424835432,0.6657773489,0.7008171475,0.658571782,0.6916843627,0.7428165639
2.14,4.371469766,4.454200715,4.582514135,4.371469766,4.454200715,4.582514135,0.4467816421,0.4467816421,0.5855027542,0.1772296593,0,0.6420690661,0.6653575395,0.7005405344,0.657988983,0.6910813627,0.7424067307
2.16,4.370027266,4.452700521,4.581485733,4.370027266,4.452700521,4.581485733,0.4447308444,0.4447308444,0.5856470043,0.1773796787,0,0.6416585563,0.6649396068,0.7002628238,0.657411983,0.6904812852,0.7419953699
2.18,4.368599119,4.451207638,4.580453601,4.368599119,4.451207638,4.580453601,0.442688055,0.442688055,0.5857898189,0.177528967,0,0.6412519773,0.6645235541,0.6999840389,0.6568407242,0.6898841319,0.7415825171
2.2,4.367185182,4.449722068,4.579417827,4.367185182,4.449722068,4.579417827,0.4406532239,0.4406532239,0.5859312126,0.177677524,0,0.6408492929,0.6641093843,0.6997042027,0.6562751496,0.689289904,0.7411682074
2.22,4.365785314,4.448243814,4.578378498,4.365785314,4.448243814,4.578378498,0.4386263023,0.4386263023,0.5860711994,0.1778253494,0,0.6404504671,0.6636971002,0.699423338,0.6557152025,0.6886986023,0.7407524758
2.24,4.364399375,4.446772877,4.577335701,4.364399375,4.446772877,4.5773357,0.4366072423,0.4366072423,0.5862097933,0.1779724431,0,0.6400554642,0.6632867042,0.6991414674,0.655160827,0.6881102276,0.740335357
2.26,4.363027227,4.445309258,4.576289521,4.363027227,4.445309258,4.576289521,0.4345959968,0.4345959968,0.5863470081,0.178118805,0,0.639664249,0.6628781987,0.6988586135,0.6546119676,0.68752478,0.7399168852
2.28,4.361668732,4.443852957,4.575240045,4.361668732,4.443852957,4.575240045,0.4325925197,0.4325925197,0.5864828576,0.1782644351,0,0.6392767865,0.6624715856,0.6985747985,0.6540685694,0.6869422595,0.7394970946
2.3,4.360323753,4.442403973,4.574187356,4.360323753,4.442403973,4.574187356,0.4305967659,0.4305967658,0.5866173555,0.1784093335,0,0.6388930418,0.662066867,0.6982900447,0.6535305782,0.686362666,0.7390760191
2.32,4.358992158,4.440962305,4.573131538,4.358992158,4.440962305,4.573131538,0.4286086909,0.4286086908,0.586750515,0.1785535003,0,0.6385129807,0.6616640445,0.698004374,0.65299794,0.6857859988,0.7386536921
2.34,4.357673812,4.439527951,4.572072676,4.357673812,4.439527951,4.572072676,0.4266282512,0.4266282511,0.5868823496,0.1786969357,0,0.6381365689,0.6612631195,0.6977178083,0.6524706017,0.685212257,0.7382301471
2.36,4.356368584,4.438100907,4.57101085,4.356368584,4.438100907,4.57101085,0.4246554042,0.4246554041,0.5870128724,0.1788396401,0,0.6377637726,0.6608640933,0.6974303692,0.6519485105,0.6846414396,0.7378054169
2.38,4.355076344,4.436681171,4.569946144,4.355076343,4.436681171,4.569946144,0.422690108,0.4226901079,0.5871420965,0.1789816137,0,0.6373945583,0.660466967,0.6971420783,0.6514316142,0.6840735452,0.7373795343
2.4,4.353796961,4.435268738,4.568878638,4.353796961,4.435268738,4.568878637,0.4207323216,0.4207323215,0.5872700347,0.179122857,0,0.6370288927,0.6600717415,0.6968529568,0.6509198611,0.683508572,0.7369525318
2.42,4.352530308,4.433863604,4.567808412,4.352530308,4.433863604,4.567808412,0.4187820046,0.4187820045,0.5873967,0.1792633704,0,0.6366667429,0.6596784175,0.696563026,0.6504132,0.6829465183,0.7365244416
2.44,4.351276259,4.432465762,4.566735547,4.351276259,4.432465763,4.566735547,0.4168391177,0.4168391176,0.5875221049,0.1794031546,0,0.6363080762,0.6592869954,0.6962723069,0.6499115803,0.6823873817,0.7360952956
2.46,4.350034687,4.431075208,4.565660122,4.350034687,4.431075208,4.565660122,0.4149036219,0.4149036218,0.5876462621,0.17954221,0,0.6359528602,0.6588974757,0.6959808202,0.6494149517,0.68183116,0.7356651255
2.48,4.34880547,4.429691934,4.564582215,4.34880547,4.429691934,4.564582214,0.4129754793,0.4129754792,0.5877691838,0.1796805374,0,0.6356010628,0.6585098584,0.6956885867,0.6489232647,0.6812778504,0.7352339626
2.5,4.347588483,4.428315934,4.563501903,4.347588483,4.428315934,4.563501903,0.4110546525,0.4110546525,0.5878908825,0.1798181375,0,0.6352526521,0.6581241436,0.6953956268,0.6484364701,0.6807274502,0.734801838
2.52,4.346383606,4.426947198,4.562419264,4.346383606,4.426947198,4.562419265,0.4091411048,0.4091411049,0.5880113702,0.179955011,0,0.6349075966,0.657740331,0.695101961,0.6479545192,0.6801799561,0.7343687825
2.54,4.345190717,4.42558572,4.561334375,4.345190717,4.42558572,4.561334375,0.4072348005,0.4072348005,0.5881306591,0.1800911588,0,0.634565865,0.6573584204,0.6948076095,0.6474773637,0.6796353648,0.7339348268
2.56,4.344009698,4.42423149,4.560247311,4.344009698,4.42423149,4.560247311,0.4053357041,0.4053357042,0.588248761,0.1802265818,0,0.6342274262,0.6569784111,0.6945125921,0.6470049561,0.6790936728,0.7335000011
2.58,4.34284043,4.422884499,4.559158147,4.34284043,4.422884499,4.559158147,0.403443781,0.4034437811,0.5883656878,0.1803612809,0,0.6338922496,0.6566003025,0.6942169288,0.6465372489,0.6785548763,0.7330643355
2.6,4.341682797,4.421544736,4.558066957,4.341682797,4.421544736,4.558066957,0.4015589973,0.4015589974,0.5884814511,0.1804952572,0,0.6335603047,0.6562240937,0.6939206393,0.6460741955,0.6780189713,0.7326278596
2.62,4.340536682,4.420212192,4.556973816,4.340536682,4.420212192,4.556973816,0.3996813195,0.3996813197,0.5885960626,0.1806285116,0,0.6332315613,0.6558497838,0.6936237431,0.6456157496,0.6774859536,0.732190603
2.64,4.339401971,4.418886855,4.555878795,4.339401972,4.418886855,4.555878796,0.3978107149,0.3978107151,0.5887095337,0.1807610453,0,0.6329059893,0.6554773716,0.6933262595,0.6451618653,0.6769558187,0.7317525949
2.66,4.338278551,4.417568714,4.554781969,4.338278551,4.417568713,4.554781969,0.3959471513,0.3959471515,0.5888218757,0.1808928595,0,0.6325835593,0.6551068557,0.6930282078,0.6447124973,0.6764285622,0.7313138642
2.68,4.337166309,4.416257756,4.553683407,4.337166309,4.416257756,4.553683407,0.3940905972,0.3940905973,0.5889330999,0.1810239552,0,0.6322642416,0.6547382347,0.6927296069,0.6442676005,0.6759041791,0.7308744396
2.7,4.336065134,4.41495397,4.552583182,4.336065134,4.414953969,4.552583182,0.3922410215,0.3922410216,0.5890432174,0.1811543338,0,0.6319480072,0.6543715071,0.6924304759,0.6438271305,0.6753826646,0.7304343495
2.72,4.334974916,4.413657342,4.551481363,4.334974916,4.413657342,4.551481363,0.3903983936,0.3903983937,0.5891522392,0.1812839966,0,0.6316348272,0.654006671,0.6921308332,0.6433910433,0.6748640134,0.729993622
2.74,4.333895546,4.412367859,4.550378021,4.333895546,4.412367859,4.550378021,0.3885626838,0.3885626838,0.5892601762,0.1814129449,0,0.6313246729,0.6536437247,0.6918306976,0.6429592952,0.6743482203,0.7295522851
2.76,4.332826916,4.411085507,4.549273224,4.332826916,4.411085507,4.549273224,0.3867338624,0.3867338624,0.5893670392,0.1815411801,0,0.631017516,0.653282666,0.6915300874,0.6425318431,0.6738352796,0.7291103662
2.78,4.331768919,4.409810272,4.54816704,4.331768919,4.409810272,4.54816704,0.3849119007,0.3849119007,0.589472839,0.1816687036,0,0.6307133282,0.6529234929,0.6912290208,0.6421086442,0.6733251857,0.7286678928
2.8,4.330721449,4.40854214,4.547059538,4.330721449,4.40854214,4.547059538,0.3830967703,0.3830967703,0.589577586,0.1817955168,0,0.6304120817,0.652566203,0.6909275158,0.6416896562,0.6728179328,0.7282248919
2.82,4.329684401,4.407281095,4.545950784,4.329684401,4.407281095,4.545950784,0.3812884432,0.3812884432,0.5896812907,0.1819216213,0,0.6301137488,0.652210794,0.6906255905,0.6412748372,0.6723135147,0.7277813903
2.84,4.328657672,4.406027121,4.544840845,4.328657672,4.406027121,4.544840845,0.3794868921,0.379486892,0.5897839636,0.1820470187,0,0.6298183022,0.6518572633,0.6903232624,0.6408641457,0.6718119253,0.7273374147
2.86,4.32764116,4.404780204,4.543729786,4.32764116,4.404780204,4.543729786,0.3776920899,0.3776920899,0.5898856148,0.1821717104,0,0.6295257147,0.6515056082,0.6900205492,0.6404575406,0.6713131583,0.7268929912
2.88,4.326634762,4.403540326,4.542617673,4.326634762,4.403540326,4.542617673,0.3759040101,0.3759040101,0.5899862547,0.1822956982,0,0.6292359593,0.651155826,0.6897174684,0.6400549814,0.6708172071,0.726448146
2.9,4.325638377,4.402307471,4.54150457,4.325638377,4.402307471,4.54150457,0.3741226268,0.3741226268,0.5900858931,0.1824189837,0,0.6289490094,0.6508079138,0.6894140371,0.6396564276,0.670324065,0.7260029048
2.92,4.324651907,4.401081622,4.540390541,4.324651907,4.401081622,4.540390541,0.3723479142,0.3723479142,0.5901845401,0.1825415687,0,0.6286648385,0.6504618685,0.6891102726,0.6392618396,0.6698337254,0.725557293
2.94,4.323675253,4.399862761,4.539275648,4.323675253,4.399862761,4.539275648,0.3705798472,0.3705798472,0.5902822056,0.1826634547,0,0.6283834205,0.650117687,0.6888061916,0.6388711778,0.6693461811,0.725111336
2.96,4.322708316,4.398650871,4.538159955,4.322708316,4.398650871,4.538159955,0.368818401,0.368818401,0.5903788992,0.1827846437,0,0.6281047294,0.6497753661,0.6885018111,0.6384844031,0.6688614253,0.7246650588
2.98,4.321751,4.397445934,4.537043523,4.321751,4.397445934,4.537043523,0.3670635511,0.3670635511,0.5904746308,0.1829051374,0,0.6278287393,0.6494349024,0.6881971477,0.6381014769,0.6683794505,0.7242184861
3,4.32080321,4.396247932,4.535926414,4.32080321,4.396247932,4.535926414,0.3653152735,0.3653152735,0.5905694098,0.1830249376,0,0.6275554249,0.6490962925,0.6878922177,0.6377223609,0.6679002495,0.7237716424
3.02,4.319864851,4.395056845,4.534808688,4.319864851,4.395056845,4.534808688,0.3635735447,0.3635735447,0.5906632457,0.1831440463,0,0.6272847609,0.6487595328,0.6875870376,0.6373470171,0.6674238148,0.7233245519
3.04,4.318935828,4.393872655,4.533690404,4.318935828,4.393872655,4.533690404,0.3618383414,0.3618383413,0.590756148,0.1832624653,0,0.6270167221,0.6484246196,0.6872816236,0.6369754081,0.6669501388,0.7228772386
3.06,4.31801605,4.392695343,4.532571624,4.31801605,4.392695343,4.532571623,0.3601096406,0.3601096406,0.5908481258,0.1833801966,0,0.6267512838,0.6480915492,0.6869759915,0.6366074966,0.6664792138,0.7224297262
3.08,4.317105423,4.391524888,4.531452404,4.317105423,4.391524888,4.531452403,0.3583874199,0.3583874198,0.5909391885,0.183497242,0,0.6264884213,0.6477603177,0.6866701573,0.6362432459,0.6660110319,0.7219820382
3.1,4.316203857,4.390361271,4.530332803,4.316203857,4.390361271,4.530332802,0.356671657,0.3566716569,0.5910293451,0.1836136037,0,0.6262281103,0.6474309212,0.6863641367,0.6358826196,0.6655455851,0.7215341978
3.12,4.315311262,4.389204472,4.529212878,4.315311262,4.389204472,4.529212878,0.3549623301,0.35496233,0.5911186046,0.1837292837,0,0.6259703265,0.6471033555,0.6860579452,0.6355255816,0.6650828654,0.721086228
3.14,4.314427548,4.388054469,4.528092687,4.314427548,4.38805447,4.528092687,0.3532594176,0.3532594175,0.591206976,0.1838442839,0,0.6257150462,0.6467776166,0.6857515982,0.6351720962,0.6646228645,0.7206381515
3.16,4.313552628,4.386911244,4.526972285,4.313552628,4.386911244,4.526972285,0.3515628983,0.3515628982,0.591294468,0.1839586064,0,0.6254622454,0.6464537002,0.685445111,0.634822128,0.6641655743,0.7201899909
3.18,4.312686413,4.385774774,4.525851729,4.312686413,4.385774774,4.525851729,0.3498727512,0.3498727511,0.5913810895,0.1840722534,0,0.6252119007,0.6461316019,0.6851384986,0.634475642,0.6637109863,0.7197417683
3.2,4.311828817,4.384645038,4.524731072,4.311828817,4.384645038,4.524731072,0.3481889558,0.3481889557,0.5914668491,0.184185227,0,0.6249639889,0.6458113175,0.684831776,0.6341326036,0.6632590919,0.7192935057
3.22,4.310979754,4.383522015,4.52361037,4.310979754,4.383522015,4.52361037,0.3465114918,0.3465114916,0.5915517554,0.1842975293,0,0.6247184867,0.6454928423,0.6845249579,0.6337929785,0.6628098826,0.7188452249
3.24,4.31013914,4.382405683,4.522489676,4.31013914,4.382405683,4.522489676,0.344840339,0.3448403388,0.5916358168,0.1844091626,0,0.6244753713,0.6451761719,0.684218059,0.6334567328,0.6623633498,0.7183969473
3.26,4.30930689,4.381296019,4.521369044,4.30930689,4.38129602,4.521369044,0.3431754776,0.3431754775,0.5917190418,0.1845201289,0,0.6242346201,0.6448613015,0.6839110939,0.6331238327,0.6619194845,0.7179486943
3.28,4.308482921,4.380193003,4.520248525,4.308482921,4.380193003,4.520248525,0.3415168883,0.3415168883,0.5918014387,0.1846304305,0,0.6239962105,0.6445482264,0.6836040768,0.6327942451,0.661478278,0.7175004869
3.3,4.30766715,4.379096611,4.519128173,4.30766715,4.379096611,4.519128173,0.3398645518,0.3398645517,0.5918830158,0.1847400697,0,0.6237601203,0.6442369418,0.6832970219,0.6324679369,0.6610397213,0.7170523458
3.32,4.306859497,4.378006821,4.518008037,4.306859497,4.378006821,4.518008037,0.3382184489,0.3382184489,0.5919637811,0.1848490487,0,0.6235263274,0.6439274429,0.6829899432,0.6321448755,0.6606038053,0.7166042917
3.34,4.30605988,4.37692361,4.51688817,4.30605988,4.37692361,4.51688817,0.3365785611,0.3365785611,0.5920437428,0.1849573698,0,0.62329481,0.6436197246,0.6826828548,0.6318250286,0.6601705208,0.7161563447
3.36,4.305268219,4.375846955,4.515768621,4.305268219,4.375846955,4.515768621,0.3349448698,0.3349448699,0.5921229089,0.1850650353,0,0.6230655463,0.643313782,0.6823757702,0.6315083643,0.6597398588,0.7157085251
3.38,4.304484435,4.374776833,4.51464944,4.304484435,4.374776833,4.51464944,0.3333173567,0.3333173568,0.5922012873,0.1851720475,0,0.622838515,0.6430096098,0.6820687032,0.6311948508,0.6593118098,0.7152608526
3.4,4.30370845,4.37371322,4.513530675,4.30370845,4.373713219,4.513530675,0.3316960038,0.3316960039,0.5922788858,0.1852784089,0,0.6226136947,0.6427072031,0.6817616672,0.6308844569,0.6588863646,0.7148133469
3.42,4.302940187,4.372656092,4.512412376,4.302940187,4.372656092,4.512412377,0.3300807932,0.3300807933,0.5923557122,0.1853841216,0,0.6223910644,0.6424065565,0.6814546755,0.6305771514,0.6584635136,0.7143660273
3.44,4.302179567,4.371605427,4.51129459,4.302179567,4.371605426,4.511294591,0.3284717073,0.3284717074,0.5924317741,0.1854891881,0,0.6221706031,0.6421076648,0.6811477413,0.6302729036,0.6580432474,0.7139189129
3.46,4.301426516,4.370561199,4.510177365,4.301426516,4.370561199,4.510177366,0.3268687287,0.3268687288,0.5925070792,0.1855936109,0,0.6219522903,0.6418105225,0.6808408776,0.6299716832,0.6576255565,0.7134720229
3.48,4.300680958,4.369523386,4.509060747,4.300680958,4.369523385,4.509060748,0.3252718401,0.3252718403,0.592581635,0.1856973922,0,0.6217361052,0.6415151243,0.6805340974,0.62967346,0.6572104311,0.7130253757
3.5,4.299942818,4.368491962,4.507944783,4.299942819,4.368491962,4.507944783,0.3236810246,0.3236810247,0.592655449,0.1858005346,0,0.6215220278,0.6412214647,0.6802274133,0.6293782041,0.6567978615,0.7125789899
3.52,4.299212023,4.367466903,4.506829517,4.299212023,4.367466903,4.506829518,0.3220962652,0.3220962654,0.5927285285,0.1859030405,0,0.6213100377,0.6409295382,0.679920838,0.6290858861,0.6563878381,0.7121328837
3.54,4.2984885,4.366448185,4.505714996,4.2984885,4.366448185,4.505714996,0.3205175454,0.3205175455,0.5928008808,0.1860049123,0,0.6211001151,0.6406393391,0.6796143839,0.6287964767,0.6559803509,0.7116870751
3.56,4.297772176,4.365435783,4.504601263,4.297772176,4.365435783,4.504601263,0.3189448487,0.3189448487,0.5928725133,0.1861061525,0,0.6208922402,0.6403508618,0.6793080634,0.628509947,0.6555753901,0.711241582
3.58,4.297062979,4.364429673,4.503488363,4.297062979,4.364429673,4.503488363,0.3173781586,0.3173781586,0.5929434329,0.1862067635,0,0.6206863934,0.6400641007,0.6790018887,0.6282262683,0.6551729458,0.7107964219
3.6,4.296360839,4.363429828,4.502376339,4.296360839,4.363429828,4.502376339,0.3158174591,0.3158174591,0.5930136469,0.186306748,0,0.6204825554,0.6397790499,0.6786958718,0.6279454122,0.654773008,0.7103516122
3.62,4.295665685,4.362436225,4.501265233,4.295665685,4.362436225,4.501265233,0.3142627341,0.314262734,0.5930831623,0.1864061083,0,0.6202807067,0.6394957038,0.6783900246,0.6276673507,0.6543755667,0.70990717
3.64,4.294977448,4.361448837,4.500155089,4.294977448,4.361448837,4.500155089,0.3127139678,0.3127139677,0.593151986,0.1865048471,0,0.6200808285,0.6392140563,0.6780843589,0.627392056,0.6539806117,0.7094631122
3.66,4.294296059,4.360467641,4.499045947,4.294296059,4.360467641,4.499045947,0.3111711445,0.3111711445,0.5932201249,0.1866029668,0,0.6198829019,0.6389341017,0.6777788864,0.6271195005,0.653588133,0.7090194555
3.68,4.293621451,4.359492609,4.497937849,4.29362145,4.359492609,4.497937849,0.3096342486,0.3096342486,0.5932875858,0.1867004699,0,0.6196869081,0.638655834,0.6774736185,0.626849657,0.6531981203,0.7085762165
3.7,4.292953554,4.358523717,4.496830837,4.292953554,4.358523717,4.496830837,0.3081032649,0.3081032649,0.5933543754,0.1867973591,0,0.6194928286,0.6383792472,0.6771685667,0.6265824984,0.6528105635,0.7081334114
3.72,4.292292303,4.357560939,4.495724949,4.292292303,4.357560939,4.495724949,0.3065781779,0.3065781779,0.5934205005,0.1868936369,0,0.6193006451,0.6381043353,0.6768637422,0.6263179981,0.6524254523,0.7076910562
3.74,4.291637632,4.356604249,4.494620225,4.291637632,4.356604249,4.494620225,0.3050589725,0.3050589725,0.5934859676,0.1869893059,0,0.6191103393,0.6378310921,0.6765591561,0.6260561297,0.6520427763,0.707249167
3.76,4.290989475,4.355653621,4.493516706,4.290989475,4.355653621,4.493516706,0.3035456337,0.3035456337,0.5935507833,0.1870843687,0,0.6189218933,0.6375595117,0.6762548194,0.6257968669,0.6516625253,0.7068077592
3.78,4.290347767,4.35470903,4.492414429,4.290347767,4.35470903,4.492414429,0.3020381467,0.3020381467,0.5936149541,0.1871788278,0,0.6187352893,0.6372895878,0.6759507428,0.6255401837,0.6512846889,0.7063668483
3.8,4.289712445,4.35377045,4.491313432,4.289712445,4.35377045,4.491313432,0.3005364965,0.3005364965,0.5936784863,0.1872726858,0,0.6185505094,0.6370213142,0.6756469373,0.6252860547,0.6509092567,0.7059264497
3.82,4.289083444,4.352837854,4.490213754,4.289083444,4.352837854,4.490213754,0.2990406686,0.2990406686,0.5937413864,0.1873659454,0,0.6183675362,0.6367546848,0.6753434132,0.6250344542,0.6505362182,0.7054865782
3.84,4.288460701,4.351911216,4.48911543,4.288460701,4.351911216,4.48911543,0.2975506483,0.2975506483,0.5938036607,0.1874586092,0,0.6181863523,0.6364896933,0.6750401812,0.6247853572,0.650165563,0.7050472488
3.86,4.287844155,4.35099051,4.488018498,4.287844155,4.35099051,4.488018498,0.2960664213,0.2960664213,0.5938653153,0.1875506798,0,0.6180069406,0.6362263333,0.6747372515,0.6245387388,0.6497972806,0.7046084761
3.88,4.287233744,4.350075709,4.486922994,4.287233744,4.350075709,4.486922994,0.2945879731,0.294587973,0.5939263564,0.1876421599,0,0.617829284,0.6359645985,0.6744346343,0.6242945743,0.6494313604,0.7041702745
3.9,4.286629406,4.349166788,4.485828954,4.286629406,4.349166788,4.485828954,0.2931152894,0.2931152894,0.5939867902,0.187733052,0,0.6176533655,0.6357044827,0.6741323397,0.6240528392,0.649067792,0.7037326582
3.92,4.286031082,4.34826372,4.484736411,4.286031082,4.34826372,4.484736411,0.2916483562,0.2916483561,0.5940466226,0.1878233588,0,0.6174791686,0.6354459793,0.6738303776,0.6238135095,0.6487065647,0.7032956413
3.94,4.285438711,4.347366478,4.483645402,4.285438711,4.347366478,4.483645402,0.2901871592,0.2901871592,0.5941058597,0.187913083,0,0.6173066765,0.635189082,0.673528758,0.6235765611,0.6483476679,0.7028592376
3.96,4.284852234,4.346475036,4.48255596,4.284852234,4.346475036,4.48255596,0.2887316846,0.2887316845,0.5941645074,0.1880022272,0,0.617135873,0.6349337844,0.6732274904,0.6233419704,0.6479910911,0.7024234607
3.98,4.284271593,4.345589367,4.481468118,4.284271593,4.345589367,4.481468118,0.2872819183,0.2872819182,0.5942225715,0.1880907941,0,0.6169667416,0.6346800798,0.6729265844,0.6231097139,0.6476368235,0.7019883241
4,4.283696729,4.344709445,4.480381911,4.283696729,4.344709445,4.480381911,0.2858378466,0.2858378465,0.5942800579,0.1881787863,0,0.6167992664,0.634427962,0.6726260496,0.6228797684,0.6472848546,0.7015538411
4.02,4.283127585,4.343835242,4.47929737,4.283127585,4.343835243,4.47929737,0.2843994556,0.2843994555,0.5943369723,0.1882662066,0,0.6166334314,0.6341774242,0.6723258953,0.6226521109,0.6469351737,0.7011200247
4.04,4.282564105,4.342966733,4.478214528,4.282564105,4.342966734,4.478214527,0.2829667317,0.2829667316,0.5943933203,0.1883530575,0,0.6164692207,0.6339284601,0.6720261306,0.6224267187,0.6465877701,0.7006868878
4.06,4.282006231,4.342103891,4.477133416,4.282006231,4.342103891,4.477133415,0.2815396613,0.2815396611,0.5944491077,0.1884393417,0,0.6163066187,0.6336810629,0.6717267646,0.6222035691,0.6462426331,0.700254443
4.08,4.281453908,4.341246688,4.476054065,4.281453908,4.341246688,4.476054065,0.2801182307,0.2801182306,0.59450434,0.188525062,0,0.6161456098,0.6334352262,0.6714278064,0.6219826399,0.6458997519,0.699822703
4.1,4.280907081,4.340395098,4.474976508,4.28090708,4.340395098,4.474976508,0.2787024265,0.2787024264,0.5945590228,0.188610221,0,0.6159861787,0.6331909432,0.6711292647,0.621763909,0.6455591159,0.6993916799
4.12,4.280365694,4.339549094,4.473900773,4.280365694,4.339549094,4.473900773,0.2772922353,0.2772922352,0.5946131614,0.1886948214,0,0.6158283102,0.6329482075,0.6708311484,0.6215473545,0.6452207144,0.6989613859
4.14,4.279829695,4.338708649,4.472826891,4.279829695,4.33870865,4.472826891,0.2758876436,0.2758876435,0.5946667613,0.1887788659,0,0.6156719892,0.6327070122,0.6705334659,0.6213329547,0.6448845365,0.6985318331
4.16,4.279299029,4.337873737,4.471754891,4.279299029,4.337873737,4.471754891,0.2744886382,0.2744886381,0.5947198279,0.1888623571,0,0.6155172006,0.6324673507,0.6702362259,0.6211206883,0.6445505716,0.6981030331
4.18,4.278773643,4.33704433,4.470684802,4.278773643,4.33704433,4.470684802,0.2730952057,0.2730952057,0.5947723665,0.1889452978,0,0.6153639298,0.6322292164,0.6699394368,0.6209105339,0.6442188089,0.6976749975
4.2,4.278253485,4.336220402,4.469616653,4.278253485,4.336220402,4.469616653,0.271707333,0.271707333,0.5948243824,0.1890276906,0,0.6152121621,0.6319926025,0.6696431067,0.6207024706,0.6438892376,0.6972477378
4.22,4.277738502,4.335401925,4.468550471,4.277738502,4.335401925,4.468550471,0.2703250068,0.2703250068,0.5948758806,0.1891095383,0,0.6150618829,0.6317575024,0.6693472438,0.6204964776,0.6435618469,0.6968212652
4.24,4.277228644,4.334588874,4.467486285,4.277228644,4.334588874,4.467486285,0.2689482141,0.2689482141,0.5949268665,0.1891908435,0,0.6149130778,0.6315239092,0.6690518562,0.6202925342,0.6432366262,0.6963955907
4.26,4.276723858,4.33378122,4.466424121,4.276723858,4.333781219,4.466424121,0.2675769417,0.2675769417,0.594977345,0.1892716089,0,0.6147657326,0.6312918162,0.6687569519,0.6200906201,0.6429135646,0.6959707253
4.28,4.276224096,4.332978936,4.465364007,4.276224096,4.332978936,4.465364007,0.2662111765,0.2662111766,0.5950273212,0.1893518372,0,0.6146198331,0.6310612167,0.6684625386,0.6198907151,0.6425926513,0.6955466796
4.3,4.275729306,4.332181997,4.464305969,4.275729306,4.332181997,4.464305969,0.2648509057,0.2648509058,0.5950768002,0.1894315311,0,0.6144753654,0.6308321039,0.668168624,0.6196927991,0.6422738756,0.6951234643
4.32,4.275239439,4.331390375,4.463250032,4.275239439,4.331390375,4.463250032,0.2634961161,0.2634961162,0.5951257869,0.1895106933,0,0.6143323156,0.630604471,0.6678752158,0.6194968525,0.6419572268,0.6947010896
4.34,4.274754447,4.330604043,4.462196223,4.274754447,4.330604043,4.462196223,0.2621467948,0.262146795,0.5951742861,0.1895893265,0,0.61419067,0.6303783112,0.6675823214,0.6193028556,0.641642694,0.6942795658
4.36,4.27427428,4.329822974,4.461144565,4.274274281,4.329822974,4.461144566,0.260802929,0.2608029292,0.5952223028,0.1896674334,0,0.614050415,0.6301536178,0.6672899482,0.6191107889,0.6413302665,0.6938589029
4.38,4.273798892,4.329047142,4.460095085,4.273798892,4.329047142,4.460095086,0.2594645057,0.2594645059,0.5952698416,0.1897450166,0,0.613911537,0.6299303838,0.6669981034,0.6189206334,0.6410199335,0.6934391109
4.4,4.273328233,4.328276519,4.459047806,4.273328233,4.328276519,4.459047807,0.2581315121,0.2581315123,0.5953169075,0.1898220789,0,0.6137740228,0.6297086025,0.6667067943,0.61873237,0.6407116843,0.6930201993
4.42,4.272862258,4.327511079,4.458002753,4.272862258,4.327511078,4.458002753,0.2568039353,0.2568039355,0.5953635051,0.189898623,0,0.6136378592,0.629488267,0.666416028,0.6185459798,0.6404055082,0.6926021778
4.44,4.272400919,4.326750794,4.456959947,4.272400919,4.326750794,4.456959948,0.2554817625,0.2554817627,0.595409639,0.1899746514,0,0.613503033,0.6292693706,0.6661258112,0.6183614442,0.6401013943,0.6921850557
4.46,4.27194417,4.325995638,4.455919414,4.27194417,4.325995638,4.455919414,0.254164981,0.2541649811,0.5954553138,0.190050167,0,0.6133695313,0.6290519063,0.665836151,0.6181787448,0.6397993321,0.6917688423
4.48,4.271491966,4.325245585,4.454881175,4.271491966,4.325245585,4.454881175,0.252853578,0.252853578,0.5955005342,0.1901251723,0,0.6132373413,0.6288358674,0.665547054,0.6179978633,0.6394993107,0.6913535466
4.5,4.271044262,4.324500607,4.453845252,4.271044262,4.324500607,4.453845252,0.2515475406,0.2515475406,0.5955453046,0.1901996701,0,0.6131064501,0.628621247,0.6652585268,0.6178187815,0.6392013195,0.6909391775
4.52,4.270601012,4.323760677,4.452811668,4.270601012,4.323760677,4.452811668,0.2502468562,0.2502468562,0.5955896296,0.1902736631,0,0.6129768452,0.6284080382,0.6649705761,0.6176414817,0.6389053477,0.6905257438
4.54,4.270162173,4.32302577,4.451780443,4.270162173,4.32302577,4.451780443,0.248951512,0.248951512,0.5956335135,0.1903471538,0,0.6128485142,0.6281962342,0.6646832082,0.617465946,0.6386113847,0.6901132541
4.56,4.269727701,4.322295858,4.4507516,4.269727701,4.322295858,4.4507516,0.2476614954,0.2476614954,0.5956769608,0.190420145,0,0.6127214446,0.6279858282,0.6643964294,0.617292157,0.6383194198,0.6897017167
4.58,4.269297551,4.321570914,4.449725158,4.269297551,4.321570914,4.449725158,0.2463767936,0.2463767936,0.5957199757,0.1904926394,0,0.6125956242,0.6277768133,0.664110246,0.6171200971,0.6380294424,0.68929114
4.6,4.268871681,4.320850913,4.448701139,4.268871681,4.320850913,4.448701139,0.245097394,0.2450973939,0.5957625627,0.1905646395,0,0.6124710408,0.6275691826,0.6638246642,0.6169497493,0.6377414418,0.6888815322
4.62,4.268450049,4.320135827,4.447679561,4.268450049,4.320135827,4.447679561,0.2438232838,0.2438232838,0.5958047259,0.1906361482,0,0.6123476825,0.6273629292,0.6635396899,0.6167810965,0.6374554074,0.6884729012
4.64,4.268032613,4.319425629,4.446660445,4.268032613,4.319425629,4.446660445,0.2425544504,0.2425544504,0.5958464695,0.1907071679,0,0.6122255373,0.6271580464,0.6632553292,0.6166141218,0.6371713285,0.6880652549
4.66,4.267619329,4.318720295,4.44564381,4.267619329,4.318720295,4.44564381,0.2412908812,0.2412908812,0.5958877979,0.1907777014,0,0.6121045935,0.6269545273,0.6629715877,0.6164488085,0.6368891946,0.687658601
4.68,4.267210158,4.318019796,4.444629675,4.267210158,4.318019796,4.444629675,0.2400325636,0.2400325635,0.595928715,0.1908477512,0,0.6119848393,0.626752365,0.6626884714,0.6162851402,0.636608995,0.6872529469
4.7,4.266805059,4.317324106,4.443618059,4.266805059,4.317324106,4.443618058,0.2387794847,0.2387794847,0.5959692249,0.1909173202,0,0.6118662632,0.6265515526,0.6624059858,0.6161231003,0.6363307193,0.6868483002
4.72,4.26640399,4.3166332,4.442608978,4.26640399,4.3166332,4.442608978,0.2375316321,0.2375316321,0.5960093318,0.1909864108,0,0.6117488537,0.6263520834,0.6621241364,0.6159626728,0.6360543569,0.686444668
4.74,4.266006912,4.315947051,4.441602452,4.266006912,4.315947051,4.441602452,0.236288993,0.236288993,0.5960490396,0.1910550257,0,0.6116325996,0.6261539504,0.6618429288,0.6158038415,0.6357798972,0.6860420575
4.76,4.265613785,4.315265632,4.440598497,4.265613785,4.315265632,4.440598497,0.2350515549,0.2350515549,0.5960883523,0.1911231676,0,0.6115174894,0.6259571469,0.6615623682,0.6156465907,0.6355073298,0.6856404757
4.78,4.265224569,4.314588918,4.439597132,4.265224569,4.314588918,4.439597132,0.233819305,0.233819305,0.5961272739,0.191190839,0,0.6114035122,0.625761666,0.66128246,0.6154909045,0.6352366441,0.6852399295
4.8,4.264839227,4.313916882,4.438598372,4.264839227,4.313916882,4.438598372,0.2325922307,0.2325922307,0.5961658081,0.1912580426,0,0.6112906568,0.6255675009,0.6610032094,0.6153367674,0.6349678297,0.6848404254
4.82,4.264457718,4.313249499,4.437602233,4.264457718,4.313249499,4.437602233,0.2313703195,0.2313703195,0.596203959,0.191324781,0,0.6111789124,0.6253746447,0.6607246214,0.615184164,0.6347008762,0.6844419701
4.84,4.264080006,4.312586741,4.436608733,4.264080006,4.312586741,4.436608733,0.2301535586,0.2301535586,0.5962417302,0.1913910567,0,0.6110682682,0.6251830907,0.660446701,0.6150330791,0.6344357731,0.68404457
4.86,4.263706052,4.311928583,4.435617887,4.263706052,4.311928583,4.435617887,0.2289419354,0.2289419353,0.5962791256,0.1914568725,0,0.6109587133,0.624992832,0.6601694531,0.6148834974,0.6341725101,0.6836482314
4.88,4.263335819,4.311275,4.434629709,4.263335819,4.311275,4.434629709,0.2277354372,0.2277354372,0.596316149,0.1915222308,0,0.6108502372,0.6248038619,0.6598928825,0.6147354042,0.6339110767,0.6832529605
4.9,4.262969269,4.310625965,4.433644216,4.262969269,4.310625965,4.433644216,0.2265340514,0.2265340514,0.5963528039,0.1915871343,0,0.6107428294,0.6246161735,0.659616994,0.6145887845,0.6336514627,0.6828587633
4.92,4.262606367,4.309981452,4.432661422,4.262606367,4.309981453,4.432661422,0.2253377653,0.2253377653,0.5963890941,0.1916515856,0,0.6106364795,0.62442976,0.6593417923,0.6144436236,0.6333936577,0.6824656457
4.94,4.262247076,4.309341437,4.431681342,4.262247076,4.309341437,4.431681341,0.2241465663,0.2241465662,0.5964250232,0.1917155871,0,0.6105311771,0.6242446148,0.6590672817,0.6142999072,0.6331376514,0.6820736134
4.96,4.26189136,4.308705892,4.430703989,4.26189136,4.308705892,4.430703988,0.2229604416,0.2229604415,0.5964605948,0.1917791416,0,0.6104269121,0.6240607309,0.6587934669,0.6141576207,0.6328834336,0.6816826722
4.98,4.261539183,4.308074793,4.429729377,4.261539183,4.308074793,4.429729377,0.2217793786,0.2217793785,0.5964958125,0.1918422515,0,0.6103236743,0.6238781018,0.6585203522,0.6140167501,0.632630994,0.6812928274
5,4.261190511,4.307448114,4.42875752,4.261190511,4.307448114,4.428757519,0.2206033645,0.2206033644,0.5965306797,0.1919049194,0,0.6102214537,0.6236967205,0.6582479419,0.6138772811,0.6323803223,0.6809040846
5.02,4.260845308,4.306825829,4.427788431,4.260845308,4.306825829,4.42778843,0.2194323868,0.2194323866,0.5965652,0.1919671479,0,0.6101202403,0.6235165804,0.6579762402,0.6137391998,0.6321314084,0.680516449
5.04,4.260503539,4.306207914,4.426822122,4.260503539,4.306207914,4.426822122,0.2182664325,0.2182664324,0.5965993769,0.1920289394,0,0.6100200244,0.6233376748,0.6577052513,0.6136024925,0.6318842422,0.6801299257
5.06,4.260165172,4.305594342,4.425858607,4.260165172,4.305594342,4.425858607,0.2171054892,0.217105489,0.5966332136,0.1920902966,0,0.6099207963,0.623159997,0.6574349791,0.6134671454,0.6316388135,0.6797445197
5.08,4.259830171,4.304985088,4.424897898,4.259830171,4.304985089,4.424897898,0.2159495439,0.2159495438,0.5966667137,0.192151222,0,0.6098225461,0.6229835402,0.6571654277,0.6133331451,0.6313951121,0.679360236
5.1,4.259498503,4.304380128,4.423940006,4.259498503,4.304380129,4.423940006,0.2147985839,0.2147985838,0.5966998805,0.192211718,0,0.6097252645,0.6228082977,0.6568966009,0.6132004781,0.6311531281,0.6789770793
5.12,4.259170136,4.303779436,4.422984944,4.259170136,4.303779437,4.422984944,0.2136525966,0.2136525965,0.5967327172,0.1922717872,0,0.6096289419,0.622634263,0.6566285025,0.6130691311,0.6309128513,0.6785950543
5.14,4.258845036,4.303182988,4.422032722,4.258845036,4.303182988,4.422032722,0.2125115691,0.212511569,0.5967652272,0.192331432,0,0.6095335691,0.6224614292,0.6563611363,0.6129390911,0.6306742718,0.6782141655
5.16,4.258523171,4.302590757,4.421083352,4.258523171,4.302590757,4.421083352,0.2113754886,0.2113754886,0.5967974138,0.1923906551,0,0.6094391366,0.6222897899,0.6560945059,0.612810345,0.6304373796,0.6778344174
5.18,4.258204508,4.30200272,4.420136844,4.258204508,4.30200272,4.420136844,0.2102443424,0.2102443424,0.59682928,0.1924494588,0,0.6093456353,0.6221193383,0.6558286148,0.6126828799,0.6302021646,0.6774558143
5.2,4.257889016,4.301418851,4.419193209,4.257889016,4.301418851,4.419193209,0.2091181177,0.2091181176,0.5968608292,0.1925078457,0,0.6092530561,0.6219500678,0.6555634666,0.6125566831,0.6299686171,0.6770783604
5.22,4.257576663,4.300839126,4.418252457,4.257576663,4.300839126,4.418252457,0.2079968015,0.2079968015,0.5968920645,0.1925658183,0,0.6091613901,0.6217819718,0.6552990647,0.612431742,0.629736727,0.6767020597
5.24,4.257267418,4.300263519,4.417314599,4.257267418,4.300263519,4.417314599,0.2068803812,0.2068803812,0.596922989,0.1926233789,0,0.6090706282,0.6216150438,0.6550354123,0.6123080441,0.6295064845,0.6763269163
5.26,4.256961251,4.299692008,4.416379643,4.256961251,4.299692008,4.416379643,0.2057688438,0.2057688438,0.5969536057,0.19268053,0,0.6089807617,0.6214492771,0.6547725128,0.612185577,0.6292778799,0.6759529341
5.28,4.256658129,4.299124566,4.4154476,4.256658129,4.299124566,4.4154476,0.2046621765,0.2046621765,0.5969839179,0.1927372742,0,0.6088917817,0.6212846652,0.6545103693,0.6120643285,0.6290509032,0.6755801167
5.3,4.256358024,4.29856117,4.414518478,4.256358024,4.29856117,4.414518478,0.2035603664,0.2035603665,0.5970139284,0.1927936138,0,0.6088036796,0.6211212015,0.654248985,0.6119442864,0.6288255448,0.6752084678
5.32,4.256060905,4.298001795,4.413592286,4.256060905,4.298001795,4.413592286,0.2024634006,0.2024634007,0.5970436403,0.1928495513,0,0.6087164469,0.6209588795,0.6539883628,0.6118254388,0.6286017949,0.674837991
5.34,4.255766742,4.297446417,4.412669033,4.255766742,4.297446417,4.412669033,0.2013712662,0.2013712664,0.5970730566,0.1929050891,0,0.6086300749,0.6207976928,0.6537285058,0.6117077737,0.6283796437,0.6744686898
5.36,4.255475507,4.296895012,4.411748726,4.255475507,4.296895012,4.411748727,0.2002839504,0.2002839505,0.5971021802,0.1929602296,0,0.6085445553,0.6206376347,0.6534694168,0.6115912794,0.6281590817,0.6741005674
5.38,4.255187169,4.296347556,4.410831376,4.255187169,4.296347556,4.410831376,0.1992014401,0.1992014402,0.5971310139,0.1930149752,0,0.6084598798,0.6204786989,0.6532110987,0.6114759442,0.6279400992,0.673733627
5.4,4.2549017,4.295804025,4.409916988,4.2549017,4.295804024,4.409916988,0.1981237224,0.1981237225,0.5971595608,0.1930693283,0,0.60837604,0.6203208789,0.6529535541,0.6113617567,0.6277226866,0.6733678719
5.42,4.254619071,4.295264394,4.409005571,4.254619072,4.295264394,4.409005571,0.1970507844,0.1970507845,0.5971878237,0.1931232914,0,0.6082930279,0.6201641681,0.6526967858,0.6112487053,0.6275068344,0.6730033051
5.44,4.254339255,4.29472864,4.408097132,4.254339255,4.29472864,4.408097132,0.195982613,0.1959826131,0.5972158053,0.1931768668,0,0.6082108352,0.6200085603,0.6524407964,0.6111367788,0.6272925329,0.6726399294
5.46,4.254062223,4.29419674,4.407191677,4.254062223,4.29419674,4.407191677,0.1949191953,0.1949191954,0.5972435085,0.1932300568,0,0.608129454,0.619854049,0.6521855884,0.611025966,0.6270797728,0.6722777477
5.48,4.253787948,4.29366867,4.406289215,4.253787948,4.293668669,4.406289215,0.1938605183,0.1938605184,0.597270936,0.1932828639,0,0.6080488763,0.6197006278,0.6519311643,0.6109162558,0.6268685446,0.6719167627
5.5,4.253516401,4.293144405,4.405389751,4.253516401,4.293144405,4.405389751,0.1928065689,0.1928065689,0.5972980907,0.1933352903,0,0.6079690942,0.6195482903,0.6516775265,0.6108076373,0.6266588388,0.6715569771
5.52,4.253247557,4.292623923,4.404493292,4.253247557,4.292623923,4.404493292,0.1917573341,0.1917573341,0.5973249751,0.1933873385,0,0.6078901,0.6193970303,0.6514246773,0.6107000995,0.6264506461,0.6711983934
5.54,4.252981388,4.292107201,4.403599843,4.252981388,4.292107201,4.403599843,0.1907128007,0.1907128007,0.5973515921,0.1934390107,0,0.6078118858,0.6192468413,0.651172619,0.6105936318,0.6262439571,0.670841014
5.56,4.252717867,4.291594215,4.402709411,4.252717867,4.291594215,4.402709411,0.1896729559,0.1896729559,0.5973779442,0.1934903094,0,0.6077344442,0.619097717,0.6509213538,0.6104882234,0.6260387626,0.6704848412
5.58,4.252456968,4.291084941,4.401822002,4.252456968,4.291084941,4.401822002,0.1886377864,0.1886377863,0.597404034,0.1935412367,0,0.6076577674,0.6189496513,0.6506708837,0.6103838638,0.6258350532,0.6701298775
5.6,4.252198665,4.290579357,4.40093762,4.252198665,4.290579357,4.40093762,0.1876072791,0.1876072791,0.5974298643,0.1935917951,0,0.6075818481,0.6188026377,0.650421211,0.6102805426,0.6256328196,0.6697761248
5.62,4.251942932,4.29007744,4.400056271,4.251942932,4.29007744,4.400056271,0.1865814209,0.1865814209,0.5974554376,0.1936419868,0,0.6075066787,0.6186566701,0.6501723376,0.6101782495,0.6254320528,0.6694235852
5.64,4.251689744,4.289579167,4.39917796,4.251689744,4.289579167,4.39917796,0.1855601988,0.1855601988,0.5974807564,0.1936918141,0,0.6074322519,0.6185117422,0.6499242655,0.6100769743,0.6252327435,0.6690722609
5.66,4.251439075,4.289084515,4.398302692,4.251439075,4.289084515,4.398302692,0.1845435995,0.1845435995,0.5975058233,0.1937412793,0,0.6073585605,0.6183678478,0.6496769965,0.6099767067,0.6250348826,0.6687221536
5.68,4.2511909,4.288593461,4.397430471,4.2511909,4.288593461,4.397430471,0.1835316099,0.1835316099,0.5975306408,0.1937903847,0,0.6072855971,0.6182249807,0.6494305324,0.6098774368,0.6248384611,0.6683732651
5.7,4.250945195,4.288105982,4.396561301,4.250945195,4.288105982,4.396561301,0.1825242167,0.1825242167,0.5975552113,0.1938391326,0,0.6072133548,0.6180831347,0.6491848751,0.6097791547,0.6246434697,0.6680255973
5.72,4.250701934,4.287622057,4.395695187,4.250701934,4.287622057,4.395695187,0.1815214069,0.1815214069,0.5975795374,0.1938875251,0,0.6071418263,0.6179423038,0.6489400262,0.6096818504,0.6244498996,0.6676791516
5.74,4.250461094,4.287141663,4.394832132,4.250461094,4.287141663,4.394832132,0.1805231672,0.1805231671,0.5976036214,0.1939355645,0,0.6070710047,0.6178024817,0.6486959874,0.6095855144,0.6242577418,0.6673339297
5.76,4.250222651,4.286664776,4.393972141,4.250222651,4.286664776,4.393972141,0.1795294843,0.1795294843,0.5976274658,0.1939832532,0,0.6070008831,0.6176636624,0.6484527602,0.609490137,0.6240669873,0.6669899331
5.78,4.249986579,4.286191376,4.393115216,4.249986579,4.286191376,4.393115216,0.178540345,0.178540345,0.5976510729,0.1940305932,0,0.6069314546,0.6175258397,0.6482103461,0.6093957085,0.6238776272,0.6666471631
5.8,4.249752857,4.28572144,4.39226136,4.249752857,4.28572144,4.39226136,0.1775557361,0.1775557361,0.5976744451,0.1940775868,0,0.6068627123,0.6173890077,0.6479687467,0.6093022197,0.6236896527,0.6663056209
5.82,4.249521461,4.285254945,4.391410578,4.249521461,4.285254945,4.391410578,0.1765756442,0.1765756442,0.5976975847,0.1941242363,0,0.6067946496,0.6172531603,0.6477279634,0.609209661,0.6235030549,0.665965308
5.84,4.249292367,4.284791871,4.390562871,4.249292367,4.284791871,4.390562871,0.1756000562,0.1756000562,0.5977204942,0.1941705437,0,0.6067272597,0.6171182914,0.6474879974,0.6091180234,0.6233178251,0.6656262253
5.86,4.249065552,4.284332194,4.389718243,4.249065552,4.284332194,4.389718243,0.1746289587,0.1746289587,0.5977431756,0.1942165114,0,0.606660536,0.6169843951,0.64724885,0.6090272975,0.6231339544,0.6652883739
5.88,4.248840994,4.283875894,4.388876695,4.248840994,4.283875894,4.388876695,0.1736623384,0.1736623384,0.5977656314,0.1942621414,0,0.6065944721,0.6168514654,0.6470105226,0.6089374744,0.6229514343,0.6649517549
5.9,4.248618671,4.283422948,4.388038231,4.248618671,4.283422948,4.388038231,0.172700182,0.1727001819,0.5977878637,0.194307436,0,0.6065290614,0.6167194963,0.6467730163,0.6088485451,0.6227702559,0.6646163691
5.92,4.24839856,4.282973335,4.387202851,4.248398559,4.282973335,4.387202851,0.1717424761,0.171742476,0.5978098749,0.1943523973,0,0.6064642975,0.6165884819,0.6465363321,0.6087605006,0.6225904107,0.6642822173
5.94,4.248180638,4.282527033,4.386370559,4.248180638,4.282527034,4.386370559,0.1707892073,0.1707892073,0.597831667,0.1943970275,0,0.6064001741,0.6164584164,0.6463004713,0.6086733321,0.6224118902,0.6639493004
5.96,4.247964886,4.282084022,4.385541356,4.247964886,4.282084022,4.385541356,0.1698403624,0.1698403624,0.5978532422,0.1944413286,0,0.6063366848,0.6163292938,0.6460654348,0.6085870311,0.6222346856,0.663617619
5.98,4.24775128,4.28164428,4.384715242,4.24775128,4.28164428,4.384715242,0.168895928,0.1688959279,0.5978746028,0.1944853029,0,0.6062738234,0.6162011083,0.6458312235,0.6085015887,0.6220587886,0.6632871737
6,4.247539799,4.281207785,4.383892221,4.247539799,4.281207785,4.383892221,0.1679558905,0.1679558905,0.5978957509,0.1945289523,0,0.6062115838,0.616073854,0.6455978384,0.6084169965,0.6218841906,0.662957965
6.02,4.247330423,4.280774516,4.383072292,4.247330423,4.280774516,4.383072292,0.1670202368,0.1670202367,0.5979166885,0.1945722792,0,0.6061499598,0.6159475251,0.6453652803,0.608333246,0.6217108832,0.6626299935
6.04,4.24712313,4.280344453,4.382255457,4.24712313,4.280344454,4.382255456,0.1660889532,0.1660889532,0.5979374178,0.1946152855,0,0.6060889454,0.6158221159,0.6451335501,0.6082503288,0.6215388581,0.6623032594
6.06,4.2469179,4.279917575,4.381441716,4.2469179,4.279917575,4.381441716,0.1651620265,0.1651620265,0.5979579408,0.1946579733,0,0.6060285346,0.6156976205,0.6449026485,0.6081682366,0.6213681068,0.6619777631
6.08,4.246714711,4.279493861,4.380631071,4.246714711,4.279493861,4.38063107,0.1642394432,0.1642394431,0.5979782597,0.1947003447,0,0.6059687214,0.6155740333,0.6446725763,0.6080869613,0.621198621,0.661653505
6.1,4.246513545,4.279073289,4.379823521,4.246513545,4.27907329,4.379823521,0.1633211898,0.1633211897,0.5979983763,0.1947424019,0,0.6059095,0.6154513485,0.644443334,0.6080064947,0.6210303925,0.6613304851
6.12,4.24631438,4.278655841,4.379019067,4.24631438,4.278655841,4.379019067,0.1624072528,0.1624072527,0.5980182928,0.1947841467,0,0.6058508645,0.6153295604,0.6442149222,0.6079268288,0.620863413,0.6610087035
6.14,4.246117197,4.278241494,4.378217709,4.246117197,4.278241494,4.378217709,0.1614976189,0.1614976188,0.5980380111,0.1948255814,0,0.6057928093,0.6152086633,0.6439873417,0.6078479555,0.6206976744,0.6606881604
6.16,4.245921976,4.277830229,4.377419447,4.245921976,4.277830229,4.377419447,0.1605922745,0.1605922744,0.5980575332,0.1948667079,0,0.6057353285,0.6150886517,0.6437605928,0.607769867,0.6205331684,0.6603688557
6.18,4.245728697,4.277422025,4.376624282,4.245728697,4.277422026,4.376624281,0.1596912061,0.159691206,0.5980768611,0.1949075283,0,0.6056784165,0.6149695198,0.643534676,0.6076925556,0.6203698869,0.6600507894
6.2,4.245537342,4.277016863,4.375832211,4.245537341,4.277016863,4.375832211,0.1587944002,0.1587944002,0.5980959967,0.1949480445,0,0.6056220677,0.6148512622,0.6433095917,0.6076160134,0.6202078219,0.6597339612
6.22,4.24534789,4.276614721,4.375043236,4.24534789,4.276614721,4.375043236,0.1579018434,0.1579018434,0.5981149418,0.1949882587,0,0.6055662766,0.6147338731,0.6430853404,0.6075402328,0.6200469653,0.6594183711
6.24,4.245160324,4.276215581,4.374257355,4.245160323,4.276215581,4.374257355,0.1570135222,0.1570135221,0.5981336985,0.1950281727,0,0.6055110377,0.6146173471,0.6428619223,0.6074652062,0.6198873091,0.6591040186
6.26,4.244974623,4.275819421,4.373474567,4.244974623,4.275819422,4.373474567,0.1561294229,0.1561294229,0.5981522685,0.1950677887,0,0.6054563455,0.6145016786,0.6426393377,0.6073909261,0.6197288454,0.6587909036
6.28,4.244790771,4.275426223,4.372694872,4.244790771,4.275426223,4.372694872,0.1552495321,0.155249532,0.5981706537,0.1951071085,0,0.6054021947,0.6143868622,0.6424175869,0.6073173852,0.6195715661,0.6584790255
6.3,4.244608748,4.275035967,4.371918268,4.244608748,4.275035967,4.371918268,0.1543738362,0.1543738362,0.598188856,0.1951461341,0,0.60534858,0.6142728923,0.6421966701,0.607244576,0.6194154636,0.658168384
6.32,4.244428536,4.274648633,4.371144755,4.244428536,4.274648632,4.371144755,0.1535023217,0.1535023217,0.5982068772,0.1951848676,0,0.605295496,0.6141597636,0.6419765873,0.6071724912,0.6192605298,0.6578589786
6.34,4.244250117,4.274264201,4.37037433,4.244250117,4.2742642,4.37037433,0.152634975,0.152634975,0.5982247191,0.1952233108,0,0.6052429375,0.6140474705,0.6417573388,0.6071011237,0.619106757,0.6575508086
6.36,4.244073474,4.273882652,4.369606992,4.244073474,4.273882651,4.369606992,0.1517717826,0.1517717826,0.5982423834,0.1952614656,0,0.6051908994,0.6139360076,0.6415389246,0.6070304663,0.6189541374,0.6572438735
6.38,4.243898588,4.273503967,4.36884274,4.243898588,4.273503966,4.36884274,0.1509127309,0.1509127309,0.598259872,0.1952993342,0,0.6051393765,0.6138253697,0.6413213446,0.606960512,0.6188026634,0.6569381726
6.4,4.243725442,4.273128126,4.368081571,4.243725443,4.273128126,4.368081571,0.1500578063,0.1500578064,0.5982771866,0.1953369182,0,0.6050883638,0.6137155513,0.6411045989,0.6068912537,0.6186523271,0.6566337051
6.42,4.24355402,4.272755111,4.367323484,4.24355402,4.27275511,4.367323484,0.1492069953,0.1492069954,0.5982943288,0.1953742197,0,0.6050378561,0.6136065471,0.6408886874,0.6068226846,0.618503121,0.6563304702
6.44,4.243384302,4.272384902,4.366568476,4.243384303,4.272384901,4.366568476,0.1483602843,0.1483602843,0.5983113006,0.1954112406,0,0.6049878487,0.6134983518,0.64067361,0.6067547978,0.6183550375,0.6560284672
6.46,4.243216274,4.272017481,4.365816546,4.243216274,4.27201748,4.365816546,0.1475176596,0.1475176597,0.5983281034,0.1954479828,0,0.6049383364,0.6133909602,0.6404593666,0.6066875864,0.618208069,0.6557276951
6.48,4.243049918,4.271652828,4.36506769,4.243049918,4.271652827,4.36506769,0.1466791077,0.1466791078,0.5983447391,0.195484448,0,0.6048893145,0.6132843669,0.640245957,0.6066210438,0.6180622079,0.6554281528
6.5,4.242885216,4.271290925,4.364321907,4.242885217,4.271290925,4.364321907,0.145844615,0.1458446151,0.5983612092,0.1955206383,0,0.6048407781,0.6131785667,0.6400333809,0.6065551633,0.6179174468,0.6551298396
6.52,4.242722154,4.270931754,4.363579194,4.242722154,4.270931753,4.363579194,0.145014168,0.145014168,0.5983775154,0.1955565554,0,0.6047927224,0.6130735545,0.6398216381,0.6064899383,0.6177737782,0.6548327542
6.54,4.242560714,4.270575295,4.362839547,4.242560714,4.270575295,4.362839547,0.1441877529,0.1441877529,0.5983936594,0.1955922013,0,0.6047451427,0.6129693251,0.6396107283,0.6064253624,0.6176311947,0.6545368956
6.56,4.242400881,4.270221531,4.362102965,4.242400881,4.27022153,4.362102965,0.1433653561,0.1433653562,0.5984096428,0.1956275777,0,0.6046980343,0.6128658732,0.6394006512,0.606361429,0.617489689,0.6542422626
6.58,4.242242637,4.269870442,4.361369443,4.242242638,4.269870442,4.361369443,0.1425469642,0.1425469642,0.5984254671,0.1956626866,0,0.6046513925,0.6127631938,0.6391914063,0.6062981317,0.6173492537,0.653948854
6.6,4.242085969,4.269522012,4.36063898,4.242085969,4.269522012,4.36063898,0.1417325634,0.1417325634,0.5984411339,0.1956975296,0,0.6046052127,0.6126612818,0.6389829934,0.6062354643,0.6172098816,0.6536566686
6.62,4.241930859,4.269176221,4.359911571,4.241930859,4.269176221,4.359911571,0.1409221401,0.1409221401,0.5984566449,0.1957321087,0,0.6045594905,0.612560132,0.6387754118,0.6061734204,0.6170715653,0.653365705
6.64,4.241777293,4.268833052,4.359187213,4.241777293,4.268833052,4.359187213,0.1401156808,0.1401156808,0.5984720015,0.1957664256,0,0.6045142212,0.6124597395,0.6385686612,0.6061119938,0.6169342976,0.6530759619
6.66,4.241625254,4.268492487,4.358465903,4.241625254,4.268492487,4.358465903,0.1393131717,0.1393131717,0.5984872054,0.1958004821,0,0.6044694003,0.6123600992,0.638362741,0.6060511785,0.6167980715,0.6527874379
6.68,4.241474729,4.268154507,4.357747637,4.241474729,4.268154507,4.357747637,0.1385145994,0.1385145993,0.5985022579,0.1958342801,0,0.6044250236,0.6122612061,0.6381576506,0.6059909683,0.6166628797,0.6525001316
6.7,4.241325701,4.267819096,4.357032412,4.241325701,4.267819096,4.357032412,0.1377199501,0.13771995,0.5985171607,0.1958678212,0,0.6043810865,0.6121630552,0.6379533896,0.6059313571,0.6165287152,0.6522140414
6.72,4.241178156,4.267486235,4.356320223,4.241178156,4.267486235,4.356320223,0.1369292102,0.1369292102,0.5985319152,0.1959011073,0,0.6043375848,0.6120656416,0.6377499572,0.6058723391,0.6163955709,0.6519291659
6.74,4.241032079,4.267155907,4.355611066,4.241032079,4.267155907,4.355611066,0.1361423662,0.1361423662,0.5985465229,0.1959341401,0,0.6042945142,0.6119689603,0.6375473528,0.6058139084,0.6162634397,0.6516455034
6.76,4.240887456,4.266828095,4.354904939,4.240887456,4.266828095,4.354904939,0.1353594044,0.1353594043,0.5985609852,0.1959669213,0,0.6042518704,0.6118730064,0.6373455756,0.605756059,0.6161323148,0.6513630523
6.78,4.240744271,4.266502781,4.354201836,4.240744271,4.266502781,4.354201836,0.1345803111,0.1345803111,0.5985753037,0.1959994527,0,0.6042096491,0.6117777751,0.6371446251,0.6056987853,0.6160021891,0.651081811
6.8,4.240602512,4.266179947,4.353501753,4.240602512,4.266179947,4.353501752,0.1338050729,0.1338050729,0.5985894796,0.1960317361,0,0.6041678463,0.6116832615,0.6369445004,0.6056420814,0.6158730557,0.6508017778
6.82,4.240462163,4.265859578,4.352804685,4.240462163,4.265859578,4.352804685,0.133033676,0.133033676,0.5986035146,0.196063773,0,0.6041264578,0.6115894607,0.6367452007,0.6055859418,0.6157449079,0.6505229509
6.84,4.24032321,4.265541655,4.352110629,4.24032321,4.265541655,4.352110629,0.1322661069,0.1322661069,0.5986174098,0.1960955653,0,0.6040854794,0.6114963679,0.6365467253,0.6055303607,0.6156177387,0.6502453285
6.86,4.24018564,4.265226162,4.35141958,4.24018564,4.265226162,4.35141958,0.1315023519,0.1315023519,0.5986311668,0.1961271147,0,0.6040449072,0.6114039785,0.6363490732,0.6054753327,0.6154915414,0.6499689088
6.88,4.240049439,4.264913081,4.350731533,4.240049439,4.264913081,4.350731533,0.1307423975,0.1307423974,0.5986447869,0.1961584227,0,0.6040047372,0.6113122875,0.6361522436,0.6054208523,0.6153663092,0.64969369
6.9,4.239914593,4.264602397,4.350046483,4.239914593,4.264602397,4.350046483,0.1299862299,0.1299862299,0.5986582715,0.1961894912,0,0.6039649653,0.6112212903,0.6359562356,0.6053669139,0.6152420354,0.6494196701
6.92,4.239781089,4.264294091,4.349364426,4.239781089,4.264294091,4.349364426,0.1292338358,0.1292338358,0.598671622,0.1962203217,0,0.6039255877,0.6111309822,0.6357610482,0.6053135122,0.6151187133,0.6491468472
6.94,4.239648913,4.263988149,4.348685356,4.239648913,4.263988149,4.348685356,0.1284852014,0.1284852013,0.5986848395,0.1962509159,0,0.6038866004,0.6110413585,0.6355666805,0.6052606419,0.6149963364,0.6488752193
6.96,4.239518052,4.263684553,4.348009269,4.239518052,4.263684553,4.348009269,0.1277403131,0.1277403131,0.5986979256,0.1962812755,0,0.6038479996,0.6109524146,0.6353731315,0.6052082976,0.6148748979,0.6486047844
6.98,4.239388494,4.263383287,4.347336159,4.239388494,4.263383287,4.347336159,0.1269991574,0.1269991574,0.5987108815,0.1963114021,0,0.6038097815,0.6108641457,0.6351804001,0.6051564742,0.6147543914,0.6483355404
7,4.239260224,4.263084334,4.346666021,4.239260224,4.263084334,4.346666021,0.1262617207,0.1262617206,0.5987237084,0.1963412974,0,0.6037719422,0.6107765473,0.6349884853,0.6051051664,0.6146348103,0.6480674853
7.02,4.239133231,4.262787678,4.34599885,4.239133231,4.262787678,4.34599885,0.1255279893,0.1255279893,0.5987364077,0.196370963,0,0.6037344782,0.6106896149,0.634797386,0.6050543691,0.6145161481,0.6478006169
7.04,4.239007501,4.262493304,4.345334641,4.239007501,4.262493304,4.345334641,0.1247979499,0.1247979499,0.5987489807,0.1964004004,0,0.6036973855,0.6106033437,0.634607101,0.6050040773,0.6143983985,0.647534933
7.06,4.238883023,4.262201195,4.344673387,4.238883023,4.262201195,4.344673387,0.1240715887,0.1240715887,0.5987614285,0.1964296113,0,0.6036606607,0.6105177294,0.6344176294,0.6049542859,0.6142815549,0.6472704316
7.08,4.238759783,4.261911335,4.344015084,4.238759783,4.261911336,4.344015084,0.1233488923,0.1233488923,0.5987737525,0.1964585973,0,0.6036243,0.6104327675,0.6342289698,0.60490499,0.6141656109,0.6470071103
7.1,4.238637769,4.261623709,4.343359725,4.238637769,4.261623709,4.343359725,0.122629847,0.122629847,0.5987859539,0.1964873599,0,0.6035882998,0.6103484533,0.6340411211,0.6048561845,0.6140505604,0.6467449668
7.12,4.23851697,4.2613383,4.342707306,4.23851697,4.261338301,4.342707306,0.1219144394,0.1219144394,0.5987980338,0.1965159008,0,0.6035526566,0.6102647825,0.6338540821,0.6048078647,0.6139363969,0.646483999
7.14,4.238397372,4.261055094,4.342057819,4.238397372,4.261055094,4.342057819,0.1212026559,0.1212026559,0.5988099936,0.1965442214,0,0.6035173668,0.6101817507,0.6336678515,0.6047600256,0.6138231143,0.6462242044
7.16,4.238278965,4.260774074,4.34141126,4.238278964,4.260774074,4.34141126,0.120494483,0.120494483,0.5988218344,0.1965723235,0,0.6034824271,0.6100993533,0.6334824281,0.6047126626,0.6137107062,0.6459655808
7.18,4.238161735,4.260495224,4.340767622,4.238161735,4.260495224,4.340767622,0.1197899071,0.1197899071,0.5988335573,0.1966002084,0,0.6034478338,0.6100175861,0.6332978106,0.6046657708,0.6135991665,0.6457081256
7.2,4.238045672,4.260218531,4.3401269,4.238045672,4.260218531,4.3401269,0.1190889148,0.1190889148,0.5988451636,0.1966278778,0,0.6034135836,0.6099364447,0.6331139976,0.6046193456,0.613488489,0.6454518366
7.22,4.237930764,4.259943977,4.339489086,4.237930764,4.259943977,4.339489086,0.1183914926,0.1183914926,0.5988566544,0.1966553331,0,0.603379673,0.6098559247,0.6329309879,0.6045733824,0.6133786677,0.6451967113
7.24,4.237816999,4.259671549,4.338854176,4.237816999,4.259671549,4.338854176,0.117697627,0.117697627,0.5988680309,0.1966825759,0,0.6033460989,0.6097760218,0.63274878,0.6045278765,0.6132696964,0.6449427471
7.26,4.237704366,4.259401231,4.338222162,4.237704366,4.259401231,4.338222162,0.1170073044,0.1170073044,0.5988792942,0.1967096077,0,0.6033128577,0.6096967317,0.6325673726,0.6044828233,0.6131615691,0.6446899416
7.28,4.237592854,4.259133007,4.337593039,4.237592854,4.259133008,4.337593039,0.1163205115,0.1163205115,0.5988904454,0.1967364301,0,0.6032799462,0.6096180502,0.6323867642,0.6044382185,0.6130542798,0.6444382923
7.3,4.237482452,4.258866864,4.336966799,4.237482452,4.258866865,4.336966799,0.1156372348,0.1156372348,0.5989014856,0.1967630444,0,0.6032473611,0.609539973,0.6322069535,0.6043940575,0.6129478225,0.6441877966
7.32,4.237373148,4.258602786,4.336343438,4.237373148,4.258602787,4.336343438,0.1149574609,0.1149574609,0.598912416,0.1967894522,0,0.6032150993,0.6094624959,0.6320279389,0.6043503359,0.6128421913,0.6439384518
7.34,4.237264931,4.258340759,4.335722947,4.237264931,4.258340759,4.335722947,0.1142811762,0.1142811762,0.5989232377,0.1968156549,0,0.6031831575,0.6093856147,0.6318497191,0.6043070493,0.6127373803,0.6436902555
7.36,4.237157792,4.258080767,4.33510532,4.237157792,4.258080767,4.33510532,0.1136083674,0.1136083674,0.5989339516,0.1968416541,0,0.6031515325,0.6093093253,0.6316722924,0.6042641935,0.6126333836,0.6434432049
7.38,4.237051718,4.257822797,4.334490552,4.237051718,4.257822797,4.334490552,0.1129390211,0.1129390211,0.598944559,0.1968674511,0,0.6031202213,0.6092336235,0.6314956574,0.604221764,0.6125301954,0.6431972975
7.4,4.2369467,4.257566833,4.333878634,4.2369467,4.257566833,4.333878634,0.1122731239,0.1122731239,0.5989550608,0.1968930475,0,0.6030892207,0.6091585051,0.6313198126,0.6041797568,0.6124278099,0.6429525304
7.42,4.236842727,4.257312862,4.333269561,4.236842727,4.257312862,4.333269561,0.1116106623,0.1116106623,0.5989654581,0.1969184446,0,0.6030585277,0.6090839661,0.6311447563,0.6041381675,0.6123262214,0.642708901
7.44,4.236739788,4.257060868,4.332663325,4.236739788,4.257060868,4.332663325,0.1109516231,0.1109516231,0.598975752,0.196943644,0,0.6030281391,0.6090100023,0.6309704871,0.604096992,0.6122254241,0.6424664066
7.46,4.236637874,4.256810839,4.332059919,4.236637874,4.256810839,4.332059919,0.1102959929,0.1102959929,0.5989859434,0.1969686469,0,0.6029980521,0.6089366099,0.6307970032,0.6040562262,0.6121254123,0.6422250444
7.48,4.236536973,4.256562759,4.331459337,4.236536973,4.256562759,4.331459337,0.1096437583,0.1096437583,0.5989960335,0.1969934549,0,0.6029682636,0.6088637846,0.6306243031,0.6040158661,0.6120261804,0.6419848116
7.5,4.236437077,4.256316615,4.330861571,4.236437077,4.256316615,4.330861571,0.108994906,0.108994906,0.5990060231,0.1970180693,0,0.6029387706,0.6087915225,0.6304523852,0.6039759076,0.6119277228,0.6417457053
7.52,4.236338175,4.256072393,4.330266615,4.236338175,4.256072393,4.330266615,0.1083494227,0.1083494227,0.5990159133,0.1970424915,0,0.6029095702,0.6087198197,0.6302812477,0.6039363466,0.6118300338,0.6415077229
7.54,4.236240256,4.255830078,4.329674461,4.236240256,4.255830078,4.329674462,0.1077072951,0.1077072951,0.5990257052,0.197066723,0,0.6028806596,0.6086486721,0.6301108891,0.6038971793,0.611733108,0.6412708614
7.56,4.236143312,4.255589658,4.329085103,4.236143312,4.255589657,4.329085103,0.1070685099,0.1070685099,0.5990353996,0.1970907651,0,0.6028520359,0.6085780759,0.6299413075,0.6038584017,0.6116369398,0.6410351179
7.58,4.236047333,4.255351117,4.328498532,4.236047333,4.255351117,4.328498532,0.1064330538,0.1064330538,0.5990449975,0.1971146191,0,0.6028236962,0.6085080271,0.6297725014,0.6038200099,0.6115415237,0.6408004895
7.6,4.235952309,4.255114444,4.327914742,4.235952309,4.255114444,4.327914742,0.1058009136,0.1058009136,0.5990545,0.1971382864,0,0.6027956378,0.6084385218,0.6296044689,0.6037820002,0.6114468543,0.6405669734
7.62,4.23585823,4.254879624,4.327333725,4.23585823,4.254879623,4.327333725,0.1051720761,0.1051720761,0.5990639078,0.1971617685,0,0.6027678577,0.6083695562,0.6294372084,0.6037443687,0.6113529262,0.6403345666
7.64,4.235765087,4.254646643,4.326755474,4.235765087,4.254646643,4.326755474,0.104546528,0.104546528,0.5990732221,0.1971850665,0,0.6027403534,0.6083011263,0.629270718,0.6037071116,0.6112597339,0.6401032662
7.66,4.235672871,4.254415489,4.326179981,4.235672871,4.254415488,4.326179981,0.1039242562,0.1039242562,0.5990824437,0.1972081819,0,0.602713122,0.6082332285,0.6291049961,0.6036702252,0.6111672723,0.6398730691
7.68,4.235581573,4.254186148,4.325607239,4.235581573,4.254186147,4.325607239,0.1033052474,0.1033052474,0.5990915735,0.197231116,0,0.6026861609,0.6081658589,0.6289400407,0.6036337058,0.6110755358,0.6396439724
7.7,4.235491183,4.253958606,4.325037241,4.235491183,4.253958606,4.325037241,0.1026894885,0.1026894885,0.5991006125,0.1972538702,0,0.6026594673,0.6080990138,0.62877585,0.6035975499,0.6109845193,0.6394159731
7.72,4.235401692,4.253732852,4.324469979,4.235401692,4.253732852,4.324469979,0.1020769663,0.1020769663,0.5991095616,0.1972764456,0,0.6026330387,0.6080326893,0.6286124224,0.6035617536,0.6108942175,0.6391890682
7.74,4.235313092,4.253508871,4.323905444,4.235313092,4.253508871,4.323905444,0.1014676678,0.1014676677,0.5991184216,0.1972988437,0,0.6026068724,0.6079668817,0.6284497558,0.6035263136,0.6108046252,0.6389632545
7.76,4.235225374,4.253286651,4.323343631,4.235225374,4.253286651,4.323343631,0.1008615797,0.1008615797,0.5991271934,0.1973210657,0,0.6025809658,0.6079015874,0.6282878485,0.6034912262,0.6107157373,0.6387385291
7.78,4.235138528,4.253066179,4.32278453,4.235138528,4.253066179,4.32278453,0.100258689,0.100258689,0.599135878,0.1973431129,0,0.6025553164,0.6078368026,0.6281266986,0.603456488,0.6106275485,0.6385148888
7.8,4.235052546,4.252847443,4.322228135,4.235052547,4.252847442,4.322228135,0.0996589827,0.09965898269,0.5991444762,0.1973649866,0,0.6025299215,0.6077725238,0.6279663041,0.6034220953,0.6105400538,0.6382923306
7.82,4.23496742,4.252630428,4.321674436,4.23496742,4.252630428,4.321674436,0.09906244765,0.09906244764,0.5991529888,0.197386688,0,0.6025047787,0.6077087472,0.6278066632,0.6033880449,0.610453248,0.6380708513
7.84,4.234883141,4.252415124,4.321123428,4.234883141,4.252415124,4.321123428,0.09846907084,0.09846907083,0.5991614167,0.1974082184,0,0.6024798855,0.6076454692,0.627647774,0.6033543333,0.6103671262,0.6378504479
7.86,4.234799701,4.252201517,4.320575101,4.234799701,4.252201517,4.320575101,0.09787883926,0.09787883926,0.5991697607,0.1974295792,0,0.6024552394,0.6075826863,0.6274896345,0.6033209572,0.6102816834,0.6376311172
7.88,4.234717091,4.251989594,4.320029448,4.234717091,4.251989594,4.320029448,0.09729173992,0.09729173991,0.5991780217,0.1974507714,0,0.602430838,0.6075203949,0.6273322429,0.6032879131,0.6101969145,0.6374128559
7.9,4.234635303,4.251779344,4.319486461,4.234635303,4.251779344,4.319486461,0.09670775983,0.09670775983,0.5991862005,0.1974717964,0,0.6024066787,0.6074585914,0.627175597,0.6032551978,0.6101128145,0.637195661
7.92,4.234554328,4.251570755,4.318946131,4.234554328,4.251570755,4.318946131,0.09612688606,0.09612688605,0.599194298,0.1974926553,0,0.6023827593,0.6073972723,0.6270196951,0.6032228081,0.6100293786,0.6369795293
7.94,4.23447416,4.251363813,4.318408452,4.23447416,4.251363813,4.318408452,0.09554910566,0.09554910565,0.5992023149,0.1975133495,0,0.6023590774,0.607336434,0.626864535,0.6031907406,0.6099466019,0.6367644576
7.96,4.234394789,4.251158507,4.317873414,4.234394789,4.251158507,4.317873414,0.09497440572,0.09497440572,0.599210252,0.1975338801,0,0.6023356306,0.6072760732,0.6267101148,0.6031589922,0.6098644796,0.6365504425
7.98,4.234316207,4.250954825,4.317341011,4.234316207,4.250954825,4.317341011,0.09440277337,0.09440277337,0.5992181101,0.1975542483,0,0.6023124165,0.6072161863,0.6265564325,0.6031275597,0.6097830067,0.6363374811
8,4.234238408,4.250752754,4.316811233,4.234238408,4.250752754,4.316811233,0.09383419573,0.09383419573,0.59922589,0.1975744554,0,0.602289433,0.6071567699,0.6264034861,0.6030964399,0.6097021785,0.6361255699
8.02,4.234161383,4.250552284,4.316284072,4.234161383,4.250552284,4.316284072,0.09326865995,0.09326865995,0.5992335925,0.1975945024,0,0.6022666776,0.6070978205,0.6262512736,0.6030656299,0.6096219902,0.6359147057
8.04,4.234085124,4.250353401,4.315759521,4.234085124,4.250353401,4.315759521,0.09270615323,0.09270615322,0.5992412184,0.1976143907,0,0.6022441481,0.6070393349,0.6260997928,0.6030351263,0.6095424371,0.6357048853
8.06,4.234009624,4.250156095,4.315237572,4.234009624,4.250156095,4.315237572,0.09214666275,0.09214666274,0.5992487684,0.1976341214,0,0.6022218424,0.6069813095,0.6259490418,0.6030049263,0.6094635146,0.6354961055
8.08,4.233934875,4.249960353,4.314718215,4.233934875,4.249960353,4.314718215,0.09159017574,0.09159017573,0.5992562433,0.1976536955,0,0.6021997581,0.606923741,0.6257990185,0.6029750268,0.6093852178,0.6352883628
8.1,4.23386087,4.249766164,4.314201443,4.23386087,4.249766164,4.314201443,0.09103667945,0.09103667944,0.5992636438,0.1976731144,0,0.602177893,0.6068666261,0.6256497207,0.6029454248,0.6093075423,0.635081654
8.12,4.233787601,4.249573516,4.313687248,4.233787601,4.249573516,4.313687248,0.09048616115,0.09048616114,0.5992709707,0.1976923792,0,0.6021562451,0.6068099616,0.6255011466,0.6029161173,0.6092304833,0.6348759759
8.14,4.233715062,4.249382399,4.313175621,4.233715062,4.249382399,4.313175621,0.08993860813,0.08993860813,0.5992782246,0.1977114909,0,0.6021348122,0.606753744,0.6253532938,0.6028871015,0.6091540364,0.634671325
8.16,4.233643244,4.2491928,4.312666554,4.233643244,4.2491928,4.312666554,0.08939400772,0.08939400771,0.5992854064,0.1977304508,0,0.6021135921,0.6066979701,0.6252061604,0.6028583743,0.6090781968,0.6344676982
8.18,4.233572141,4.249004709,4.312160038,4.233572141,4.249004709,4.312160038,0.08885234725,0.08885234725,0.5992925167,0.1977492599,0,0.6020925827,0.6066426367,0.6250597442,0.602829933,0.6090029602,0.6342650919
8.2,4.233501745,4.248818113,4.311656065,4.233501745,4.248818113,4.311656065,0.0883136141,0.0883136141,0.5992995563,0.1977679195,0,0.6020717819,0.6065877405,0.6249140432,0.6028017747,0.6089283221,0.6340635029
8.22,4.23343205,4.248633003,4.311154628,4.23343205,4.248633003,4.311154628,0.08777779565,0.08777779566,0.5993065258,0.1977864305,0,0.6020511877,0.6065332783,0.6247690551,0.6027738966,0.6088542779,0.6338629279
8.24,4.233363048,4.248449366,4.310655717,4.233363048,4.248449366,4.310655717,0.08724487933,0.08724487934,0.599313426,0.1978047942,0,0.602030798,0.6064792469,0.6246247778,0.6027462959,0.6087808233,0.6336633634
8.26,4.233294733,4.248267193,4.310159323,4.233294733,4.248267193,4.310159323,0.08671485258,0.08671485259,0.5993202576,0.1978230115,0,0.6020106108,0.6064256432,0.6244812092,0.6027189698,0.6087079538,0.6334648061
8.28,4.233227097,4.248086471,4.30966544,4.233227097,4.248086471,4.30966544,0.08618770286,0.08618770288,0.5993270211,0.1978410837,0,0.601990624,0.606372464,0.6243383472,0.6026919156,0.6086356651,0.6332672526
8.3,4.233160135,4.24790719,4.309174057,4.233160134,4.24790719,4.309174057,0.08566341767,0.0856634177,0.5993337174,0.1978590118,0,0.6019708358,0.6063197061,0.6241961895,0.6026651306,0.6085639528,0.6330706996
8.32,4.233093838,4.24772934,4.308685167,4.233093838,4.24772934,4.308685167,0.08514198453,0.08514198457,0.599340347,0.1978767968,0,0.6019512441,0.6062673666,0.6240547339,0.6026386121,0.6084928127,0.6328751436
8.34,4.233028202,4.247552909,4.308198761,4.233028202,4.247552909,4.308198761,0.08462339099,0.08462339103,0.5993469106,0.1978944399,0,0.6019318469,0.6062154422,0.6239139784,0.6026123575,0.6084222403,0.6326805812
8.36,4.232963218,4.247377887,4.307714831,4.232963218,4.247377887,4.307714831,0.08410762462,0.08410762467,0.599353409,0.1979119421,0,0.6019126424,0.6061639298,0.6237739207,0.6025863641,0.6083522316,0.632487009
8.38,4.232898881,4.247204264,4.307233367,4.232898881,4.247204264,4.307233367,0.08359467302,0.08359467307,0.5993598427,0.1979293045,0,0.6018936287,0.6061128266,0.6236345587,0.6025606293,0.6082827822,0.6322944236
8.4,4.232835185,4.247032028,4.306754362,4.232835185,4.247032028,4.306754362,0.08308452381,0.08308452387,0.5993662123,0.197946528,0,0.6018748038,0.6060621294,0.62349589,0.6025351507,0.6082138879,0.6321028216
8.42,4.232772122,4.24686117,4.306277807,4.232772122,4.24686117,4.306277807,0.08257716465,0.08257716471,0.5993725186,0.1979636138,0,0.6018561658,0.6060118351,0.6233579126,0.6025099255,0.6081455446,0.6319121995
8.44,4.232709686,4.246691679,4.305803693,4.232709686,4.246691679,4.305803693,0.08207258322,0.08207258329,0.5993787622,0.197980563,0,0.601837713,0.6059619409,0.6232206241,0.6024849513,0.6080777482,0.6317225539
8.46,4.232647872,4.246523544,4.305332012,4.232647872,4.246523544,4.305332012,0.08157076722,0.08157076729,0.5993849436,0.1979973764,0,0.6018194435,0.6059124438,0.6230840225,0.6024602256,0.6080104944,0.6315338815
8.48,4.232586673,4.246356756,4.304862755,4.232586673,4.246356757,4.304862755,0.0810717044,0.08107170447,0.5993910635,0.1980140552,0,0.6018013554,0.6058633407,0.6229481053,0.602435746,0.6079437793,0.6313461786
8.5,4.232526083,4.246191305,4.304395913,4.232526083,4.246191305,4.304395913,0.08057538251,0.08057538259,0.5993971225,0.1980306003,0,0.601783447,0.6058146288,0.6228128705,0.6024115099,0.6078775988,0.6311594419
8.52,4.232466096,4.24602718,4.303931478,4.232466095,4.24602718,4.303931478,0.08008178935,0.08008178943,0.5994031213,0.1980470128,0,0.6017657165,0.6057663052,0.6226783157,0.602387515,0.6078119488,0.630973668
8.54,4.232406705,4.245864371,4.303469441,4.232406705,4.245864371,4.303469441,0.07959091274,0.07959091281,0.5994090603,0.1980632937,0,0.6017481622,0.6057183669,0.6225444388,0.6023637588,0.6077468253,0.6307888533
8.56,4.232347906,4.245702869,4.303009794,4.232347906,4.245702869,4.303009794,0.07910274052,0.07910274058,0.5994149402,0.1980794439,0,0.6017307821,0.605670811,0.6224112374,0.602340239,0.6076822244,0.6306049944
8.58,4.232289691,4.245542663,4.302552528,4.232289691,4.245542663,4.302552528,0.07861726057,0.07861726063,0.5994207617,0.1980954645,0,0.6017135748,0.6056236348,0.6222787093,0.6023169532,0.607618142,0.6304220878
8.6,4.232232056,4.245383744,4.302097633,4.232232056,4.245383744,4.302097633,0.07813446079,0.07813446085,0.5994265252,0.1981113564,0,0.6016965384,0.6055768354,0.6221468523,0.6022938992,0.6075545744,0.6302401301
8.62,4.232174994,4.245226102,4.301645102,4.232174994,4.245226102,4.301645102,0.07765432913,0.07765432918,0.5994322314,0.1981271206,0,0.6016796712,0.60553041,0.622015664,0.6022710745,0.6074915175,0.6300591177
8.64,4.2321185,4.245069727,4.301194926,4.2321185,4.245069727,4.301194926,0.07717685355,0.07717685358,0.5994378808,0.1981427581,0,0.6016629715,0.6054843557,0.6218851423,0.6022484769,0.6074289676,0.6298790473
8.66,4.232062569,4.24491461,4.300747096,4.232062569,4.24491461,4.300747096,0.07670202203,0.07670202205,0.599443474,0.1981582698,0,0.6016464378,0.6054386698,0.6217552848,0.6022261042,0.6073669207,0.6296999153
8.68,4.232007193,4.244760741,4.300301604,4.232007193,4.244760741,4.300301604,0.07622982259,0.0762298226,0.5994490115,0.1981736567,0,0.6016300683,0.6053933495,0.6216260892,0.6022039541,0.607305373,0.6295217182
8.7,4.231952369,4.24460811,4.29985844,4.231952369,4.24460811,4.29985844,0.0757602433,0.07576024329,0.5994544939,0.1981889198,0,0.6016138615,0.6053483921,0.6214975532,0.6021820243,0.6072443208,0.6293444526
8.72,4.23189809,4.244456709,4.299417596,4.23189809,4.244456709,4.299417596,0.07529327223,0.07529327221,0.5994599218,0.1982040599,0,0.6015978156,0.6053037949,0.6213696747,0.6021603128,0.6071837603,0.629168115
8.74,4.231844351,4.244306527,4.298979063,4.231844352,4.244306527,4.298979063,0.0748288975,0.07482889746,0.5994652957,0.1982190781,0,0.6015819292,0.605259555,0.6212424512,0.6021388173,0.6071236877,0.6289927018
8.76,4.231791147,4.244157557,4.298542832,4.231791148,4.244157557,4.298542832,0.07436710724,0.07436710718,0.5994706161,0.1982339752,0,0.6015662006,0.60521567,0.6211158805,0.6021175357,0.6070640994,0.6288182096
8.78,4.231738473,4.244009787,4.298108895,4.231738473,4.244009787,4.298108895,0.07390788962,0.07390788955,0.5994758835,0.1982487521,0,0.6015506283,0.605172137,0.6209899602,0.6020964659,0.6070049916,0.6286446349
8.8,4.231686322,4.24386321,4.297677243,4.231686323,4.24386321,4.297677243,0.07345123286,0.07345123278,0.5994810986,0.1982634098,0,0.6015352107,0.6051289534,0.6208646882,0.6020756057,0.6069463607,0.6284719741
8.82,4.231634691,4.243717816,4.297247868,4.231634691,4.243717815,4.297247868,0.07299712518,0.07299712508,0.5994862617,0.1982779493,0,0.6015199463,0.6050861166,0.620740062,0.6020549531,0.606888203,0.6283002239
8.84,4.231583573,4.243573595,4.29682076,4.231583573,4.243573595,4.29682076,0.07254555485,0.07254555474,0.5994913735,0.1982923713,0,0.6015048335,0.605043624,0.6206160793,0.6020345059,0.6068305149,0.6281293807
8.86,4.231532964,4.24343054,4.29639591,4.231532964,4.24343054,4.29639591,0.07209651015,0.07209651004,0.5994964344,0.1983066768,0,0.6014898709,0.605001473,0.6204927379,0.6020142623,0.6067732929,0.6279594409
8.88,4.231482858,4.243288642,4.295973311,4.231482858,4.243288641,4.295973311,0.07164997943,0.07164997931,0.599501445,0.1983208667,0,0.601475057,0.6049596609,0.6203700354,0.60199422,0.6067165334,0.6277904011
8.9,4.231433251,4.24314789,4.295552953,4.231433251,4.24314789,4.295552953,0.07120595103,0.0712059509,0.5995064057,0.1983349418,0,0.6014603902,0.6049181853,0.6202479695,0.6019743772,0.6066602328,0.6276222578
8.92,4.231384138,4.243008277,4.295134827,4.231384138,4.243008277,4.295134827,0.07076441334,0.07076441322,0.599511317,0.1983489031,0,0.6014458692,0.6048770435,0.6201265379,0.6019547318,0.6066043876,0.6274550076
8.94,4.231335513,4.242869794,4.294718925,4.231335513,4.242869794,4.294718925,0.07032535479,0.07032535467,0.5995161795,0.1983627514,0,0.6014314925,0.6048362331,0.6200057383,0.6019352819,0.6065489943,0.6272886468
8.96,4.231287372,4.242732432,4.294305238,4.231287372,4.242732432,4.294305238,0.06988876383,0.06988876371,0.5995209936,0.1983764876,0,0.6014172586,0.6047957515,0.6198855683,0.6019160255,0.6064940495,0.6271231719
8.98,4.23123971,4.242596183,4.293893757,4.23123971,4.242596182,4.293893757,0.06945462893,0.06945462883,0.5995257598,0.1983901126,0,0.6014031662,0.6047555962,0.6197660256,0.6018969608,0.6064395498,0.6269585796
9,4.231192522,4.242461037,4.293484474,4.231192523,4.242461037,4.293484474,0.06902293862,0.06902293853,0.5995304786,0.1984036271,0,0.6013892138,0.6047157648,0.6196471079,0.6018780857,0.6063854916,0.6267948663
9.02,4.231145804,4.242326987,4.293077379,4.231145804,4.242326987,4.293077379,0.06859368145,0.06859368137,0.5995351504,0.1984170321,0,0.6013754001,0.6046762547,0.6195288128,0.6018593984,0.6063318717,0.6266320285
9.04,4.231099551,4.242194025,4.292672465,4.231099551,4.242194025,4.292672465,0.06816684599,0.06816684593,0.5995397757,0.1984303283,0,0.6013617236,0.6046370636,0.619411138,0.6018408971,0.6062786866,0.6264700626
9.06,4.231053758,4.242062141,4.292269721,4.231053758,4.242062141,4.292269721,0.06774242086,0.06774242082,0.599544355,0.1984435167,0,0.601348183,0.604598189,0.6192940813,0.6018225799,0.6062259331,0.6263089653
9.08,4.23100842,4.241931327,4.29186914,4.231008421,4.241931327,4.29186914,0.06732039471,0.06732039468,0.5995488888,0.1984565981,0,0.601334777,0.6045596285,0.6191776401,0.601804445,0.6061736077,0.6261487329
9.1,4.230963534,4.241801576,4.291470713,4.230963534,4.241801576,4.291470713,0.06690075621,0.0669007562,0.5995533774,0.1984695732,0,0.6013215042,0.6045213797,0.6190618123,0.6017864904,0.6061217072,0.6259893621
9.12,4.230919095,4.241672879,4.291074431,4.230919094,4.241672879,4.291074431,0.06648349408,0.06648349408,0.5995578214,0.1984824429,0,0.6013083633,0.6044834403,0.6189465955,0.6017687146,0.6060702284,0.6258308493
9.14,4.230875097,4.241545228,4.290680286,4.230875097,4.241545228,4.290680286,0.06606859706,0.06606859706,0.5995622211,0.198495208,0,0.601295353,0.6044458078,0.6188319873,0.6017511156,0.6060191679,0.625673191
9.16,4.230831537,4.241418614,4.290288267,4.230831537,4.241418614,4.290288267,0.06565605392,0.06565605392,0.5995665771,0.1985078694,0,0.601282472,0.6044084799,0.6187179854,0.6017336917,0.6059685225,0.6255163837
9.18,4.230788411,4.241293031,4.289898368,4.230788411,4.241293031,4.289898368,0.06524585347,0.06524585347,0.5995708897,0.1985204277,0,0.601269719,0.6043714543,0.6186045875,0.6017164411,0.6059182891,0.625360424
9.2,4.230745714,4.241168469,4.289510579,4.230745714,4.241168469,4.289510579,0.06483798455,0.06483798455,0.5995751594,0.1985328839,0,0.6012570928,0.6043347287,0.6184917912,0.6016993623,0.6058684644,0.6252053084
9.22,4.230703441,4.241044921,4.289124892,4.230703441,4.241044921,4.289124892,0.06443243603,0.06443243604,0.5995793867,0.1985452387,0,0.601244592,0.6042983008,0.6183795941,0.6016824533,0.6058190452,0.6250510334
9.24,4.23066159,4.24092238,4.288741297,4.23066159,4.24092238,4.288741297,0.06402919683,0.06402919683,0.5995835718,0.1985574929,0,0.6012322154,0.6042621682,0.6182679941,0.6016657126,0.6057700286,0.6248975954
9.26,4.230620154,4.240800836,4.288359786,4.230620154,4.240800836,4.288359786,0.06362825588,0.06362825589,0.5995877154,0.1985696472,0,0.6012199619,0.6042263288,0.6181569886,0.6016491385,0.6057214112,0.6247449911
9.28,4.230579131,4.240680283,4.287980351,4.230579131,4.240680283,4.287980351,0.06322960216,0.06322960217,0.5995918177,0.1985817025,0,0.6012078301,0.6041907802,0.6180465754,0.6016327293,0.6056731901,0.624593217
9.3,4.230538517,4.240560714,4.287602982,4.230538517,4.240560714,4.287602982,0.06283322468,0.06283322469,0.5995958792,0.1985936594,0,0.6011958189,0.6041555203,0.6179367522,0.6016164834,0.6056253622,0.6244422696
9.32,4.230498306,4.240442119,4.287227671,4.230498306,4.240442119,4.287227671,0.06243911248,0.06243911249,0.5995999002,0.1986055189,0,0.6011839271,0.6041205468,0.6178275165,0.6016003991,0.6055779244,0.6242921453
9.34,4.230458495,4.240324492,4.28685441,4.230458495,4.240324492,4.28685441,0.06204725464,0.06204725464,0.5996038813,0.1986172816,0,0.6011721535,0.6040858576,0.6177188661,0.6015844749,0.6055308736,0.6241428409
9.36,4.230419081,4.240207826,4.28648319,4.230419081,4.240207826,4.28648319,0.06165764026,0.06165764026,0.5996078227,0.1986289483,0,0.6011604969,0.6040514503,0.6176107986,0.6015687091,0.605484207,0.6239943527
9.38,4.230380059,4.240092112,4.286114002,4.230380059,4.240092112,4.286114002,0.06127025848,0.06127025848,0.599611725,0.1986405197,0,0.6011489562,0.6040173229,0.6175033117,0.6015531002,0.6054379214,0.6238466774
9.4,4.230341425,4.239977343,4.285746837,4.230341425,4.239977343,4.285746837,0.0608850985,0.0608850985,0.5996155884,0.1986519965,0,0.6011375301,0.6039834732,0.617396403,0.6015376466,0.605392014,0.6236998115
9.42,4.230303175,4.239863512,4.285381687,4.230303175,4.239863512,4.285381687,0.0605021495,0.0605021495,0.5996194133,0.1986633796,0,0.6011262177,0.6039498991,0.6172900702,0.6015223467,0.6053464817,0.6235537515
9.44,4.230265306,4.239750612,4.285018543,4.230265306,4.239750612,4.285018543,0.06012140075,0.06012140076,0.5996232002,0.1986746696,0,0.6011150176,0.6039165984,0.6171843111,0.6015071991,0.6053013217,0.623408494
9.46,4.230227814,4.239638636,4.284657397,4.230227814,4.239638636,4.284657397,0.05974284153,0.05974284153,0.5996269494,0.1986858672,0,0.6011039289,0.603883569,0.6170791231,0.6014922022,0.6052565311,0.6232640356
9.48,4.230190695,4.239527576,4.28429824,4.230190695,4.239527576,4.28429824,0.05936646113,0.05936646114,0.5996306614,0.1986969733,0,0.6010929504,0.6038508088,0.6169745041,0.6014773546,0.605212107,0.6231203728
9.5,4.230153945,4.239417424,4.283941064,4.230153945,4.239417424,4.283941064,0.05899224892,0.05899224894,0.5996343363,0.1987079884,0,0.6010820811,0.6038183158,0.6168704517,0.6014626547,0.6051680465,0.6229775022
9.52,4.230117561,4.239308175,4.283585859,4.230117561,4.239308175,4.283585859,0.05862019428,0.0586201943,0.5996379747,0.1987189133,0,0.6010713197,0.6037860878,0.6167669635,0.601448101,0.6051243467,0.6228354203
9.54,4.230081539,4.239199821,4.283232618,4.230081538,4.239199821,4.283232618,0.05825028662,0.05825028665,0.599641577,0.1987297488,0,0.6010606654,0.6037541228,0.6166640373,0.6014336922,0.605081005,0.6226941239
9.56,4.230045875,4.239092354,4.282881331,4.230045875,4.239092354,4.282881331,0.0578825154,0.05788251543,0.5996451433,0.1987404954,0,0.6010501169,0.6037224189,0.6165616707,0.6014194267,0.6050380184,0.6225536093
9.58,4.230010566,4.238985769,4.282531991,4.230010566,4.238985769,4.282531991,0.0575168701,0.05751687014,0.5996486742,0.1987511539,0,0.6010396733,0.6036909738,0.6164598613,0.6014053032,0.6049953842,0.6224138733
9.6,4.229975609,4.238880057,4.282184589,4.229975608,4.238880057,4.282184589,0.05715334024,0.05715334029,0.59965217,0.1987617251,0,0.6010293335,0.6036597857,0.6163586069,0.6013913202,0.6049530997,0.6222749123
9.62,4.229940999,4.238775213,4.281839116,4.229940999,4.238775213,4.281839116,0.05679191539,0.05679191545,0.5996556309,0.1987722095,0,0.6010190965,0.6036288526,0.6162579052,0.6013774763,0.6049111621,0.6221367231
9.64,4.229906734,4.23867123,4.281495564,4.229906734,4.23867123,4.281495564,0.05643258512,0.05643258519,0.5996590575,0.1987826078,0,0.6010089613,0.6035981724,0.6161577538,0.6013637702,0.6048695686,0.6219993022
9.66,4.229872809,4.2385681,4.281153924,4.229872809,4.2385681,4.281153924,0.05607533907,0.05607533915,0.5996624499,0.1987929208,0,0.6009989268,0.6035677432,0.6160581505,0.6013502005,0.6048283167,0.6218626462
9.68,4.229839222,4.238465817,4.280814188,4.229839222,4.238465817,4.280814188,0.05572016689,0.05572016698,0.5996658086,0.1988031491,0,0.600988992,0.603537563,0.6159590928,0.6013367657,0.6047874036,0.6217267518
9.7,4.22980597,4.238364375,4.280476347,4.22980597,4.238364375,4.280476347,0.05536705829,0.05536705839,0.5996691338,0.1988132934,0,0.600979156,0.60350763,0.6158605785,0.6013234647,0.6047468266,0.6215916155
9.72,4.229773048,4.238263766,4.280140393,4.229773048,4.238263766,4.280140393,0.05501600299,0.0550160031,0.599672426,0.1988233542,0,0.6009694178,0.6034779421,0.6157626053,0.601310296,0.6047065831,0.6214572341
9.74,4.229740454,4.238163984,4.279806318,4.229740454,4.238163984,4.279806318,0.05466699076,0.05466699087,0.5996756854,0.1988333324,0,0.6009597764,0.6034484975,0.6156651709,0.6012972584,0.6046666705,0.621323604
9.76,4.229708184,4.238065024,4.279474113,4.229708184,4.238065024,4.279474113,0.05432001139,0.05432001151,0.5996789124,0.1988432284,0,0.6009502309,0.6034192943,0.615568273,0.6012843504,0.6046270862,0.621190722
9.78,4.229676235,4.237966877,4.27914377,4.229676235,4.237966877,4.27914377,0.05397505473,0.05397505485,0.5996821073,0.1988530431,0,0.6009407802,0.6033903305,0.6154719093,0.6012715709,0.6045878277,0.6210585847
9.8,4.229644605,4.237869539,4.27881528,4.229644604,4.237869539,4.27881528,0.05363211064,0.05363211076,0.5996852704,0.1988627769,0,0.6009314235,0.6033616044,0.6153760775,0.6012589186,0.6045488923,0.6209271888
9.82,4.229613288,4.237773002,4.278488635,4.229613288,4.237773002,4.278488635,0.05329116903,0.05329116915,0.599688402,0.1988724306,0,0.6009221598,0.603333114,0.6152807752,0.6012463921,0.6045102774,0.6207965308
9.84,4.229582284,4.23767726,4.278163827,4.229582284,4.23767726,4.278163827,0.05295221983,0.05295221995,0.5996915024,0.1988820048,0,0.6009129882,0.6033048576,0.6151860003,0.6012339903,0.6044719807,0.6206666076
9.86,4.229551588,4.237582307,4.277840847,4.229551588,4.237582307,4.277840847,0.05261525304,0.05261525315,0.599694572,0.1988915001,0,0.6009039077,0.6032768332,0.6150917504,0.6012217119,0.6044339996,0.6205374157
9.88,4.229521197,4.237488137,4.277519688,4.229521197,4.237488137,4.277519688,0.05228025865,0.05228025875,0.5996976111,0.1989009171,0,0.6008949176,0.6032490391,0.6149980233,0.6012095557,0.6043963315,0.6204089518
9.9,4.229491109,4.237394743,4.27720034,4.229491109,4.237394743,4.27720034,0.05194722671,0.0519472268,0.5997006199,0.1989102565,0,0.6008860168,0.6032214734,0.6149048166,0.6011975204,0.604358974,0.6202812127
9.92,4.22946132,4.23730212,4.276882795,4.22946132,4.23730212,4.276882796,0.0516161473,0.05161614739,0.5997035988,0.1989195188,0,0.6008772045,0.6031941344,0.614812128,0.6011856049,0.6043219248,0.6201541949
9.94,4.229431828,4.237210261,4.276567046,4.229431828,4.237210261,4.276567046,0.05128701055,0.05128701062,0.599706548,0.1989287047,0,0.6008684798,0.6031670203,0.6147199554,0.6011738079,0.6042851812,0.6200278953
9.96,4.229402629,4.23711916,4.276253084,4.229402629,4.237119161,4.276253084,0.0509598066,0.05095980665,0.5997094679,0.1989378148,0,0.6008598419,0.6031401293,0.6146282965,0.6011621283,0.604248741,0.6199023104
9.98,4.22937372,4.237028812,4.275940901,4.22937372,4.237028812,4.275940901,0.05063452563,0.05063452567,0.5997123588,0.1989468496,0,0.6008512898,0.6031134597,0.6145371489,0.6011505649,0.6042126016,0.6197774371
10,4.2293451,4.23693921,4.275630488,4.2293451,4.23693921,4.275630488,0.05031115788,0.0503111579,0.5997152208,0.1989558098,0,0.6008428228,0.6030870098,0.6144465104,0.6011391166,0.6041767608,0.619653272
10.02,4.229316764,4.236850349,4.275321838,4.229316764,4.236850349,4.275321838,0.0499896936,0.04998969359,0.5997180545,0.1989646959,0,0.6008344399,0.6030607777,0.6143563788,0.6011277822,0.6041412162,0.6195298118
10.04,4.22928871,4.236762222,4.275014942,4.22928871,4.236762222,4.275014942,0.04967012309,0.04967012305,0.5997208599,0.1989735086,0,0.6008261404,0.6030347618,0.6142667517,0.6011165606,0.6041059654,0.6194070534
10.06,4.229260935,4.236674823,4.274709791,4.229260935,4.236674823,4.274709791,0.04935243666,0.0493524366,0.5997236374,0.1989822485,0,0.6008179234,0.6030089604,0.6141776271,0.6011054506,0.6040710061,0.6192849934
10.08,4.229233436,4.236588148,4.274406379,4.229233436,4.236588148,4.274406379,0.04903662469,0.04903662461,0.5997263872,0.198990916,0,0.6008097881,0.6029833719,0.6140890025,0.6010944512,0.604036336,0.6191636285
10.1,4.229206211,4.23650219,4.274104697,4.229206211,4.23650219,4.274104697,0.04872267757,0.04872267747,0.5997291097,0.1989995118,0,0.6008017337,0.6029579944,0.6140008758,0.6010835612,0.6040019528,0.6190429556
10.12,4.229179257,4.236416944,4.273804737,4.229179257,4.236416944,4.273804737,0.04841058575,0.04841058563,0.5997318051,0.1990080364,0,0.6007937594,0.6029328264,0.6139132447,0.6010727796,0.6039678542,0.6189229714
10.14,4.229152571,4.236332403,4.27350649,4.229152571,4.236332403,4.27350649,0.04810033968,0.04810033954,0.5997344737,0.1990164905,0,0.6007858643,0.6029078662,0.613826107,0.6010621052,0.603934038,0.6188036727
10.16,4.229126151,4.236248563,4.273209949,4.229126151,4.236248563,4.273209948,0.04779192988,0.04779192973,0.5997371157,0.1990248745,0,0.6007780478,0.6028831121,0.6137394604,0.6010515371,0.6039005018,0.6186850562
10.18,4.229099993,4.236165417,4.272915105,4.229099994,4.236165417,4.272915105,0.04748534689,0.04748534672,0.5997397315,0.1990331891,0,0.6007703089,0.6028585626,0.6136533028,0.6010410741,0.6038672436,0.6185671188
10.2,4.229074096,4.236082961,4.272621951,4.229074096,4.236082961,4.272621951,0.04718058127,0.04718058109,0.5997423212,0.1990414347,0,0.600762647,0.6028342161,0.6135676318,0.6010307153,0.603834261,0.6184498571
10.22,4.229048457,4.236001188,4.272330478,4.229048457,4.236001188,4.272330478,0.04687762365,0.04687762347,0.5997448851,0.199049612,0,0.6007550613,0.6028100708,0.6134824454,0.6010204595,0.6038015519,0.6183332682
10.24,4.229023072,4.235920094,4.27204068,4.229023073,4.235920093,4.272040679,0.04657646468,0.04657646449,0.5997474236,0.1990577215,0,0.600747551,0.6027861252,0.6133977413,0.6010103057,0.6037691142,0.6182173486
10.26,4.228997941,4.235839672,4.271752546,4.228997941,4.235839672,4.271752546,0.04627709503,0.04627709485,0.5997499367,0.1990657636,0,0.6007401154,0.6027623778,0.6133135172,0.601000253,0.6037369455,0.6181020953
10.28,4.228973059,4.235759918,4.271466071,4.228973059,4.235759918,4.271466071,0.04597950542,0.04597950525,0.5997524249,0.199073739,0,0.6007327538,0.602738827,0.613229771,0.6009903003,0.6037050439,0.6179875052
10.3,4.228948425,4.235680826,4.271181245,4.228948425,4.235680826,4.271181245,0.04568368661,0.04568368645,0.5997548883,0.1990816482,0,0.6007254653,0.6027154711,0.6131465004,0.6009804467,0.6036734072,0.6178735749
10.32,4.228924036,4.235602391,4.270898062,4.228924036,4.235602391,4.270898062,0.04538962939,0.04538962925,0.5997573272,0.1990894917,0,0.6007182493,0.6026923088,0.6130637033,0.6009706911,0.6036420332,0.6177603014
10.34,4.228899889,4.235524608,4.270616512,4.22889989,4.235524608,4.270616512,0.04509732459,0.04509732446,0.5997597419,0.19909727,0,0.6007111051,0.6026693383,0.6129813775,0.6009610325,0.6036109198,0.6176476815
10.36,4.228875983,4.235447471,4.270336589,4.228875983,4.235447471,4.270336588,0.04480676305,0.04480676296,0.5997621325,0.1991049837,0,0.6007040319,0.6026465583,0.6128995209,0.6009514701,0.6035800651,0.6175357122
10.38,4.228852315,4.235370975,4.270058283,4.228852315,4.235370975,4.270058283,0.04451793569,0.04451793562,0.5997644993,0.1991126333,0,0.600697029,0.6026239671,0.6128181311,0.6009420028,0.6035494668,0.6174243901
10.4,4.228828883,4.235295116,4.269781589,4.228828883,4.235295116,4.269781589,0.04423083344,0.04423083339,0.5997668426,0.1991202192,0,0.6006900957,0.6026015634,0.6127372061,0.6009326298,0.6035191231,0.6173137123
10.42,4.228805683,4.235219887,4.269506497,4.228805683,4.235219887,4.269506497,0.04394544726,0.04394544723,0.5997691625,0.1991277421,0,0.6006832314,0.6025793455,0.6126567436,0.60092335,0.6034890317,0.6172036757
10.44,4.228782714,4.235145285,4.269233001,4.228782714,4.235145285,4.269233001,0.04366176815,0.04366176815,0.5997714594,0.1991352023,0,0.6006764354,0.6025573121,0.6125767416,0.6009141625,0.6034591908,0.617094277
10.46,4.228759974,4.235071304,4.268961091,4.228759974,4.235071304,4.268961091,0.04337978717,0.04337978717,0.5997737334,0.1991426004,0,0.6006697069,0.6025354616,0.6124971978,0.6009050664,0.6034295983,0.6169855132
10.48,4.22873746,4.234997939,4.268690761,4.22873746,4.234997939,4.268690761,0.04309949537,0.04309949538,0.5997759848,0.1991499369,0,0.6006630454,0.6025137927,0.6124181102,0.6008960609,0.6034002522,0.6168773813
10.5,4.22871517,4.234925185,4.268422003,4.22871517,4.234925185,4.268422003,0.04282088387,0.04282088388,0.5997782138,0.1991572124,0,0.60065645,0.6024923038,0.6123394765,0.6008871449,0.6033711506,0.6167698781
10.52,4.228693102,4.234853037,4.26815481,4.228693102,4.234853037,4.26815481,0.0425439438,0.04254394381,0.5997804206,0.1991644271,0,0.6006499203,0.6024709935,0.6122612946,0.6008783177,0.6033422915,0.6166630006
10.54,4.228671254,4.23478149,4.267889173,4.228671254,4.23478149,4.267889173,0.04226866634,0.04226866635,0.5997826054,0.1991715818,0,0.6006434555,0.6024498603,0.6121835623,0.6008695783,0.6033136728,0.6165567458
10.56,4.228649623,4.23471054,4.267625084,4.228649623,4.23471054,4.267625084,0.0419950427,0.04199504272,0.5997847685,0.1991786768,0,0.600637055,0.602428903,0.6121062776,0.6008609258,0.6032852929,0.6164511105
10.58,4.228628207,4.234640182,4.267362537,4.228628207,4.234640182,4.267362537,0.04172306414,0.04172306416,0.5997869101,0.1991857126,0,0.6006307181,0.6024081201,0.6120294384,0.6008523595,0.6032571496,0.6163460917
10.6,4.228607004,4.234570411,4.267101524,4.228607004,4.234570411,4.267101524,0.04145272194,0.04145272195,0.5997890304,0.1991926897,0,0.6006244442,0.6023875101,0.6119530424,0.6008438783,0.6032292411,0.6162416864
10.62,4.228586012,4.234501222,4.266842037,4.228586012,4.234501222,4.266842037,0.04118400741,0.04118400742,0.5997911296,0.1991996086,0,0.6006182328,0.6023670717,0.6118770875,0.6008354816,0.6032015655,0.6161378915
10.64,4.228565229,4.23443261,4.266584069,4.228565229,4.23443261,4.266584069,0.04091691191,0.04091691192,0.5997932079,0.1992064698,0,0.6006120831,0.6023468035,0.6118015718,0.6008271684,0.6031741209,0.6160347042
10.66,4.228544653,4.234364572,4.266327611,4.228544653,4.234364572,4.266327611,0.04065142683,0.04065142684,0.5997952655,0.1992132736,0,0.6006059945,0.6023267042,0.611726493,0.600818938,0.6031469056,0.6159321212
10.68,4.228524282,4.234297102,4.266072657,4.228524282,4.234297102,4.266072657,0.04038754359,0.0403875436,0.5997973027,0.1992200206,0,0.6005999665,0.6023067725,0.611651849,0.6008107894,0.6031199176,0.6158301397
10.7,4.228504113,4.234230196,4.2658192,4.228504113,4.234230196,4.2658192,0.04012525365,0.04012525365,0.5997993195,0.1992267112,0,0.6005939984,0.6022870069,0.6115776378,0.6008027219,0.603093155,0.6157287567
10.72,4.228484145,4.234163849,4.265567231,4.228484145,4.234163849,4.265567231,0.0398645485,0.03986454851,0.5998013163,0.1992333459,0,0.6005880897,0.6022674061,0.6115038573,0.6007947347,0.6030666162,0.6156279691
10.74,4.228464375,4.234098056,4.265316743,4.228464375,4.234098056,4.265316743,0.03960541968,0.03960541968,0.5998032933,0.1992399252,0,0.6005822398,0.6022479688,0.6114305054,0.6007868269,0.6030402993,0.615527774
10.76,4.228444803,4.234032814,4.265067729,4.228444803,4.234032814,4.265067729,0.03934785874,0.03934785874,0.5998052505,0.1992464494,0,0.600576448,0.6022286938,0.6113575799,0.6007789979,0.6030142025,0.6154281685
10.78,4.228425425,4.233968118,4.264820182,4.228425425,4.233968118,4.264820182,0.03909185728,0.03909185728,0.5998071883,0.199252919,0,0.6005707138,0.6022095796,0.6112850789,0.6007712467,0.602988324,0.6153291496
10.8,4.22840624,4.233903963,4.264574094,4.22840624,4.233903963,4.264574094,0.03883740694,0.03883740694,0.5998091068,0.1992593345,0,0.6005650367,0.6021906251,0.6112130003,0.6007635727,0.602962662,0.6152307143
10.82,4.228387246,4.233840345,4.264329458,4.228387246,4.233840345,4.264329458,0.03858449938,0.03858449939,0.5998110062,0.1992656963,0,0.600559416,0.6021718289,0.611141342,0.600755975,0.6029372149,0.6151328598
10.84,4.22836844,4.23377726,4.264086266,4.22836844,4.23377726,4.264086266,0.03833312631,0.03833312632,0.5998128868,0.1992720048,0,0.6005538512,0.6021531897,0.611070102,0.6007484529,0.6029119809,0.615035583
10.86,4.228349822,4.233714704,4.263844511,4.228349822,4.233714704,4.263844511,0.03808327946,0.03808327948,0.5998147486,0.1992782604,0,0.6005483418,0.6021347064,0.6109992781,0.6007410057,0.6028869582,0.6149388812
10.88,4.22833139,4.233652671,4.263604186,4.22833139,4.233652671,4.263604186,0.03783495061,0.03783495063,0.5998165919,0.1992844637,0,0.6005428871,0.6021163776,0.6109288685,0.6007336326,0.6028621452,0.6148427513
10.9,4.22831314,4.233591159,4.263365284,4.22831314,4.233591159,4.263365284,0.03758813155,0.03758813159,0.5998184168,0.199290615,0,0.6005374867,0.6020982021,0.6108588709,0.6007263328,0.6028375402,0.6147471905
10.92,4.228295072,4.233530162,4.263127798,4.228295072,4.233530162,4.263127798,0.03734281414,0.03734281418,0.5998202236,0.1992967147,0,0.60053214,0.6020801786,0.6107892835,0.6007191057,0.6028131414,0.6146521959
10.94,4.228277184,4.233469676,4.26289172,4.228277184,4.233469676,4.26289172,0.03709899025,0.0370989903,0.5998220124,0.1993027632,0,0.6005268464,0.602062306,0.6107201041,0.6007119505,0.6027889472,0.6145577647
10.96,4.228259474,4.233409698,4.262657043,4.228259474,4.233409698,4.262657043,0.03685665178,0.03685665184,0.5998237834,0.199308761,0,0.6005216055,0.602044583,0.6106513308,0.6007048664,0.602764956,0.6144638939
10.98,4.22824194,4.233350223,4.26242376,4.22824194,4.233350223,4.26242376,0.03661579068,0.03661579075,0.5998255368,0.1993147085,0,0.6005164168,0.6020270084,0.6105829616,0.6006978529,0.6027411661,0.6143705807
11,4.228224581,4.233291248,4.262191864,4.228224581,4.233291248,4.262191864,0.03637639893,0.03637639902,0.5998272727,0.199320606,0,0.6005112796,0.602009581,0.6105149944,0.6006909092,0.6027175759,0.6142778223
11.02,4.228207394,4.233232768,4.261961348,4.228207394,4.233232768,4.261961348,0.03613846854,0.03613846864,0.5998289914,0.1993264541,0,0.6005061935,0.6019922997,0.6104474272,0.6006840345,0.6026941838,0.6141856158
11.04,4.228190379,4.233174778,4.261732204,4.228190379,4.233174778,4.261732204,0.03590199157,0.03590199167,0.5998306929,0.199332253,0,0.600501158,0.6019751632,0.6103802581,0.6006772283,0.6026709881,0.6140939584
11.06,4.228173532,4.233117276,4.261504426,4.228173532,4.233117276,4.261504427,0.03566696008,0.0356669602,0.5998323776,0.1993380032,0,0.6004961726,0.6019581704,0.6103134851,0.6006704897,0.6026479873,0.6140028473
11.08,4.228156854,4.233060257,4.261278007,4.228156854,4.233060257,4.261278008,0.03543336619,0.03543336632,0.5998340454,0.1993437051,0,0.6004912368,0.6019413202,0.6102471061,0.6006638182,0.6026251797,0.6139122797
11.1,4.228140341,4.233003718,4.26105294,4.228140341,4.233003718,4.26105294,0.03520120206,0.0352012022,0.5998356967,0.199349359,0,0.6004863501,0.6019246112,0.6101811192,0.6006572131,0.6026025639,0.6138222528
11.12,4.228123993,4.232947654,4.260829218,4.228123992,4.232947654,4.260829218,0.03497045986,0.03497046001,0.5998373316,0.1993549655,0,0.6004815119,0.6019080425,0.6101155225,0.6006506738,0.6025801382,0.6137327638
11.14,4.228107807,4.232892061,4.260606833,4.228107807,4.232892061,4.260606833,0.03474113182,0.03474113198,0.5998389501,0.1993605247,0,0.6004767219,0.6018916129,0.6100503139,0.6006441995,0.6025579011,0.6136438099
11.16,4.228091782,4.232836936,4.260385779,4.228091782,4.232836936,4.260385779,0.03451321019,0.03451321035,0.5998405526,0.1993660372,0,0.6004719795,0.6018753213,0.6099854916,0.6006377896,0.6025358511,0.6135553883
11.18,4.228075917,4.232782275,4.260166049,4.228075917,4.232782275,4.260166049,0.03428668724,0.03428668741,0.5998421391,0.1993715033,0,0.6004672843,0.6018591665,0.6099210535,0.6006314435,0.6025139867,0.6134674963
11.2,4.228060209,4.232728074,4.259947636,4.228060209,4.232728074,4.259947636,0.0340615553,0.03406155547,0.5998437099,0.1993769234,0,0.6004626358,0.6018431475,0.6098569978,0.6006251605,0.6024923063,0.6133801312
11.22,4.228044658,4.232674329,4.259730534,4.228044658,4.232674329,4.259730534,0.03383780672,0.03383780689,0.599845265,0.1993822979,0,0.6004580335,0.601827263,0.6097933224,0.60061894,0.6024708084,0.6132932902
11.24,4.228029262,4.232621037,4.259514735,4.228029262,4.232621037,4.259514735,0.03361543388,0.03361543405,0.5998468046,0.1993876271,0,0.600453477,0.6018115122,0.6097300255,0.6006127815,0.6024494916,0.6132069706
11.26,4.228014019,4.232568194,4.259300232,4.228014018,4.232568194,4.259300232,0.03339442921,0.03339442937,0.5998483289,0.1993929114,0,0.6004489658,0.6017958937,0.6096671052,0.6006066842,0.6024283544,0.6131211697
11.28,4.227998927,4.232515797,4.25908702,4.227998927,4.232515797,4.25908702,0.03317478516,0.0331747853,0.5998498381,0.1993981512,0,0.6004444995,0.6017804067,0.6096045594,0.6006006476,0.6024073954,0.6130358847
11.3,4.227983986,4.232463841,4.25887509,4.227983986,4.232463841,4.258875091,0.0329564942,0.03295649434,0.5998513322,0.1994033468,0,0.6004400776,0.60176505,0.6095423864,0.600594671,0.602386613,0.6129511129
11.32,4.227969193,4.232412323,4.258664438,4.227969193,4.232412323,4.258664438,0.03273954887,0.03273954899,0.5998528115,0.1994084986,0,0.6004356996,0.6017498225,0.6094805841,0.600588754,0.6023660058,0.6128668518
11.34,4.227954548,4.232361239,4.258455054,4.227954547,4.232361239,4.258455055,0.03252394171,0.03252394181,0.5998542761,0.1994136069,0,0.6004313653,0.6017347233,0.6094191508,0.6005828958,0.6023455724,0.6127830985
11.36,4.227940048,4.232310587,4.258246934,4.227940048,4.232310587,4.258246934,0.03230966531,0.03230966539,0.599855726,0.1994186721,0,0.600427074,0.6017197512,0.6093580845,0.6005770958,0.6023253114,0.6126998505
11.38,4.227925692,4.232260362,4.258040071,4.227925692,4.232260362,4.258040071,0.03209671228,0.03209671234,0.5998571616,0.1994236946,0,0.6004228254,0.6017049053,0.6092973832,0.6005713536,0.6023052214,0.612617105
11.4,4.22791148,4.232210561,4.257834457,4.22791148,4.232210561,4.257834457,0.03188507528,0.03188507532,0.5998585829,0.1994286748,0,0.600418619,0.6016901844,0.6092370453,0.6005656686,0.602285301,0.6125348595
11.42,4.227897408,4.23216118,4.257630086,4.227897408,4.23216118,4.257630086,0.031674747,0.03167474701,0.59985999,0.1994336128,0,0.6004144545,0.6016755877,0.6091770687,0.6005600401,0.6022655487,0.6124531112
11.44,4.227883477,4.232112216,4.257426952,4.227883477,4.232112216,4.257426952,0.03146572015,0.03146572013,0.5998613831,0.1994385092,0,0.6004103315,0.601661114,0.6091174516,0.6005544676,0.6022459633,0.6123718576
11.46,4.227869684,4.232063666,4.257225048,4.227869684,4.232063666,4.257225048,0.03125798747,0.03125798743,0.5998627624,0.1994433642,0,0.6004062494,0.6016467624,0.6090581922,0.6005489505,0.6022265433,0.6122910961
11.48,4.227856029,4.232015527,4.257024368,4.227856029,4.232015527,4.257024368,0.03105154176,0.03105154169,0.5998641279,0.1994481781,0,0.6004022079,0.6016325318,0.6089992885,0.6005434884,0.6022072875,0.612210824
11.5,4.227842509,4.231967794,4.256824905,4.22784251,4.231967794,4.256824905,0.03084637582,0.03084637573,0.5998654799,0.1994529514,0,0.6003982066,0.6016184214,0.6089407388,0.6005380806,0.6021881944,0.6121310387
11.52,4.227829124,4.231920465,4.256626652,4.227829125,4.231920465,4.256626652,0.03064248252,0.03064248239,0.5998668184,0.1994576843,0,0.6003942452,0.60160443,0.6088825412,0.6005327266,0.6021692627,0.6120517376
11.54,4.227815873,4.231873536,4.256429604,4.227815873,4.231873536,4.256429604,0.03043985471,0.03043985456,0.5998681435,0.1994623772,0,0.6003903231,0.6015905568,0.6088246939,0.6005274258,0.6021504911,0.6119729182
11.56,4.227802753,4.231827004,4.256233753,4.227802753,4.231827004,4.256233753,0.03023848533,0.03023848516,0.5998694555,0.1994670304,0,0.60038644,0.6015768008,0.6087671951,0.6005221778,0.6021318783,0.6118945779
11.58,4.227789763,4.231780866,4.256039094,4.227789763,4.231780866,4.256039093,0.03003836731,0.03003836712,0.5998707545,0.1994716443,0,0.6003825956,0.601563161,0.6087100428,0.6005169821,0.602113423,0.6118167142
11.6,4.227776903,4.231735118,4.255845619,4.227776903,4.231735118,4.255845619,0.02983949364,0.02983949342,0.5998720405,0.199476219,0,0.6003787894,0.6015496364,0.6086532354,0.600511838,0.6020951239,0.6117393245
11.62,4.227764171,4.231689757,4.255653324,4.227764171,4.231689757,4.255653323,0.02964185731,0.02964185708,0.5998733137,0.1994807551,0,0.6003750211,0.6015362262,0.608596771,0.6005067451,0.6020769797,0.6116624062
11.64,4.227751565,4.231644781,4.2554622,4.227751566,4.231644781,4.2554622,0.02944545138,0.02944545114,0.5998745743,0.1994852527,0,0.6003712902,0.6015229294,0.6085406478,0.6005017029,0.6020589892,0.6115859568
11.66,4.227739085,4.231600186,4.255272243,4.227739086,4.231600186,4.255272242,0.02925026892,0.02925026868,0.5998758223,0.1994897122,0,0.6003675965,0.601509745,0.608484864,0.6004967109,0.602041151,0.6115099738
11.68,4.227726729,4.231555968,4.255083445,4.22772673,4.231555968,4.255083445,0.02905630304,0.02905630279,0.5998770579,0.199494134,0,0.6003639394,0.6014966721,0.6084294179,0.6004917686,0.602023464,0.6114344548
11.7,4.227714497,4.231512125,4.254895801,4.227714497,4.231512125,4.254895801,0.02886354687,0.02886354663,0.5998782812,0.1994985183,0,0.6003603188,0.6014837099,0.6083743075,0.6004868754,0.6020059268,0.6113593972
11.72,4.227702385,4.231468654,4.254709304,4.227702385,4.231468654,4.254709304,0.02867199358,0.02867199335,0.5998794923,0.1995028654,0,0.6003567342,0.6014708574,0.6083195313,0.6004820309,0.6019885384,0.6112847984
11.74,4.227690395,4.231425551,4.254523949,4.227690395,4.231425551,4.254523948,0.02848163638,0.02848163617,0.5998806913,0.1995071757,0,0.6003531852,0.6014581137,0.6082650874,0.6004772346,0.6019712973,0.6112106562
11.76,4.227678523,4.231382814,4.254339728,4.227678523,4.231382814,4.254339728,0.0282924685,0.02829246831,0.5998818785,0.1995114494,0,0.6003496716,0.601445478,0.608210974,0.600472486,0.6019542025,0.6111369679
11.78,4.22766677,4.23134044,4.254156636,4.22766677,4.23134044,4.254156636,0.02810448321,0.02810448305,0.5998830538,0.1995156868,0,0.6003461929,0.6014329493,0.6081571894,0.6004677847,0.6019372527,0.6110637311
11.8,4.227655134,4.231298425,4.253974667,4.227655134,4.231298425,4.253974666,0.02791767381,0.02791767367,0.5998842174,0.1995198883,0,0.6003427488,0.6014205267,0.6081037319,0.6004631302,0.6019204468,0.6109909434
11.82,4.227643613,4.231256767,4.253793814,4.227643613,4.231256767,4.253793814,0.02773203362,0.02773203352,0.5998853695,0.1995240541,0,0.6003393389,0.6014082095,0.6080505997,0.600458522,0.6019037834,0.6109186023
11.84,4.227632207,4.231215462,4.253614072,4.227632207,4.231215462,4.253614072,0.02754755601,0.02754755594,0.5998865101,0.1995281846,0,0.600335963,0.6013959966,0.6079977911,0.6004539596,0.6018872616,0.6108467054
11.86,4.227620915,4.231174508,4.253435434,4.227620915,4.231174508,4.253435434,0.02736423437,0.02736423433,0.5998876393,0.19953228,0,0.6003326207,0.6013838874,0.6079453043,0.6004494427,0.6018708801,0.6107752504
11.88,4.227609735,4.231133902,4.253257895,4.227609735,4.231133902,4.253257895,0.02718206213,0.02718206211,0.5998887573,0.1995363406,0,0.6003293116,0.6013718809,0.6078931377,0.6004449706,0.6018546377,0.6107042347
11.9,4.227598666,4.231093641,4.253081448,4.227598666,4.231093641,4.253081448,0.02700103273,0.02700103274,0.5998898642,0.1995403667,0,0.6003260354,0.6013599762,0.6078412894,0.6004405431,0.6018385333,0.610633656
11.92,4.227587707,4.231053722,4.252906088,4.227587707,4.231053722,4.252906088,0.02682113968,0.02682113969,0.5998909601,0.1995443586,0,0.6003227918,0.6013481726,0.6077897579,0.6004361596,0.6018225657,0.6105635119
11.94,4.227576858,4.231014143,4.252731808,4.227576858,4.231014143,4.252731808,0.02664237648,0.0266423765,0.5998920451,0.1995483165,0,0.6003195805,0.6013364692,0.6077385414,0.6004318198,0.601806734,0.6104938001
11.96,4.227566116,4.2309749,4.252558603,4.227566116,4.2309749,4.252558603,0.02646473668,0.02646473669,0.5998931192,0.1995522408,0,0.6003164011,0.6013248651,0.6076876383,0.6004275231,0.6017910368,0.6104245181
11.98,4.227555481,4.230935991,4.252386467,4.227555481,4.230935991,4.252386467,0.02628821384,0.02628821386,0.5998941827,0.1995561317,0,0.6003132533,0.6013133596,0.6076370467,0.6004232692,0.6017754731,0.6103556636
12,4.227544952,4.230897413,4.252215394,4.227544952,4.230897413,4.252215394,0.02611280158,0.0261128016,0.5998952356,0.1995599895,0,0.6003101368,0.6013019519,0.6075867652,0.6004190576,0.6017600418,0.6102872343
12.02,4.227534528,4.230859163,4.252045377,4.227534528,4.230859163,4.252045377,0.02593849354,0.02593849356,0.599896278,0.1995638145,0,0.6003070514,0.6012906411,0.6075367919,0.6004148879,0.6017447418,0.6102192277
12.04,4.227524207,4.230821238,4.251876412,4.227524207,4.230821238,4.251876412,0.02576528338,0.0257652834,0.5998973101,0.199567607,0,0.6003039966,0.6012794265,0.6074871252,0.6004107597,0.6017295721,0.6101516417
12.06,4.22751399,4.230783637,4.251708493,4.227513989,4.230783637,4.251708493,0.0255931648,0.02559316482,0.5998983319,0.1995713671,0,0.6003009722,0.6012683072,0.6074377635,0.6004066726,0.6017145315,0.6100844738
12.08,4.227503873,4.230746355,4.251541613,4.227503873,4.230746355,4.251541613,0.02542213154,0.02542213156,0.5998993435,0.1995750953,0,0.6002979779,0.6012572825,0.6073887051,0.6004026261,0.6016996189,0.6100177219
12.1,4.227493858,4.230709392,4.251375767,4.227493858,4.230709392,4.251375767,0.02525217736,0.02525217738,0.599900345,0.1995787916,0,0.6002950134,0.6012463516,0.6073399484,0.6003986199,0.6016848334,0.6099513834
12.12,4.227483942,4.230672743,4.251210949,4.227483942,4.230672743,4.251210949,0.02508329604,0.02508329606,0.5999013366,0.1995824565,0,0.6002920784,0.6012355137,0.6072914917,0.6003946536,0.6016701739,0.6098854563
12.14,4.227474125,4.230636406,4.251047154,4.227474125,4.230636406,4.251047154,0.0249154814,0.02491548142,0.5999023183,0.1995860902,0,0.6002891726,0.601224768,0.6072433333,0.6003907267,0.6016556392,0.6098199382
12.16,4.227464405,4.230600379,4.250884375,4.227464405,4.230600379,4.250884375,0.0247487273,0.02474872731,0.5999032903,0.1995896929,0,0.6002862957,0.6012141138,0.6071954718,0.6003868389,0.6016412285,0.6097548268
12.18,4.227454783,4.23056466,4.250722608,4.227454783,4.23056466,4.250722608,0.02458302761,0.02458302763,0.5999042526,0.1995932648,0,0.6002834474,0.6012035503,0.6071479053,0.6003829898,0.6016269406,0.6096901198
12.2,4.227445256,4.230529245,4.250561846,4.227445256,4.230529245,4.250561846,0.02441837625,0.02441837626,0.5999052053,0.1995968064,0,0.6002806274,0.6011930769,0.6071006325,0.600379179,0.6016127746,0.6096258151
12.22,4.227435823,4.230494132,4.250402084,4.227435823,4.230494132,4.250402084,0.02425476715,0.02425476716,0.5999061485,0.1996003177,0,0.6002778355,0.6011826926,0.6070536515,0.6003754061,0.6015987294,0.6095619104
12.24,4.227426485,4.230459318,4.250243317,4.227426485,4.230459318,4.250243317,0.02409219428,0.02409219429,0.5999070823,0.199603799,0,0.6002750713,0.6011723968,0.6070069609,0.6003716707,0.601584804,0.6094984035
12.26,4.227417239,4.230424802,4.250085538,4.227417239,4.230424802,4.250085538,0.02393065165,0.02393065165,0.5999080069,0.1996072506,0,0.6002723347,0.6011621888,0.606960559,0.6003679725,0.6015709974,0.6094352921
12.28,4.227408086,4.23039058,4.249928743,4.227408086,4.23039058,4.249928743,0.02377013327,0.02377013328,0.5999089222,0.1996106728,0,0.6002696253,0.6011520679,0.6069144442,0.6003643112,0.6015573087,0.6093725741
12.3,4.227399024,4.23035665,4.249772926,4.227399024,4.23035665,4.249772926,0.02361063321,0.02361063322,0.5999098284,0.1996140658,0,0.6002669428,0.6011420332,0.6068686151,0.6003606862,0.6015437369,0.6093102471
12.32,4.227390051,4.230323011,4.249618081,4.227390051,4.230323011,4.249618081,0.02345214555,0.02345214556,0.5999107257,0.1996174297,0,0.600264287,0.6011320842,0.6068230699,0.6003570973,0.601530281,0.6092483092
12.34,4.227381168,4.230289658,4.249464203,4.227381168,4.230289658,4.249464203,0.0232946644,0.02329466442,0.599911614,0.199620765,0,0.6002616577,0.60112222,0.6067778072,0.6003535441,0.60151694,0.609186758
12.36,4.227372374,4.230256591,4.249311286,4.227372374,4.230256591,4.249311287,0.02313818392,0.02313818395,0.5999124934,0.1996240717,0,0.6002590544,0.60111244,0.6067328253,0.6003500263,0.601503713,0.6091255914
12.38,4.227363667,4.230223806,4.249159326,4.227363667,4.230223806,4.249159326,0.02298269828,0.02298269831,0.5999133641,0.1996273502,0,0.6002564771,0.6011027435,0.6066881228,0.6003465435,0.6014905991,0.6090648072
12.4,4.227355046,4.230191301,4.249008316,4.227355046,4.230191301,4.249008316,0.02282820168,0.02282820172,0.5999142262,0.1996306007,0,0.6002539255,0.6010931298,0.606643698,0.6003430953,0.6014775972,0.6090044033
12.42,4.227346512,4.230159074,4.248858252,4.227346512,4.230159074,4.248858252,0.02267468835,0.0226746884,0.5999150796,0.1996338234,0,0.6002513992,0.6010835982,0.6065995495,0.6003396815,0.6014647065,0.6089443776
12.44,4.227338062,4.230127123,4.248709128,4.227338062,4.230127123,4.248709128,0.02252215255,0.02252215261,0.5999159246,0.1996370185,0,0.600248898,0.6010741481,0.6065556756,0.6003363016,0.601451926,0.6088847278
12.46,4.227329696,4.230095445,4.248560938,4.227329696,4.230095445,4.248560938,0.02237058857,0.02237058864,0.5999167612,0.1996401863,0,0.6002464217,0.6010647786,0.606512075,0.6003329553,0.6014392549,0.608825452
12.48,4.227321414,4.230064038,4.248413678,4.227321414,4.230064038,4.248413678,0.02221999073,0.02221999082,0.5999175894,0.199643327,0,0.6002439701,0.6010554893,0.606468746,0.6003296424,0.6014266922,0.608766548
12.5,4.227313214,4.2300329,4.248267342,4.227313214,4.2300329,4.248267342,0.02207035337,0.02207035347,0.5999184094,0.1996464408,0,0.6002415428,0.6010462794,0.6064256872,0.6003263624,0.6014142369,0.6087080136
12.52,4.227305096,4.230002029,4.248121925,4.227305096,4.230002029,4.248121925,0.02192167087,0.02192167099,0.5999192212,0.1996495279,0,0.6002391397,0.6010371482,0.606382897,0.600323115,0.6014018883,0.6086498468
12.54,4.227297058,4.229971422,4.247977422,4.227297058,4.229971422,4.247977422,0.02177393763,0.02177393776,0.599920025,0.1996525886,0,0.6002367605,0.6010280951,0.606340374,0.6003199,0.6013896454,0.6085920456
12.56,4.2272891,4.229941077,4.247833827,4.2272891,4.229941077,4.247833828,0.02162714808,0.02162714823,0.5999208208,0.1996556232,0,0.600234405,0.6010191195,0.6062981166,0.6003167169,0.6013775074,0.6085346077
12.58,4.227281222,4.229910991,4.247691136,4.227281222,4.229910991,4.247691136,0.02148129668,0.02148129684,0.5999216086,0.1996586317,0,0.6002320729,0.6010102207,0.6062561233,0.6003135656,0.6013654733,0.6084775313
12.6,4.227273422,4.229881164,4.247549343,4.227273422,4.229881164,4.247549344,0.02133637791,0.02133637809,0.5999223886,0.1996616144,0,0.600229764,0.601001398,0.6062143928,0.6003104455,0.6013535423,0.6084208141
12.62,4.227265699,4.229851592,4.247408444,4.227265699,4.229851592,4.247408444,0.0211923863,0.02119238649,0.5999231609,0.1996645716,0,0.600227478,0.6009926509,0.6061729234,0.6003073566,0.6013417136,0.6083644542
12.64,4.227258054,4.229822274,4.247268432,4.227258054,4.229822274,4.247268432,0.02104931637,0.02104931658,0.5999239254,0.1996675034,0,0.6002252148,0.6009839787,0.6061317138,0.6003042983,0.6013299862,0.6083084496
12.66,4.227250484,4.229793207,4.247129303,4.227250484,4.229793207,4.247129304,0.02090716272,0.02090716293,0.5999246824,0.1996704101,0,0.6002229741,0.6009753807,0.6060907625,0.6003012705,0.6013183594,0.6082527981
12.68,4.22724299,4.229764389,4.246991053,4.22724299,4.229764389,4.246991053,0.02076591991,0.02076592014,0.5999254318,0.1996732919,0,0.6002207557,0.6009668564,0.6060500681,0.6002982728,0.6013068323,0.6081974979
12.7,4.22723557,4.229735818,4.246853675,4.22723557,4.229735818,4.246853675,0.0206255826,0.02062558283,0.5999261738,0.199676149,0,0.6002185594,0.6009584052,0.606009629,0.6002953049,0.6012954041,0.6081425468
12.72,4.227228225,4.229707493,4.246717165,4.227228224,4.229707493,4.246717166,0.02048614542,0.02048614566,0.5999269083,0.1996789815,0,0.600216385,0.6009500264,0.6059694438,0.6002923666,0.6012840739,0.6080879429
12.74,4.227220952,4.22967941,4.246581519,4.227220952,4.22967941,4.246581519,0.02034760305,0.02034760329,0.5999276356,0.1996817898,0,0.6002142321,0.6009417194,0.6059295112,0.6002894575,0.6012728409,0.6080336842
12.76,4.227213752,4.229651569,4.24644673,4.227213751,4.229651569,4.24644673,0.02020995021,0.02020995045,0.5999283557,0.1996845739,0,0.6002121007,0.6009334836,0.6058898296,0.6002865774,0.6012617043,0.6079797688
12.78,4.227206623,4.229623967,4.246312794,4.227206623,4.229623967,4.246312795,0.02007318162,0.02007318186,0.5999290685,0.1996873342,0,0.6002099905,0.6009253185,0.6058503977,0.6002837259,0.6012506634,0.6079261945
12.8,4.227199565,4.229596601,4.246179707,4.227199565,4.229596601,4.246179707,0.01993729205,0.01993729228,0.5999297743,0.1996900707,0,0.6002079012,0.6009172234,0.6058112141,0.6002809027,0.6012397172,0.6078729596
12.82,4.227192577,4.229569471,4.246047463,4.227192577,4.229569471,4.246047463,0.01980227628,0.0198022765,0.5999304731,0.1996927837,0,0.6002058328,0.6009091978,0.6057722773,0.6002781077,0.6012288651,0.607820062
12.84,4.227185659,4.229542573,4.245916058,4.227185659,4.229542573,4.245916058,0.01966812913,0.01966812934,0.5999311649,0.1996954735,0,0.6002037849,0.6009012411,0.6057335859,0.6002753405,0.6012181061,0.6077674998
12.86,4.22717881,4.229515907,4.245785486,4.22717881,4.229515907,4.245785486,0.01953484543,0.01953484563,0.5999318498,0.1996981401,0,0.6002017574,0.6008933527,0.6056951386,0.6002726008,0.6012074397,0.6077152711
12.88,4.227172029,4.22948947,4.245655743,4.227172029,4.22948947,4.245655743,0.01940242006,0.01940242024,0.5999325279,0.1997007838,0,0.6001997501,0.600885532,0.6056569339,0.6002698884,0.6011968648,0.6076633739
12.9,4.227165315,4.22946326,4.245526824,4.227165315,4.22946326,4.245526824,0.01927084791,0.01927084806,0.5999331993,0.1997034048,0,0.6001977627,0.6008777785,0.6056189705,0.6002672029,0.6011863809,0.6076118063
12.92,4.227158669,4.229437276,4.245398724,4.227158669,4.229437276,4.245398724,0.01914012389,0.01914012402,0.5999338639,0.1997060032,0,0.6001957951,0.6008700915,0.605581247,0.6002645442,0.6011759871,0.6075605665
12.94,4.227152088,4.229411515,4.245271439,4.227152088,4.229411515,4.245271439,0.01901024296,0.01901024306,0.599934522,0.1997085793,0,0.6001938471,0.6008624707,0.605543762,0.600261912,0.6011656827,0.6075096524
12.96,4.227145573,4.229385975,4.245144964,4.227145573,4.229385975,4.245144964,0.01888120009,0.01888120015,0.5999351735,0.1997111333,0,0.6001919185,0.6008549153,0.6055065141,0.6002593059,0.6011554669,0.6074590624
12.98,4.227139122,4.229360656,4.245019294,4.227139122,4.229360656,4.245019294,0.01875299026,0.0187529903,0.5999358186,0.1997136652,0,0.600190009,0.6008474249,0.6054695021,0.6002567257,0.6011453391,0.6074087943
13,4.227132736,4.229335554,4.244894424,4.227132736,4.229335554,4.244894424,0.01862560852,0.01862560852,0.5999364572,0.1997161754,0,0.6001881186,0.6008399988,0.6054327245,0.6002541713,0.6011352983,0.6073588465
13.02,4.227126414,4.229310668,4.244770351,4.227126414,4.229310668,4.24477035,0.0184990499,0.01849904987,0.5999370894,0.199718664,0,0.6001862469,0.6008326367,0.60539618,0.6002516422,0.601125344,0.607309217
13.04,4.227120154,4.229285997,4.244647068,4.227120154,4.229285997,4.244647068,0.01837330949,0.01837330942,0.5999377154,0.1997211312,0,0.6001843939,0.6008253378,0.6053598673,0.6002491383,0.6011154754,0.6072599039
13.06,4.227113956,4.229261537,4.244524572,4.227113957,4.229261537,4.244524572,0.01824838238,0.01824838228,0.5999383352,0.1997235771,0,0.6001825593,0.6008181018,0.605323785,0.6002466593,0.6011056917,0.6072109055
13.08,4.227107821,4.229237289,4.244402858,4.227107821,4.229237289,4.244402858,0.01812426371,0.01812426357,0.5999389487,0.1997260019,0,0.600180743,0.600810928,0.6052879319,0.600244205,0.6010959924,0.6071622199
13.1,4.227101746,4.229213249,4.244281921,4.227101746,4.229213249,4.244281921,0.01800094862,0.01800094845,0.5999395562,0.1997284059,0,0.6001789447,0.600803816,0.6052523065,0.6002417751,0.6010863765,0.6071138453
13.12,4.227095732,4.229189417,4.244161758,4.227095732,4.229189417,4.244161758,0.01787843229,0.01787843209,0.5999401576,0.1997307891,0,0.6001771643,0.6007967652,0.6052169076,0.6002393694,0.6010768435,0.6070657799
13.14,4.227089777,4.22916579,4.244042362,4.227089777,4.22916579,4.244042362,0.01775670993,0.0177567097,0.5999407531,0.1997331518,0,0.6001754016,0.6007897751,0.6051817339,0.6002369877,0.6010673927,0.6070180218
13.16,4.227083882,4.229142366,4.243923731,4.227083882,4.229142366,4.243923731,0.01763577676,0.0176357765,0.5999413426,0.1997354942,0,0.6001736565,0.6007828452,0.605146784,0.6002346296,0.6010580233,0.6069705692
13.18,4.227078046,4.229119145,4.243805859,4.227078046,4.229119145,4.243805859,0.01751562804,0.01751562776,0.5999419263,0.1997378163,0,0.6001719287,0.600775975,0.6051120567,0.600232295,0.6010487347,0.6069234204
13.2,4.227072267,4.229096124,4.243688742,4.227072267,4.229096124,4.243688742,0.01739625905,0.01739625874,0.5999425041,0.1997401184,0,0.6001702181,0.600769164,0.6050775507,0.6002299836,0.6010395262,0.6068765737
13.22,4.227066546,4.229073301,4.243572376,4.227066546,4.229073301,4.243572376,0.01727766509,0.01727766476,0.5999430762,0.1997424007,0,0.6001685246,0.6007624117,0.6050432647,0.6002276952,0.6010303971,0.6068300271
13.24,4.227060882,4.229050675,4.243456756,4.227060882,4.229050675,4.243456755,0.01715984148,0.01715984114,0.5999436426,0.1997446633,0,0.6001668479,0.6007557176,0.6050091974,0.6002254296,0.6010213468,0.606783779
13.26,4.227055274,4.229028244,4.243341877,4.227055275,4.229028244,4.243341877,0.01704278359,0.01704278324,0.5999442034,0.1997469064,0,0.6001651878,0.6007490813,0.6049753476,0.6002231865,0.6010123745,0.6067378276
13.28,4.227049723,4.229006007,4.243227736,4.227049723,4.229006007,4.243227736,0.01692648678,0.01692648644,0.5999447585,0.1997491301,0,0.6001635443,0.6007425021,0.604941714,0.6002209658,0.6010034797,0.6066921712
13.3,4.227044226,4.228983962,4.243114328,4.227044226,4.228983962,4.243114328,0.01681094647,0.01681094613,0.5999453082,0.1997513346,0,0.6001619171,0.6007359797,0.6049082953,0.6002187672,0.6009946617,0.606646808
13.32,4.227038784,4.228962108,4.243001649,4.227038784,4.228962108,4.243001648,0.01669615807,0.01669615775,0.5999458524,0.19975352,0,0.6001603062,0.6007295136,0.6048750902,0.6002165904,0.6009859198,0.6066017363
13.34,4.227033396,4.228940442,4.242889694,4.227033396,4.228940442,4.242889694,0.01658211705,0.01658211674,0.5999463912,0.1997556867,0,0.6001587112,0.6007231033,0.6048420976,0.6002144353,0.6009772534,0.6065569543
13.36,4.227028062,4.228918963,4.242778459,4.227028062,4.228918963,4.242778459,0.01646881887,0.01646881858,0.5999469246,0.1997578345,0,0.6001571321,0.6007167483,0.6048093163,0.6002123016,0.6009686618,0.6065124605
13.38,4.227022781,4.228897669,4.242667941,4.227022781,4.228897669,4.24266794,0.01635625903,0.01635625878,0.5999474527,0.1997599639,0,0.6001555688,0.6007104482,0.6047767448,0.6002101892,0.6009601445,0.606468253
13.4,4.227017553,4.22887656,4.242558133,4.227017553,4.22887656,4.242558133,0.01624443307,0.01624443285,0.5999479756,0.1997620748,0,0.600154021,0.6007042025,0.6047443821,0.6002080978,0.6009517008,0.6064243302
13.42,4.227012376,4.228855633,4.242449034,4.227012376,4.228855633,4.242449034,0.01613333653,0.01613333635,0.5999484932,0.1997641675,0,0.6001524885,0.6006980107,0.6047122269,0.6002060272,0.60094333,0.6063806903
13.44,4.227007251,4.228834887,4.242340638,4.227007251,4.228834887,4.242340637,0.01602296498,0.01602296484,0.5999490057,0.1997662421,0,0.6001509714,0.6006918724,0.6046802781,0.6002039772,0.6009350316,0.6063373318
13.46,4.227002177,4.22881432,4.24223294,4.227002177,4.22881432,4.24223294,0.01591331402,0.01591331392,0.5999495131,0.1997682988,0,0.6001494693,0.6006857871,0.6046485343,0.6002019476,0.6009268049,0.6062942529
13.48,4.226997154,4.228793932,4.242125938,4.226997154,4.228793932,4.242125938,0.01580437928,0.01580437921,0.5999500155,0.1997703377,0,0.6001479822,0.6006797544,0.6046169944,0.6001999382,0.6009186494,0.606251452
13.5,4.22699218,4.228773719,4.242019627,4.22699218,4.228773719,4.242019627,0.01569615638,0.01569615635,0.5999505128,0.1997723589,0,0.6001465098,0.6006737739,0.6045856571,0.6001979488,0.6009105644,0.6062089275
13.52,4.226987256,4.228753681,4.241914002,4.226987256,4.228753681,4.241914002,0.01558864102,0.01558864102,0.5999510052,0.1997743627,0,0.6001450521,0.600667845,0.6045545214,0.6001959792,0.6009025494,0.6061666777
13.54,4.226982381,4.228733817,4.24180906,4.226982381,4.228733817,4.24180906,0.01548182887,0.01548182889,0.5999514927,0.1997763491,0,0.6001436089,0.6006619674,0.604523586,0.6001940291,0.6008946037,0.6061247009
13.56,4.226977554,4.228714125,4.241704797,4.226977554,4.228714125,4.241704797,0.01537571566,0.01537571568,0.5999519754,0.1997783183,0,0.6001421801,0.6006561407,0.6044928497,0.6001920985,0.6008867267,0.6060829956
13.58,4.226972776,4.228694603,4.241601208,4.226972776,4.228694603,4.241601208,0.01527029711,0.01527029713,0.5999524532,0.1997802705,0,0.6001407655,0.6006503644,0.6044623114,0.6001901871,0.600878918,0.6060415601
13.6,4.226968045,4.22867525,4.24149829,4.226968045,4.22867525,4.24149829,0.01516556897,0.015165569,0.5999529263,0.1997822058,0,0.6001393649,0.600644638,0.6044319699,0.6001882947,0.6008711768,0.6060003928
13.62,4.226963361,4.228656065,4.241396038,4.226963361,4.228656065,4.241396038,0.01506152704,0.01506152706,0.5999533947,0.1997841243,0,0.6001379783,0.6006389612,0.6044018239,0.6001864211,0.6008635027,0.6059594921
13.64,4.226958724,4.228637046,4.241294449,4.226958724,4.228637046,4.241294449,0.0149581671,0.01495816713,0.5999538584,0.1997860262,0,0.6001366055,0.6006333336,0.6043718725,0.6001845662,0.6008558951,0.6059188564
13.66,4.226954133,4.228618191,4.241193518,4.226954132,4.228618191,4.241193519,0.014855485,0.01485548502,0.5999543176,0.1997879117,0,0.6001352464,0.6006277546,0.6043421144,0.6001827298,0.6008483534,0.6058784842
13.68,4.226949587,4.2285995,4.241093243,4.226949587,4.2285995,4.241093243,0.01475347657,0.0147534766,0.5999547721,0.1997897808,0,0.6001339007,0.600622224,0.6043125484,0.6001809116,0.600840877,0.6058383738
13.7,4.226945087,4.228580971,4.240993617,4.226945087,4.228580971,4.240993617,0.01465213771,0.01465213774,0.5999552221,0.1997916337,0,0.6001325685,0.6006167412,0.6042831735,0.6001791115,0.6008334654,0.6057985237
13.72,4.226940631,4.228562603,4.240894639,4.226940631,4.228562603,4.240894639,0.01455146429,0.01455146432,0.5999556677,0.1997934705,0,0.6001312495,0.600611306,0.6042539885,0.6001773293,0.600826118,0.6057589323
13.74,4.22693622,4.228544394,4.240796303,4.22693622,4.228544394,4.240796303,0.01445145224,0.01445145227,0.5999561088,0.1997952914,0,0.6001299436,0.6006059178,0.6042249922,0.6001755648,0.6008188343,0.6057195981
13.76,4.226931853,4.228526343,4.240698607,4.226931853,4.228526343,4.240698607,0.0143520975,0.01435209753,0.5999565455,0.1997970965,0,0.6001286507,0.6006005764,0.6041961836,0.6001738179,0.6008116138,0.6056805196
13.78,4.226927529,4.228508448,4.240601546,4.226927529,4.228508448,4.240601546,0.01425339603,0.01425339606,0.5999569779,0.199798886,0,0.6001273707,0.6005952812,0.6041675615,0.6001720884,0.6008044559,0.6056416951
13.8,4.226923248,4.228490708,4.240505116,4.226923248,4.228490708,4.240505116,0.01415534382,0.01415534384,0.599957406,0.19980066,0,0.6001261034,0.600590032,0.6041391248,0.6001703761,0.6007973601,0.6056031233
13.82,4.22691901,4.228473123,4.240409314,4.22691901,4.228473123,4.240409314,0.01405793687,0.01405793689,0.5999578298,0.1998024185,0,0.6001248487,0.6005848282,0.6041108725,0.6001686808,0.6007903259,0.6055648024
13.84,4.226914814,4.22845569,4.240314136,4.226914814,4.22845569,4.240314136,0.01396117121,0.01396117122,0.5999582494,0.1998041618,0,0.6001236066,0.6005796696,0.6040828034,0.6001670024,0.6007833527,0.6055267311
13.86,4.22691066,4.228438408,4.240219578,4.22691066,4.228438408,4.240219578,0.01386504289,0.0138650429,0.5999586648,0.19980589,0,0.6001223767,0.6005745558,0.6040549163,0.6001653407,0.60077644,0.6054889079
13.88,4.226906547,4.228421277,4.240125636,4.226906547,4.228421277,4.240125636,0.01376954798,0.01376954799,0.5999590761,0.1998076032,0,0.6001211591,0.6005694863,0.6040272104,0.6001636956,0.6007695874,0.6054513311
13.9,4.226902475,4.228404294,4.240032307,4.226902475,4.228404294,4.240032307,0.01367468257,0.01367468258,0.5999594833,0.1998093015,0,0.6001199536,0.6005644608,0.6039996843,0.6001620668,0.6007627942,0.6054139995
13.92,4.226898444,4.228387458,4.239939587,4.226898444,4.228387458,4.239939587,0.01358044279,0.0135804428,0.5999598865,0.199810985,0,0.6001187601,0.6005594789,0.6039723372,0.6001604542,0.60075606,0.6053769114
13.94,4.226894452,4.228370769,4.239847472,4.226894452,4.228370769,4.239847472,0.01348682476,0.01348682477,0.5999602856,0.1998126539,0,0.6001175785,0.6005545403,0.6039451678,0.6001588576,0.6007493843,0.6053400654
13.96,4.226890501,4.228354225,4.239755958,4.226890501,4.228354225,4.239755958,0.01339382465,0.01339382466,0.5999606808,0.1998143083,0,0.6001164087,0.6005496445,0.6039181752,0.600157277,0.6007427667,0.60530346
13.98,4.226886588,4.228337824,4.239665043,4.226886588,4.228337824,4.239665043,0.01330143863,0.01330143864,0.599961072,0.1998159484,0,0.6001152505,0.6005447913,0.6038913582,0.600155712,0.6007362065,0.6052670938
14,4.226882715,4.228321566,4.239574721,4.226882715,4.228321566,4.239574721,0.01320966291,0.01320966292,0.5999614593,0.1998175742,0,0.6001141038,0.6005399802,0.6038647159,0.6001541627,0.6007297033,0.6052309653
14.02,4.22687888,4.22830545,4.239484991,4.22687888,4.22830545,4.239484991,0.0131184937,0.01311849372,0.5999618428,0.1998191858,0,0.6001129685,0.6005352109,0.6038382471,0.6001526287,0.6007232566,0.6051950731
14.04,4.226875083,4.228289473,4.239395848,4.226875083,4.228289473,4.239395848,0.01302792725,0.01302792728,0.5999622225,0.1998207835,0,0.6001118445,0.600530483,0.6038119508,0.60015111,0.600716866,0.6051594158
14.06,4.226871324,4.228273636,4.239307288,4.226871324,4.228273636,4.239307288,0.01293795983,0.01293795986,0.5999625984,0.1998223672,0,0.6001107317,0.6005257963,0.6037858261,0.6001496065,0.600710531,0.6051239918
14.08,4.226867603,4.228257936,4.239219308,4.226867603,4.228257936,4.239219308,0.01284858771,0.01284858775,0.5999629705,0.1998239372,0,0.6001096299,0.6005211503,0.6037598717,0.6001481179,0.6007042511,0.6050887999
14.1,4.226863918,4.228242372,4.239131905,4.226863918,4.228242372,4.239131905,0.0127598072,0.01275980726,0.599963339,0.1998254936,0,0.6001085391,0.6005165446,0.6037340868,0.6001466441,0.6006980258,0.6050538386
14.12,4.22686027,4.228226945,4.239045074,4.22686027,4.228226945,4.239045074,0.01267161463,0.0126716147,0.5999637038,0.1998270363,0,0.6001074592,0.6005119791,0.6037084703,0.6001451849,0.6006918546,0.6050191064
14.14,4.226856659,4.228211651,4.238958813,4.226856659,4.228211651,4.238958813,0.01258400635,0.01258400643,0.5999640649,0.1998285657,0,0.60010639,0.6005074532,0.6036830212,0.6001437403,0.6006857372,0.6049846021
14.16,4.226853083,4.22819649,4.238873118,4.226853083,4.22819649,4.238873118,0.01249697871,0.01249697881,0.5999644225,0.1998300818,0,0.6001053315,0.6005029667,0.6036577385,0.6001423101,0.6006796729,0.6049503241
14.18,4.226849543,4.228181462,4.238787986,4.226849543,4.228181462,4.238787986,0.01241052811,0.01241052822,0.5999647765,0.1998315846,0,0.6001042835,0.6004985193,0.6036326211,0.6001408941,0.6006736615,0.6049162712
14.2,4.226846039,4.228166564,4.238703413,4.226846038,4.228166564,4.238703413,0.01232465096,0.01232465109,0.599965127,0.1998330744,0,0.6001032459,0.6004941105,0.6036076681,0.6001394922,0.6006677024,0.6048824419
14.22,4.226842569,4.228151796,4.238619395,4.226842569,4.228151796,4.238619395,0.01223934367,0.01223934382,0.5999654739,0.1998345512,0,0.6001022186,0.6004897401,0.6035828784,0.6001381042,0.6006617952,0.6048488349
14.24,4.226839133,4.228137157,4.23853593,4.226839133,4.228137157,4.23853593,0.01215460271,0.01215460288,0.5999658175,0.1998360151,0,0.6001012016,0.6004854078,0.6035582511,0.6001367301,0.6006559395,0.6048154488
14.26,4.226835732,4.228122645,4.238453014,4.226835732,4.228122645,4.238453014,0.01207042454,0.01207042472,0.5999661576,0.1998374663,0,0.6001001947,0.6004811132,0.6035337852,0.6001353696,0.6006501348,0.6047822823
14.28,4.226832365,4.22810826,4.238370643,4.226832365,4.22810826,4.238370643,0.01198680564,0.01198680584,0.5999664943,0.1998389048,0,0.6000991978,0.6004768559,0.6035094797,0.6001340226,0.6006443806,0.604749334
14.3,4.226829031,4.228094,4.238288814,4.226829031,4.228094,4.238288815,0.01190374252,0.01190374274,0.5999668277,0.1998403309,0,0.6000982108,0.6004726358,0.6034853336,0.6001326891,0.6006386766,0.6047166025
14.32,4.22682573,4.228079864,4.238207525,4.22682573,4.228079864,4.238207525,0.01182123171,0.01182123195,0.5999671578,0.1998417444,0,0.6000972336,0.6004684524,0.603461346,0.6001313688,0.6006330223,0.6046840867
14.34,4.226822462,4.228065851,4.238126771,4.226822462,4.228065851,4.238126771,0.01173926975,0.01173927001,0.5999674846,0.1998431457,0,0.6000962662,0.6004643055,0.6034375159,0.6001300617,0.6006274173,0.6046517851
14.36,4.226819227,4.228051961,4.238046549,4.226819227,4.228051961,4.238046549,0.01165785322,0.01165785349,0.5999678081,0.1998445347,0,0.6000953084,0.6004601947,0.6034138423,0.6001287675,0.6006218611,0.6046196963
14.38,4.226816024,4.228038192,4.237966856,4.226816024,4.228038192,4.237966857,0.0115769787,0.01157697899,0.5999681284,0.1998459116,0,0.6000943601,0.6004561198,0.6033903243,0.6001274863,0.6006163534,0.6045878192
14.4,4.226812853,4.228024543,4.237887689,4.226812852,4.228024542,4.23788769,0.01149664279,0.01149664309,0.5999684456,0.1998472766,0,0.6000934212,0.6004520803,0.603366961,0.6001262178,0.6006108938,0.6045561524
14.42,4.226809713,4.228011012,4.237809045,4.226809713,4.228011012,4.237809045,0.01141684211,0.01141684242,0.5999687595,0.1998486296,0,0.6000924917,0.6004480761,0.6033437513,0.6001249619,0.6006054817,0.6045246947
14.44,4.226806604,4.2279976,4.23773092,4.226806604,4.2279976,4.23773092,0.01133757331,0.01133757364,0.5999690704,0.1998499708,0,0.6000915715,0.6004441069,0.6033206943,0.6001237185,0.6006001169,0.6044934446
14.46,4.226803527,4.227984305,4.237653311,4.226803527,4.227984305,4.237653311,0.01125883306,0.01125883339,0.5999693781,0.1998513003,0,0.6000906603,0.6004401722,0.6032977892,0.6001224875,0.6005947989,0.604462401
14.48,4.22680048,4.227971127,4.237576214,4.22680048,4.227971126,4.237576215,0.01118061803,0.01118061837,0.5999696828,0.1998526182,0,0.6000897583,0.6004362719,0.603275035,0.6001212687,0.6005895274,0.6044315625
14.5,4.226797463,4.227958063,4.237499628,4.226797463,4.227958063,4.237499628,0.01110292492,0.01110292526,0.5999699845,0.1998539246,0,0.6000888652,0.6004324056,0.6032524307,0.6001200621,0.6005843018,0.604400928
14.52,4.226794477,4.227945113,4.237423548,4.226794477,4.227945113,4.237423549,0.01102575046,0.0110257508,0.5999702831,0.1998552195,0,0.600087981,0.600428573,0.6032299755,0.6001188674,0.6005791219,0.6043704961
14.54,4.22679152,4.227932276,4.237347972,4.22679152,4.227932276,4.237347972,0.01094909138,0.01094909171,0.5999705788,0.1998565032,0,0.6000871057,0.6004247739,0.6032076683,0.6001176847,0.6005739871,0.6043402656
14.56,4.226788592,4.227919551,4.237272896,4.226788592,4.227919551,4.237272897,0.01087294443,0.01087294475,0.5999708716,0.1998577757,0,0.600086239,0.6004210079,0.6031855084,0.6001165137,0.6005688973,0.6043102352
14.58,4.226785694,4.227906938,4.237198318,4.226785694,4.227906938,4.237198318,0.01079730639,0.01079730671,0.5999711614,0.199859037,0,0.6000853809,0.6004172749,0.6031634949,0.6001153544,0.6005638519,0.6042804038
14.6,4.226782825,4.227894435,4.237124233,4.226782824,4.227894434,4.237124233,0.01072217406,0.01072217436,0.5999714484,0.1998602874,0,0.6000845314,0.6004135744,0.6031416267,0.6001142066,0.6005588506,0.60425077
14.62,4.226779984,4.22788204,4.23705064,4.226779983,4.22788204,4.23705064,0.01064754425,0.01064754453,0.5999717324,0.1998615268,0,0.6000836903,0.6004099063,0.603119903,0.6001130702,0.6005538929,0.6042213327
14.64,4.226777171,4.227869755,4.236977535,4.226777171,4.227869755,4.236977535,0.01057341378,0.01057341404,0.5999720137,0.1998627553,0,0.6000828576,0.6004062702,0.6030983229,0.6001119451,0.6005489787,0.6041920906
14.66,4.226774386,4.227857576,4.236904914,4.226774386,4.227857576,4.236904915,0.0104997795,0.01049977974,0.5999722922,0.1998639732,0,0.6000820332,0.6004026659,0.6030768856,0.6001108313,0.6005441073,0.6041630425
14.68,4.226771629,4.227845505,4.236832776,4.226771629,4.227845505,4.236832776,0.01042663828,0.0104266385,0.5999725679,0.1998651804,0,0.600081217,0.6003990931,0.6030555902,0.6001097285,0.6005392786,0.6041341872
14.7,4.2267689,4.227833538,4.236761117,4.2267689,4.227833538,4.236761117,0.01035398701,0.01035398719,0.5999728408,0.199866377,0,0.6000804089,0.6003955515,0.6030344357,0.6001086366,0.6005344921,0.6041055236
14.72,4.226766197,4.227821677,4.236689934,4.226766197,4.227821677,4.236689934,0.01028182258,0.01028182273,0.5999731111,0.1998675631,0,0.6000796088,0.6003920409,0.6030134214,0.6001075557,0.6005297474,0.6040770503
14.74,4.226763522,4.227809919,4.236619224,4.226763522,4.227809919,4.236619224,0.01021014192,0.01021014203,0.5999733786,0.1998687389,0,0.6000788167,0.6003885609,0.6029925462,0.6001064855,0.6005250443,0.6040487664
14.76,4.226760873,4.227798264,4.236548984,4.226760873,4.227798264,4.236548984,0.01013894196,0.01013894203,0.5999736435,0.1998699044,0,0.6000780325,0.6003851114,0.6029718095,0.6001054259,0.6005203822,0.6040206704
14.78,4.22675825,4.227786711,4.236479212,4.22675825,4.227786711,4.236479212,0.01006821965,0.01006821969,0.5999739058,0.1998710597,0,0.6000772561,0.6003816921,0.6029512103,0.6001043769,0.600515761,0.6039927614
14.8,4.226755654,4.227775259,4.236409903,4.226755654,4.227775259,4.236409903,0.009997971976,0.009997971976,0.5999741654,0.1998722049,0,0.6000764874,0.6003783027,0.6029307478,0.6001033383,0.6005111802,0.6039650381
14.82,4.226753083,4.227763907,4.236341056,4.226753083,4.227763907,4.236341056,0.009928195921,0.009928195879,0.5999744225,0.1998733401,0,0.6000757264,0.6003749429,0.6029104211,0.6001023101,0.6005066396,0.6039374993
14.84,4.226750538,4.227752655,4.236272668,4.226750538,4.227752655,4.236272668,0.009858888494,0.009858888408,0.599974677,0.1998744653,0,0.6000749729,0.6003716126,0.6028902294,0.6001012921,0.6005021386,0.603910144
14.86,4.226748019,4.227741501,4.236204735,4.226748019,4.227741501,4.236204735,0.009790046717,0.009790046589,0.599974929,0.1998755807,0,0.6000742269,0.6003683114,0.6028701718,0.6001002842,0.6004976771,0.6038829709
14.88,4.226745524,4.227730445,4.236137255,4.226745524,4.227730445,4.236137255,0.009721667634,0.009721667463,0.5999751784,0.1998766863,0,0.6000734884,0.6003650391,0.6028502475,0.6000992863,0.6004932547,0.6038559789
14.9,4.226743054,4.227719486,4.236070226,4.226743054,4.227719486,4.236070225,0.009653748304,0.009653748091,0.5999754254,0.1998777823,0,0.6000727572,0.6003617954,0.6028304557,0.6000982984,0.600488871,0.603829167
14.92,4.226740609,4.227708622,4.236003643,4.226740609,4.227708622,4.236003642,0.009586285802,0.009586285548,0.5999756699,0.1998788686,0,0.6000720333,0.6003585802,0.6028107956,0.6000973203,0.6004845257,0.6038025339
14.94,4.226738188,4.227697854,4.235937504,4.226738188,4.227697854,4.235937504,0.009519277222,0.009519276929,0.599975912,0.1998799454,0,0.6000713165,0.6003553931,0.6027912663,0.600096352,0.6004802184,0.6037760785
14.96,4.226735791,4.22768718,4.235871808,4.226735791,4.227687181,4.235871807,0.009452719673,0.009452719343,0.5999761517,0.1998810128,0,0.6000706069,0.6003522339,0.6027718671,0.6000953932,0.6004759489,0.6037497998
14.98,4.226733418,4.2276766,4.235806549,4.226733418,4.2276766,4.235806549,0.009386610282,0.009386609919,0.599976389,0.1998820708,0,0.6000699044,0.6003491024,0.602752597,0.600094444,0.6004717168,0.6037236965
15,4.226731069,4.227666113,4.235741727,4.226731069,4.227666113,4.235741727,0.009320946194,0.0093209458,0.5999766239,0.1998831195,0,0.6000692089,0.6003459984,0.6027334554,0.6000935043,0.6004675219,0.6036977677
15.02,4.226728743,4.227655717,4.235677339,4.226728743,4.227655717,4.235677338,0.009255724567,0.009255724147,0.5999768565,0.1998841591,0,0.6000685202,0.6003429215,0.6027144414,0.6000925739,0.6004633637,0.6036720123
15.04,4.22672644,4.227645413,4.235613381,4.22672644,4.227645413,4.23561338,0.009190942579,0.009190942138,0.5999770868,0.1998851895,0,0.6000678385,0.6003398717,0.6026955541,0.6000916528,0.6004592419,0.603646429
15.06,4.22672416,4.227635199,4.23554985,4.22672416,4.227635199,4.23554985,0.009126597424,0.009126596966,0.5999773148,0.1998862109,0,0.6000671635,0.6003368485,0.6026767929,0.6000907408,0.6004551564,0.6036210169
15.08,4.226721903,4.227625075,4.235486745,4.226721903,4.227625075,4.235486745,0.00906268631,0.009062685841,0.5999775405,0.1998872233,0,0.6000664952,0.6003338519,0.6026581569,0.6000898379,0.6004511066,0.6035957749
15.1,4.226719668,4.227615039,4.235424063,4.226719668,4.227615039,4.235424062,0.008999206465,0.008999205991,0.599977764,0.1998882269,0,0.6000658336,0.6003308816,0.6026396454,0.600088944,0.6004470924,0.6035707019
15.12,4.226717456,4.227605092,4.2353618,4.226717456,4.227605092,4.2353618,0.008936155131,0.008936154657,0.5999779852,0.1998892217,0,0.6000651786,0.6003279373,0.6026212575,0.600088059,0.6004431134,0.6035457968
15.14,4.226715265,4.227595231,4.235299955,4.226715265,4.227595232,4.235299954,0.008873529567,0.008873529099,0.5999782043,0.1998902077,0,0.60006453,0.6003250188,0.6026029925,0.6000871828,0.6004391693,0.6035210586
15.16,4.226713096,4.227585458,4.235238524,4.226713097,4.227585458,4.235238523,0.008811327047,0.008811326593,0.5999784212,0.199891185,0,0.600063888,0.600322126,0.6025848496,0.6000863153,0.6004352599,0.6034964862
15.18,4.226710949,4.22757577,4.235177505,4.22671095,4.22757577,4.235177504,0.008749544863,0.008749544429,0.5999786359,0.1998921538,0,0.6000632523,0.6003192585,0.6025668281,0.6000854565,0.6004313847,0.6034720786
15.2,4.226708824,4.227566167,4.235116895,4.226708824,4.227566167,4.235116895,0.008688180323,0.008688179914,0.5999788485,0.1998931141,0,0.600062623,0.6003164162,0.6025489271,0.6000846062,0.6004275436,0.6034478348
15.22,4.226706719,4.227556649,4.235056692,4.226706719,4.227556649,4.235056692,0.008627230748,0.008627230371,0.5999790589,0.1998940659,0,0.6000619999,0.6003135989,0.602531146,0.6000837643,0.6004237362,0.6034237536
15.24,4.226704635,4.227547214,4.234996893,4.226704635,4.227547214,4.234996893,0.008566693479,0.008566693139,0.5999792673,0.1998950094,0,0.600061383,0.6003108063,0.6025134839,0.6000829309,0.6004199623,0.6033998341
15.26,4.226702572,4.227537862,4.234937496,4.226702573,4.227537862,4.234937496,0.008506565871,0.008506565572,0.5999794736,0.1998959446,0,0.6000607722,0.6003080382,0.6024959402,0.6000821057,0.6004162215,0.6033760753
15.28,4.22670053,4.227528592,4.234878498,4.22670053,4.227528592,4.234878498,0.008446845295,0.00844684504,0.5999796778,0.1998968716,0,0.6000601676,0.6003052944,0.6024785141,0.6000812887,0.6004125136,0.6033524761
15.3,4.226698508,4.227519404,4.234819897,4.226698508,4.227519404,4.234819897,0.008387529137,0.00838752893,0.59997988,0.1998977904,0,0.6000595689,0.6003025748,0.6024612048,0.6000804799,0.6004088382,0.6033290355
15.32,4.226696506,4.227510296,4.23476169,4.226696506,4.227510296,4.234761689,0.008328614799,0.00832861464,0.5999800802,0.1998987012,0,0.6000589762,0.600299879,0.6024440116,0.6000796791,0.6004051952,0.6033057526
15.34,4.226694524,4.227501268,4.234703874,4.226694524,4.227501268,4.234703874,0.008270099701,0.008270099589,0.5999802784,0.199899604,0,0.6000583894,0.6002972069,0.6024269338,0.6000788863,0.6004015841,0.6032826262
15.36,4.226692562,4.22749232,4.234646447,4.226692562,4.22749232,4.234646447,0.008211981275,0.008211981208,0.5999804746,0.1999004988,0,0.6000578085,0.6002945583,0.6024099706,0.6000781014,0.6003980049,0.6032596555
15.38,4.226690619,4.227483451,4.234589407,4.226690619,4.227483451,4.234589407,0.008154256971,0.008154256943,0.5999806689,0.1999013857,0,0.6000572333,0.600291933,0.6023931214,0.6000773243,0.600394457,0.6032368395
15.4,4.226688695,4.227474659,4.234532751,4.226688695,4.227474659,4.234532751,0.008096924254,0.008096924257,0.5999808613,0.1999022649,0,0.6000566638,0.6002893307,0.6023763854,0.6000765549,0.6003909404,0.603214177
15.42,4.226686791,4.227465945,4.234476476,4.226686791,4.227465945,4.234476476,0.008039980604,0.008039980626,0.5999810517,0.1999031363,0,0.6000561,0.6002867514,0.6023597618,0.6000757932,0.6003874547,0.6031916673
15.44,4.226684906,4.227457307,4.234420581,4.226684906,4.227457307,4.234420581,0.007983423517,0.007983423544,0.5999812402,0.1999040001,0,0.6000555418,0.6002841947,0.6023432501,0.600075039,0.6003839997,0.6031693093
15.46,4.226683039,4.227448746,4.234365063,4.226683039,4.227448746,4.234365063,0.007927250488,0.007927250516,0.5999814269,0.1999048562,0,0.6000549892,0.6002816605,0.6023268493,0.6000742924,0.6003805751,0.603147102
15.48,4.226681191,4.22744026,4.23430992,4.226681191,4.22744026,4.23430992,0.007871459035,0.007871459064,0.5999816117,0.1999057049,0,0.6000544421,0.6002791486,0.602310559,0.6000735532,0.6003771806,0.6031250446
15.5,4.226679361,4.227431848,4.234255148,4.226679361,4.227431848,4.234255148,0.007816046695,0.007816046726,0.5999817947,0.199906546,0,0.6000539004,0.6002766588,0.6022943783,0.6000728213,0.6003738159,0.6031031359
15.52,4.22667755,4.22742351,4.234200746,4.22667755,4.22742351,4.234200746,0.007761011019,0.007761011052,0.5999819758,0.1999073798,0,0.6000533641,0.6002741909,0.6022783066,0.6000720967,0.6003704809,0.6030813751
15.54,4.226675756,4.227415246,4.234146711,4.226675756,4.227415246,4.234146711,0.007706349574,0.007706349608,0.5999821552,0.1999082062,0,0.6000528331,0.6002717447,0.6022623432,0.6000713793,0.6003671753,0.6030597613
15.56,4.226673981,4.227407055,4.234093042,4.226673981,4.227407055,4.234093042,0.00765205994,0.007652059975,0.5999823327,0.1999090253,0,0.6000523074,0.6002693201,0.6022464873,0.6000706691,0.6003638987,0.6030382934
15.58,4.226672223,4.227398936,4.234039735,4.226672223,4.227398936,4.234039735,0.007598139712,0.007598139748,0.5999825085,0.1999098372,0,0.600051787,0.6002669168,0.6022307384,0.6000699659,0.600360651,0.6030169707
15.6,4.226670483,4.227390888,4.233986788,4.226670482,4.227390888,4.233986788,0.007544586499,0.007544586535,0.5999826826,0.199910642,0,0.6000512717,0.6002645346,0.6022150957,0.6000692698,0.6003574319,0.602995792
15.62,4.226668759,4.227382911,4.2339342,4.226668759,4.227382911,4.2339342,0.007491397925,0.007491397961,0.5999828549,0.1999114397,0,0.6000507615,0.6002621735,0.6021995585,0.6000685805,0.6003542412,0.6029747566
15.64,4.226667053,4.227375004,4.233881967,4.226667053,4.227375004,4.233881967,0.007438571628,0.007438571663,0.5999830255,0.1999122304,0,0.6000502565,0.6002598331,0.6021841262,0.6000678981,0.6003510785,0.6029538635
15.66,4.226665364,4.227367168,4.233830087,4.226665364,4.227367168,4.233830087,0.007386105259,0.007386105293,0.5999831944,0.1999130141,0,0.6000497564,0.6002575133,0.6021687981,0.6000672225,0.6003479438,0.6029331117
15.68,4.226663692,4.2273594,4.233778559,4.226663692,4.2273594,4.233778559,0.007333996485,0.007333996517,0.5999833616,0.1999137908,0,0.6000492613,0.600255214,0.6021535735,0.6000665537,0.6003448366,0.6029125005
15.7,4.226662037,4.2273517,4.23372738,4.226662037,4.2273517,4.23372738,0.007282242986,0.007282243015,0.5999835271,0.1999145608,0,0.6000487712,0.600252935,0.6021384519,0.6000658914,0.6003417569,0.6028920288
15.72,4.226660398,4.227344069,4.233676548,4.226660398,4.227344069,4.233676548,0.007230842455,0.007230842482,0.599983691,0.1999153239,0,0.6000482859,0.600250676,0.6021234324,0.6000652358,0.6003387043,0.6028716958
15.74,4.226658775,4.227336504,4.23362606,4.226658775,4.227336504,4.23362606,0.0071797926,0.007179792624,0.5999838533,0.1999160804,0,0.6000478055,0.6002484369,0.6021085146,0.6000645867,0.6003356785,0.6028515006
15.76,4.226657168,4.227329007,4.233575914,4.226657168,4.227329007,4.233575914,0.007129091142,0.007129091164,0.599984014,0.1999168301,0,0.6000473298,0.6002462176,0.6020936976,0.600063944,0.6003326795,0.6028314424
15.78,4.226655578,4.227321575,4.233526108,4.226655578,4.227321575,4.233526109,0.007078735818,0.007078735837,0.5999841731,0.1999175733,0,0.6000468589,0.6002440179,0.602078981,0.6000633078,0.600329707,0.6028115202
15.8,4.226654003,4.22731421,4.233476641,4.226654003,4.22731421,4.233476641,0.007028724375,0.007028724392,0.5999843305,0.1999183099,0,0.6000463926,0.6002418375,0.6020643639,0.6000626779,0.6003267606,0.6027917331
15.82,4.226652444,4.227306909,4.233427509,4.226652444,4.227306909,4.233427509,0.006979054576,0.006979054591,0.5999844864,0.1999190399,0,0.600045931,0.6002396764,0.6020498459,0.6000620542,0.6003238402,0.6027720803
15.84,4.2266509,4.227299672,4.23337871,4.2266509,4.227299672,4.233378711,0.006929724198,0.006929724211,0.5999846408,0.1999197636,0,0.600045474,0.6002375343,0.6020354263,0.6000614368,0.6003209456,0.602752561
15.86,4.226649372,4.2272925,4.233330244,4.226649372,4.2272925,4.233330244,0.006880731029,0.006880731041,0.5999847936,0.1999204809,0,0.6000450216,0.6002354111,0.6020211043,0.6000608255,0.6003180766,0.6027331742
15.88,4.226647859,4.22728539,4.233282106,4.226647859,4.22728539,4.233282106,0.006832072872,0.006832072884,0.5999849449,0.1999211918,0,0.6000445736,0.6002333067,0.6020068795,0.6000602202,0.6003152328,0.6027139191
15.9,4.226646361,4.227278344,4.233234295,4.226646361,4.227278344,4.233234295,0.006783747544,0.006783747557,0.5999850947,0.1999218965,0,0.6000441301,0.6002312208,0.6019927512,0.600059621,0.6003124142,0.6026947949
15.92,4.226644878,4.227271359,4.23318681,4.226644878,4.227271359,4.23318681,0.006735752874,0.006735752888,0.5999852431,0.1999225949,0,0.600043691,0.6002291534,0.6019787187,0.6000590278,0.6003096204,0.6026758007
15.94,4.226643409,4.227264436,4.233139647,4.226643409,4.227264436,4.233139647,0.006688086703,0.00668808672,0.5999853899,0.1999232872,0,0.6000432563,0.6002271041,0.6019647815,0.6000584405,0.6003068513,0.6026569357
15.96,4.226641956,4.227257575,4.233092806,4.226641956,4.227257575,4.233092806,0.006640746888,0.006640746909,0.5999855353,0.1999239733,0,0.6000428259,0.600225073,0.601950939,0.600057859,0.6003041067,0.6026381991
15.98,4.226640516,4.227250774,4.233046283,4.226640516,4.227250774,4.233046283,0.006593731298,0.006593731324,0.5999856792,0.1999246534,0,0.6000423998,0.6002230598,0.6019371904,0.6000572833,0.6003013863,0.60261959
16,4.226639091,4.227244033,4.233000077,4.226639091,4.227244033,4.233000077,0.006547037813,0.006547037845,0.5999858217,0.1999253275,0,0.6000419779,0.6002210644,0.6019235353,0.6000567133,0.6002986899,0.6026011076
16.02,4.226637681,4.227237352,4.232954186,4.226637681,4.227237352,4.232954186,0.006500664329,0.006500664368,0.5999859628,0.1999259957,0,0.6000415602,0.6002190867,0.601909973,0.600056149,0.6002960174,0.602582751
16.04,4.226636284,4.227230729,4.232908607,4.226636284,4.227230729,4.232908607,0.006454608752,0.006454608799,0.5999861024,0.1999266579,0,0.6000411467,0.6002171263,0.6018965029,0.6000555903,0.6002933684,0.6025645196
16.06,4.226634901,4.227224165,4.232863339,4.226634901,4.227224165,4.232863339,0.006408869003,0.006408869059,0.5999862407,0.1999273143,0,0.6000407373,0.6002151833,0.6018831245,0.6000550372,0.6002907429,0.6025464123
16.08,4.226633532,4.22721766,4.23281838,4.226633532,4.22721766,4.23281838,0.006363443014,0.006363443081,0.5999863776,0.1999279649,0,0.600040332,0.6002132575,0.6018698371,0.6000544895,0.6002881406,0.6025284286
16.1,4.226632176,4.227211211,4.232773727,4.226632176,4.227211211,4.232773727,0.006318328731,0.006318328809,0.5999865132,0.1999286097,0,0.6000399307,0.6002113487,0.6018566402,0.6000539474,0.6002855613,0.6025105675
16.12,4.226630835,4.22720482,4.232729379,4.226630834,4.22720482,4.232729379,0.00627352411,0.006273524202,0.5999866474,0.1999292488,0,0.6000395333,0.6002094568,0.6018435331,0.6000534106,0.6002830047,0.6024928282
16.14,4.226629506,4.227198485,4.232685333,4.226629506,4.227198485,4.232685333,0.006229027124,0.006229027229,0.5999867802,0.1999298823,0,0.60003914,0.6002075816,0.6018305153,0.6000528791,0.6002804708,0.60247521
16.16,4.226628191,4.227192206,4.232641588,4.22662819,4.227192206,4.232641588,0.006184835754,0.006184835873,0.5999869118,0.1999305102,0,0.6000387506,0.6002057229,0.6018175862,0.600052353,0.6002779593,0.6024577121
16.18,4.226626888,4.227185983,4.232598142,4.226626888,4.227185983,4.232598142,0.006140947995,0.00614094813,0.599987042,0.1999311325,0,0.600038365,0.6002038807,0.6018047453,0.6000518321,0.60027547,0.6024403337
16.2,4.226625599,4.227179815,4.232554993,4.226625599,4.227179815,4.232554993,0.006097361856,0.006097362006,0.5999871709,0.1999317493,0,0.6000379833,0.6002020548,0.601791992,0.6000513163,0.6002730027,0.602423074
16.22,4.226624322,4.227173701,4.232512139,4.226624322,4.227173701,4.232512139,0.006054075355,0.006054075521,0.5999872986,0.1999323607,0,0.6000376053,0.6002002451,0.6017793256,0.6000508057,0.6002705573,0.6024059323
16.24,4.226623059,4.227167642,4.232469577,4.226623059,4.227167642,4.232469578,0.006011086524,0.006011086706,0.5999874249,0.1999329666,0,0.6000372312,0.6001984513,0.6017667457,0.6000503002,0.6002681335,0.6023889077
16.26,4.226621807,4.227161636,4.232427307,4.226621807,4.227161636,4.232427307,0.005968393406,0.005968393605,0.5999875501,0.1999335672,0,0.6000368607,0.6001966735,0.6017542516,0.6000497997,0.6002657311,0.6023719996
16.28,4.226620569,4.227155683,4.232385326,4.226620568,4.227155683,4.232385326,0.005925994059,0.005925994275,0.5999876739,0.1999341625,0,0.600036494,0.6001949113,0.6017418429,0.6000493042,0.60026335,0.6023552072
16.3,4.226619342,4.227149783,4.232343632,4.226619342,4.227149783,4.232343632,0.005883886549,0.005883886781,0.5999877966,0.1999347525,0,0.6000361308,0.6001931648,0.601729519,0.6000488136,0.6002609899,0.6023385296
16.32,4.226618128,4.227143935,4.232302224,4.226618128,4.227143935,4.232302224,0.005842068956,0.005842069204,0.599987918,0.1999353373,0,0.6000357713,0.6001914337,0.6017172792,0.6000483279,0.6002586508,0.6023219663
16.34,4.226616926,4.227138139,4.232261099,4.226616926,4.227138139,4.232261099,0.005800539371,0.005800539635,0.5999880382,0.1999359169,0,0.6000354154,0.6001897179,0.6017051232,0.6000478471,0.6002563324,0.6023055163
16.36,4.226615736,4.227132394,4.232220256,4.226615735,4.227132394,4.232220256,0.005759295898,0.005759296177,0.5999881573,0.1999364914,0,0.600035063,0.6001880173,0.6016930503,0.600047371,0.6002540345,0.6022891791
16.38,4.226614557,4.2271267,4.232179692,4.226614557,4.2271267,4.232179693,0.005718336651,0.005718336944,0.5999882751,0.1999370608,0,0.6000347142,0.6001863318,0.6016810599,0.6000468996,0.6002517569,0.6022729537
16.4,4.226613391,4.227121057,4.232139407,4.22661339,4.227121057,4.232139408,0.005677659758,0.005677660063,0.5999883918,0.1999376251,0,0.6000343688,0.6001846612,0.6016691516,0.600046433,0.6002494995,0.6022568397
16.42,4.226612236,4.227115464,4.232099398,4.226612235,4.227115463,4.232099399,0.005637263354,0.005637263672,0.5999885073,0.1999381845,0,0.6000340268,0.6001830054,0.6016573249,0.600045971,0.6002472622,0.602240836
16.44,4.226611092,4.22710992,4.232059664,4.226611092,4.227109919,4.232059664,0.005597145592,0.00559714592,0.5999886216,0.1999387388,0,0.6000336882,0.6001813643,0.6016455791,0.6000455136,0.6002450446,0.6022249422
16.46,4.22660996,4.227104425,4.232020202,4.22660996,4.227104425,4.232020202,0.00555730463,0.005557304967,0.5999887348,0.1999392883,0,0.600033353,0.6001797377,0.6016339138,0.6000450607,0.6002428467,0.6022091574
16.48,4.226608839,4.227098979,4.231981011,4.226608839,4.227098979,4.231981011,0.005517738642,0.005517738985,0.5999888469,0.1999398329,0,0.6000330212,0.6001781255,0.6016223284,0.6000446123,0.6002406683,0.602193481
16.5,4.226607729,4.227093581,4.231942089,4.226607729,4.227093581,4.231942089,0.00547844581,0.005478446159,0.5999889579,0.1999403727,0,0.6000326926,0.6001765276,0.6016108224,0.6000441684,0.6002385091,0.6021779122
16.52,4.22660663,4.227088231,4.231903434,4.22660663,4.227088231,4.231903434,0.00543942433,0.005439424682,0.5999890678,0.1999409077,0,0.6000323673,0.6001749439,0.6015993953,0.600043729,0.6002363692,0.6021624503
16.54,4.226605543,4.227082928,4.231865045,4.226605542,4.227082928,4.231865045,0.005400672407,0.00540067276,0.5999891765,0.199941438,0,0.6000320453,0.6001733742,0.6015880467,0.6000432938,0.6002342482,0.6021470947
16.56,4.226604466,4.227077673,4.231826919,4.226604466,4.227077673,4.23182692,0.005362188259,0.005362188611,0.5999892842,0.1999419635,0,0.6000317264,0.6001718184,0.6015767758,0.6000428631,0.6002321459,0.6021318445
16.58,4.2266034,4.227072464,4.231789056,4.226603399,4.227072464,4.231789057,0.005323970113,0.005323970461,0.5999893909,0.1999424844,0,0.6000314107,0.6001702764,0.6015655824,0.6000424366,0.6002300624,0.6021166992
16.6,4.226602344,4.227067301,4.231751453,4.226602344,4.227067301,4.231751454,0.005286016209,0.005286016551,0.5999894964,0.1999430007,0,0.6000310982,0.6001687481,0.6015544658,0.6000420143,0.6002279973,0.6021016581
16.62,4.226601299,4.227062184,4.231714109,4.226601299,4.227062184,4.23171411,0.005248324796,0.005248325129,0.5999896009,0.1999435124,0,0.6000307888,0.6001672334,0.6015434255,0.6000415963,0.6002259505,0.6020867204
16.64,4.226600264,4.227057113,4.231677022,4.226600264,4.227057113,4.231677022,0.005210894134,0.005210894457,0.5999897044,0.1999440195,0,0.6000304824,0.6001657321,0.6015324611,0.6000411824,0.6002239219,0.6020718856
16.66,4.22659924,4.227052086,4.23164019,4.226599239,4.227052086,4.23164019,0.005173722497,0.005173722806,0.5999898068,0.1999445222,0,0.6000301791,0.6001642441,0.6015215721,0.6000407726,0.6002219113,0.6020571528
16.68,4.226598225,4.227047104,4.231603612,4.226598225,4.227047104,4.231603612,0.005136808165,0.005136808458,0.5999899083,0.1999450204,0,0.6000298788,0.6001627693,0.6015107579,0.6000403669,0.6002199185,0.6020425215
16.7,4.226597221,4.227042167,4.231567285,4.226597221,4.227042167,4.231567286,0.005100149431,0.005100149706,0.5999900087,0.1999455141,0,0.6000295815,0.6001613075,0.6015000181,0.6000399652,0.6002179435,0.602027991
16.72,4.226596227,4.227037273,4.231531209,4.226596227,4.227037273,4.23153121,0.0050637446,0.005063744854,0.5999901081,0.1999460035,0,0.6000292872,0.6001598588,0.6014893522,0.6000395676,0.6002159859,0.6020135605
16.74,4.226595243,4.227032422,4.231495382,4.226595243,4.227032422,4.231495382,0.005027591985,0.005027592215,0.5999902065,0.1999464886,0,0.6000289958,0.6001584229,0.6014787597,0.6000391739,0.6002140457,0.6019992296
16.76,4.226594268,4.227027615,4.231459802,4.226594268,4.227027615,4.231459802,0.004991689911,0.004991690115,0.599990304,0.1999469693,0,0.6000287073,0.6001569998,0.6014682401,0.6000387841,0.6002121228,0.6019849974
16.78,4.226593303,4.22702285,4.231424467,4.226593303,4.22702285,4.231424467,0.004956036712,0.004956036889,0.5999904005,0.1999474458,0,0.6000284216,0.6001555893,0.601457793,0.6000383982,0.6002102169,0.6019708634
16.8,4.226592348,4.227018128,4.231389375,4.226592348,4.227018128,4.231389375,0.004920630734,0.004920630881,0.599990496,0.199947918,0,0.6000281388,0.6001541913,0.6014474178,0.6000380161,0.600208328,0.6019568269
16.82,4.226591403,4.227013448,4.231354526,4.226591403,4.227013448,4.231354526,0.004885470333,0.004885470448,0.5999905905,0.1999483861,0,0.6000278588,0.6001528057,0.6014371141,0.6000376378,0.6002064558,0.6019428872
16.84,4.226590466,4.227008809,4.231319918,4.226590466,4.227008809,4.231319918,0.004850553874,0.004850553956,0.5999906842,0.1999488499,0,0.6000275816,0.6001514325,0.6014268814,0.6000372633,0.6002046003,0.6019290438
16.86,4.226589539,4.227004211,4.231285548,4.226589539,4.227004211,4.231285548,0.004815879733,0.00481587978,0.5999907769,0.1999493097,0,0.6000273072,0.6001500714,0.6014167193,0.6000368925,0.6002027612,0.6019152959
16.88,4.226588622,4.226999654,4.231251416,4.226588622,4.226999654,4.231251416,0.004781446297,0.004781446309,0.5999908686,0.1999497654,0,0.6000270355,0.6001487225,0.6014066273,0.6000365254,0.6002009385,0.601901643
16.9,4.226587713,4.226995138,4.231217519,4.226587713,4.226995138,4.231217519,0.004747251962,0.004747251937,0.5999909595,0.199950217,0,0.6000267665,0.6001473855,0.6013966049,0.600036162,0.600199132,0.6018880845
16.92,4.226586813,4.226990662,4.231183857,4.226586814,4.226990662,4.231183857,0.004713295134,0.004713295071,0.5999910495,0.1999506646,0,0.6000265001,0.6001460604,0.6013866517,0.6000358021,0.6001973415,0.6018746196
16.94,4.226585923,4.226986225,4.231150428,4.226585923,4.226986226,4.231150428,0.00467957423,0.004679574129,0.5999911385,0.1999511083,0,0.6000262365,0.6001447471,0.6013767672,0.6000354459,0.600195567,0.6018612478
16.96,4.226585041,4.226981829,4.231117229,4.226585041,4.226981829,4.231117229,0.004646087675,0.004646087536,0.5999912267,0.199951548,0,0.6000259754,0.6001434454,0.6013669509,0.6000350932,0.6001938082,0.6018479686
16.98,4.226584168,4.226977471,4.231084261,4.226584168,4.226977471,4.231084261,0.004612833905,0.004612833729,0.599991314,0.1999519837,0,0.6000257169,0.6001421553,0.6013572025,0.600034744,0.6001920651,0.6018347811
17,4.226583304,4.226973152,4.23105152,4.226583304,4.226973152,4.23105152,0.004579811368,0.004579811154,0.5999914004,0.1999524156,0,0.600025461,0.6001408767,0.6013475214,0.6000343983,0.6001903374,0.6018216849
17.02,4.226582448,4.226968871,4.231019007,4.226582448,4.226968871,4.231019006,0.004547018517,0.004547018267,0.599991486,0.1999528437,0,0.6000252077,0.6001396095,0.6013379073,0.600034056,0.6001886252,0.6018086794
17.04,4.226581601,4.226964628,4.230986718,4.226581601,4.226964629,4.230986718,0.004514453818,0.004514453534,0.5999915707,0.199953268,0,0.6000249569,0.6001383535,0.6013283596,0.6000337171,0.6001869281,0.6017957639
17.06,4.226580762,4.226960424,4.230954653,4.226580762,4.226960424,4.230954652,0.004482115746,0.00448211543,0.5999916546,0.1999536885,0,0.6000247085,0.6001371087,0.601318878,0.6000333816,0.6001852462,0.6017829378
17.08,4.226579932,4.226956256,4.23092281,4.226579932,4.226956256,4.230922809,0.004450002787,0.004450002439,0.5999917376,0.1999541052,0,0.6000244627,0.600135875,0.601309462,0.6000330495,0.6001835792,0.6017702007
17.1,4.22657911,4.226952126,4.230891187,4.22657911,4.226952126,4.230891187,0.004418113432,0.004418113057,0.5999918198,0.1999545182,0,0.6000242193,0.6001346523,0.6013001111,0.6000327206,0.6001819271,0.6017575517
17.12,4.226578296,4.226948032,4.230859784,4.226578296,4.226948032,4.230859784,0.004386446188,0.004386445786,0.5999919012,0.1999549276,0,0.6000239783,0.6001334404,0.601290825,0.600032395,0.6001802896,0.6017449905
17.14,4.22657749,4.226943975,4.230828599,4.22657749,4.226943975,4.230828599,0.004354999565,0.004354999142,0.5999919818,0.1999553333,0,0.6000237397,0.6001322393,0.6012816031,0.6000320727,0.6001786668,0.6017325164
17.16,4.226576692,4.226939954,4.23079763,4.226576692,4.226939954,4.230797629,0.004323772087,0.004323771645,0.5999920616,0.1999557354,0,0.6000235035,0.6001310489,0.6012724452,0.6000317535,0.6001770583,0.6017201287
17.18,4.226575902,4.226935969,4.230766876,4.226575902,4.226935969,4.230766875,0.004292762286,0.004292761828,0.5999921406,0.1999561339,0,0.6000232696,0.6001298692,0.6012633507,0.6000314376,0.6001754642,0.6017078271
17.2,4.22657512,4.226932019,4.230736335,4.22657512,4.226932019,4.230736334,0.004261968702,0.004261968234,0.5999922188,0.1999565289,0,0.6000230381,0.6001286999,0.6012543193,0.6000311248,0.6001738843,0.6016956108
17.22,4.226574346,4.226928104,4.230706006,4.226574346,4.226928105,4.230706006,0.004231389886,0.004231389411,0.5999922962,0.1999569204,0,0.6000228088,0.600127541,0.6012453504,0.6000308151,0.6001723185,0.6016834793
17.24,4.226573579,4.226924225,4.230675888,4.22657358,4.226924225,4.230675888,0.004201024397,0.00420102392,0.5999923729,0.1999573083,0,0.6000225819,0.6001263924,0.6012364438,0.6000305085,0.6001707666,0.601671432
17.26,4.22657282,4.226920379,4.230645979,4.226572821,4.22692038,4.230645979,0.004170870804,0.004170870329,0.5999924488,0.1999576929,0,0.6000223572,0.6001252541,0.601227599,0.6000302049,0.6001692286,0.6016594684
17.28,4.226572069,4.226916569,4.230616278,4.226572069,4.226916569,4.230616278,0.004140927684,0.004140927217,0.5999925239,0.199958074,0,0.6000221347,0.6001241259,0.6012188155,0.6000299044,0.6001677042,0.601647588
17.3,4.226571325,4.226912792,4.230586783,4.226571325,4.226912792,4.230586783,0.004111193625,0.004111193171,0.5999925983,0.1999584516,0,0.6000219145,0.6001230078,0.6012100931,0.6000296068,0.6001661934,0.6016357901
17.32,4.226570589,4.226909048,4.230557494,4.226570589,4.226909049,4.230557493,0.004081667223,0.004081666785,0.5999926719,0.199958826,0,0.6000216964,0.6001218996,0.6012014311,0.6000293122,0.6001646961,0.6016240742
17.34,4.226569859,4.226905338,4.230528408,4.22656986,4.226905339,4.230528407,0.004052347081,0.004052346666,0.5999927449,0.199959197,0,0.6000214806,0.6001208013,0.6011928294,0.6000290206,0.6001632121,0.6016124399
17.36,4.226569138,4.226901662,4.230499524,4.226569138,4.226901662,4.230499524,0.004023231815,0.004023231425,0.599992817,0.1999595647,0,0.6000212668,0.6001197128,0.6011842874,0.6000287318,0.6001617414,0.6016008864
17.38,4.226568423,4.226898017,4.230470841,4.226568423,4.226898018,4.230470841,0.003994320047,0.003994319687,0.5999928885,0.1999599291,0,0.6000210552,0.600118634,0.6011758048,0.6000284459,0.6001602837,0.6015894133
17.4,4.226567715,4.226894406,4.230442358,4.226567716,4.226894406,4.230442358,0.003965610408,0.003965610082,0.5999929593,0.1999602902,0,0.6000208457,0.6001175648,0.6011673811,0.6000281629,0.6001588391,0.6015780201
17.42,4.226567015,4.226890826,4.230414074,4.226567015,4.226890827,4.230414073,0.003937101538,0.00393710125,0.5999930293,0.1999606482,0,0.6000206383,0.6001165052,0.6011590161,0.6000278827,0.6001574073,0.6015667062
17.44,4.226566321,4.226887279,4.230385986,4.226566321,4.226887279,4.230385986,0.003908792087,0.003908791839,0.5999930987,0.1999610029,0,0.600020433,0.600115455,0.6011507092,0.6000276052,0.6001559884,0.6015554711
17.46,4.226565635,4.226883763,4.230358094,4.226565635,4.226883763,4.230358094,0.003880680714,0.003880680507,0.5999931674,0.1999613545,0,0.6000202297,0.6001144141,0.6011424601,0.6000273306,0.600154582,0.6015443143
17.48,4.226564955,4.226880279,4.230330396,4.226564955,4.226880279,4.230330396,0.003852766083,0.003852765919,0.5999932353,0.1999617029,0,0.6000200284,0.6001133826,0.6011342685,0.6000270586,0.6001531882,0.6015332352
17.5,4.226564282,4.226876825,4.230302891,4.226564282,4.226876825,4.230302891,0.003825046871,0.003825046749,0.5999933026,0.1999620483,0,0.6000198291,0.6001123602,0.6011261338,0.6000267894,0.6001518069,0.6015222333
17.52,4.226563615,4.226873403,4.230275579,4.226563615,4.226873403,4.230275578,0.003797521762,0.003797521679,0.5999933693,0.1999623905,0,0.6000196318,0.600111347,0.6011180558,0.6000265229,0.6001504378,0.6015113082
17.54,4.226562956,4.226870011,4.230248456,4.226562956,4.226870011,4.230248456,0.003770189447,0.003770189402,0.5999934353,0.1999627297,0,0.6000194365,0.6001103428,0.6011100341,0.600026259,0.600149081,0.6015004592
17.56,4.226562302,4.226866649,4.230221523,4.226562302,4.226866649,4.230221523,0.003743048629,0.003743048616,0.5999935006,0.1999630659,0,0.6000192431,0.6001093475,0.6011020683,0.6000259977,0.6001477363,0.6014896859
17.58,4.226561656,4.226863317,4.230194778,4.226561656,4.226863317,4.230194778,0.003716098017,0.003716098029,0.5999935652,0.1999633991,0,0.6000190517,0.6001083611,0.6010941581,0.600025739,0.6001464036,0.6014789878
17.6,4.226561015,4.226860015,4.230168219,4.226561015,4.226860015,4.230168219,0.003689336328,0.003689336357,0.5999936293,0.1999637293,0,0.6000188621,0.6001073836,0.6010863029,0.6000254829,0.6001450827,0.6014683644
17.62,4.226560382,4.226856742,4.230141846,4.226560381,4.226856742,4.230141846,0.00366276229,0.003662762323,0.5999936927,0.1999640566,0,0.6000186744,0.6001064147,0.6010785026,0.6000252294,0.6001437737,0.6014578152
17.64,4.226559754,4.226853499,4.230115657,4.226559754,4.226853499,4.230115657,0.003636374628,0.003636374661,0.5999937554,0.1999643809,0,0.6000184886,0.6001054545,0.6010707567,0.6000249783,0.6001424764,0.6014473396
17.66,4.226559133,4.226850285,4.230089651,4.226559133,4.226850285,4.230089651,0.003610172078,0.00361017211,0.5999938176,0.1999647024,0,0.6000183046,0.6001045029,0.6010630648,0.6000247298,0.6001411906,0.6014369372
17.68,4.226558517,4.226847099,4.230063827,4.226558517,4.226847099,4.230063827,0.003584153387,0.00358415342,0.5999938791,0.1999650209,0,0.6000181225,0.6001035598,0.6010554267,0.6000244837,0.6001399163,0.6014266075
17.7,4.226557908,4.226843942,4.230038183,4.226557908,4.226843942,4.230038183,0.003558317313,0.003558317345,0.59999394,0.1999653367,0,0.6000179422,0.6001026251,0.6010478418,0.6000242401,0.6001386534,0.60141635
17.72,4.226557305,4.226840812,4.230012718,4.226557305,4.226840812,4.230012719,0.00353266262,0.003532662652,0.5999940003,0.1999656496,0,0.6000177637,0.6001016987,0.60104031,0.6000239989,0.6001374018,0.6014061642
17.74,4.226556708,4.226837711,4.229987432,4.226556708,4.226837711,4.229987432,0.00350718808,0.003507188112,0.59999406,0.1999659597,0,0.6000175869,0.6001007807,0.6010328307,0.6000237601,0.6001361613,0.6013960496
17.76,4.226556117,4.226834638,4.229962323,4.226556117,4.226834638,4.229962323,0.003481892473,0.003481892506,0.5999941191,0.199966267,0,0.6000174119,0.6000998708,0.6010254038,0.6000235237,0.6001349319,0.6013860058
17.78,4.226555532,4.226831592,4.229937389,4.226555532,4.226831592,4.229937389,0.003456774589,0.003456774621,0.5999941776,0.1999665716,0,0.6000172387,0.600098969,0.6010180287,0.6000232896,0.6001337136,0.6013760323
17.8,4.226554953,4.226828573,4.229912629,4.226554953,4.226828573,4.229912629,0.003431833222,0.003431833253,0.5999942355,0.1999668735,0,0.6000170671,0.6000980753,0.6010107052,0.6000230579,0.6001325061,0.6013661285
17.82,4.226554379,4.226825581,4.229888043,4.226554379,4.226825581,4.229888043,0.003407067176,0.003407067206,0.5999942929,0.1999671727,0,0.6000168973,0.6000971896,0.6010034329,0.6000228285,0.6001313094,0.6013562941
17.84,4.226553811,4.226822616,4.22986363,4.226553811,4.226822616,4.22986363,0.003382475262,0.003382475292,0.5999943497,0.1999674692,0,0.6000167292,0.6000963118,0.6009962115,0.6000226013,0.6001301233,0.6013465286
17.86,4.226553249,4.226819678,4.229839387,4.226553249,4.226819678,4.229839387,0.003358056299,0.003358056329,0.5999944059,0.199967763,0,0.6000165627,0.6000954419,0.6009890407,0.6000223764,0.6001289479,0.6013368315
17.88,4.226552693,4.226816766,4.229815314,4.226552693,4.226816766,4.229815314,0.003333809115,0.003333809144,0.5999944616,0.1999680542,0,0.6000163979,0.6000945797,0.60098192,0.6000221538,0.600127783,0.6013272023
17.9,4.226552141,4.226813879,4.22979141,4.226552141,4.226813879,4.22979141,0.003309732542,0.00330973257,0.5999945167,0.1999683429,0,0.6000162348,0.6000937253,0.6009748492,0.6000219334,0.6001266286,0.6013176406
17.92,4.226551596,4.226811019,4.229767673,4.226551596,4.226811019,4.229767673,0.003285825423,0.00328582545,0.5999945712,0.1999686289,0,0.6000160732,0.6000928784,0.6009678279,0.6000217151,0.6001254844,0.601308146
17.94,4.226551056,4.226808184,4.229744103,4.226551056,4.226808184,4.229744103,0.003262086606,0.003262086632,0.5999946252,0.1999689124,0,0.6000159133,0.6000920392,0.6009608558,0.600021499,0.6001243505,0.6012987179
17.96,4.226550521,4.226805375,4.229720698,4.226550521,4.226805375,4.229720698,0.003238514948,0.003238514973,0.5999946787,0.1999691933,0,0.600015755,0.6000912074,0.6009539325,0.6000212851,0.6001232267,0.601289356
17.98,4.226549991,4.22680259,4.229697457,4.226549991,4.22680259,4.229697457,0.003215109312,0.003215109337,0.5999947317,0.1999694718,0,0.6000155982,0.6000903831,0.6009470578,0.6000210733,0.6001221129,0.6012800597
18,4.226549467,4.226799831,4.22967438,4.226549467,4.226799831,4.22967438,0.003191868571,0.003191868594,0.5999947841,0.1999697477,0,0.600015443,0.6000895662,0.6009402313,0.6000208637,0.6001210092,0.6012708287
18.02,4.226548948,4.226797096,4.229651464,4.226548948,4.226797096,4.229651464,0.003168791602,0.003168791625,0.599994836,0.1999700212,0,0.6000152893,0.6000887566,0.6009334526,0.6000206561,0.6001199153,0.6012616624
18.04,4.226548434,4.226794386,4.22962871,4.226548434,4.226794386,4.22962871,0.003145877291,0.003145877313,0.5999948874,0.1999702922,0,0.6000151372,0.6000879542,0.6009267215,0.6000204505,0.6001188312,0.6012525606
18.06,4.226547926,4.2267917,4.229606115,4.226547926,4.2267917,4.229606115,0.003123124531,0.003123124553,0.5999949382,0.1999705608,0,0.6000149866,0.600087159,0.6009200377,0.600020247,0.6001177568,0.6012435226
18.08,4.226547422,4.226789038,4.229583679,4.226547422,4.226789038,4.229583679,0.003100532222,0.003100532243,0.5999949886,0.199970827,0,0.6000148375,0.6000863709,0.6009134007,0.6000200456,0.600116692,0.6012345482
18.1,4.226546923,4.2267864,4.2295614,4.226546923,4.2267864,4.2295614,0.003078099271,0.003078099292,0.5999950385,0.1999710908,0,0.6000146898,0.6000855899,0.6009068104,0.6000198461,0.6001156367,0.6012256368
18.12,4.22654643,4.226783785,4.229539278,4.22654643,4.226783785,4.229539278,0.003055824593,0.003055824614,0.5999950878,0.1999713523,0,0.6000145437,0.6000848158,0.6009002663,0.6000196486,0.6001145909,0.601216788
18.14,4.226545941,4.226781194,4.229517312,4.226545941,4.226781194,4.229517312,0.003033707109,0.00303370713,0.5999951367,0.1999716114,0,0.600014399,0.6000840487,0.6008937682,0.6000194531,0.6001135544,0.6012080015
18.16,4.226545457,4.226778626,4.2294955,4.226545457,4.226778626,4.2294955,0.003011745746,0.003011745768,0.5999951851,0.1999718682,0,0.6000142557,0.6000832885,0.6008873157,0.6000192596,0.6001125273,0.6011992767
18.18,4.226544978,4.226776081,4.229473841,4.226544978,4.226776081,4.229473841,0.002989939442,0.002989939464,0.599995233,0.1999721227,0,0.6000141139,0.6000825351,0.6008809086,0.6000190679,0.6001115093,0.6011906133
18.2,4.226544504,4.226773559,4.229452335,4.226544504,4.226773559,4.229452335,0.002968287136,0.002968287159,0.5999952804,0.1999723749,0,0.6000139734,0.6000817884,0.6008745466,0.6000188782,0.6001105005,0.6011820109
18.22,4.226544034,4.22677106,4.229430981,4.226544034,4.22677106,4.229430981,0.00294678778,0.002946787803,0.5999953274,0.1999726248,0,0.6000138344,0.6000810484,0.6008682292,0.6000186904,0.6001095006,0.601173469
18.24,4.226543569,4.226768583,4.229409776,4.226543569,4.226768583,4.229409776,0.002925440327,0.002925440352,0.5999953739,0.1999728726,0,0.6000136967,0.600080315,0.6008619563,0.6000185044,0.6001085098,0.6011649873
18.26,4.226543109,4.226766128,4.229388721,4.226543109,4.226766128,4.229388721,0.002904243742,0.002904243769,0.5999954199,0.199973118,0,0.6000135604,0.6000795882,0.6008557276,0.6000183203,0.6001075278,0.6011565653
18.28,4.226542653,4.226763695,4.229367814,4.226542653,4.226763695,4.229367815,0.002883196993,0.002883197022,0.5999954655,0.1999733613,0,0.6000134255,0.6000788679,0.6008495427,0.600018138,0.6001065546,0.6011482026
18.3,4.226542202,4.226761284,4.229347055,4.226542202,4.226761283,4.229347055,0.002862299057,0.002862299087,0.5999955106,0.1999736025,0,0.6000132919,0.6000781541,0.6008434013,0.6000179575,0.6001055902,0.6011398988
18.32,4.226541755,4.226758894,4.229326442,4.226541755,4.226758894,4.229326442,0.002841548916,0.002841548949,0.5999955553,0.1999738414,0,0.6000131597,0.6000774467,0.6008373031,0.6000177788,0.6001046343,0.6011316535
18.34,4.226541313,4.226756526,4.229305974,4.226541313,4.226756526,4.229305974,0.00282094556,0.002820945595,0.5999955995,0.1999740782,0,0.6000130287,0.6000767456,0.6008312479,0.6000176019,0.6001036871,0.6011234663
18.36,4.226540875,4.226754179,4.22928565,4.226540875,4.226754179,4.22928565,0.002800487985,0.002800488022,0.5999956433,0.1999743129,0,0.6000128991,0.6000760507,0.6008252354,0.6000174268,0.6001027483,0.6011153369
18.38,4.226540442,4.226751853,4.22926547,4.226540442,4.226751853,4.22926547,0.002780175192,0.002780175233,0.5999956866,0.1999745455,0,0.6000127708,0.6000753622,0.6008192652,0.6000172534,0.600101818,0.6011072648
18.4,4.226540012,4.226749548,4.229245432,4.226540012,4.226749548,4.229245432,0.002760006192,0.002760006236,0.5999957296,0.199974776,0,0.6000126437,0.6000746798,0.6008133371,0.6000170817,0.600100896,0.6010992496
18.42,4.226539588,4.226747264,4.229225536,4.226539587,4.226747264,4.229225536,0.00273998,0.002739980047,0.5999957721,0.1999750044,0,0.6000125179,0.6000740035,0.6008074508,0.6000169118,0.6000999823,0.601091291
18.44,4.226539167,4.226745,4.229205779,4.226539167,4.226745,4.229205779,0.002720095638,0.002720095688,0.5999958141,0.1999752308,0,0.6000123933,0.6000733332,0.600801606,0.6000167435,0.6000990767,0.6010833885
18.46,4.22653875,4.226742756,4.229186163,4.22653875,4.226742756,4.229186163,0.002700352133,0.002700352186,0.5999958558,0.1999754552,0,0.60001227,0.600072669,0.6007958024,0.6000165769,0.6000981793,0.6010755419
18.48,4.226538338,4.226740533,4.229166685,4.226538338,4.226740533,4.229166685,0.002680748521,0.002680748578,0.599995897,0.1999756775,0,0.6000121479,0.6000720108,0.6007900398,0.600016412,0.60009729,0.6010677506
18.5,4.22653793,4.22673833,4.229147344,4.22653793,4.226738329,4.229147344,0.002661283843,0.002661283903,0.5999959378,0.1999758979,0,0.6000120271,0.6000713584,0.6007843178,0.6000162487,0.6000964086,0.6010600144
18.52,4.226537526,4.226736146,4.22912814,4.226537525,4.226736146,4.22912814,0.002641957145,0.002641957209,0.5999959783,0.1999761162,0,0.6000119074,0.6000707119,0.6007786363,0.600016087,0.6000955351,0.6010523328
18.54,4.226537125,4.226733982,4.229109072,4.226537125,4.226733982,4.229109072,0.002622767482,0.002622767549,0.5999960183,0.1999763326,0,0.6000117889,0.6000700712,0.6007729948,0.6000159269,0.6000946694,0.6010447055
18.56,4.226536729,4.226731837,4.229090138,4.226536729,4.226731837,4.229090138,0.002603713913,0.002603713984,0.5999960579,0.1999765471,0,0.6000116716,0.6000694363,0.6007673932,0.6000157684,0.6000938116,0.6010371321
18.58,4.226536337,4.226729712,4.229071339,4.226536337,4.226729711,4.229071339,0.002584795503,0.002584795578,0.5999960971,0.1999767597,0,0.6000115555,0.600068807,0.6007618312,0.6000156116,0.6000929614,0.6010296122
18.6,4.226535949,4.226727605,4.229052672,4.226535949,4.226727605,4.229052672,0.002566011325,0.002566011403,0.5999961359,0.1999769703,0,0.6000114405,0.6000681834,0.6007563084,0.6000154562,0.6000921189,0.6010221455
18.62,4.226535564,4.226725518,4.229034137,4.226535564,4.226725518,4.229034137,0.002547360457,0.002547360539,0.5999961744,0.199977179,0,0.6000113267,0.6000675654,0.6007508247,0.6000153024,0.6000912839,0.6010147317
18.64,4.226535184,4.226723449,4.229015734,4.226535183,4.226723449,4.229015734,0.002528841983,0.002528842067,0.5999962125,0.1999773859,0,0.600011214,0.600066953,0.6007453798,0.6000151502,0.6000904564,0.6010073702
18.66,4.226534807,4.226721399,4.22899746,4.226534807,4.226721399,4.22899746,0.002510454993,0.00251045508,0.5999962501,0.1999775909,0,0.6000111024,0.600066346,0.6007399734,0.6000149994,0.6000896363,0.6010000609
18.68,4.226534434,4.226719367,4.228979316,4.226534433,4.226719367,4.228979317,0.002492198583,0.002492198673,0.5999962875,0.1999777941,0,0.6000109919,0.6000657445,0.6007346052,0.6000148502,0.6000888236,0.6009928033
18.7,4.226534064,4.226717354,4.228961301,4.226534064,4.226717353,4.228961301,0.002474071854,0.002474071947,0.5999963244,0.1999779954,0,0.6000108826,0.6000651484,0.6007292749,0.6000147024,0.6000880182,0.6009855971
18.72,4.226533698,4.226715358,4.228943413,4.226533698,4.226715358,4.228943413,0.002456073916,0.00245607401,0.599996361,0.199978195,0,0.6000107743,0.6000645576,0.6007239824,0.6000145561,0.6000872201,0.6009784419
18.74,4.226533336,4.226713381,4.228925652,4.226533336,4.226713381,4.228925652,0.002438203881,0.002438203977,0.5999963972,0.1999783927,0,0.6000106671,0.6000639722,0.6007187274,0.6000144113,0.6000864291,0.6009713374
18.76,4.226532978,4.226711421,4.228908016,4.226532978,4.226711421,4.228908016,0.002420460869,0.002420460967,0.599996433,0.1999785887,0,0.6000105609,0.600063392,0.6007135096,0.6000142679,0.6000856452,0.6009642833
18.78,4.226532623,4.226709479,4.228890506,4.226532623,4.226709479,4.228890506,0.002402844006,0.002402844105,0.5999964685,0.1999787829,0,0.6000104559,0.600062817,0.6007083287,0.6000141259,0.6000848684,0.6009572791
18.8,4.226532272,4.226707554,4.22887312,4.226532271,4.226707554,4.22887312,0.002385352423,0.002385352523,0.5999965037,0.1999789754,0,0.6000103518,0.6000622472,0.6007031845,0.6000139854,0.6000840985,0.6009503246
18.82,4.226531924,4.226705647,4.228855857,4.226531924,4.226705647,4.228855857,0.002367985256,0.002367985356,0.5999965384,0.1999791661,0,0.6000102488,0.6000616825,0.6006980768,0.6000138462,0.6000833356,0.6009434194
18.84,4.226531579,4.226703757,4.228838716,4.226531579,4.226703757,4.228838716,0.002350741648,0.002350741748,0.5999965729,0.1999793551,0,0.6000101468,0.6000611229,0.6006930053,0.6000137085,0.6000825795,0.6009365631
18.86,4.226531238,4.226701884,4.228821697,4.226531238,4.226701883,4.228821697,0.002333620747,0.002333620846,0.599996607,0.1999795425,0,0.6000100459,0.6000605683,0.6006879697,0.6000135721,0.6000818302,0.6009297555
18.88,4.226530901,4.226700027,4.228804799,4.2265309,4.226700027,4.228804799,0.002316621707,0.002316621805,0.5999966407,0.1999797281,0,0.6000099459,0.6000600187,0.6006829698,0.600013437,0.6000810876,0.6009229962
18.9,4.226530566,4.226698187,4.22878802,4.226530566,4.226698187,4.22878802,0.002299743687,0.002299743784,0.5999966742,0.1999799121,0,0.600009847,0.600059474,0.6006780054,0.6000133033,0.6000803517,0.6009162849
18.92,4.226530235,4.226696364,4.228771361,4.226530235,4.226696364,4.228771361,0.002282985852,0.002282985948,0.5999967073,0.1999800944,0,0.600009749,0.6000589343,0.6006730762,0.6000131709,0.6000796225,0.6009096212
18.94,4.226529908,4.226694557,4.22875482,4.226529908,4.226694557,4.22875482,0.002266347373,0.002266347466,0.59999674,0.1999802751,0,0.600009652,0.6000583993,0.6006681819,0.6000130399,0.6000788997,0.6009030048
18.96,4.226529583,4.226692767,4.228738397,4.226529583,4.226692767,4.228738397,0.002249827426,0.002249827516,0.5999967725,0.1999804541,0,0.6000095559,0.6000578692,0.6006633224,0.6000129101,0.6000781835,0.6008964354
18.98,4.226529262,4.226690992,4.22872209,4.226529262,4.226690992,4.22872209,0.002233425191,0.002233425278,0.5999968046,0.1999806316,0,0.6000094609,0.6000573439,0.6006584974,0.6000127817,0.6000774737,0.6008899127
19,4.226528944,4.226689234,4.228705899,4.226528944,4.226689234,4.228705899,0.002217139856,0.002217139938,0.5999968364,0.1999808074,0,0.6000093667,0.6000568233,0.6006537067,0.6000126545,0.6000767704,0.6008834363
19.02,4.22652863,4.226687491,4.228689823,4.226528629,4.226687491,4.228689823,0.002200970613,0.00220097069,0.5999968679,0.1999809817,0,0.6000092735,0.6000563073,0.60064895,0.6000125286,0.6000760733,0.6008770059
19.04,4.226528318,4.226685764,4.228673861,4.226528318,4.226685764,4.228673861,0.002184916658,0.002184916731,0.599996899,0.1999811544,0,0.6000091812,0.6000557961,0.600644227,0.6000124039,0.6000753825,0.6008706212
19.06,4.226528009,4.226684053,4.228658013,4.226528009,4.226684053,4.228658013,0.002168977195,0.002168977263,0.5999969299,0.1999813255,0,0.6000090899,0.6000552894,0.6006395377,0.6000122805,0.6000746979,0.600864282
19.08,4.226527704,4.226682357,4.228642278,4.226527704,4.226682357,4.228642278,0.002153151433,0.002153151494,0.5999969604,0.1999814951,0,0.6000089994,0.6000547872,0.6006348816,0.6000121583,0.6000740195,0.6008579878
19.1,4.226527401,4.226680676,4.228626654,4.226527401,4.226680676,4.228626654,0.002137438583,0.002137438638,0.5999969907,0.1999816632,0,0.6000089099,0.6000542896,0.6006302587,0.6000120373,0.6000733472,0.6008517384
19.12,4.226527102,4.22667901,4.228611142,4.226527102,4.22667901,4.228611142,0.002121837865,0.002121837914,0.5999970206,0.1999818298,0,0.6000088212,0.6000537965,0.6006256686,0.6000119175,0.6000726809,0.6008455334
19.14,4.226526805,4.22667736,4.22859574,4.226526805,4.22667736,4.22859574,0.002106348502,0.002106348544,0.5999970503,0.1999819948,0,0.6000087334,0.6000533078,0.6006211112,0.6000117989,0.6000720207,0.6008393727
19.16,4.226526512,4.226675724,4.228580447,4.226526512,4.226675724,4.228580447,0.002090969723,0.002090969758,0.5999970796,0.1999821584,0,0.6000086465,0.6000528235,0.6006165862,0.6000116815,0.6000713663,0.6008332557
19.18,4.226526221,4.226674103,4.228565264,4.226526221,4.226674103,4.228565264,0.002075700762,0.002075700789,0.5999971087,0.1999823205,0,0.6000085605,0.6000523435,0.6006120933,0.6000115653,0.6000707179,0.6008271823
19.2,4.226525934,4.226672496,4.228550189,4.226525934,4.226672496,4.228550189,0.002060540858,0.002060540878,0.5999971374,0.1999824812,0,0.6000084753,0.6000518679,0.6006076325,0.6000114502,0.6000700753,0.6008211522
19.22,4.226525649,4.226670904,4.228535221,4.226525649,4.226670904,4.228535221,0.002045489255,0.002045489267,0.5999971659,0.1999826404,0,0.600008391,0.6000513966,0.6006032034,0.6000113363,0.6000694385,0.600815165
19.24,4.226525367,4.226669327,4.228520359,4.226525367,4.226669327,4.228520359,0.002030545202,0.002030545206,0.5999971941,0.1999827981,0,0.6000083075,0.6000509295,0.6005988059,0.6000112235,0.6000688074,0.6008092205
19.26,4.226525088,4.226667763,4.228505604,4.226525088,4.226667763,4.228505604,0.002015707953,0.002015707949,0.5999972221,0.1999829545,0,0.6000082248,0.6000504666,0.6005944397,0.6000111118,0.600068182,0.6008033183
19.28,4.226524811,4.226666214,4.228490954,4.226524811,4.226666214,4.228490954,0.002000976767,0.002000976755,0.5999972497,0.1999831094,0,0.600008143,0.6000500079,0.6005901045,0.6000110012,0.6000675623,0.6007974582
19.3,4.226524537,4.226664678,4.228476408,4.226524538,4.226664678,4.228476408,0.001986350908,0.001986350888,0.5999972771,0.199983263,0,0.600008062,0.6000495533,0.6005858003,0.6000108917,0.6000669481,0.6007916399
19.32,4.226524267,4.226663157,4.228461966,4.226524267,4.226663157,4.228461966,0.001971829645,0.001971829617,0.5999973042,0.1999834151,0,0.6000079817,0.6000491028,0.6005815267,0.6000107834,0.6000663394,0.6007858631
19.34,4.226523998,4.226661649,4.228447627,4.226523998,4.226661649,4.228447627,0.001957412252,0.001957412215,0.599997331,0.1999835659,0,0.6000079023,0.6000486564,0.6005772836,0.6000106761,0.6000657363,0.6007801274
19.36,4.226523733,4.226660154,4.22843339,4.226523733,4.226660155,4.22843339,0.001943098006,0.001943097962,0.5999973575,0.1999837154,0,0.6000078237,0.6000482139,0.6005730708,0.6000105698,0.6000651386,0.6007744327
19.38,4.22652347,4.226658674,4.228419255,4.22652347,4.226658674,4.228419255,0.001928886192,0.001928886141,0.5999973838,0.1999838634,0,0.6000077458,0.6000477755,0.600568888,0.6000104647,0.6000645462,0.6007687786
19.4,4.226523209,4.226657206,4.22840522,4.22652321,4.226657206,4.22840522,0.001914776097,0.001914776039,0.5999974099,0.1999840102,0,0.6000076688,0.600047341,0.600564735,0.6000103605,0.6000639592,0.6007631649
19.42,4.226522952,4.226655752,4.228391286,4.226522952,4.226655752,4.228391286,0.001900767015,0.001900766951,0.5999974356,0.1999841556,0,0.6000075924,0.6000469105,0.6005606117,0.6000102574,0.6000633775,0.6007575913
19.44,4.226522697,4.226654311,4.228377452,4.226522697,4.226654311,4.228377452,0.001886858243,0.001886858172,0.5999974612,0.1999842997,0,0.6000075169,0.6000464838,0.6005565178,0.6000101554,0.6000628011,0.6007520574
19.46,4.226522444,4.226652883,4.228363716,4.226522444,4.226652883,4.228363716,0.001873049083,0.001873049006,0.5999974864,0.1999844426,0,0.6000074421,0.600046061,0.6005524531,0.6000100543,0.6000622298,0.6007465631
19.48,4.226522194,4.226651467,4.228350078,4.226522194,4.226651468,4.228350078,0.001859338841,0.00185933876,0.5999975114,0.1999845841,0,0.600007368,0.600045642,0.6005484174,0.6000099543,0.6000616637,0.600741108
19.5,4.226521946,4.226650065,4.228336538,4.226521946,4.226650065,4.228336538,0.001845726831,0.001845726746,0.5999975362,0.1999847243,0,0.6000072947,0.6000452267,0.6005444106,0.6000098552,0.6000611027,0.6007356919
19.52,4.226521701,4.226648675,4.228323094,4.226521701,4.226648675,4.228323094,0.001832212367,0.001832212278,0.5999975607,0.1999848633,0,0.6000072221,0.6000448152,0.6005404323,0.6000097571,0.6000605467,0.6007303145
19.54,4.226521458,4.226647298,4.228309747,4.226521458,4.226647298,4.228309747,0.001818794771,0.001818794679,0.599997585,0.1999850011,0,0.6000071503,0.6000444075,0.6005364825,0.6000096601,0.6000599958,0.6007249755
19.56,4.226521218,4.226645933,4.228296495,4.226521218,4.226645933,4.228296495,0.001805473367,0.001805473274,0.599997609,0.1999851375,0,0.6000070791,0.6000440034,0.6005325609,0.6000095639,0.6000594498,0.6007196747
19.58,4.22652098,4.22664458,4.228283338,4.22652098,4.22664458,4.228283338,0.001792247486,0.001792247392,0.5999976328,0.1999852728,0,0.6000070087,0.6000436029,0.6005286674,0.6000094688,0.6000589088,0.6007144118
19.6,4.226520744,4.22664324,4.228270275,4.226520745,4.22664324,4.228270274,0.001779116462,0.001779116368,0.5999976564,0.1999854068,0,0.600006939,0.6000432061,0.6005248017,0.6000093746,0.6000583726,0.6007091866
19.62,4.226520511,4.226641911,4.228257305,4.226520512,4.226641912,4.228257305,0.001766079634,0.00176607954,0.5999976797,0.1999855397,0,0.6000068699,0.6000428128,0.6005209636,0.6000092813,0.6000578413,0.6007039987
19.64,4.22652028,4.226640595,4.228244428,4.226520281,4.226640595,4.228244428,0.001753136344,0.001753136252,0.5999977028,0.1999856713,0,0.6000068016,0.6000424231,0.600517153,0.6000091889,0.6000573148,0.600698848
19.66,4.226520052,4.226639291,4.228231643,4.226520052,4.226639291,4.228231643,0.001740285941,0.001740285852,0.5999977256,0.1999858017,0,0.6000067339,0.6000420369,0.6005133696,0.6000090975,0.600056793,0.6006937341
19.68,4.226519826,4.226637998,4.22821895,4.226519826,4.226637998,4.22821895,0.001727527776,0.00172752769,0.5999977483,0.199985931,0,0.6000066669,0.6000416542,0.6005096133,0.600009007,0.600056276,0.6006886568
19.7,4.226519602,4.226636717,4.228206348,4.226519602,4.226636717,4.228206348,0.001714861206,0.001714861125,0.5999977707,0.1999860591,0,0.6000066005,0.6000412749,0.6005058839,0.6000089174,0.6000557636,0.6006836159
19.72,4.22651938,4.226635448,4.228193836,4.22651938,4.226635448,4.228193836,0.001702285591,0.001702285515,0.5999977928,0.199986186,0,0.6000065349,0.6000408991,0.6005021811,0.6000088286,0.6000552558,0.6006786111
19.74,4.22651916,4.22663419,4.228181413,4.22651916,4.22663419,4.228181413,0.001689800296,0.001689800227,0.5999978148,0.1999863118,0,0.6000064698,0.6000405267,0.6004985049,0.6000087408,0.6000547526,0.6006736422
19.76,4.226518943,4.226632943,4.22816908,4.226518943,4.226632943,4.22816908,0.001677404691,0.001677404629,0.5999978365,0.1999864365,0,0.6000064055,0.6000401576,0.600494855,0.6000086538,0.600054254,0.6006687088
19.78,4.226518727,4.226631708,4.228156835,4.226518728,4.226631708,4.228156835,0.00166509815,0.001665098095,0.5999978581,0.19998656,0,0.6000063417,0.6000397919,0.6004912313,0.6000085677,0.6000537599,0.6006638108
19.8,4.226518514,4.226630484,4.228144678,4.226518514,4.226630484,4.228144678,0.001652880049,0.001652880002,0.5999978794,0.1999866825,0,0.6000062786,0.6000394294,0.6004876335,0.6000084825,0.6000532702,0.6006589479
19.82,4.226518303,4.22662927,4.228132608,4.226518303,4.226629271,4.228132608,0.001640749771,0.001640749733,0.5999979005,0.1999868038,0,0.6000062162,0.6000390703,0.6004840615,0.6000083981,0.6000527849,0.6006541199
19.84,4.226518094,4.226628068,4.228120624,4.226518095,4.226628068,4.228120624,0.001628706702,0.001628706672,0.5999979214,0.199986924,0,0.6000061543,0.6000387144,0.6004805151,0.6000083145,0.6000523041,0.6006493264
19.86,4.226517888,4.226626877,4.228108727,4.226517888,4.226626877,4.228108727,0.001616750233,0.001616750211,0.599997942,0.1999870431,0,0.6000060931,0.6000383617,0.6004769941,0.6000082318,0.6000518276,0.6006445674
19.88,4.226517683,4.226625696,4.228096914,4.226517683,4.226625697,4.228096914,0.001604879757,0.001604879744,0.5999979625,0.1999871612,0,0.6000060325,0.6000380121,0.6004734984,0.6000081499,0.6000513553,0.6006398425
19.9,4.22651748,4.226624527,4.228085187,4.22651748,4.226624527,4.228085187,0.001593094673,0.001593094669,0.5999979828,0.1999872782,0,0.6000059725,0.6000376658,0.6004700278,0.6000080688,0.6000508874,0.6006351515
19.92,4.226517279,4.226623367,4.228073544,4.226517279,4.226623367,4.228073544,0.001581394385,0.001581394387,0.5999980029,0.1999873941,0,0.600005913,0.6000373225,0.600466582,0.6000079885,0.6000504237,0.6006304942
19.94,4.226517081,4.226622218,4.228061984,4.226517081,4.226622218,4.228061984,0.001569778297,0.001569778306,0.5999980227,0.199987509,0,0.6000058542,0.6000369824,0.600463161,0.6000079091,0.6000499641,0.6006258703
19.96,4.226516884,4.22662108,4.228050507,4.226516884,4.22662108,4.228050507,0.001558245822,0.001558245836,0.5999980424,0.1999876228,0,0.600005796,0.6000366454,0.6004597645,0.6000078304,0.6000495087,0.6006212796
19.98,4.226516689,4.226619952,4.228039113,4.226516689,4.226619952,4.228039113,0.001546796374,0.001546796392,0.5999980619,0.1999877356,0,0.6000057383,0.6000363113,0.6004563924,0.6000077524,0.6000490575,0.6006167219
20,4.226516496,4.226618834,4.2280278,4.226516496,4.226618834,4.2280278,0.001535429372,0.00153542939,0.5999980812,0.1999878474,0,0.6000056812,0.6000359803,0.6004530445,0.6000076753,0.6000486103,0.6006121969
