t,n1,n2,n3,oracle_n1,oracle_n2,oracle_n3,error_norm,oracle_error_norm,r1,r2,r3,u1,u2,u3,z1,z2,z3
0,4.649147039,3.803847577,4.649147039,4.649147039,3.803847577,4.649147039,0.7320508076,0.7320508076,0.5577350269,0.2422649731,0,0.7183946842,0.4663271437,0.7183946842,0.7690598923,0.4309401077,0.7690598923
0.02,4.644941604,3.810284715,4.642437358,4.644941604,3.810284715,4.642437358,0.7220350937,0.7220350937,0.5581555704,0.2416212593,0,0.717275827,0.4685071174,0.7166090695,0.7673777183,0.4335149629,0.7663760201
0.04,4.640778014,3.816635597,4.635832088,4.640778014,3.816635597,4.635832088,0.7121587515,0.7121587515,0.5585719295,0.2409861711,0,0.7161670604,0.4706529834,0.7148486047,0.7657122822,0.4360553155,0.763733912
0.06,4.636655852,3.822901301,4.629329713,4.636655852,3.822901301,4.629329713,0.7024198987,0.7024198987,0.5589841456,0.2403596007,0,0.7150683009,0.4727653297,0.7131129954,0.7640634174,0.4385615973,0.761132962
0.08,4.632574706,3.829082895,4.622928739,4.632574706,3.829082895,4.622928739,0.6928166772,0.6928166772,0.5593922602,0.2397414413,0,0.713979466,0.4748447317,0.7114019493,0.7624309591,0.4410342347,0.7585725723
0.1,4.628534168,3.835181431,4.616627692,4.628534168,3.835181431,4.616627692,0.6833472535,0.6833472535,0.559796314,0.2391315877,0,0.7129004735,0.4768917528,0.7097151768,0.7608147441,0.4434736491,0.7560521534
0.12,4.624533835,3.84119795,4.610425117,4.624533835,3.84119795,4.610425117,0.6740098177,0.6740098177,0.5601963473,0.2385299358,0,0.7118312419,0.4789069442,0.7080523906,0.7592146106,0.4458802569,0.7535711237
0.14,4.620573305,3.847133482,4.604319582,4.620573305,3.847133482,4.604319582,0.6648025835,0.6648025835,0.5605924003,0.2379363826,0,0.7107716901,0.4808908461,0.7064133059,0.7576303988,0.4482544694,0.7511289096
0.16,4.616652183,3.852989041,4.598309672,4.616652183,3.852989041,4.598309672,0.6557237879,0.6557237879,0.5609845125,0.2373508267,0,0.7097217379,0.4828439869,0.7047976403,0.7560619501,0.4505966931,0.7487249454
0.18,4.612770078,3.858765632,4.59239399,4.612770078,3.858765632,4.59239399,0.646771691,0.646771691,0.5613727231,0.2367731677,0,0.7086813053,0.4847668846,0.7032051137,0.7545091078,0.4529073294,0.7463586729
0.2,4.608926599,3.864464246,4.586571162,4.608926599,3.864464246,4.586571162,0.6379445755,0.6379445755,0.5617570709,0.2362033062,0,0.7076503131,0.4866600462,0.7016354486,0.7529717165,0.4551867751,0.7440295417
0.22,4.605121364,3.870085863,4.58083983,4.605121364,3.870085863,4.58083983,0.6292407464,0.6292407464,0.5621375944,0.2356411445,0,0.7066286827,0.4885239686,0.7000883696,0.7514496225,0.4574354221,0.7417370089
0.24,4.601353992,3.875631452,4.575198656,4.601353992,3.875631452,4.575198656,0.620658531,0.620658531,0.5625143316,0.2350865856,0,0.7056163357,0.4903591386,0.698563604,0.7499426735,0.4596536576,0.739480539
0.26,4.597624106,3.881101969,4.569646318,4.597624106,3.881101969,4.569646318,0.6121962785,0.6121962785,0.5628873202,0.234539534,0,0.7046131947,0.4921660329,0.6970608813,0.748450719,0.4618418642,0.7372596039
0.28,4.593931332,3.886498358,4.564181515,4.593931332,3.886498358,4.564181515,0.6038523594,0.6038523594,0.5632565976,0.233999895,0,0.7036191826,0.493945119,0.6955799333,0.7469736097,0.4640004199,0.7350736827
0.3,4.590275303,3.891821553,4.558802962,4.590275303,3.891821553,4.558802962,0.5956251658,0.5956251657,0.5636222005,0.2334675755,0,0.7026342228,0.495696855,0.6941204943,0.7455111978,0.466129698,0.7329222617
0.32,4.586655651,3.897072477,4.553509393,4.586655651,3.897072477,4.553509393,0.5875131106,0.5875131106,0.5639841657,0.2329424831,0,0.7016582395,0.4974216898,0.6926823009,0.7440633372,0.4682300676,0.730804834
0.34,4.583072016,3.902252041,4.548299558,4.583072016,3.902252041,4.548299558,0.5795146276,0.5795146276,0.5643425292,0.2324245267,0,0.7006911572,0.4991200636,0.691265092,0.7426298831,0.470301893,0.7287209
0.36,4.579524038,3.907361144,4.543172225,4.579524038,3.907361144,4.543172225,0.5716281712,0.5716281712,0.564697327,0.2319136164,0,0.6997329011,0.5007924079,0.6898686088,0.741210692,0.4723455344,0.7266699667
0.38,4.576011363,3.912400677,4.538126178,4.576011363,3.912400677,4.538126178,0.5638522159,0.5638522159,0.5650485945,0.2314096631,0,0.6987833967,0.5024391457,0.688492595,0.7398056221,0.4743613476,0.7246515481
0.4,4.57253364,3.917371518,4.53316022,4.57253364,3.917371518,4.53316022,0.5561852561,0.5561852561,0.5653963668,0.230912579,0,0.6978425704,0.504060692,0.6871367964,0.738414533,0.4763496839,0.7226651648
0.42,4.569090521,3.922274535,4.528273168,4.569090521,3.922274535,4.528273168,0.5486258062,0.5486258063,0.5657406787,0.2304222773,0,0.6969103488,0.5056574538,0.6858009613,0.7370372853,0.4783108906,0.7207103439
0.44,4.565681662,3.927110585,4.523463856,4.565681662,3.927110585,4.523463856,0.5411724,0.5411724,0.5660815646,0.2299386723,0,0.6959866592,0.50722983,0.6844848401,0.7356737416,0.4802453108,0.7187866192
0.46,4.562306721,3.931880516,4.518731135,4.562306721,3.931880516,4.518731135,0.5338235904,0.5338235904,0.5664190587,0.2294616792,0,0.6950714294,0.5087782124,0.6831881858,0.7343237653,0.4821532833,0.7168935308
0.48,4.558965362,3.936585165,4.514073871,4.558965362,3.936585165,4.514073871,0.5265779494,0.5265779494,0.5667531946,0.2289912143,0,0.6941645877,0.5103029849,0.6819107534,0.7329872215,0.4840351429,0.7150306251
0.5,4.555657249,3.941225359,4.509490946,4.555657249,3.941225359,4.509490946,0.5194340678,0.5194340678,0.5670840059,0.2285271949,0,0.6932660628,0.5118045243,0.6806523002,0.7316639765,0.4858912203,0.713197455
0.52,4.552382053,3.945801914,4.504981257,4.552382053,3.945801914,4.504981257,0.512390555,0.5123905549,0.5674115255,0.2280695394,0,0.6923757842,0.5132832005,0.679412586,0.7303538981,0.4877218425,0.7113935794
0.54,4.549139446,3.950315638,4.500543716,4.549139446,3.950315638,4.500543716,0.5054460384,0.5054460383,0.5677357862,0.227618167,0,0.6914936817,0.5147393764,0.6781913726,0.7290568551,0.489527332,0.7096185632
0.56,4.545929103,3.954767328,4.496177252,4.545929103,3.954767328,4.496177252,0.4985991637,0.4985991637,0.5680568205,0.227172998,0,0.6906196857,0.516173408,0.6769884242,0.727772718,0.4913080079,0.7078719777
0.58,4.542750704,3.959157771,4.491880807,4.542750704,3.959157771,4.491880807,0.4918485944,0.4918485944,0.5683746605,0.2267339537,0,0.689753727,0.5175856449,0.6758035073,0.7265013582,0.4930641852,0.7061533997
0.6,4.53960393,3.963487746,4.487653339,4.53960393,3.963487746,4.487653339,0.4851930115,0.4851930115,0.5686893378,0.2263009562,0,0.6888957371,0.5189764303,0.6746363904,0.7252426486,0.4947961752,0.7044624122
0.62,4.536488467,3.967758021,4.483493817,4.536488467,3.967758021,4.483493818,0.4786311136,0.4786311136,0.5690008841,0.2258739287,0,0.6880456477,0.5203461009,0.6734868446,0.7239964634,0.4965042852,0.7027986038
0.64,4.533404003,3.971969356,4.47940123,4.533404003,3.971969356,4.47940123,0.4721616162,0.4721616162,0.5693093305,0.2254527952,0,0.6872033914,0.5216949875,0.6723546428,0.722762678,0.498188819,0.7011615688
0.66,4.530350231,3.9761225,4.475374577,4.530350231,3.9761225,4.475374577,0.4657832519,0.4657832518,0.5696147078,0.2250374808,0,0.6863689009,0.5230234148,0.6712395605,0.721541169,0.4998500768,0.6995509074
0.68,4.527326843,3.980218195,4.471412871,4.527326843,3.980218195,4.471412871,0.4594947699,0.4594947698,0.5699170465,0.2246279113,0,0.6855421097,0.5243317015,0.6701413752,0.7203318141,0.5014883548,0.697966225
0.7,4.52433354,3.984257173,4.46751514,4.52433354,3.984257173,4.46751514,0.453294936,0.4532949359,0.5702163769,0.2242240135,0,0.6847229517,0.525620161,0.6690598666,0.7191344926,0.503103946,0.6964071327
0.72,4.52137002,3.988240157,4.463680426,4.52137002,3.988240157,4.463680426,0.4471825323,0.4471825322,0.5705127289,0.2238257151,0,0.6839113612,0.5268891006,0.6679948166,0.7179490846,0.5046971396,0.6948732471
0.74,4.518435987,3.992167862,4.459907783,4.518435987,3.992167862,4.459907783,0.4411563571,0.4411563569,0.5708061321,0.2234329446,0,0.683107273,0.5281388224,0.6669460094,0.7167754716,0.5062682215,0.6933641899
0.76,4.515531149,3.996040992,4.456196279,4.515531149,3.996040993,4.456196278,0.4352152243,0.4352152241,0.5710966159,0.2230456316,0,0.6823106225,0.5293696232,0.6659132311,0.7156135362,0.5078174738,0.6918795882
0.78,4.512655214,3.999860247,4.452544994,4.512655214,3.999860247,4.452544994,0.4293579637,0.4293579635,0.5713842094,0.2226637061,0,0.6815213456,0.5305817944,0.6648962702,0.7144631623,0.5093451754,0.6904190744
0.8,4.509807895,4.003626313,4.448953023,4.509807895,4.003626313,4.448953022,0.4235834206,0.4235834204,0.5716689413,0.2222870995,0,0.6807393784,0.5317756224,0.6638949173,0.7133242348,0.5108516019,0.6889822859
0.82,4.506988908,4.007339871,4.445419471,4.506988908,4.007339872,4.445419471,0.4178904556,0.4178904553,0.57195084,0.2219157437,0,0.6799646579,0.5329513885,0.6629089651,0.7121966398,0.5123370254,0.6875688651
0.84,4.50419797,4.011001595,4.441943457,4.50419797,4.011001595,4.441943457,0.4122779442,0.4122779439,0.5722299338,0.2215495713,0,0.6791971212,0.5341093692,0.6619382084,0.7110802646,0.5138017146,0.6861784598
0.86,4.501434802,4.014612146,4.438524114,4.501434802,4.014612146,4.438524113,0.4067447769,0.4067447768,0.5725062506,0.2211885162,0,0.6784367061,0.5352498361,0.6609824442,0.7099749975,0.5152459352,0.6848107222
0.88,4.498699128,4.018172182,4.435160582,4.498699128,4.018172182,4.435160582,0.4012898592,0.4012898591,0.572779818,0.2208325126,0,0.6776833508,0.5363730562,0.6600414716,0.708880728,0.5166699495,0.6834653097
0.9,4.495990675,4.021682349,4.431852019,4.495990675,4.021682349,4.431852019,0.3959121107,0.3959121107,0.5730506633,0.2204814959,0,0.6769369939,0.537479292,0.6591150917,0.7077973467,0.5180740165,0.6821418845
0.92,4.493309171,4.025143289,4.428597592,4.493309171,4.025143289,4.428597592,0.3906104656,0.3906104656,0.5733188137,0.2201354019,0,0.6761975746,0.5385688011,0.6582031079,0.7067247451,0.5194583923,0.6808401135
0.94,4.490654349,4.028555633,4.425396479,4.490654349,4.028555632,4.425396479,0.3853838722,0.3853838723,0.573584296,0.2197941676,0,0.6754650324,0.5396418373,0.6573053254,0.7056628162,0.5208233298,0.6795596682
0.96,4.488025942,4.031920005,4.42224787,4.488025942,4.031920004,4.42224787,0.3802312927,0.3802312929,0.5738471366,0.2194577304,0,0.6747393074,0.5406986496,0.6564215516,0.7046114536,0.5221690786,0.6783002248
0.98,4.485423689,4.035237022,4.419150968,4.485423689,4.035237022,4.419150969,0.3751517032,0.3751517036,0.5741073619,0.2191260286,0,0.6740203401,0.5417394831,0.655551596,0.7035705522,0.5234958855,0.6770614641
1,4.482847328,4.038507294,4.416104986,4.482847328,4.038507293,4.416104987,0.3701440935,0.3701440939,0.574364998,0.2187990014,0,0.6733080715,0.5427645785,0.6546952702,0.702540008,0.5248039942,0.6758430713
1.02,4.480296603,4.041731422,4.413109148,4.480296603,4.041731422,4.413109149,0.3652074666,0.365207467,0.5746200705,0.2184765886,0,0.672602443,0.5437741727,0.6538523876,0.7015197179,0.5260936455,0.6746447361
1.04,4.477771258,4.044910001,4.41016269,4.477771258,4.044910001,4.41016269,0.360340839,0.3603408393,0.574872605,0.2181587307,0,0.6719033963,0.5447684986,0.6530227639,0.7005095798,0.5273650771,0.6734661526
1.06,4.47527104,4.048043618,4.407264856,4.47527104,4.048043618,4.407264856,0.3555432401,0.3555432404,0.5751226268,0.217845369,0,0.671210874,0.545747785,0.6522062165,0.6995094928,0.5286185239,0.6723070191
1.08,4.4727957,4.051132853,4.404414904,4.4727957,4.051132853,4.404414904,0.3508137125,0.3508137127,0.5753701608,0.2175364455,0,0.6705248186,0.5467122572,0.651402565,0.6985193568,0.529854218,0.6711670383
1.1,4.47034499,4.05417828,4.401612101,4.47034499,4.054178279,4.401612101,0.3461513112,0.3461513113,0.5756152318,0.2172319029,0,0.6698451734,0.5476621366,0.6506116311,0.6975390728,0.5310723886,0.6700459171
1.12,4.467918665,4.057180463,4.398855724,4.467918665,4.057180463,4.398855724,0.3415551041,0.3415551042,0.5758578643,0.2169316845,0,0.6691718821,0.548597641,0.6498332381,0.6965685428,0.532273262,0.6689433663
1.14,4.465516483,4.060139963,4.396145061,4.465516483,4.060139963,4.396145061,0.3370241715,0.3370241715,0.5760980826,0.2166357345,0,0.6685048886,0.5495189846,0.6490672116,0.6956076698,0.5334570618,0.6678591011
1.16,4.463138202,4.063057331,4.39347941,4.463138202,4.063057331,4.39347941,0.3325576059,0.3325576059,0.5763359106,0.2163439977,0,0.6678441375,0.5504263782,0.648313379,0.6946563576,0.534624009,0.6667928407
1.18,4.460783586,4.065933112,4.390858079,4.460783586,4.065933112,4.390858079,0.328154512,0.3281545119,0.5765713722,0.2160564196,0,0.6671895738,0.551320029,0.6475715697,0.6937145111,0.5357743217,0.6657443082
1.2,4.458452398,4.068767847,4.388280385,4.458452398,4.068767847,4.388280385,0.3238140064,0.3238140064,0.576804491,0.2157729461,0,0.6665411427,0.5522001409,0.6468416149,0.6927820361,0.5369082154,0.6647132306
1.22,4.456144407,4.071562066,4.385745655,4.456144407,4.071562066,4.385745655,0.3195352177,0.3195352177,0.5770352901,0.2154935242,0,0.6658987901,0.5530669145,0.646123348,0.6918588394,0.538025903,0.6636993389
1.24,4.45385938,4.074316295,4.383253228,4.45385938,4.074316295,4.383253228,0.315317286,0.315317286,0.5772637928,0.2152181013,0,0.6652624623,0.5539205473,0.6454166039,0.6909448287,0.5391275947,0.6627023679
1.26,4.451597089,4.077031053,4.380802448,4.451597089,4.077031053,4.380802448,0.3111593629,0.3111593629,0.5774900219,0.2149466255,0,0.6646321057,0.5547612333,0.6447212197,0.6900399125,0.5402134981,0.661722056
1.28,4.449357309,4.079706854,4.378392672,4.449357309,4.079706854,4.378392672,0.3070606115,0.3070606115,0.5777139999,0.2146790454,0,0.6640076676,0.5555891637,0.6440370342,0.6891440004,0.5412838184,0.6607581457
1.3,4.447139815,4.082344204,4.376023265,4.447139815,4.082344204,4.376023265,0.303020206,0.303020206,0.5779357493,0.2144153105,0,0.6633890954,0.5564045265,0.6433638881,0.6882570028,0.5423387582,0.6598103827
1.32,4.444944385,4.084943602,4.3736936,4.444944385,4.084943602,4.3736936,0.2990373317,0.2990373316,0.5781552923,0.2141553706,0,0.6627763369,0.5572075068,0.6427016241,0.687378831,0.5433785175,0.6588785168
1.34,4.442770801,4.087505543,4.371403061,4.442770801,4.087505543,4.371403061,0.2951111848,0.2951111848,0.5783726507,0.2138991765,0,0.6621693404,0.5579982865,0.6420500865,0.6865093971,0.5444032941,0.6579623011
1.36,4.440618844,4.090030516,4.369151039,4.440618844,4.090030516,4.369151038,0.2912409725,0.2912409725,0.5785878465,0.2136466792,0,0.6615680548,0.558777045,0.6414091215,0.6856486142,0.5454132832,0.6570614922
1.38,4.438488299,4.092519002,4.366936934,4.438488299,4.092519002,4.366936934,0.2874259124,0.2874259123,0.5788009009,0.2133978306,0,0.660972429,0.5595439586,0.6407785772,0.6847963962,0.5464086776,0.6561758504
1.4,4.436378953,4.094971477,4.364760156,4.436378953,4.094971477,4.364760156,0.2836652328,0.2836652326,0.5790118355,0.2131525831,0,0.6603824126,0.5602992009,0.6401583033,0.683952658,0.5473896676,0.6553051392
1.42,4.434290596,4.097388412,4.362620123,4.434290596,4.097388412,4.362620122,0.2799581721,0.2799581719,0.5792206712,0.2129108896,0,0.6597979556,0.5610429428,0.6395481516,0.6831173151,0.5483564415,0.6544491258
1.44,4.432223018,4.099770271,4.360516259,4.432223018,4.099770271,4.360516259,0.2763039792,0.276303979,0.579427429,0.2126727037,0,0.6592190082,0.5617753525,0.6389479752,0.682290284,0.549309185,0.6536075803
1.46,4.430176013,4.102117512,4.358448,4.430176013,4.102117512,4.358447999,0.2727019132,0.272701913,0.5796321295,0.2124379796,0,0.6586455212,0.5624965955,0.6383576294,0.681471482,0.5502480816,0.6527802766
1.48,4.428149376,4.10443059,4.356414787,4.428149376,4.10443059,4.356414786,0.2691512428,0.2691512426,0.5798347932,0.2122066719,0,0.6580774457,0.5632068349,0.637776971,0.6806608272,0.5511733126,0.6519669914
1.5,4.426142904,4.10670995,4.35441607,4.426142904,4.10670995,4.35441607,0.265651247,0.2656512468,0.5800354404,0.2119787358,0,0.6575147332,0.5639062311,0.6372058585,0.6798582386,0.5520850568,0.6511675049
1.52,4.424156398,4.108956036,4.352451309,4.424156398,4.108956036,4.352451309,0.2622012141,0.262201214,0.580234091,0.2117541272,0,0.6569573356,0.5645949422,0.6366441523,0.6790636358,0.5529834912,0.6503816005
1.54,4.422189657,4.111169284,4.350519969,4.422189657,4.111169284,4.350519969,0.2588004424,0.2588004423,0.5804307651,0.2115328024,0,0.6564052052,0.5652731236,0.6360917143,0.6782769395,0.5538687903,0.6496090645
1.56,4.420242485,4.113350125,4.348621524,4.420242485,4.113350125,4.348621524,0.2554482393,0.2554482393,0.5806254823,0.2113147184,0,0.6558582946,0.5659409285,0.6355484083,0.6774980709,0.5547411266,0.6488496864
1.58,4.418314689,4.115498984,4.346755455,4.418314689,4.115498984,4.346755455,0.2521439219,0.252143922,0.5808182619,0.2110998324,0,0.655316557,0.5665985078,0.6350140994,0.6767269522,0.5556006703,0.6481032588
1.6,4.416406074,4.117616282,4.344921251,4.416406074,4.117616282,4.344921251,0.2488868163,0.2488868164,0.5810091234,0.2108881026,0,0.6547799457,0.5672460098,0.6344886548,0.6759635063,0.5564475898,0.6473695772
1.62,4.41451645,4.119702436,4.343118409,4.41451645,4.119702435,4.343118409,0.2456762577,0.2456762579,0.5811980858,0.2106794872,0,0.6542484145,0.5678835809,0.633971943,0.6752076568,0.557282051,0.6466484402
1.64,4.412645628,4.121757853,4.341346431,4.412645628,4.121757853,4.341346432,0.2425115905,0.2425115908,0.581385168,0.2104739455,0,0.6537219177,0.568511365,0.6334638344,0.6744593281,0.5581042181,0.6459396492
1.66,4.410793422,4.123782941,4.339604829,4.410793422,4.123782941,4.33960483,0.2393921678,0.2393921681,0.5815703887,0.2102714367,0,0.6532004098,0.5691295039,0.6329642008,0.6737184454,0.5589142532,0.6452430085
1.68,4.408959645,4.125778099,4.337893121,4.408959645,4.125778098,4.337893122,0.2363173515,0.2363173518,0.5817537664,0.210071921,0,0.6526838457,0.5697381373,0.6324729156,0.6729849346,0.5597123162,0.6445583253
1.7,4.407144114,4.127743721,4.336210832,4.407144114,4.127743721,4.336210832,0.2332865121,0.2332865124,0.5819353194,0.2098753587,0,0.6521721808,0.5703374027,0.6319898539,0.6722587224,0.5604985652,0.6438854095
1.72,4.405346648,4.129680199,4.334557493,4.405346648,4.129680199,4.334557493,0.2302990287,0.230299029,0.582115066,0.2096817109,0,0.6516653706,0.5709274356,0.6315148923,0.6715397361,0.5612731563,0.6432240739
1.74,4.403567068,4.131587917,4.332932643,4.403567068,4.131587917,4.332932643,0.2273542889,0.227354289,0.5822930241,0.2094909391,0,0.6511633713,0.5715083694,0.631047909,0.6708279038,0.5620362436,0.6425741338
1.76,4.401805194,4.133467257,4.331335827,4.401805194,4.133467257,4.331335827,0.2244516883,0.2244516884,0.5824692114,0.2093030051,0,0.6506661393,0.5720803355,0.6305887838,0.6701231544,0.5627879794,0.6419354075
1.78,4.400060851,4.135318593,4.329766597,4.400060851,4.135318593,4.329766597,0.221590631,0.221590631,0.5826436457,0.2091178715,0,0.6501736311,0.5726434634,0.6301373978,0.6694254173,0.5635285141,0.6413077158
1.8,4.398333865,4.137142298,4.328224513,4.398333865,4.137142298,4.328224513,0.218770529,0.218770529,0.5828163443,0.208935501,0,0.6496858041,0.5731978805,0.6296936337,0.6687346229,0.5642579961,0.6406908819
1.82,4.396624063,4.138938738,4.326709138,4.396624063,4.138938738,4.326709138,0.2159908025,0.2159908025,0.5829873245,0.208755857,0,0.6492026156,0.5737437126,0.629257376,0.668050702,0.564976572,0.640084732
1.84,4.394931274,4.140708275,4.325220045,4.394931274,4.140708275,4.325220045,0.2132508795,0.2132508795,0.5831566035,0.2085789033,0,0.6487240235,0.5742810833,0.6288285103,0.6673735862,0.5656843868,0.6394890946
1.86,4.393255328,4.142451266,4.32375681,4.393255328,4.142451266,4.32375681,0.2105501958,0.2105501957,0.5833241981,0.2084046042,0,0.6482499858,0.5748101145,0.6284069238,0.6667032078,0.5663815833,0.6389038008
1.88,4.391596058,4.144168065,4.322319018,4.391596058,4.144168065,4.322319018,0.2078881947,0.2078881946,0.5834901251,0.2082329243,0,0.6477804612,0.5753309264,0.6279925052,0.6660394998,0.5670683028,0.6383286841
1.9,4.389953298,4.14585902,4.320906259,4.389953298,4.14585902,4.320906259,0.2052643273,0.2052643272,0.5836544011,0.2080638288,0,0.6473154085,0.5758436371,0.6275851446,0.6653823958,0.5677446847,0.6377635804
1.92,4.388326883,4.147524475,4.319518129,4.388326883,4.147524475,4.319518129,0.2026780521,0.202678052,0.5838170425,0.2078972833,0,0.6468547868,0.5763483634,0.6271847336,0.6647318301,0.5684108669,0.6372083283
1.94,4.386716652,4.149164771,4.318154229,4.386716652,4.149164771,4.318154229,0.2001288349,0.2001288349,0.5839780656,0.2077332537,0,0.6463985558,0.57684522,0.6267911651,0.6640877376,0.5690669853,0.6366627684
1.96,4.385122443,4.150780244,4.316814168,4.385122443,4.150780244,4.316814168,0.1976161491,0.1976161491,0.5841374865,0.2075717064,0,0.6459466752,0.57733432,0.6264043335,0.663450054,0.5697131742,0.6361267438
1.98,4.383544097,4.152371224,4.315497558,4.383544097,4.152371224,4.315497558,0.1951394749,0.1951394749,0.5842953212,0.2074126084,0,0.6454991054,0.577815775,0.6260241345,0.6628187154,0.5703495663,0.6356001001
2,4.381981455,4.15393804,4.31420402,4.381981455,4.15393804,4.31420402,0.1926982998,0.1926982997,0.5844515853,0.2072559269,0,0.6450558068,0.5782896949,0.6256504654,0.6621936587,0.5709762926,0.6350826849
2.02,4.380434362,4.155481014,4.312933179,4.380434362,4.155481014,4.312933179,0.1902921182,0.1902921181,0.5846062946,0.2071016294,0,0.6446167403,0.5787561878,0.6252832244,0.6615748215,0.5715934823,0.6345743482
2.04,4.378902663,4.157000466,4.311684664,4.378902662,4.157000466,4.311684663,0.1879204315,0.1879204314,0.5847594646,0.2069496842,0,0.6441818671,0.5792153605,0.6249223116,0.6609621418,0.5722012633,0.6340749422
2.06,4.377386204,4.158496712,4.310458111,4.377386204,4.158496712,4.310458111,0.185582748,0.1855827479,0.5849111104,0.2068000596,0,0.6437511488,0.579667318,0.624567628,0.6603555583,0.5727997617,0.6335843212
2.08,4.375884834,4.159970063,4.309253163,4.375884834,4.159970063,4.309253162,0.1832785824,0.1832785823,0.5850612474,0.2066527245,0,0.6433245472,0.5801121639,0.6242190761,0.6597550105,0.573389102,0.6331023418
2.1,4.374398404,4.161420826,4.308069465,4.374398404,4.161420826,4.308069464,0.1810074565,0.1810074563,0.5852098905,0.2065076482,0,0.6429020245,0.5805500004,0.6238765597,0.6591604382,0.5739694072,0.6326288626
2.12,4.372926763,4.162849305,4.306906669,4.372926763,4.162849305,4.306906669,0.1787688982,0.178768898,0.5853570545,0.2063648003,0,0.6424835432,0.5809809279,0.6235399839,0.658571782,0.5745407987,0.6321637445
2.14,4.371469766,4.1642558,4.305764433,4.371469766,4.1642558,4.305764433,0.1765624422,0.176562442,0.5855027542,0.2062241509,0,0.6420690661,0.5814050456,0.623209255,0.657988983,0.5751033966,0.6317068501
2.16,4.370027266,4.165640606,4.304642419,4.370027266,4.165640606,4.304642419,0.1743876295,0.1743876293,0.5856470042,0.2060856702,0,0.6416585563,0.5818224513,0.6228842807,0.657411983,0.5756573192,0.6312580445
2.18,4.368599119,4.167004017,4.303540294,4.368599119,4.167004017,4.303540294,0.1722440072,0.1722440071,0.5857898189,0.2059493291,0,0.6412519773,0.5822332411,0.6225649698,0.6568407242,0.5762026834,0.6308171945
2.2,4.367185182,4.16834632,4.30245773,4.367185182,4.16834632,4.30245773,0.1701311289,0.1701311288,0.5859312126,0.2058150988,0,0.6408492929,0.5826375101,0.6222512325,0.6562751496,0.5767396048,0.6303841689
2.22,4.365785314,4.169667802,4.301394405,4.365785314,4.169667802,4.301394405,0.1680485542,0.1680485542,0.5860711994,0.2056829507,0,0.6404504671,0.5830353517,0.62194298,0.6557152025,0.5772681974,0.6299588387
2.24,4.364399375,4.170968742,4.300349999,4.364399375,4.170968742,4.300349999,0.1659958488,0.1659958488,0.5862097933,0.2055528566,0,0.6400554642,0.5834268581,0.621640125,0.6551608269,0.5777885737,0.6295410765
2.26,4.363027227,4.17224942,4.299324201,4.363027227,4.17224942,4.299324201,0.1639725842,0.1639725843,0.5863470081,0.2054247888,0,0.639664249,0.5838121202,0.6213425811,0.6546119675,0.5783008449,0.6291307571
2.28,4.361668732,4.17351011,4.298316701,4.361668732,4.17351011,4.298316701,0.1619783381,0.1619783382,0.5864828577,0.2052987198,0,0.6392767865,0.5841912276,0.6210502633,0.6540685694,0.5788051208,0.628727757
2.3,4.360323753,4.174751083,4.297327195,4.360323753,4.174751083,4.297327195,0.1600126937,0.1600126939,0.5866173555,0.2051746225,0,0.6388930418,0.5845642684,0.6207630877,0.6535305781,0.5793015098,0.6283319546
2.32,4.358992158,4.175972605,4.296355384,4.358992158,4.175972605,4.296355384,0.1580752402,0.1580752404,0.586750515,0.2050524703,0,0.6385129806,0.5849313298,0.6204809715,0.65299794,0.5797901189,0.6279432302
2.34,4.357673812,4.177174943,4.295400973,4.357673812,4.177174943,4.295400973,0.1561655722,0.1561655724,0.5868823496,0.2049322365,0,0.6381365688,0.5852924975,0.6202038333,0.6524706017,0.5802710538,0.6275614658
2.36,4.356368584,4.178358355,4.294463671,4.356368584,4.178358355,4.294463671,0.1542832902,0.1542832904,0.5870128724,0.2048138953,0,0.6377637725,0.585647856,0.6199315924,0.6519485104,0.5807444189,0.6271865452
2.38,4.355076343,4.179523101,4.293543193,4.355076343,4.179523101,4.293543193,0.1524279999,0.1524280001,0.5871420965,0.2046974207,0,0.6373945583,0.5859974888,0.6196641696,0.6514316141,0.581210317,0.6268183539
2.4,4.353796961,4.180669433,4.292639256,4.353796961,4.180669433,4.292639257,0.1505993126,0.1505993128,0.5872700347,0.2045827875,0,0.6370288927,0.5863414778,0.6194014866,0.650919861,0.5816688501,0.6264567793
2.42,4.352530308,4.181797604,4.291751584,4.352530308,4.181797604,4.291751584,0.1487968451,0.1487968452,0.5873967,0.2044699704,0,0.6366667429,0.5866799042,0.6191434663,0.6504131999,0.5821201185,0.6261017104
2.44,4.351276259,4.182907861,4.290879902,4.351276259,4.182907861,4.290879903,0.1470202191,0.1470202192,0.5875221049,0.2043589447,0,0.6363080762,0.5870128478,0.6188900327,0.6499115802,0.5825642213,0.6257530377
2.46,4.350034687,4.18400045,4.290023943,4.350034687,4.18400045,4.290023943,0.1452690619,0.1452690619,0.5876462621,0.2042496858,0,0.6359528602,0.5873403873,0.6186411107,0.6494149517,0.5830012566,0.6254106538
2.48,4.34880547,4.185075611,4.289183439,4.34880547,4.185075611,4.289183439,0.1435430057,0.1435430057,0.5877691838,0.2041421697,0,0.6356010628,0.5876626003,0.6183966265,0.6489232647,0.583431321,0.6250744524
2.5,4.347588483,4.186133583,4.288358131,4.347588483,4.186133583,4.288358131,0.1418416879,0.1418416879,0.5878908825,0.2040363725,0,0.6352526521,0.5879795633,0.618156507,0.6484364701,0.58385451,0.6247443291
2.52,4.346383606,4.187174602,4.287547761,4.346383606,4.187174602,4.287547761,0.1401647511,0.1401647511,0.5880113702,0.2039322706,0,0.6349075966,0.5882913517,0.6179206806,0.6479545192,0.5842709177,0.6244201812
2.54,4.345190717,4.188198901,4.286752077,4.345190717,4.188198901,4.286752077,0.1385118425,0.1385118425,0.5881306591,0.2038298407,0,0.634565865,0.5885980399,0.6176890764,0.6474773637,0.5846806373,0.6241019074
2.56,4.344009698,4.18920671,4.285970828,4.344009698,4.18920671,4.285970828,0.1368826145,0.1368826145,0.588248761,0.2037290598,0,0.6342274263,0.5888997011,0.6174616246,0.6470049561,0.5850837606,0.6237894079
2.58,4.34284043,4.190198254,4.28520377,4.34284043,4.190198254,4.28520377,0.1352767241,0.1352767241,0.5883656878,0.2036299054,0,0.6338922497,0.5891964076,0.6172382563,0.6465372489,0.5854803783,0.6234825846
2.6,4.341682797,4.191173758,4.28445066,4.341682797,4.191173758,4.28445066,0.1336938331,0.1336938331,0.5884814511,0.203532355,0,0.6335603048,0.5894882307,0.6170189038,0.6460741956,0.58587058,0.6231813406
2.62,4.340536682,4.192133443,4.28371126,4.340536682,4.192133443,4.28371126,0.1321336082,0.1321336081,0.5885960626,0.2034363865,0,0.6332315613,0.5897752407,0.6168035001,0.6456157497,0.5862544541,0.6228855809
2.64,4.339401972,4.193077528,4.282985337,4.339401972,4.193077528,4.282985337,0.1305957204,0.1305957203,0.5887095337,0.203341978,0,0.6329059894,0.5900575068,0.6165919795,0.6451618654,0.5866320878,0.6225952116
2.66,4.338278551,4.194006227,4.282272659,4.338278551,4.194006227,4.282272659,0.1290798454,0.1290798454,0.5888218757,0.2032491081,0,0.6325835593,0.5903350973,0.6163842769,0.6447124973,0.5870035674,0.6223101404
2.68,4.337166309,4.194919753,4.281572999,4.337166309,4.194919753,4.281572999,0.1275856637,0.1275856636,0.5889330999,0.2031577555,0,0.6322642416,0.5906080795,0.6161803284,0.6442676005,0.587368978,0.6220302764
2.7,4.336065134,4.195818317,4.280886133,4.336065134,4.195818317,4.280886133,0.1261128597,0.1261128597,0.5890432174,0.2030678991,0,0.6319480073,0.5908765198,0.6159800709,0.6438271306,0.5877284034,0.62175553
2.72,4.334974916,4.196702125,4.280211841,4.334974916,4.196702125,4.280211841,0.1246611226,0.1246611226,0.5891522392,0.2029795183,0,0.6316348272,0.5911404837,0.6157834422,0.6433910433,0.5880819268,0.6214858132
2.74,4.333895546,4.197571383,4.279549906,4.333895546,4.197571383,4.279549906,0.1232301459,0.1232301458,0.5892601762,0.2028925926,0,0.6313246729,0.5914000358,0.6155903812,0.6429592952,0.5884296298,0.6212210392
2.76,4.332826916,4.198426292,4.278900114,4.332826916,4.198426292,4.278900114,0.1218196271,0.121819627,0.5893670392,0.2028071017,0,0.631017516,0.5916552396,0.6154008274,0.6425318431,0.5887715934,0.6209611224
2.78,4.331768919,4.199267051,4.278262255,4.331768919,4.199267052,4.278262255,0.1204292681,0.120429268,0.589472839,0.2027230257,0,0.6307133282,0.591906158,0.6152147214,0.6421086442,0.5891078973,0.6207059789
2.8,4.330721449,4.200093859,4.277636123,4.330721449,4.200093859,4.277636122,0.119058775,0.1190587749,0.589577586,0.2026403449,0,0.6304120817,0.5921528529,0.6150320045,0.6416896562,0.5894386204,0.6204555258
2.82,4.329684401,4.200906909,4.277021512,4.329684401,4.200906909,4.277021512,0.117707858,0.1177078579,0.5896812907,0.2025590399,0,0.6301137488,0.5923953851,0.6148526192,0.6412748372,0.5897638403,0.6202096815
2.84,4.328657672,4.201706393,4.276418223,4.328657672,4.201706393,4.276418222,0.1163762312,0.116376231,0.5897839636,0.2024790915,0,0.6298183022,0.5926338151,0.6146765084,0.6408641457,0.5900836339,0.6199683658
2.86,4.32764116,4.202492501,4.275826057,4.32764116,4.202492501,4.275826057,0.1150636128,0.1150636126,0.5898856148,0.2024004808,0,0.6295257147,0.5928682019,0.6145036162,0.6404575406,0.590398077,0.6197314996
2.88,4.326634762,4.203265419,4.275244821,4.326634762,4.203265419,4.275244821,0.1137697249,0.1137697248,0.5899862547,0.2023231889,0,0.6292359593,0.5930986043,0.6143338874,0.6400549814,0.5907072443,0.6194990053
2.9,4.325638377,4.204025332,4.274674323,4.325638377,4.204025332,4.274674323,0.1124942936,0.1124942935,0.5900858931,0.2022471976,0,0.6289490094,0.5933250797,0.6141672675,0.6396564277,0.5910112097,0.6192708061
2.92,4.324651907,4.204772423,4.274114375,4.324651907,4.204772424,4.274114375,0.1112370486,0.1112370485,0.5901845401,0.2021724885,0,0.6286648385,0.5935476853,0.614003703,0.6392618396,0.5913100461,0.6190468268
2.94,4.323675253,4.205506872,4.273564791,4.323675253,4.205506872,4.273564791,0.1099977236,0.1099977236,0.5902822056,0.2020990436,0,0.6283834205,0.593766477,0.6138431411,0.6388711778,0.5916038256,0.618826993
2.96,4.322708316,4.206228856,4.273025388,4.322708316,4.206228856,4.273025388,0.108776056,0.108776056,0.5903788992,0.2020268452,0,0.6281047294,0.5939815101,0.6136855299,0.6384844031,0.5918926191,0.6186112319
2.98,4.321751,4.20693855,4.272495987,4.321751,4.20693855,4.272495987,0.1075717868,0.1075717869,0.5904746308,0.2019558758,0,0.6278287393,0.5941928393,0.6135308181,0.6381014769,0.5921764968,0.6183994714
3,4.32080321,4.207636128,4.27197641,4.32080321,4.207636128,4.27197641,0.1063846606,0.1063846607,0.5905694098,0.201886118,0,0.6275554249,0.5944005184,0.6133789553,0.6377223608,0.5924555279,0.6181916408
3.02,4.319864851,4.20832176,4.271466484,4.319864851,4.20832176,4.271466485,0.1052144258,0.1052144259,0.5906632457,0.2018175548,0,0.6272847609,0.5946046003,0.6132298918,0.6373470171,0.5927297807,0.6179876705
3.04,4.318935828,4.208995615,4.270966038,4.318935828,4.208995615,4.270966038,0.104060834,0.1040608342,0.590756148,0.2017501693,0,0.6270167221,0.5948051374,0.6130835787,0.636975408,0.5929993228,0.6177874919
3.06,4.31801605,4.20965786,4.270474902,4.31801605,4.20965786,4.270474902,0.1029236406,0.1029236408,0.5908481259,0.2016839448,0,0.6267512837,0.5950021813,0.6129399679,0.6366074966,0.5932642207,0.6175910374
3.08,4.317105423,4.210308658,4.26999291,4.317105423,4.210308658,4.26999291,0.1018026043,0.1018026045,0.5909391885,0.201618865,0,0.6264884213,0.5951957829,0.6127990119,0.6362432459,0.5935245401,0.6173982408
3.1,4.316203857,4.210948173,4.2695199,4.316203857,4.210948173,4.2695199,0.1006974871,0.1006974873,0.5910293451,0.2015549135,0,0.6262281102,0.5953859924,0.6126606639,0.6358826196,0.593780346,0.6172090366
3.12,4.315311262,4.211576564,4.269055709,4.315311262,4.211576564,4.26905571,0.09960805455,0.09960805471,0.5911186046,0.2014920744,0,0.6259703265,0.5955728592,0.6125248779,0.6355255816,0.5940317023,0.6170233605
3.14,4.314427548,4.212193989,4.268600181,4.314427548,4.212193989,4.268600181,0.09853407536,0.09853407547,0.591206976,0.2014303319,0,0.6257150461,0.5957564321,0.6123916087,0.6351720961,0.5942786724,0.6168411492
3.16,4.313552628,4.212800604,4.268153159,4.313552628,4.212800604,4.268153159,0.09747532152,0.09747532158,0.591294468,0.2013696704,0,0.6254622454,0.5959367593,0.6122608115,0.6348221279,0.5945213186,0.6166623403
3.18,4.312686413,4.213396564,4.26771449,4.312686413,4.213396564,4.26771449,0.09643156824,0.09643156825,0.5913810895,0.2013100744,0,0.6252119007,0.5961138883,0.6121324425,0.634475642,0.5947597024,0.6164868726
3.2,4.311828817,4.21398202,4.267284022,4.311828817,4.21398202,4.267284022,0.09540259389,0.09540259388,0.5914668491,0.2012515288,0,0.6249639888,0.5962878658,0.6120064584,0.6341326036,0.5949938848,0.6163146857
3.22,4.310979754,4.214557122,4.266861609,4.310979754,4.214557122,4.266861609,0.09438817999,0.09438817997,0.5915517554,0.2011940186,0,0.6247184867,0.5964587381,0.6118828166,0.6337929785,0.5952239257,0.6161457202
3.24,4.31013914,4.215122019,4.266447102,4.31013914,4.215122019,4.266447102,0.09338811115,0.09338811113,0.5916358168,0.2011375289,0,0.6244753713,0.5966265505,0.6117614751,0.6334567328,0.5954498843,0.6159799177
3.26,4.30930689,4.215676856,4.26604036,4.30930689,4.215676856,4.26604036,0.09240217502,0.092402175,0.5917190418,0.2010820452,0,0.62423462,0.5967913481,0.6116423927,0.6331238327,0.5956718192,0.6158172207
3.28,4.308482921,4.216221778,4.265641239,4.308482921,4.216221778,4.265641239,0.09143016224,0.09143016222,0.5918014387,0.201027553,0,0.6239962105,0.5969531752,0.6115255287,0.6327942451,0.5958897879,0.6156575726
3.3,4.30766715,4.216756927,4.265249602,4.30766715,4.216756927,4.265249602,0.09047186641,0.0904718664,0.5918830158,0.2009740381,0,0.6237601203,0.5971120753,0.6114108432,0.6324679369,0.5961038476,0.6155009177
3.32,4.306859497,4.217282444,4.264865311,4.306859497,4.217282444,4.264865311,0.08952708408,0.08952708407,0.5919637811,0.2009214864,0,0.6235263274,0.5972680915,0.6112982967,0.6321448755,0.5963140543,0.6153472013
3.34,4.30605988,4.217798467,4.264488232,4.30605988,4.217798467,4.264488232,0.08859561463,0.08859561463,0.5920437428,0.2008698841,0,0.62329481,0.5974212664,0.6111878504,0.6318250286,0.5965204635,0.6151963695
3.36,4.305268219,4.218305133,4.264118231,4.305268219,4.218305133,4.264118231,0.08767726034,0.08767726033,0.5921229089,0.2008192175,0,0.6230655463,0.5975716418,0.6110794662,0.6315083643,0.5967231301,0.6150483693
3.38,4.304484435,4.218802578,4.263755179,4.304484435,4.218802578,4.263755179,0.08677182624,0.08677182623,0.5922012873,0.200769473,0,0.622838515,0.597719259,0.6109731065,0.6311948509,0.596922108,0.6149031485
3.4,4.30370845,4.219290935,4.263398947,4.30370845,4.219290935,4.263398947,0.08587912017,0.08587912016,0.5922788858,0.2007206373,0,0.6226136947,0.5978641588,0.6108687344,0.6308844569,0.5971174507,0.6147606557
3.42,4.302940187,4.219770335,4.263049409,4.302940187,4.219770335,4.263049409,0.08499895268,0.08499895266,0.5923557121,0.2006726973,0,0.6223910644,0.5980063813,0.6107663133,0.6305771514,0.5973092107,0.6146208405
3.44,4.302179567,4.220240908,4.262706441,4.302179567,4.220240908,4.262706441,0.08413113701,0.08413113698,0.5924317741,0.20062564,0,0.6221706032,0.5981459662,0.6106658076,0.6302729037,0.5974974399,0.6144836532
3.46,4.301426516,4.220702783,4.26236992,4.301426516,4.220702783,4.26236992,0.08327548906,0.08327548901,0.5925070792,0.2005794525,0,0.6219522903,0.5982829526,0.610567182,0.6299716833,0.5976821898,0.6143490449
3.48,4.300680958,4.221156085,4.262039727,4.300680958,4.221156085,4.262039727,0.08243182734,0.08243182727,0.592581635,0.2005341223,0,0.6217361053,0.598417379,0.6104704017,0.62967346,0.5978635109,0.6142169676
3.5,4.299942819,4.221600941,4.261715743,4.299942819,4.221600941,4.261715743,0.08159997295,0.08159997286,0.592655449,0.2004896367,0,0.6215220278,0.5985492834,0.6103754327,0.6293782042,0.598041453,0.614087374
3.52,4.299212024,4.222037472,4.261397852,4.299212023,4.222037472,4.261397852,0.08077974955,0.08077974945,0.5927285285,0.2004459836,0,0.6213100378,0.5986787033,0.6102822413,0.6290858862,0.5982160656,0.6139602176
3.54,4.2984885,4.222465801,4.261085939,4.2984885,4.222465801,4.261085939,0.07997098329,0.07997098317,0.5928008808,0.2004031507,0,0.6211001152,0.5988056758,0.6101907944,0.6287964768,0.5983873973,0.6138354525
3.56,4.297772176,4.222886048,4.260779893,4.297772176,4.222886048,4.260779892,0.07917350282,0.0791735027,0.5928725132,0.200361126,0,0.6208922403,0.5989302372,0.6101010596,0.628509947,0.598555496,0.6137130338
3.58,4.297062979,4.223298331,4.260479601,4.297062979,4.223298331,4.260479601,0.07838713923,0.07838713911,0.5929434329,0.2003198977,0,0.6206863935,0.5990524235,0.6100130048,0.6282262683,0.5987204091,0.6135929173
3.6,4.296360839,4.223702767,4.260184956,4.296360839,4.223702767,4.260184956,0.07761172603,0.07761172591,0.5930136469,0.2002794541,0,0.6204825554,0.5991722703,0.6099265985,0.6279454123,0.5988821835,0.6134750593
3.62,4.295665685,4.224099471,4.259895851,4.295665685,4.224099471,4.259895851,0.0768470991,0.07684709899,0.5930831623,0.2002397837,0,0.6202807067,0.5992898124,0.6098418097,0.6276673508,0.5990408651,0.6133594171
3.64,4.294977448,4.224488557,4.259612179,4.294977448,4.224488557,4.259612179,0.07609309667,0.07609309657,0.593151986,0.2002008751,0,0.6200808285,0.5994050845,0.6097586079,0.627392056,0.5991964997,0.6132459485
3.66,4.294296059,4.224870138,4.259333839,4.294296059,4.224870138,4.259333838,0.07534955929,0.07534955923,0.5932201249,0.200162717,0,0.6198829019,0.5995181204,0.6096769632,0.6271195005,0.599349132,0.6131346122
3.68,4.293621451,4.225244324,4.259060726,4.29362145,4.225244324,4.259060726,0.07461632981,0.07461632978,0.5932875858,0.2001252984,0,0.6196869081,0.5996289539,0.609596846,0.626849657,0.5994988064,0.6130253673
3.7,4.292953554,4.225611225,4.258792743,4.292953554,4.225611225,4.258792743,0.07389325331,0.07389325332,0.5933543754,0.2000886083,0,0.6194928286,0.599737618,0.6095182273,0.6265824984,0.5996455667,0.6129181739
3.72,4.292292303,4.225970948,4.258529789,4.292292303,4.225970948,4.25852979,0.07318017712,0.07318017716,0.5934205005,0.200052636,0,0.6193006451,0.5998441452,0.6094410786,0.6263179981,0.599789456,0.6128129925
3.74,4.291637632,4.226323601,4.258271769,4.291637632,4.226323601,4.258271769,0.07247695074,0.07247695082,0.5934859676,0.2000173707,0,0.6191103393,0.599948568,0.6093653717,0.6260561297,0.599930517,0.6127097845
3.76,4.290989475,4.226669287,4.258018587,4.290989475,4.226669287,4.258018587,0.07178342584,0.07178342596,0.5935507833,0.1999828021,0,0.6189218933,0.6000509178,0.609291079,0.6257968668,0.6000687917,0.6126085116
3.78,4.290347767,4.227008112,4.257770149,4.290347767,4.227008112,4.25777015,0.07109945623,0.07109945638,0.5936149541,0.1999489196,0,0.6187352892,0.6001512262,0.6092181734,0.6255401837,0.6002043215,0.6125091365
3.8,4.289712445,4.227340177,4.257526364,4.289712445,4.227340177,4.257526364,0.07042489783,0.070424898,0.5936784863,0.1999157131,0,0.6185505094,0.6002495239,0.609146628,0.6252860546,0.6003371475,0.6124116224
3.82,4.289083444,4.227665583,4.25728714,4.289083444,4.227665583,4.257287141,0.06975960863,0.0697596088,0.5937413865,0.1998831725,0,0.6183675362,0.6003458415,0.6090764168,0.6250344542,0.6004673099,0.6123159329
3.84,4.288460701,4.22798443,4.25705239,4.288460701,4.22798443,4.25705239,0.06910344866,0.06910344882,0.5938036607,0.1998512878,0,0.6181863523,0.600440209,0.6090075136,0.6247853572,0.6005948486,0.6122220326
3.86,4.287844155,4.228296816,4.256822024,4.287844155,4.228296816,4.256822024,0.06845627997,0.06845628012,0.5938653153,0.1998200492,0,0.6180069406,0.6005326559,0.6089398933,0.6245387388,0.6007198031,0.6121298864
3.88,4.287233744,4.228602838,4.256595958,4.287233744,4.228602838,4.256595958,0.06781796663,0.06781796674,0.5939263564,0.199789447,0,0.617829284,0.6006232115,0.6088735306,0.6242945743,0.600842212,0.6120394599
3.9,4.286629406,4.228902592,4.256374106,4.286629406,4.228902592,4.256374107,0.06718837463,0.0671883747,0.5939867902,0.1997594716,0,0.6176533655,0.6007119047,0.6088084011,0.6240528392,0.6009621136,0.6119507193
3.92,4.286031082,4.229196173,4.256156386,4.286031082,4.229196173,4.256156386,0.06656737192,0.06656737195,0.5940466226,0.1997301136,0,0.6174791686,0.6007987638,0.6087444805,0.6238135095,0.6010795458,0.6118636313
3.94,4.285438711,4.229483673,4.255942716,4.285438711,4.229483673,4.255942716,0.06595482836,0.06595482836,0.5941058597,0.1997013636,0,0.6173066765,0.6008838169,0.6086817451,0.6235765611,0.6011945458,0.6117781632
3.96,4.284852234,4.229765184,4.255733015,4.284852234,4.229765184,4.255733015,0.06535061569,0.06535061568,0.5941645074,0.1996732124,0,0.617135873,0.6009670916,0.6086201715,0.6233419704,0.6013071503,0.6116942829
3.98,4.284271593,4.230040798,4.255527205,4.284271593,4.230040798,4.255527205,0.06475460754,0.06475460753,0.5942225715,0.1996456511,0,0.6169667416,0.6010486152,0.6085597367,0.6231097139,0.6014173958,0.6116119587
4,4.283696729,4.230310603,4.255325207,4.283696729,4.230310603,4.255325207,0.06416667937,0.06416667936,0.5942800579,0.1996186705,0,0.6167992664,0.6011284145,0.6085004181,0.6228797684,0.6015253179,0.6115311596
4.02,4.283127585,4.230574688,4.255126946,4.283127585,4.230574688,4.255126946,0.06358670845,0.06358670844,0.5943369723,0.199592262,0,0.6166334314,0.6012065161,0.6084421934,0.6226521109,0.601630952,0.6114518551
4.04,4.282564105,4.23083314,4.254932346,4.282564105,4.23083314,4.254932346,0.06301457381,0.0630145738,0.5943933203,0.1995664168,0,0.6164692207,0.6012829461,0.6083850409,0.6224267186,0.6017343329,0.6113740152
4.06,4.282006231,4.231086046,4.254741334,4.282006231,4.231086046,4.254741334,0.06245015628,0.06245015627,0.5944491077,0.1995411262,0,0.6163066186,0.6013577303,0.6083289391,0.6222035691,0.601835495,0.6112976104
4.08,4.281453908,4.231333489,4.254553838,4.281453908,4.231333489,4.254553838,0.06189333839,0.06189333838,0.59450434,0.1995163819,0,0.6161456098,0.6014308941,0.6082738668,0.6219826399,0.6019344723,0.6112226118
4.1,4.28090708,4.231575554,4.254369785,4.28090708,4.231575554,4.254369785,0.06134400441,0.06134400441,0.5945590228,0.1994921755,0,0.6159861787,0.6015024626,0.6082198033,0.6217639089,0.6020312982,0.6111489908
4.12,4.280365694,4.231812322,4.254189107,4.280365694,4.231812322,4.254189107,0.06080204031,0.0608020403,0.5946131614,0.1994684986,0,0.6158283102,0.6015724605,0.6081667282,0.6215473544,0.6021260056,0.6110767195
4.14,4.279829695,4.232043876,4.254011734,4.279829695,4.232043876,4.254011734,0.06026733369,0.06026733368,0.5946667613,0.1994453432,0,0.6156719891,0.6016409122,0.6081146215,0.6213329547,0.6022186273,0.6110057703
4.16,4.279299029,4.232270296,4.253837599,4.279299029,4.232270296,4.253837599,0.05973977383,0.05973977382,0.5947198279,0.1994227012,0,0.6155172006,0.6017078418,0.6080634634,0.6211206882,0.6023091952,0.6109361163
4.18,4.278773643,4.232491661,4.253666635,4.278773643,4.232491661,4.253666635,0.05921925162,0.0592192516,0.5947723665,0.1994005647,0,0.6153639298,0.601773273,0.6080132346,0.6209105339,0.6023977412,0.6108677308
4.2,4.278253485,4.232708049,4.253498778,4.278253485,4.232708049,4.253498778,0.05870565954,0.05870565951,0.5948243824,0.1993789259,0,0.6152121621,0.6018372292,0.607963916,0.6207024706,0.6024842965,0.6108005878
4.22,4.277738502,4.232919538,4.253333962,4.277738502,4.232919538,4.253333962,0.05819889167,0.05819889163,0.5948758806,0.199357777,0,0.6150618829,0.6018997333,0.607915489,0.6204964776,0.6025688918,0.6107346617
4.24,4.277228644,4.233126203,4.253172126,4.277228644,4.233126203,4.253172126,0.05769884363,0.05769884358,0.5949268665,0.1993371106,0,0.6149130778,0.6019608083,0.6078679351,0.6202925342,0.6026515578,0.6106699272
4.26,4.276723858,4.233328119,4.253013207,4.276723858,4.233328119,4.253013207,0.05720541259,0.05720541252,0.594977345,0.1993169189,0,0.6147657326,0.6020204765,0.6078212364,0.6200906201,0.6027323243,0.6106063596
4.28,4.276224096,4.233525361,4.252857145,4.276224096,4.233525361,4.252857144,0.05671849721,0.05671849713,0.5950273212,0.1992971947,0,0.6146198331,0.60207876,0.607775375,0.6198907151,0.602811221,0.6105439346
4.3,4.275729306,4.233718001,4.252703879,4.275729306,4.233718001,4.252703879,0.05623799767,0.05623799758,0.5950768002,0.1992779307,0,0.6144753655,0.6021356807,0.6077303334,0.6196927992,0.6028882772,0.6104826283
4.32,4.275239439,4.233906112,4.252553351,4.275239439,4.233906112,4.252553351,0.05576381562,0.05576381551,0.5951257869,0.1992591196,0,0.6143323157,0.60219126,0.6076860947,0.6194968526,0.6029635215,0.6104224173
4.34,4.274754447,4.234089765,4.252405504,4.274754447,4.234089765,4.252405504,0.05529585414,0.05529585404,0.5951742861,0.1992407544,0,0.6141906701,0.6022455191,0.6076426419,0.6193028556,0.6030369826,0.6103632784
4.36,4.274274281,4.234269029,4.252260281,4.274274281,4.234269029,4.252260281,0.05483401778,0.05483401768,0.5952223027,0.1992228279,0,0.614050415,0.6022984791,0.6075999585,0.619110789,0.6031086883,0.6103051891
4.38,4.273798892,4.234443974,4.252117626,4.273798892,4.234443974,4.252117625,0.05437821249,0.05437821238,0.5952698416,0.1992053334,0,0.6139115371,0.6023501604,0.6075580283,0.6189206335,0.6031786664,0.610248127
4.4,4.273328233,4.234614668,4.251977484,4.273328233,4.234614668,4.251977484,0.05392834559,0.0539283455,0.5953169075,0.199188264,0,0.6137740229,0.6024005835,0.6075168352,0.61873237,0.6032469441,0.6101920705
4.42,4.272862258,4.234781179,4.251839803,4.272862258,4.234781179,4.251839803,0.05348432581,0.05348432574,0.595363505,0.1991716129,0,0.6136378593,0.6024497684,0.6074763637,0.6185459798,0.6033135484,0.6101369979
4.44,4.272400919,4.234943572,4.251704529,4.272400919,4.234943572,4.251704529,0.05304606323,0.05304606318,0.5954096389,0.1991553736,0,0.6135030331,0.6024977349,0.6074365982,0.6183614442,0.6033785057,0.6100828883
4.46,4.27194417,4.235101914,4.25157161,4.27194417,4.235101914,4.25157161,0.05261346926,0.05261346923,0.5954553138,0.1991395394,0,0.6133695314,0.6025445024,0.6073975238,0.6181787448,0.6034418423,0.6100297209
4.48,4.271491966,4.235256268,4.251440997,4.271491966,4.235256268,4.251440997,0.05218645663,0.05218645663,0.5955005342,0.199124104,0,0.6132373413,0.6025900903,0.6073591255,0.6179978633,0.6035035841,0.6099774755
4.5,4.271044262,4.235406699,4.251312638,4.271044262,4.235406699,4.251312638,0.05176493937,0.05176493941,0.5955453046,0.1991090609,0,0.6131064501,0.6026345173,0.6073213887,0.6178187816,0.6035637563,0.609926132
4.52,4.270601012,4.235553269,4.251186485,4.270601012,4.235553269,4.251186486,0.05134883282,0.05134883289,0.5955896296,0.1990944039,0,0.6129768452,0.6026778024,0.6072842992,0.6176414817,0.6036223843,0.6098756709
4.54,4.270162173,4.23569604,4.251062491,4.270162173,4.23569604,4.251062491,0.05093805355,0.05093805365,0.5956335135,0.1990801268,0,0.6128485142,0.6027199638,0.6072478428,0.617465946,0.6036794927,0.609826073
4.56,4.269727701,4.235835073,4.250940607,4.269727701,4.235835073,4.250940607,0.05053251941,0.05053251953,0.5956769608,0.1990662235,0,0.6127214446,0.6027610198,0.6072120057,0.617292157,0.603735106,0.6097773194
4.58,4.269297551,4.235970429,4.250820787,4.269297551,4.235970429,4.250820787,0.05013214945,0.05013214959,0.5957199757,0.1990526879,0,0.6125956241,0.6028009882,0.6071767744,0.6171200971,0.6037892482,0.6097293914
4.6,4.268871681,4.236102166,4.250702986,4.268871681,4.236102166,4.250702986,0.04973686397,0.04973686411,0.5957625627,0.1990395142,0,0.6124710408,0.6028398869,0.6071421355,0.6169497493,0.6038419432,0.609682271
4.62,4.268450049,4.236230344,4.250587159,4.268450049,4.236230344,4.250587159,0.04934658443,0.04934658457,0.5958047259,0.1990266964,0,0.6123476825,0.602877733,0.607108076,0.6167810965,0.6038932145,0.6096359403
4.64,4.268032613,4.236355021,4.250473262,4.268032613,4.23635502,4.250473262,0.0489612335,0.04896123363,0.5958464696,0.1990142288,0,0.6122255373,0.6029145439,0.607074583,0.6166141218,0.603943085,0.6095903816
4.66,4.267619329,4.236476252,4.250361253,4.267619329,4.236476252,4.250361253,0.048580735,0.04858073511,0.5958877979,0.1990021056,0,0.6121045934,0.6029503366,0.6070416439,0.6164488085,0.6039915776,0.6095455779
4.68,4.267210158,4.236594095,4.250251088,4.267210158,4.236594095,4.250251088,0.04820501391,0.04820501399,0.595928715,0.1989903213,0,0.6119848393,0.6029851275,0.6070092464,0.6162851401,0.6040387148,0.6095015121
4.7,4.266805059,4.236708605,4.250142727,4.266805059,4.236708605,4.250142727,0.04783399632,0.04783399636,0.5959692249,0.1989788703,0,0.6118662632,0.6030189334,0.6069773782,0.6161231003,0.6040845188,0.6094581677
4.72,4.26640399,4.236819837,4.250036129,4.26640399,4.236819836,4.250036129,0.04746760945,0.04746760946,0.5960093318,0.1989677472,0,0.6117488537,0.6030517703,0.6069460275,0.6159626728,0.6041290114,0.6094155284
4.74,4.266006912,4.236927843,4.249931254,4.266006912,4.236927844,4.249931254,0.04710578161,0.0471057816,0.5960490396,0.1989569465,0,0.6116325996,0.6030836543,0.6069151826,0.6158038415,0.6041722142,0.6093735782
4.76,4.265613785,4.237032679,4.249828062,4.265613785,4.237032679,4.249828062,0.04674844221,0.0467484422,0.5960883523,0.1989464629,0,0.6115174894,0.6031146012,0.6068848319,0.6156465907,0.6042141484,0.6093323014
4.78,4.265224569,4.237134396,4.249726515,4.265224569,4.237134396,4.249726515,0.04639552176,0.04639552175,0.5961272739,0.1989362912,0,0.6114035122,0.6031446265,0.6068549642,0.6154909045,0.6042548351,0.6092916827
4.8,4.264839227,4.237233045,4.249626575,4.264839227,4.237233045,4.249626575,0.04604695178,0.04604695177,0.5961658081,0.1989264263,0,0.6112906568,0.6031737456,0.6068255684,0.6153367674,0.6042942949,0.6092517069
4.82,4.264457718,4.237328678,4.249528206,4.264457718,4.237328678,4.249528206,0.04570266487,0.04570266486,0.596203959,0.198916863,0,0.6111789124,0.6032019736,0.6067966337,0.615184164,0.6043325481,0.6092123592
4.84,4.264080006,4.237421346,4.249431371,4.264080006,4.237421346,4.249431371,0.04536259463,0.04536259461,0.5962417302,0.1989075963,0,0.6110682681,0.6032293253,0.6067681494,0.6150330791,0.604369615,0.6091736251
4.86,4.263706052,4.237511096,4.249336034,4.263706052,4.237511096,4.249336034,0.04502667567,0.04502667566,0.5962791256,0.1988986212,0,0.6109587133,0.6032558155,0.6067401051,0.6148834974,0.6044055152,0.6091354903
4.88,4.263335819,4.237597979,4.24924216,4.263335819,4.237597979,4.24924216,0.04469484363,0.04469484363,0.596316149,0.1988899329,0,0.6108502372,0.6032814587,0.6067124905,0.6147354042,0.6044402685,0.6090979409
4.9,4.262969269,4.237682043,4.249149716,4.262969269,4.237682043,4.249149716,0.04436703511,0.04436703511,0.5963528039,0.1988815265,0,0.6107428294,0.6033062692,0.6066852956,0.6145887844,0.6044738939,0.609060963
4.92,4.262606367,4.237763335,4.249058666,4.262606367,4.237763335,4.249058666,0.04404318768,0.04404318768,0.5963890941,0.1988733974,0,0.6106364795,0.603330261,0.6066585104,0.6144436236,0.6045064106,0.6090245433
4.94,4.262247076,4.237841901,4.248968979,4.262247076,4.237841901,4.248968979,0.04372323989,0.04372323988,0.5964250232,0.1988655407,0,0.6105311771,0.603353448,0.6066321254,0.6142999072,0.6045378372,0.6089886685
4.96,4.26189136,4.237917789,4.248880622,4.26189136,4.237917789,4.248880622,0.0434071312,0.04340713119,0.5964605948,0.1988579519,0,0.6104269121,0.6033758439,0.6066061309,0.6141576207,0.6045681923,0.6089533257
4.98,4.261539183,4.237991043,4.248793564,4.261539183,4.237991043,4.248793564,0.04309480203,0.04309480201,0.5964958125,0.1988506265,0,0.6103236743,0.6033974621,0.6065805177,0.61401675,0.604597494,0.6089185022
5,4.261190511,4.238061709,4.248707772,4.261190511,4.238061709,4.248707772,0.0427861937,0.04278619368,0.5965306797,0.1988435599,0,0.6102214537,0.6034183161,0.6065552767,0.613877281,0.6046257603,0.6088841855
5.02,4.260845308,4.238129831,4.248623217,4.260845308,4.238129831,4.248623216,0.04248124845,0.04248124841,0.5965652001,0.1988367478,0,0.6101202403,0.6034384188,0.6065303989,0.6137391998,0.604653009,0.6088503634
5.04,4.260503539,4.238195452,4.248539868,4.260503539,4.238195452,4.248539868,0.04217990939,0.04217990935,0.5965993769,0.1988301857,0,0.6100200244,0.6034577833,0.6065058755,0.6136024925,0.6046792574,0.6088170239
5.06,4.260165172,4.238258615,4.248457696,4.260165172,4.238258615,4.248457696,0.04188212054,0.04188212048,0.5966332137,0.1988238693,0,0.6099207962,0.6034764222,0.6064816979,0.6134671454,0.6047045228,0.6087841553
5.08,4.259830171,4.238319363,4.248376673,4.259830171,4.238319363,4.248376673,0.04158782675,0.04158782669,0.5966667137,0.1988177945,0,0.6098225461,0.6034943481,0.6064578576,0.6133331451,0.6047288221,0.608751746
5.1,4.259498503,4.238377738,4.24829677,4.259498503,4.238377738,4.24829677,0.04129697376,0.04129697368,0.5966998805,0.198811957,0,0.6097252645,0.6035115733,0.6064343464,0.6132004781,0.6047521721,0.6087197848
5.12,4.259170136,4.238433781,4.248217959,4.259170136,4.238433781,4.248217959,0.04100950813,0.04100950805,0.5967327172,0.1988063527,0,0.6096289419,0.6035281102,0.6064111561,0.6130691311,0.6047745892,0.6086882606
5.14,4.258845036,4.238487532,4.248140214,4.258845036,4.238487532,4.248140214,0.04072537726,0.04072537717,0.5967652272,0.1988009776,0,0.609533569,0.6035439706,0.6063882788,0.6129390911,0.6047960897,0.6086571625
5.16,4.258523171,4.238539032,4.248063508,4.258523171,4.238539032,4.248063508,0.04044452936,0.04044452927,0.5967974138,0.1987958276,0,0.6094391366,0.6035591664,0.6063657067,0.612810345,0.6048166897,0.6086264799
5.18,4.258204508,4.23858832,4.247987814,4.258204508,4.23858832,4.247987814,0.04016691346,0.04016691337,0.59682928,0.1987908988,0,0.6093456353,0.6035737094,0.6063434321,0.6126828799,0.6048364048,0.6085962024
5.2,4.257889016,4.238635435,4.247913107,4.257889016,4.238635435,4.247913107,0.03989247938,0.03989247929,0.5968608292,0.1987861873,0,0.6092530561,0.603587611,0.6063214475,0.6125566831,0.6048552508,0.6085663198
5.22,4.257576663,4.238680415,4.247839363,4.257576663,4.238680415,4.247839363,0.03962117772,0.03962117764,0.5968920645,0.1987816893,0,0.6091613901,0.6036008826,0.6062997456,0.6124317421,0.6048732428,0.608536822
5.24,4.257267418,4.238723299,4.247766556,4.257267418,4.238723299,4.247766556,0.03935295986,0.0393529598,0.596922989,0.198777401,0,0.6090706282,0.6036135353,0.6062783192,0.6123080442,0.6048903962,0.6085076992
5.26,4.256961251,4.238764122,4.247694663,4.256961251,4.238764122,4.247694663,0.03908777794,0.0390877779,0.5969536057,0.1987733186,0,0.6089807617,0.6036255802,0.6062571612,0.6121855771,0.6049067257,0.6084789419
5.28,4.256658129,4.238802923,4.24762366,4.256658129,4.238802923,4.24762366,0.03882558486,0.03882558484,0.5969839179,0.1987694385,0,0.6088917817,0.6036370282,0.6062362647,0.6120643285,0.604922246,0.6084505406
5.3,4.256358024,4.238839737,4.247553523,4.256358024,4.238839737,4.247553523,0.03856633424,0.03856633424,0.5970139284,0.1987657571,0,0.6088036797,0.6036478899,0.606215623,0.6119442865,0.6049369717,0.6084224861
5.32,4.256060905,4.238874601,4.247484232,4.256060905,4.238874601,4.247484232,0.03830998045,0.03830998048,0.5970436403,0.1987622707,0,0.6087164469,0.6036581758,0.6061952294,0.6118254388,0.6049509171,0.6083947694
5.34,4.255766742,4.238907548,4.247415762,4.255766742,4.238907548,4.247415762,0.03805647857,0.03805647862,0.5970730566,0.198758976,0,0.6086300749,0.6036678965,0.6061750774,0.6117077737,0.6049640961,0.6083673815
5.36,4.255475507,4.238938615,4.247348093,4.255475507,4.238938615,4.247348093,0.03780578439,0.03780578447,0.5971021801,0.1987558693,0,0.6085445554,0.6036770621,0.6061551606,0.6115912794,0.6049765227,0.6083403139
5.38,4.255187169,4.238967834,4.247281203,4.255187169,4.238967834,4.247281203,0.0375578544,0.0375578545,0.5971310139,0.1987529474,0,0.6084598798,0.6036856827,0.6061354728,0.6114759443,0.6049882105,0.608313558
5.4,4.2549017,4.238995241,4.247215072,4.2549017,4.238995241,4.247215072,0.03731264578,0.0373126459,0.5971595608,0.1987502067,0,0.6083760401,0.6036937683,0.606116008,0.6113617567,0.604999173,0.6082871056
5.42,4.254619072,4.239020867,4.247149679,4.254619072,4.239020867,4.247149679,0.03707011639,0.03707011652,0.5971878237,0.1987476441,0,0.6082930279,0.6037013287,0.60609676,0.6112487054,0.6050094235,0.6082609484
5.44,4.254339255,4.239044746,4.247085004,4.254339255,4.239044746,4.247085005,0.03683022475,0.03683022488,0.5972158053,0.1987452562,0,0.6082108352,0.6037083735,0.6060777232,0.6111367789,0.6050189751,0.6082350785
5.46,4.254062223,4.23906691,4.247021029,4.254062223,4.239066909,4.247021029,0.03659293005,0.03659293018,0.5972435085,0.1987430399,0,0.608129454,0.6037149122,0.6060588916,0.6110259661,0.6050278406,0.6082094882
5.48,4.253787948,4.23908739,4.246957732,4.253787948,4.23908739,4.246957732,0.03635819212,0.03635819223,0.597270936,0.1987409918,0,0.6080488763,0.6037209544,0.6060402598,0.6109162559,0.6050360328,0.6081841697
5.5,4.253516401,4.239106218,4.246895097,4.253516401,4.239106218,4.246895097,0.03612597143,0.03612597152,0.5972980907,0.198739109,0,0.6079690942,0.6037265091,0.6060218222,0.6108076373,0.6050435641,0.6081591155
5.52,4.253247557,4.239123426,4.246833104,4.253247557,4.239123426,4.246833104,0.03589622908,0.03589622914,0.5973249751,0.1987373882,0,0.6078901,0.6037315854,0.6060035735,0.6107000995,0.605050447,0.6081343185
5.54,4.252981388,4.239139042,4.246771736,4.252981388,4.239139042,4.246771736,0.0356689268,0.03566892682,0.5973515921,0.1987358266,0,0.6078118858,0.6037361925,0.6059855084,0.6105936318,0.6050566936,0.6081097713
5.56,4.252717867,4.239153098,4.246710975,4.252717867,4.239153098,4.246710975,0.0354440269,0.0354440269,0.5973779442,0.198734421,0,0.6077344442,0.6037403391,0.6059676216,0.6104882234,0.6050623158,0.608085467
5.58,4.252456968,4.239165622,4.246650805,4.252456968,4.239165622,4.246650805,0.03522149233,0.03522149232,0.597404034,0.1987331686,0,0.6076577674,0.6037440339,0.6059499083,0.6103838638,0.6050673255,0.6080613986
5.6,4.252198665,4.239176644,4.246591207,4.252198665,4.239176644,4.246591207,0.03500128662,0.03500128661,0.5974298643,0.1987320664,0,0.6075818481,0.6037472855,0.6059323634,0.6102805426,0.6050717344,0.6080375596
5.62,4.251942932,4.239186193,4.246532166,4.251942932,4.239186193,4.246532166,0.03478337391,0.0347833739,0.5974554376,0.1987311116,0,0.6075066787,0.6037501024,0.6059149821,0.6101782495,0.6050755538,0.6080139433
5.64,4.251689744,4.239194296,4.246473666,4.251689744,4.239194296,4.246473666,0.03456771888,0.03456771887,0.5974807564,0.1987303012,0,0.6074322519,0.6037524929,0.6058977597,0.6100769743,0.605078795,0.6079905432
5.66,4.251439075,4.239200981,4.246415691,4.251439075,4.239200981,4.246415691,0.0343542868,0.03435428679,0.5975058233,0.1987296327,0,0.6073585605,0.6037544653,0.6058806916,0.6099767067,0.6050814693,0.6079673532
5.68,4.2511909,4.239206277,4.246358226,4.2511909,4.239206277,4.246358226,0.03414304351,0.0341430435,0.5975306408,0.1987291031,0,0.6072855971,0.6037560275,0.6058637733,0.6098774368,0.6050835875,0.6079443671
5.7,4.250945195,4.239210209,4.246301255,4.250945195,4.239210209,4.246301255,0.03393395537,0.03393395536,0.5975552113,0.1987287099,0,0.6072133548,0.6037571876,0.6058470003,0.6097791547,0.6050851604,0.6079215788
5.72,4.250701934,4.239212805,4.246244764,4.250701934,4.239212805,4.246244764,0.03372698931,0.0337269893,0.5975795374,0.1987284503,0,0.6071418263,0.6037579534,0.6058303684,0.6096818504,0.6050861988,0.6078989824
5.74,4.250461094,4.239214091,4.246188739,4.250461094,4.239214091,4.246188739,0.03352211278,0.03352211278,0.5976036214,0.1987283218,0,0.6070710047,0.6037583326,0.6058138733,0.6095855144,0.605086713,0.6078765723
5.76,4.250222651,4.239214092,4.246133165,4.250222651,4.239214092,4.246133165,0.03331929378,0.03331929377,0.5976274658,0.1987283216,0,0.6070008831,0.6037583329,0.6057975108,0.609490137,0.6050867134,0.6078543428
5.78,4.249986579,4.239212834,4.246078029,4.249986579,4.239212834,4.246078029,0.03311850079,0.03311850078,0.5976510729,0.1987284474,0,0.6069314546,0.6037579618,0.605781277,0.6093957085,0.6050862102,0.6078322884
5.8,4.249752857,4.239210342,4.246023318,4.249752857,4.239210342,4.246023318,0.03291970284,0.03291970283,0.5976744451,0.1987286966,0,0.6068627123,0.6037572266,0.6057651679,0.6093022197,0.6050852134,0.6078104038
5.82,4.249521461,4.23920664,4.245969017,4.249521461,4.23920664,4.245969017,0.03272286945,0.03272286944,0.5976975847,0.1987290668,0,0.6067946496,0.6037561347,0.6057491796,0.609209661,0.6050837329,0.6077886837
5.84,4.249292367,4.239201754,4.245915115,4.249292367,4.239201754,4.245915115,0.03252797063,0.03252797061,0.5977204942,0.1987295554,0,0.6067272597,0.6037546932,0.6057333085,0.6091180234,0.6050817783,0.6077671229
5.86,4.249065552,4.239195707,4.245861599,4.249065552,4.239195707,4.245861599,0.03233497688,0.03233497686,0.5977431756,0.1987301602,0,0.606660536,0.6037529092,0.6057175507,0.6090272975,0.6050793594,0.6077457165
5.88,4.248840994,4.239188522,4.245808457,4.248840994,4.239188522,4.245808457,0.0321438592,0.03214385917,0.5977656314,0.1987308786,0,0.6065944721,0.6037507896,0.6057019026,0.6089374744,0.6050764854,0.6077244596
5.9,4.248618671,4.239180223,4.245755677,4.248618671,4.239180223,4.245755676,0.03195458904,0.031954589,0.5977878637,0.1987317085,0,0.6065290614,0.6037483413,0.6056863609,0.6088485451,0.6050731658,0.6077033474
5.92,4.24839856,4.239170832,4.245703246,4.248398559,4.239170832,4.245703246,0.03176713834,0.03176713828,0.5978098749,0.1987326476,0,0.6064642975,0.603745571,0.6056709221,0.6087605006,0.6050694096,0.6076823752
5.94,4.248180638,4.239160373,4.245651154,4.248180638,4.239160373,4.245651154,0.03158147947,0.0315814794,0.597831667,0.1987336935,0,0.6064001741,0.6037424854,0.6056555827,0.6086733321,0.6050652259,0.6076615384
5.96,4.247964886,4.239148867,4.24559939,4.247964886,4.239148867,4.24559939,0.03139758528,0.0313975852,0.5978532422,0.1987348441,0,0.6063366848,0.603739091,0.6056403395,0.608587031,0.6050606236,0.6076408327
5.98,4.24775128,4.239136336,4.245547942,4.24775128,4.239136337,4.245547942,0.03121542905,0.03121542897,0.5978746028,0.1987360972,0,0.6062738234,0.6037353943,0.6056251894,0.6085015886,0.6050556113,0.6076202537
6,4.247539799,4.239122803,4.245496801,4.247539799,4.239122803,4.245496801,0.03103498452,0.03103498443,0.5978957509,0.1987374505,0,0.6062115838,0.6037314017,0.6056101292,0.6084169964,0.6050501978,0.6075997971
6.02,4.247330423,4.239108287,4.245445955,4.247330423,4.239108287,4.245445955,0.03085622584,0.03085622575,0.5979166885,0.1987389021,0,0.6061499598,0.6037271193,0.6055951559,0.6083332459,0.6050443915,0.6075794587
6.04,4.24712313,4.23909281,4.245395395,4.24712313,4.23909281,4.245395395,0.03067912759,0.0306791275,0.5979374178,0.1987404498,0,0.6060889454,0.6037225533,0.6055802664,0.6082503287,0.6050382007,0.6075592347
6.06,4.2469179,4.239076392,4.24534511,4.2469179,4.239076392,4.24534511,0.03050366479,0.0305036647,0.5979579409,0.1987420916,0,0.6060285346,0.6037177098,0.605565458,0.6081682366,0.6050316337,0.6075391209
6.08,4.246714711,4.239059055,4.245295092,4.246714711,4.239059055,4.245295092,0.03032981285,0.03032981277,0.5979782597,0.1987438254,0,0.6059687214,0.6037125948,0.6055507278,0.6080869613,0.6050246986,0.6075191136
6.1,4.246513545,4.239040816,4.245245331,4.246513545,4.239040816,4.24524533,0.03015754759,0.03015754753,0.5979983763,0.1987456492,0,0.6059095,0.6037072142,0.6055360729,0.6080064947,0.6050174033,0.607499209
6.12,4.24631438,4.239021697,4.245195817,4.24631438,4.239021697,4.245195817,0.02998684526,0.02998684521,0.5980182928,0.1987475611,0,0.6058508645,0.6037015737,0.6055214908,0.6079268287,0.6050097557,0.6074794035
6.14,4.246117197,4.239001717,4.245146542,4.246117197,4.239001717,4.245146542,0.02981768245,0.02981768242,0.5980380111,0.1987495591,0,0.6057928092,0.603695679,0.6055069788,0.6078479554,0.6050017636,0.6074596934
6.16,4.245921976,4.238980894,4.245097497,4.245921976,4.238980894,4.245097497,0.02965003619,0.02965003618,0.5980575333,0.1987516414,0,0.6057353284,0.6036895358,0.6054925343,0.607769867,0.6049934345,0.6074400754
6.18,4.245728697,4.238959248,4.245048673,4.245728697,4.238959248,4.245048673,0.02948388387,0.02948388389,0.5980768611,0.198753806,0,0.6056784164,0.6036831495,0.6054781549,0.6076925555,0.604984776,0.607420546
6.2,4.245537341,4.238936797,4.245000063,4.245537341,4.238936797,4.245000063,0.02931920325,0.02931920329,0.5980959967,0.1987560512,0,0.6056220677,0.6036765256,0.6054638382,0.6076160133,0.6049757954,0.607401102
6.22,4.24534789,4.238913558,4.244951658,4.24534789,4.238913558,4.244951658,0.02915597248,0.02915597255,0.5981149418,0.198758375,0,0.6055662766,0.6036696696,0.6054495816,0.6075402327,0.6049665,0.60738174
6.24,4.245160323,4.23888955,4.244903451,4.245160323,4.23888955,4.244903451,0.02899417006,0.02899417015,0.5981336985,0.1987607758,0,0.6055110377,0.6036625865,0.6054353831,0.6074652061,0.6049568969,0.6073624571
6.26,4.244974623,4.238864791,4.244855433,4.244974623,4.238864791,4.244855433,0.02883377485,0.02883377496,0.5981522685,0.1987632517,0,0.6054563455,0.6036552817,0.6054212403,0.6073909261,0.6049469932,0.60734325
6.28,4.244790771,4.238839298,4.244807598,4.244790771,4.238839298,4.244807598,0.02867476608,0.02867476619,0.5981706537,0.198765801,0,0.6054021947,0.6036477602,0.605407151,0.6073173851,0.6049367959,0.607324116
6.3,4.244608748,4.238813087,4.244759938,4.244608748,4.238813087,4.244759938,0.0285171233,0.02851712342,0.598188856,0.1987684221,0,0.60534858,0.603640027,0.6053931131,0.6072445759,0.6049263117,0.6073050519
6.32,4.244428536,4.238786177,4.244712446,4.244428536,4.238786176,4.244712446,0.02836082642,0.02836082654,0.5982068772,0.1987711132,0,0.605295496,0.6036320872,0.6053791245,0.6071724912,0.6049155474,0.6072860552
6.34,4.244250117,4.238758582,4.244665115,4.244250117,4.238758582,4.244665116,0.02820585569,0.02820585581,0.5982247191,0.1987738726,0,0.6052429375,0.6036239456,0.6053651833,0.6071011237,0.6049045095,0.6072671229
6.36,4.244073474,4.23873032,4.244617939,4.244073474,4.23873032,4.24461794,0.02805219168,0.02805219178,0.5982423834,0.1987766988,0,0.6051908994,0.6036156069,0.6053512874,0.6070304664,0.6048932046,0.6072482525
6.38,4.243898588,4.238701406,4.244570911,4.243898588,4.238701406,4.244570912,0.02789981529,0.02789981537,0.598259872,0.1987795902,0,0.6051393765,0.6036070759,0.6053374349,0.6069605121,0.6048816392,0.6072294413
6.4,4.243725443,4.238671857,4.244524025,4.243725443,4.238671857,4.244524025,0.02774870775,0.0277487078,0.5982771865,0.1987825452,0,0.6050883638,0.6035983573,0.605323624,0.6068912538,0.6048698194,0.6072106869
6.42,4.24355402,4.238641687,4.244477275,4.24355402,4.238641687,4.244477275,0.02759885059,0.02759885061,0.5982943288,0.1987855621,0,0.6050378562,0.6035894557,0.6053098529,0.6068226847,0.6048577515,0.6071919867
6.44,4.243384303,4.238610912,4.244430654,4.243384303,4.238610912,4.244430654,0.02745022565,0.02745022565,0.5983113005,0.1987886396,0,0.6049878487,0.6035803754,0.6052961199,0.6067547978,0.6048454417,0.6071733384
6.46,4.243216274,4.238579548,4.244384157,4.243216274,4.238579548,4.244384157,0.02730281509,0.02730281508,0.5983281034,0.198791776,0,0.6049383365,0.603571121,0.6052824231,0.6066875865,0.6048328958,0.6071547396
6.48,4.243049918,4.238547608,4.244337778,4.243049918,4.238547608,4.244337778,0.02715660136,0.02715660135,0.598344739,0.19879497,0,0.6048893146,0.6035616968,0.605268761,0.6066210439,0.6048201199,0.6071361881
6.5,4.242885217,4.238515108,4.244291513,4.242885217,4.238515108,4.244291513,0.02701156724,0.02701156723,0.5983612091,0.19879822,0,0.6048407782,0.6035521071,0.6052551319,0.6065551634,0.6048071198,0.6071176818
6.52,4.242722154,4.238482061,4.244245354,4.242722154,4.238482061,4.244245354,0.02686769576,0.02686769575,0.5983775154,0.1988015247,0,0.6047927225,0.6035423562,0.6052415343,0.6064899384,0.6047939012,0.6070992184
6.54,4.242560714,4.238448482,4.244199298,4.242560714,4.238448482,4.244199298,0.02672497027,0.02672497026,0.5983936594,0.1988048826,0,0.6047451428,0.6035324481,0.6052279667,0.6064253625,0.6047804697,0.607080796
6.56,4.242400881,4.238414385,4.24415334,4.242400881,4.238414385,4.24415334,0.02658337438,0.02658337437,0.5984096427,0.1988082923,0,0.6046980343,0.6035223869,0.6052144276,0.606361429,0.6047668308,0.6070624126
6.58,4.242242638,4.238379783,4.244107473,4.242242638,4.238379783,4.244107473,0.02644289199,0.02644289198,0.5984254671,0.1988117525,0,0.6046513925,0.6035121768,0.6052009156,0.6062981318,0.6047529901,0.6070440661
6.6,4.242085969,4.23834469,4.244061695,4.242085969,4.23834469,4.244061695,0.02630350726,0.02630350725,0.5984411339,0.1988152618,0,0.6046052128,0.6035018216,0.6051874293,0.6062354643,0.6047389529,0.6070257547
6.62,4.241930859,4.238309119,4.244016,4.241930859,4.238309119,4.244016,0.02616520464,0.02616520464,0.5984566449,0.1988188189,0,0.6045594905,0.6034913252,0.6051739673,0.6061734204,0.6047247244,0.6070074767
6.64,4.241777293,4.238273083,4.243970383,4.241777293,4.238273083,4.243970383,0.02602796884,0.02602796883,0.5984720015,0.1988224225,0,0.6045142212,0.6034806915,0.6051605283,0.6061119938,0.6047103099,0.6069892301
6.66,4.241625254,4.238236594,4.243924842,4.241625254,4.238236594,4.243924842,0.02589178482,0.02589178481,0.5984872054,0.1988260714,0,0.6044694003,0.6034699241,0.6051471111,0.6060511785,0.6046957145,0.6069710134
6.68,4.241474729,4.238199666,4.24387937,4.241474729,4.238199666,4.24387937,0.02575663779,0.02575663778,0.5985022579,0.1988297642,0,0.6044250236,0.603459027,0.6051337145,0.6059909683,0.6046809432,0.6069528248
6.7,4.241325701,4.23816231,4.243833965,4.241325701,4.23816231,4.243833965,0.02562251324,0.02562251323,0.5985171607,0.1988334998,0,0.6043810865,0.6034480035,0.6051203373,0.6059313571,0.6046660009,0.6069346627
6.72,4.241178156,4.23812454,4.243788622,4.241178156,4.23812454,4.243788622,0.02548939689,0.02548939687,0.5985319152,0.1988372769,0,0.6043375848,0.6034368575,0.6051069783,0.6058723391,0.6046508926,0.6069165257
6.74,4.241032079,4.238086365,4.243743338,4.241032079,4.238086365,4.243743338,0.0253572747,0.02535727468,0.5985465229,0.1988410943,0,0.6042945142,0.6034255923,0.6050936364,0.6058139084,0.6046356229,0.6068984121
6.76,4.240887456,4.2380478,4.24369811,4.240887456,4.2380478,4.24369811,0.02522613288,0.02522613286,0.5985609852,0.1988449508,0,0.6042518704,0.6034142115,0.6050803106,0.605756059,0.6046201967,0.6068803206
6.78,4.240744271,4.238008854,4.243652932,4.240744271,4.238008854,4.243652932,0.02509595788,0.02509595785,0.5985753037,0.1988488454,0,0.6042096491,0.6034027184,0.6050669998,0.6056987853,0.6046046185,0.6068622497
6.8,4.240602512,4.23796954,4.243607803,4.240602512,4.23796954,4.243607803,0.02496673637,0.02496673633,0.5985894796,0.1988527768,0,0.6041678463,0.6033911164,0.6050537031,0.6056420814,0.6045888929,0.6068441981
6.82,4.240462163,4.237929869,4.243562719,4.240462163,4.237929869,4.243562719,0.02483845525,0.0248384552,0.5986035146,0.1988567439,0,0.6041264578,0.6033794089,0.6050404194,0.6055859418,0.6045730243,0.6068261644
6.84,4.24032321,4.237889851,4.243517677,4.24032321,4.237889851,4.243517677,0.02471110166,0.0247111016,0.5986174098,0.1988607457,0,0.6040854794,0.603367599,0.6050271478,0.6055303607,0.6045570172,0.6068081474
6.86,4.24018564,4.237849498,4.243472673,4.24018564,4.237849498,4.243472673,0.02458466294,0.02458466288,0.5986311668,0.198864781,0,0.6040449072,0.6033556899,0.6050138875,0.6054753327,0.6045408759,0.6067901459
6.88,4.240049439,4.23780882,4.243427705,4.240049439,4.23780882,4.243427705,0.02445912667,0.0244591266,0.5986447869,0.1988688488,0,0.6040047372,0.6033436849,0.6050006375,0.6054208523,0.6045246046,0.6067721587
6.9,4.239914593,4.237767827,4.24338277,4.239914593,4.237767827,4.24338277,0.02433448063,0.02433448055,0.5986582715,0.1988729481,0,0.6039649653,0.6033315869,0.6049873971,0.6053669139,0.6045082076,0.6067541847
6.92,4.239781089,4.23772653,4.243337865,4.239781089,4.237726531,4.243337865,0.02421071281,0.02421071272,0.598671622,0.1988770778,0,0.6039255877,0.603319399,0.6049741654,0.6053135122,0.6044916889,0.6067362228
6.94,4.239648913,4.23768494,4.243292988,4.239648913,4.23768494,4.243292988,0.0240878114,0.02408781132,0.5986848395,0.1988812368,0,0.6038866004,0.6033071241,0.6049609416,0.6052606419,0.6044750526,0.6067182718
6.96,4.239518052,4.237643065,4.243248135,4.239518052,4.237643065,4.243248135,0.02396576483,0.02396576474,0.5986979256,0.1988854243,0,0.6038479996,0.6032947653,0.604947725,0.6052082976,0.6044583027,0.6067003309
6.98,4.239388494,4.237600916,4.243203306,4.239388494,4.237600916,4.243203306,0.02384456168,0.0238445616,0.5987108815,0.1988896392,0,0.6038097815,0.6032823254,0.604934515,0.6051564742,0.604441443,0.6066823991
7,4.239260224,4.237558502,4.243158496,4.239260224,4.237558502,4.243158496,0.02372419076,0.02372419069,0.5987237084,0.1988938806,0,0.6037719422,0.6032698072,0.6049213108,0.6051051664,0.6044244775,0.6066644753
7.02,4.239133231,4.237515833,4.243113705,4.239133231,4.237515833,4.243113705,0.02360464108,0.02360464102,0.5987364077,0.1988981475,0,0.6037344782,0.6032572135,0.6049081117,0.6050543691,0.6044074099,0.6066465588
7.04,4.239007501,4.237472918,4.24306893,4.239007501,4.237472918,4.24306893,0.02348590181,0.02348590176,0.5987489807,0.198902439,0,0.6036973855,0.6032445471,0.6048949171,0.6050040773,0.6043902438,0.6066286486
7.06,4.238883023,4.237429766,4.243024168,4.238883023,4.237429766,4.243024168,0.02336796232,0.0233679623,0.5987614285,0.1989067542,0,0.6036606607,0.6032318106,0.6048817265,0.6049542859,0.604372983,0.606610744
7.08,4.238759783,4.237386386,4.242979419,4.238759783,4.237386386,4.242979419,0.02325081219,0.02325081218,0.5987737525,0.1989110922,0,0.6036242999,0.6032190066,0.6048685392,0.60490499,0.6043556311,0.6065928442
7.1,4.238637769,4.237342787,4.242934679,4.238637769,4.237342787,4.242934679,0.02313444114,0.02313444116,0.5987859539,0.1989154521,0,0.6035882998,0.6032061378,0.6048553546,0.6048561845,0.6043381915,0.6065749483
7.12,4.23851697,4.237298977,4.242889948,4.23851697,4.237298977,4.242889948,0.0230188391,0.02301883914,0.5987980338,0.1989198331,0,0.6035526566,0.6031932068,0.6048421724,0.6048078646,0.6043206677,0.6065570558
7.14,4.238397372,4.237254966,4.242845223,4.238397372,4.237254966,4.242845223,0.02290399616,0.02290399622,0.5988099936,0.1989242342,0,0.6035173668,0.603180216,0.6048289919,0.6047600256,0.6043030632,0.6065391659
7.16,4.238278964,4.237210761,4.242800503,4.238278964,4.237210761,4.242800503,0.02278990258,0.02278990266,0.5988218344,0.1989286547,0,0.603482427,0.6031671679,0.6048158127,0.6047126625,0.6042853812,0.6065212779
7.18,4.238161735,4.237166371,4.242755786,4.238161735,4.237166371,4.242755787,0.02267654881,0.02267654891,0.5988335573,0.1989330937,0,0.6034478337,0.6031540649,0.6048026343,0.6046657708,0.604267625,0.6065033913
7.2,4.238045672,4.237121803,4.242711072,4.238045672,4.237121803,4.242711072,0.02256392544,0.02256392555,0.5988451636,0.1989375505,0,0.6034135835,0.6031409094,0.6047894563,0.6046193456,0.604249798,0.6064855054
7.22,4.237930764,4.237077066,4.242666358,4.237930764,4.237077066,4.242666358,0.02245202323,0.02245202335,0.5988566544,0.1989420242,0,0.603379673,0.6031277037,0.6047762783,0.6045733823,0.6042319032,0.6064676198
7.24,4.237816999,4.237032167,4.242621643,4.237816999,4.237032167,4.242621643,0.02234083312,0.02234083324,0.5988680309,0.1989465141,0,0.6033460988,0.6031144501,0.6047630999,0.6045278764,0.6042139437,0.6064497338
7.26,4.237704366,4.236987115,4.242576926,4.237704366,4.236987115,4.242576926,0.02223034619,0.02223034631,0.5988792942,0.1989510193,0,0.6033128576,0.603101151,0.6047499206,0.6044828233,0.6041959226,0.606431847
7.28,4.237592854,4.236941916,4.242532205,4.237592854,4.236941916,4.242532205,0.02212055368,0.02212055378,0.5988904454,0.1989555392,0,0.6032799461,0.6030878084,0.6047367403,0.6044382184,0.604177843,0.6064139589
7.3,4.237482452,4.236896577,4.242487481,4.237482452,4.236896577,4.242487481,0.02201144697,0.02201144706,0.5989014856,0.1989600731,0,0.6032473611,0.6030744246,0.6047235585,0.6043940574,0.6041597077,0.606396069
7.32,4.237373148,4.236851107,4.242442751,4.237373148,4.236851107,4.242442751,0.02190301762,0.02190301769,0.598912416,0.1989646201,0,0.6032150992,0.6030610017,0.604710375,0.6043503358,0.6041415197,0.606378177
7.34,4.237264931,4.236805513,4.242398014,4.237264931,4.236805513,4.242398014,0.0217952573,0.02179525734,0.5989232377,0.1989691795,0,0.6031831574,0.6030475418,0.6046971894,0.6043070493,0.6041232819,0.6063602824
7.36,4.237157792,4.2367598,4.24235327,4.237157792,4.2367598,4.24235327,0.02168815785,0.02168815787,0.5989339516,0.1989737508,0,0.6031515325,0.603034047,0.6046840015,0.6042641934,0.6041049969,0.6063423849
7.38,4.237051718,4.236713977,4.242308518,4.237051718,4.236713977,4.242308518,0.02158171125,0.02158171125,0.598944559,0.1989783331,0,0.6031202213,0.6030205193,0.604670811,0.604221764,0.6040866675,0.6063244841
7.4,4.2369467,4.236668049,4.242263757,4.2369467,4.236668049,4.242263757,0.0214759096,0.02147590959,0.5989550608,0.1989829259,0,0.6030892207,0.6030069606,0.6046576177,0.6041797567,0.6040682965,0.6063065797
7.42,4.236842727,4.236622024,4.242218987,4.236842727,4.236622024,4.242218987,0.02137074516,0.02137074515,0.5989654581,0.1989875284,0,0.6030585277,0.602993373,0.6046444214,0.6041381674,0.6040498865,0.6062886715
7.44,4.236739788,4.236575908,4.242174206,4.236739788,4.236575908,4.242174206,0.02126621034,0.02126621033,0.598975752,0.19899214,0,0.6030281391,0.6029797583,0.6046312218,0.604096992,0.6040314401,0.6062707591
7.46,4.236637874,4.236529708,4.242129414,4.236637874,4.236529708,4.242129414,0.02116229765,0.02116229764,0.5989859434,0.19899676,0,0.6029980521,0.6029661185,0.6046180188,0.6040562262,0.6040129598,0.6062528423
7.48,4.236536973,4.236483429,4.24208461,4.236536973,4.236483429,4.24208461,0.02105899976,0.02105899975,0.5989960335,0.199001388,0,0.6029682636,0.6029524553,0.6046048123,0.6040158661,0.6039944482,0.6062349209
7.5,4.236437077,4.236437077,4.242039795,4.236437077,4.236437077,4.242039795,0.02095630945,0.02095630944,0.5990060231,0.1990060231,0,0.6029387706,0.6029387706,0.6045916021,0.6039759076,0.6039759076,0.6062169947
7.52,4.236338175,4.236390659,4.241994967,4.236338175,4.236390659,4.241994967,0.02085421962,0.02085421961,0.5990159133,0.1990106649,0,0.6029095703,0.6029250661,0.604578388,0.6039363466,0.6039573405,0.6061990634
7.54,4.236240256,4.236344181,4.241950126,4.236240256,4.236344181,4.241950126,0.02075272332,0.02075272331,0.5990257052,0.1990153127,0,0.6028806597,0.6029113437,0.6045651699,0.6038971793,0.6039387492,0.6061811271
7.56,4.236143312,4.236297649,4.241905271,4.236143312,4.236297649,4.241905271,0.0206518137,0.02065181369,0.5990353996,0.199019966,0,0.602852036,0.6028976049,0.6045519477,0.6038584018,0.6039201362,0.6061631854
7.58,4.236047333,4.236251067,4.241860404,4.236047333,4.236251067,4.241860404,0.02055148404,0.02055148403,0.5990449975,0.1990246241,0,0.6028236963,0.6028838516,0.6045387214,0.60382001,0.6039015036,0.6061452382
7.6,4.235952309,4.236204442,4.241815522,4.235952309,4.236204442,4.241815522,0.02045172773,0.02045172773,0.5990544999,0.1990292866,0,0.6027956378,0.6028700852,0.6045254908,0.6037820003,0.6038828536,0.6061272856
7.62,4.23585823,4.236157779,4.241770626,4.23585823,4.236157779,4.241770626,0.02035253829,0.02035253828,0.5990639078,0.1990339529,0,0.6027678578,0.6028563075,0.604512256,0.6037443688,0.6038641885,0.6061093273
7.64,4.235765087,4.236111084,4.241725716,4.235765087,4.236111084,4.241725716,0.02025390934,0.02025390933,0.5990732221,0.1990386224,0,0.6027403535,0.6028425201,0.6044990167,0.6037071117,0.6038455105,0.6060913633
7.66,4.235672871,4.236064362,4.241680792,4.235672871,4.236064362,4.241680792,0.02015583462,0.02015583461,0.5990824437,0.1990432946,0,0.6027131221,0.6028287244,0.6044857731,0.6036702253,0.6038268216,0.6060733936
7.68,4.235581573,4.236017618,4.241635854,4.235581573,4.236017618,4.241635854,0.02005830797,0.02005830795,0.5990915735,0.199047969,0,0.602686161,0.6028149221,0.604472525,0.6036337059,0.6038081238,0.6060554182
7.7,4.235491183,4.235970856,4.2415909,4.235491183,4.235970856,4.2415909,0.01996132334,0.01996132332,0.5991006125,0.1990526452,0,0.6026594674,0.6028011145,0.6044592726,0.60359755,0.6037894193,0.6060374369
7.72,4.235401692,4.235924083,4.241545933,4.235401692,4.235924083,4.241545933,0.01986487481,0.01986487478,0.5991095616,0.1990573225,0,0.6026330388,0.6027873032,0.6044460157,0.6035617537,0.6037707099,0.6060194499
7.74,4.235313092,4.235877302,4.241500951,4.235313092,4.235877303,4.241500951,0.01976895653,0.0197689565,0.5991184216,0.1990620006,0,0.6026068725,0.6027734897,0.6044327543,0.6035263137,0.6037519977,0.6060014571
7.76,4.235225374,4.23583052,4.241455955,4.235225374,4.23583052,4.241455954,0.01967356277,0.01967356273,0.5991271934,0.1990666788,0,0.6025809659,0.6027596752,0.6044194886,0.6034912263,0.6037332846,0.6059834586
7.78,4.235138528,4.235783739,4.241410944,4.235138528,4.235783739,4.241410944,0.0195786879,0.01957868785,0.599135878,0.1990713569,0,0.6025553164,0.6027458613,0.6044062185,0.603456488,0.6037145724,0.6059654544
7.8,4.235052547,4.235736966,4.241365919,4.235052547,4.235736966,4.241365919,0.01948432639,0.01948432633,0.5991444762,0.1990760343,0,0.6025299216,0.6027320492,0.6043929441,0.6034220954,0.603695863,0.6059474445
7.82,4.234967421,4.235690203,4.241320881,4.23496742,4.235690203,4.241320881,0.01939047279,0.01939047272,0.5991529888,0.1990807105,0,0.6025047788,0.6027182403,0.6043796654,0.603388045,0.6036771581,0.6059294291
7.84,4.234883141,4.235643457,4.241275829,4.234883141,4.235643457,4.241275828,0.01929712177,0.01929712169,0.5991614167,0.1990853851,0,0.6024798855,0.6027044359,0.6043663826,0.6033543334,0.6036584595,0.6059114082
7.86,4.234799701,4.235596731,4.241230763,4.234799701,4.235596731,4.241230763,0.01920426807,0.019204268,0.5991697607,0.1990900577,0,0.6024552394,0.6026906372,0.6043530956,0.6033209572,0.603639769,0.605893382
7.88,4.234717091,4.235550029,4.241185684,4.234717091,4.235550029,4.241185684,0.01911190655,0.01911190647,0.5991780217,0.1990947279,0,0.602430838,0.6026768455,0.6043398045,0.6032879131,0.6036210882,0.6058753504
7.9,4.234635303,4.235503355,4.241140593,4.234635303,4.235503355,4.241140592,0.01902003214,0.01902003206,0.5991862005,0.1990993953,0,0.6024066787,0.6026630621,0.6043265095,0.6032551978,0.6036024189,0.6058573138
7.92,4.234554328,4.235456714,4.241095489,4.234554328,4.235456714,4.241095488,0.01892863986,0.01892863978,0.599194298,0.1991040594,0,0.6023827593,0.6026492881,0.6043132107,0.6032228081,0.6035837625,0.6058392722
7.94,4.23447416,4.23541011,4.241050372,4.23447416,4.23541011,4.241050372,0.01883772483,0.01883772475,0.5992023149,0.1991087198,0,0.6023590774,0.6026355247,0.6042999081,0.6031907406,0.6035651208,0.6058212257
7.96,4.234394789,4.235363546,4.241005244,4.234394789,4.235363546,4.241005244,0.01874728223,0.01874728215,0.599210252,0.1991133762,0,0.6023356306,0.6026217731,0.6042866019,0.6031589922,0.6035464952,0.6058031746
7.98,4.234316207,4.235317026,4.240960105,4.234316207,4.235317026,4.240960105,0.01865730735,0.01865730729,0.5992181101,0.1991180282,0,0.6023124165,0.6026080343,0.6042732921,0.6031275597,0.6035278873,0.6057851189
8,4.234238408,4.235270555,4.240914955,4.234238408,4.235270555,4.240914955,0.01856779556,0.0185677955,0.59922589,0.1991226754,0,0.602289433,0.6025943095,0.6042599791,0.6030964399,0.6035092986,0.6057670589
8.02,4.234161383,4.235224134,4.240869795,4.234161383,4.235224134,4.240869795,0.01847874229,0.01847874225,0.5992335925,0.1991273174,0,0.6022666776,0.6025805998,0.6042466628,0.6030656299,0.6034907305,0.6057489948
8.04,4.234085124,4.235177769,4.240824625,4.234085124,4.235177769,4.240824625,0.01839014308,0.01839014305,0.5992412184,0.1991319539,0,0.6022441481,0.6025669062,0.6042333434,0.6030351263,0.6034721845,0.6057309267
8.06,4.234009624,4.235131463,4.240779445,4.234009624,4.235131463,4.240779445,0.01830199352,0.01830199352,0.5992487684,0.1991365845,0,0.6022218423,0.6025532298,0.6042200212,0.6030049263,0.603453662,0.6057128549
8.08,4.233934875,4.235085219,4.240734257,4.233934875,4.235085219,4.240734257,0.0182142893,0.01821428931,0.5992562433,0.1991412089,0,0.6021997581,0.6025395715,0.6042066962,0.6029750268,0.6034351643,0.6056947797
8.1,4.23386087,4.23503904,4.240689061,4.23386087,4.23503904,4.240689061,0.01812702617,0.0181270262,0.5992636438,0.1991458268,0,0.602177893,0.6025259323,0.6041933686,0.6029454248,0.6034166928,0.6056767011
8.12,4.233787601,4.23499293,4.240643857,4.233787601,4.23499293,4.240643857,0.01804019995,0.01804020001,0.5992709707,0.1991504378,0,0.6021562451,0.6025123133,0.6041800386,0.6029161173,0.6033982487,0.6056586196
8.14,4.233715062,4.234946892,4.240598646,4.233715062,4.234946892,4.240598646,0.01795380657,0.01795380664,0.5992782246,0.1991550416,0,0.6021348122,0.6024987153,0.6041667064,0.6028871015,0.6033798335,0.6056405353
8.16,4.233643244,4.234900929,4.240553429,4.233643244,4.234900929,4.240553429,0.01786784197,0.01786784206,0.5992854064,0.1991596379,0,0.6021135921,0.6024851393,0.6041533722,0.6028583743,0.6033614482,0.6056224484
8.18,4.233572141,4.234855044,4.240508206,4.233572141,4.234855044,4.240508207,0.01778230222,0.01778230232,0.5992925167,0.1991642264,0,0.6020925827,0.6024715863,0.6041400361,0.602829933,0.6033430943,0.6056043593
8.2,4.233501745,4.23480924,4.240462979,4.233501745,4.23480924,4.240462979,0.01769718342,0.01769718353,0.5992995563,0.1991688068,0,0.6020717819,0.602458057,0.6041266984,0.6028017747,0.6033247727,0.6055862683
8.22,4.23343205,4.23476352,4.240417747,4.23343205,4.23476352,4.240417747,0.01761248175,0.01761248187,0.5993065259,0.1991733788,0,0.6020511877,0.6024445523,0.6041133593,0.6027738966,0.6033064848,0.6055681755
8.24,4.233363048,4.234717887,4.240372511,4.233363048,4.234717887,4.240372512,0.01752819346,0.01752819358,0.599313426,0.1991779421,0,0.602030798,0.6024310732,0.604100019,0.6027462958,0.6032882316,0.6055500813
8.26,4.233294732,4.234672344,4.240327273,4.233294733,4.234672344,4.240327273,0.01744431486,0.01744431497,0.5993202576,0.1991824964,0,0.6020106107,0.6024176204,0.6040866777,0.6027189697,0.6032700144,0.605531986
8.28,4.233227097,4.234626893,4.240282033,4.233227097,4.234626893,4.240282033,0.01736084232,0.01736084242,0.5993270211,0.1991870415,0,0.601990624,0.6024041947,0.6040733356,0.6026919155,0.603251834,0.6055138899
8.3,4.233160134,4.234581538,4.240236791,4.233160134,4.234581537,4.240236791,0.01727777229,0.01727777237,0.5993337174,0.1991915771,0,0.6019708358,0.6023907969,0.604059993,0.6026651305,0.6032336918,0.6054957932
8.32,4.233093838,4.23453628,4.240191549,4.233093838,4.23453628,4.240191549,0.01719510125,0.01719510131,0.599340347,0.1991961029,0,0.601951244,0.6023774278,0.60404665,0.6026386121,0.6032155886,0.6054776964
8.34,4.233028202,4.234491122,4.240146307,4.233028202,4.234491122,4.240146307,0.01711282576,0.0171128258,0.5993469106,0.1992006186,0,0.6019318469,0.6023640881,0.6040333069,0.6026123574,0.6031975255,0.6054595996
8.36,4.232963218,4.234446067,4.240101066,4.232963218,4.234446067,4.240101066,0.01703094245,0.01703094246,0.599353409,0.1992051241,0,0.6019126424,0.6023507787,0.604019964,0.602586364,0.6031795035,0.6054415033
8.38,4.232898881,4.234401117,4.240055828,4.232898881,4.234401117,4.240055828,0.01694944798,0.01694944798,0.5993598427,0.1992096191,0,0.6018936286,0.6023375001,0.6040066215,0.6025606293,0.6031615236,0.6054234078
8.4,4.232835185,4.234356275,4.240010591,4.232835185,4.234356275,4.240010591,0.01686833908,0.01686833907,0.5993662123,0.1992141033,0,0.6018748037,0.6023242532,0.6039932796,0.6025351506,0.6031435867,0.6054053133
8.42,4.232772122,4.234311543,4.239965359,4.232772122,4.234311543,4.239965359,0.01678761255,0.01678761254,0.5993725186,0.1992185765,0,0.6018561658,0.6023110385,0.6039799386,0.6025099254,0.6031256938,0.6053872203
8.44,4.232709686,4.234266922,4.239920131,4.232709686,4.234266922,4.239920131,0.01670726524,0.01670726523,0.5993787622,0.1992230386,0,0.601837713,0.6022978568,0.6039665987,0.6024849513,0.6031078457,0.605369129
8.46,4.232647872,4.234222416,4.239874908,4.232647872,4.234222416,4.239874908,0.01662729404,0.01662729403,0.5993849436,0.1992274892,0,0.6018194435,0.6022847087,0.6039532602,0.6024602256,0.6030900433,0.6053510399
8.48,4.232586673,4.234178027,4.239829691,4.232586673,4.234178027,4.239829691,0.01654769591,0.0165476959,0.5993910635,0.1992319281,0,0.6018013554,0.6022715948,0.6039399234,0.6024357459,0.6030722875,0.6053329532
8.5,4.232526083,4.234133756,4.239784481,4.232526083,4.234133756,4.239784481,0.01646846785,0.01646846784,0.5993971225,0.1992363552,0,0.601783447,0.6022585157,0.6039265884,0.6024115099,0.6030545791,0.6053148693
8.52,4.232466095,4.234089606,4.23973928,4.232466095,4.234089606,4.23973928,0.01638960692,0.01638960691,0.5994031213,0.1992407703,0,0.6017657165,0.6022454722,0.6039132557,0.6023875149,0.603036919,0.6052967886
8.54,4.232406705,4.234045578,4.239694087,4.232406705,4.234045578,4.239694087,0.01631111023,0.01631111022,0.5994090603,0.199245173,0,0.6017481621,0.6022324646,0.6038999254,0.6023637588,0.6030193078,0.6052787115
8.56,4.232347906,4.234001674,4.239648904,4.232347906,4.234001674,4.239648904,0.01623297491,0.01623297491,0.5994149403,0.1992495634,0,0.6017307821,0.6022194937,0.6038865978,0.602340239,0.6030017465,0.6052606383
8.58,4.232289691,4.233957897,4.239603732,4.232289691,4.233957897,4.239603732,0.01615519819,0.01615519819,0.5994207617,0.1992539411,0,0.6017135747,0.60220656,0.6038732732,0.6023169532,0.6029842357,0.6052425694
8.6,4.232232056,4.233914249,4.239558571,4.232232056,4.233914249,4.239558571,0.01607777731,0.01607777731,0.5994265252,0.1992583059,0,0.6016965383,0.6021936639,0.6038599518,0.6022938991,0.6029667762,0.6052245051
8.62,4.232174994,4.23387073,4.239513423,4.232174994,4.23387073,4.239513423,0.01600070957,0.01600070956,0.5994322314,0.1992626578,0,0.6016796711,0.6021808062,0.603846634,0.6022710744,0.6029493687,0.6052064458
8.64,4.2321185,4.233827343,4.239468288,4.2321185,4.233827343,4.239468288,0.0159239923,0.01592399229,0.5994378808,0.1992669965,0,0.6016629715,0.6021679871,0.60383332,0.6022484769,0.6029320138,0.605188392
8.66,4.232062569,4.233784089,4.239423168,4.232062569,4.233784089,4.239423168,0.01584762289,0.01584762289,0.599443474,0.1992713219,0,0.6016464378,0.6021552074,0.6038200101,0.6022261042,0.6029147124,0.6051703439
8.68,4.232007193,4.23374097,4.239378063,4.232007193,4.23374097,4.239378063,0.01577159878,0.01577159878,0.5994490115,0.1992756338,0,0.6016300683,0.6021424674,0.6038067046,0.6022039541,0.6028974649,0.605152302
8.7,4.231952369,4.233697988,4.239332975,4.231952369,4.233697988,4.239332975,0.01569591744,0.01569591743,0.5994544939,0.199279932,0,0.6016138615,0.6021297675,0.6037934037,0.6021820243,0.6028802721,0.6051342667
8.72,4.23189809,4.233655145,4.239287904,4.23189809,4.233655145,4.239287904,0.01562057639,0.01562057637,0.5994599218,0.1992842163,0,0.6015978157,0.6021171084,0.6037801078,0.6021603128,0.6028631346,0.6051162382
8.74,4.231844352,4.233612441,4.239242851,4.231844352,4.233612441,4.239242851,0.01554557317,0.01554557314,0.5994652957,0.1992884868,0,0.6015819292,0.6021044904,0.6037668171,0.6021388174,0.602846053,0.6050982171
8.76,4.231791148,4.233569878,4.239197817,4.231791148,4.233569878,4.239197817,0.01547090538,0.01547090535,0.5994706161,0.1992927431,0,0.6015662007,0.602091914,0.6037535319,0.6021175358,0.6028290278,0.6050802037
8.78,4.231738473,4.233527457,4.239152804,4.231738473,4.233527457,4.239152804,0.01539657067,0.01539657064,0.5994758835,0.1992969851,0,0.6015506283,0.6020793795,0.6037402525,0.602096466,0.6028120596,0.6050621985
8.8,4.231686323,4.233485181,4.239107812,4.231686323,4.233485181,4.239107812,0.01532256671,0.01532256667,0.5994810986,0.1993012127,0,0.6015352107,0.6020668874,0.6037269793,0.6020756058,0.6027951491,0.6050442017
8.82,4.231634691,4.23344305,4.239062843,4.231634691,4.23344305,4.239062842,0.01524889122,0.01524889116,0.5994862617,0.1993054258,0,0.6015199463,0.6020544381,0.6037137124,0.6020549531,0.6027782966,0.6050262138
8.84,4.231583573,4.233401065,4.239017896,4.231583573,4.233401065,4.239017896,0.01517554193,0.01517554187,0.5994913735,0.1993096243,0,0.6015048336,0.602042032,0.6037004522,0.602034506,0.6027615028,0.6050082351
8.86,4.231532964,4.233359228,4.238972974,4.231532964,4.233359228,4.238972973,0.01510251665,0.01510251658,0.5994964344,0.199313808,0,0.601489871,0.6020296693,0.6036871989,0.6020142624,0.6027447681,0.6049902662
8.88,4.231482858,4.233317541,4.238928076,4.231482858,4.233317541,4.238928076,0.0150298132,0.01502981312,0.599501445,0.1993179767,0,0.601475057,0.6020173506,0.6036739529,0.6019942201,0.6027280931,0.6049723073
8.9,4.231433251,4.233276003,4.238883205,4.231433251,4.233276003,4.238883205,0.01495742943,0.01495742935,0.5995064057,0.1993221305,0,0.6014603903,0.6020050762,0.6036607145,0.6019743773,0.6027114781,0.6049543589
8.92,4.231384138,4.233234617,4.238838361,4.231384138,4.233234617,4.238838361,0.01488536324,0.01488536315,0.599511317,0.1993262691,0,0.6014458693,0.6019928463,0.6036474839,0.6019547319,0.6026949237,0.6049364214
8.94,4.231335513,4.233193384,4.238793546,4.231335513,4.233193384,4.238793546,0.01481361255,0.01481361247,0.5995161795,0.1993303924,0,0.6014314926,0.6019806614,0.6036342614,0.601935282,0.6026784302,0.6049184951
8.96,4.231287372,4.233152304,4.238748759,4.231287372,4.233152304,4.238748759,0.01474217534,0.01474217526,0.5995209936,0.1993345004,0,0.6014172587,0.6019685216,0.6036210474,0.6019160256,0.6026619982,0.6049005805
8.98,4.23123971,4.233111378,4.238704003,4.23123971,4.233111378,4.238704003,0.01467104959,0.01467104951,0.5995257598,0.199338593,0,0.6014031663,0.6019564274,0.6036078421,0.6018969608,0.602645628,0.6048826779
9,4.231192523,4.233070608,4.238659278,4.231192523,4.233070608,4.238659277,0.01460023333,0.01460023326,0.5995304786,0.19934267,0,0.6013892139,0.601944379,0.6035946459,0.6018780858,0.60262932,0.6048647878
9.02,4.231145804,4.233029995,4.238614584,4.231145804,4.233029995,4.238614584,0.01452972462,0.01452972456,0.5995351504,0.1993467313,0,0.6013754001,0.6019323768,0.6035814589,0.6018593985,0.6026130747,0.6048469105
9.04,4.231099551,4.232989539,4.238569924,4.231099551,4.232989539,4.238569924,0.01445952155,0.0144595215,0.5995397757,0.1993507769,0,0.6013617236,0.6019204209,0.6035682816,0.6018408972,0.6025968922,0.6048290465
9.06,4.231053758,4.232949241,4.238525299,4.231053758,4.232949241,4.238525298,0.01438962224,0.01438962219,0.599544355,0.1993548067,0,0.6013481831,0.6019085117,0.6035551141,0.6018225799,0.6025807732,0.6048111962
9.08,4.231008421,4.232909103,4.238480708,4.231008421,4.232909103,4.238480708,0.01432002482,0.01432002479,0.5995488888,0.1993588206,0,0.601334777,0.6018966494,0.6035419569,0.601804445,0.6025647178,0.6047933599
9.1,4.230963534,4.232869124,4.238436153,4.230963534,4.232869124,4.238436153,0.01425072749,0.01425072748,0.5995533774,0.1993628184,0,0.6013215042,0.6018848342,0.6035288101,0.6017864904,0.6025487263,0.604775538
9.12,4.230919094,4.232829306,4.238391636,4.230919094,4.232829306,4.238391636,0.01418172845,0.01418172846,0.5995578214,0.1993668002,0,0.6013083633,0.6018730664,0.6035156741,0.6017687146,0.6025327993,0.604757731
9.14,4.230875097,4.23278965,4.238347156,4.230875097,4.23278965,4.238347156,0.01411302594,0.01411302596,0.5995622211,0.1993707658,0,0.601295353,0.6018613462,0.6035025492,0.6017511156,0.6025169368,0.6047399392
9.16,4.230831537,4.232750156,4.238302716,4.230831537,4.232750156,4.238302716,0.0140446182,0.01404461824,0.5995665771,0.1993747152,0,0.601282472,0.6018496739,0.6034894357,0.6017336917,0.6025011392,0.6047221631
9.18,4.230788411,4.232710825,4.238258315,4.230788411,4.232710825,4.238258316,0.01397650354,0.0139765036,0.5995708897,0.1993786483,0,0.601269719,0.6018380496,0.6034763338,0.6017164411,0.6024854068,0.6047044029
9.2,4.230745714,4.232671658,4.238213956,4.230745714,4.232671658,4.238213956,0.01390868027,0.01390868034,0.5995751594,0.199382565,0,0.6012570927,0.6018264735,0.6034632439,0.6016993623,0.6024697399,0.6046866592
9.22,4.230703441,4.232632655,4.238169639,4.230703441,4.232632655,4.238169639,0.01384114672,0.01384114681,0.5995793867,0.1993864653,0,0.601244592,0.6018149458,0.6034501662,0.6016824533,0.6024541386,0.6046689323
9.24,4.23066159,4.232593816,4.238125365,4.23066159,4.232593816,4.238125365,0.01377390127,0.01377390137,0.5995835718,0.1993903492,0,0.6012322154,0.6018034668,0.603437101,0.6016657126,0.6024386034,0.6046512226
9.26,4.230620154,4.232555144,4.238081134,4.230620154,4.232555144,4.238081135,0.0137069423,0.01370694241,0.5995877154,0.1993942164,0,0.6012199619,0.6017920365,0.6034240486,0.6016491385,0.6024231343,0.6046335305
9.28,4.230579131,4.232516637,4.238036949,4.230579131,4.232516637,4.238036949,0.01364026823,0.01364026835,0.5995918177,0.1993980671,0,0.6012078301,0.6017806551,0.6034110094,0.6016327293,0.6024077316,0.6046158564
9.3,4.230538517,4.232478297,4.23799281,4.230538517,4.232478297,4.23799281,0.0135738775,0.01357387761,0.5995958792,0.1994019011,0,0.6011958189,0.6017693229,0.6033979835,0.6016164834,0.6023923955,0.6045982007
9.32,4.230498306,4.232440124,4.237948717,4.230498306,4.232440123,4.237948717,0.01350776856,0.01350776867,0.5995999002,0.1994057184,0,0.6011839271,0.6017580399,0.6033849713,0.6016003991,0.6023771262,0.6045805637
9.34,4.230458495,4.232402118,4.237904673,4.230458495,4.232402118,4.237904673,0.01344193989,0.01344193999,0.5996038813,0.199409519,0,0.6011721535,0.6017468063,0.6033719731,0.6015844749,0.6023619239,0.6045629458
9.36,4.230419081,4.23236428,4.237860677,4.230419081,4.23236428,4.237860677,0.01337639002,0.0133763901,0.5996078227,0.1994133028,0,0.6011604969,0.6017356222,0.6033589891,0.6015687091,0.6023467888,0.6045453475
9.38,4.230380059,4.232326611,4.237816731,4.230380059,4.232326611,4.237816731,0.01331111745,0.01331111752,0.599611725,0.1994170697,0,0.6011489562,0.6017244877,0.6033460196,0.6015531002,0.6023317211,0.604527769
9.4,4.230341425,4.23228911,4.237772835,4.230341425,4.23228911,4.237772835,0.01324612074,0.01324612078,0.5996155884,0.1994208198,0,0.6011375301,0.6017134031,0.6033330649,0.6015376466,0.6023167209,0.6045102108
9.42,4.230303175,4.232251779,4.237728991,4.230303175,4.232251779,4.237728991,0.01318139845,0.01318139848,0.5996194133,0.1994245529,0,0.6011262177,0.6017023682,0.6033201253,0.6015223467,0.6023017883,0.6044926733
9.44,4.230265306,4.232214617,4.2376852,4.230265306,4.232214617,4.2376852,0.01311694917,0.01311694918,0.5996232002,0.1994282691,0,0.6011150176,0.6016913834,0.603307201,0.6015071991,0.6022869235,0.6044751568
9.46,4.230227814,4.232177625,4.237641462,4.230227814,4.232177625,4.237641462,0.01305277151,0.01305277151,0.5996269494,0.1994319683,0,0.6011039289,0.6016804487,0.6032942924,0.6014922022,0.6022721266,0.6044576617
9.48,4.230190695,4.232140803,4.237597779,4.230190695,4.232140803,4.237597779,0.0129888641,0.01298886409,0.5996306614,0.1994356506,0,0.6010929504,0.6016695641,0.6032813997,0.6014773546,0.6022573978,0.6044401884
9.5,4.230153945,4.232104151,4.237554151,4.230153945,4.232104151,4.237554151,0.01292522558,0.01292522557,0.5996343363,0.1994393157,0,0.6010820811,0.6016587298,0.6032685231,0.6014626547,0.6022427371,0.6044227372
9.52,4.230117561,4.23206767,4.237510579,4.230117561,4.23206767,4.237510579,0.01286185463,0.01286185462,0.5996379747,0.1994429638,0,0.6010713197,0.6016479458,0.603255663,0.601448101,0.6022281447,0.6044053085
9.54,4.230081538,4.23203136,4.237467065,4.230081538,4.23203136,4.237467065,0.01279874994,0.01279874993,0.599641577,0.1994465948,0,0.6010606654,0.6016372122,0.6032428196,0.6014336922,0.6022136207,0.6043879027
9.56,4.230045875,4.231995221,4.237423608,4.230045875,4.231995221,4.237423608,0.0127359102,0.01273591019,0.5996451433,0.1994502087,0,0.6010501169,0.6016265291,0.6032299932,0.6014194267,0.6021991651,0.6043705201
9.58,4.230010566,4.231959253,4.237380211,4.230010566,4.231959253,4.237380211,0.01267333414,0.01267333413,0.5996486742,0.1994538055,0,0.6010396733,0.6016158965,0.6032171841,0.6014053032,0.602184778,0.6043531612
9.6,4.229975608,4.231923457,4.237336873,4.229975608,4.231923457,4.237336873,0.0126110205,0.01261102049,0.59965217,0.1994573851,0,0.6010293335,0.6016053145,0.6032043924,0.6013913202,0.6021704594,0.6043358261
9.62,4.229940999,4.231887832,4.237293597,4.229940999,4.231887832,4.237293597,0.01254896804,0.01254896803,0.5996556309,0.1994609476,0,0.6010190965,0.6015947831,0.6031916186,0.6013774763,0.6021562095,0.6043185154
9.64,4.229906734,4.231852379,4.237250381,4.229906734,4.231852379,4.237250381,0.01248717552,0.01248717551,0.5996590575,0.1994644929,0,0.6010089613,0.6015843023,0.6031788628,0.6013637702,0.6021420283,0.6043012293
9.66,4.229872809,4.231817098,4.237207229,4.229872809,4.231817098,4.237207229,0.01242564173,0.01242564172,0.5996624499,0.199468021,0,0.6009989268,0.6015738723,0.6031661253,0.6013502004,0.6021279159,0.6042839683
9.68,4.229839222,4.231781989,4.23716414,4.229839222,4.231781989,4.23716414,0.01236436548,0.01236436547,0.5996658086,0.199471532,0,0.600988992,0.601563493,0.6031534063,0.6013367657,0.6021138722,0.6042667326
9.7,4.22980597,4.231747051,4.237121115,4.22980597,4.231747051,4.237121115,0.01230334559,0.01230334558,0.5996691338,0.1994750257,0,0.600979156,0.6015531644,0.6031407062,0.6013234647,0.6020998973,0.6042495227
9.72,4.229773048,4.231712286,4.237078155,4.229773048,4.231712286,4.237078155,0.01224258089,0.01224258089,0.599672426,0.1994785022,0,0.6009694178,0.6015428865,0.6031280251,0.601310296,0.6020859912,0.6042323387
9.74,4.229740454,4.231677693,4.237035261,4.229740454,4.231677693,4.237035261,0.01218207024,0.01218207024,0.5996756854,0.1994819615,0,0.6009597764,0.6015326595,0.6031153634,0.6012972583,0.6020721539,0.6042151812
9.76,4.229708184,4.231643272,4.236992434,4.229708184,4.231643272,4.236992434,0.0121218125,0.01212181249,0.5996789124,0.1994854036,0,0.6009502308,0.6015224832,0.6031027212,0.6012843504,0.6020583855,0.6041980504
9.78,4.229676235,4.231609023,4.236949675,4.229676235,4.231609023,4.236949675,0.01206180654,0.01206180653,0.5996821073,0.1994888285,0,0.6009407802,0.6015123577,0.6030900989,0.6012715709,0.602044686,0.6041809467
9.8,4.229644604,4.231574946,4.236906984,4.229644604,4.231574946,4.236906984,0.01200205126,0.01200205125,0.5996852704,0.1994922362,0,0.6009314234,0.601502283,0.6030774966,0.6012589185,0.6020310552,0.6041638704
9.82,4.229613288,4.231541041,4.236864362,4.229613288,4.231541041,4.236864362,0.01194254557,0.01194254555,0.599688402,0.1994956267,0,0.6009221597,0.6014922591,0.6030649146,0.6012463921,0.6020174933,0.6041468218
9.84,4.229582284,4.231507309,4.236821811,4.229582284,4.231507309,4.236821811,0.01188328838,0.01188328836,0.5996915024,0.199499,0,0.6009129881,0.6014822859,0.6030523532,0.6012339903,0.6020040002,0.6041298012
9.86,4.229551588,4.231473748,4.236779331,4.229551588,4.231473748,4.236779331,0.01182427863,0.01182427861,0.599694572,0.199502356,0,0.6009039077,0.6014723634,0.6030398126,0.6012217119,0.6019905759,0.6041128091
9.88,4.229521197,4.231440359,4.236736922,4.229521197,4.231440359,4.236736922,0.01176551527,0.01176551523,0.5996976111,0.1995056949,0,0.6008949176,0.6014624917,0.603027293,0.6012095556,0.6019772203,0.6040958456
9.9,4.229491109,4.231407141,4.236694586,4.229491109,4.231407142,4.236694586,0.01170699724,0.0117069972,0.5997006199,0.1995090167,0,0.6008860168,0.6014526706,0.6030147947,0.6011975204,0.6019639334,0.6040789112
9.92,4.22946132,4.231374096,4.236652323,4.22946132,4.231374096,4.236652323,0.01164872352,0.01164872348,0.5997035988,0.1995123212,0,0.6008772045,0.6014429002,0.6030023179,0.6011856048,0.6019507151,0.6040620061
9.94,4.229431828,4.231341222,4.236610135,4.229431828,4.231341222,4.236610135,0.0115906931,0.01159069304,0.599706548,0.1995156086,0,0.6008684798,0.6014331805,0.6029898628,0.6011738079,0.6019375655,0.6040451306
9.96,4.229402629,4.231308519,4.236568021,4.229402629,4.231308519,4.236568021,0.01153290495,0.0115329049,0.5997094679,0.1995188789,0,0.6008598419,0.6014235113,0.6029774297,0.6011621283,0.6019244844,0.6040282851
9.98,4.22937372,4.231275988,4.236525983,4.22937372,4.231275988,4.236525983,0.0114753581,0.01147535804,0.5997123588,0.1995221321,0,0.6008512898,0.6014138926,0.6029650188,0.6011505649,0.6019114718,0.6040114699
10,4.2293451,4.231243627,4.236484021,4.2293451,4.231243627,4.236484021,0.01141805156,0.01141805149,0.5997152208,0.1995253681,0,0.6008428228,0.6014043244,0.6029526303,0.6011391166,0.6018985276,0.6039946853
10.02,4.229316764,4.231211438,4.236442137,4.229316764,4.231211438,4.236442137,0.01136098434,0.01136098427,0.5997180544,0.1995285871,0,0.6008344399,0.6013948067,0.6029402645,0.6011277822,0.6018856518,0.6039779315
10.04,4.22928871,4.231179419,4.23640033,4.22928871,4.231179419,4.23640033,0.0113041555,0.01130415542,0.5997208599,0.1995317889,0,0.6008261404,0.6013853393,0.6029279214,0.6011165606,0.6018728442,0.6039612089
10.06,4.229260935,4.23114757,4.236358603,4.229260935,4.23114757,4.236358602,0.01124756407,0.01124756399,0.5997236373,0.1995349738,0,0.6008179234,0.6013759223,0.6029156015,0.6011054506,0.6018601049,0.6039445178
10.08,4.229233436,4.231115892,4.236316954,4.229233436,4.231115892,4.236316954,0.01119120912,0.01119120904,0.5997263872,0.1995381416,0,0.6008097881,0.6013665555,0.6029033049,0.6010944512,0.6018474336,0.6039278584
10.1,4.229206211,4.231084384,4.236275386,4.229206211,4.231084384,4.236275386,0.01113508971,0.01113508963,0.5997291097,0.1995412924,0,0.6008017337,0.6013572389,0.6028910318,0.6010835612,0.6018348303,0.6039112311
10.12,4.229179257,4.231053045,4.236233898,4.229179257,4.231053046,4.236233898,0.01107920492,0.01107920485,0.5997318051,0.1995444263,0,0.6007937594,0.6013479724,0.6028787824,0.6010727796,0.6018222949,0.6038946361
10.14,4.229152571,4.231021876,4.236192492,4.229152571,4.231021877,4.236192492,0.01102355385,0.01102355378,0.5997344737,0.1995475432,0,0.6007858644,0.6013387559,0.6028665569,0.6010621053,0.6018098274,0.6038780737
10.16,4.229126151,4.230990877,4.236151169,4.229126151,4.230990877,4.236151169,0.01096813557,0.01096813551,0.5997371157,0.1995506431,0,0.6007780478,0.6013295894,0.6028543556,0.6010515372,0.6017974275,0.6038615442
10.18,4.229099994,4.230960046,4.236109928,4.229099994,4.230960046,4.236109928,0.01091294921,0.01091294916,0.5997397315,0.1995537262,0,0.600770309,0.6013204728,0.6028421786,0.6010410742,0.6017850952,0.6038450479
10.2,4.229074096,4.230929384,4.236068771,4.229074096,4.230929384,4.236068771,0.01085799388,0.01085799384,0.5997423212,0.1995567924,0,0.6007626471,0.601311406,0.6028300262,0.6010307153,0.6017728303,0.6038285851
10.22,4.229048457,4.23089889,4.236027698,4.229048457,4.23089889,4.236027698,0.0108032687,0.01080326867,0.5997448851,0.1995598418,0,0.6007550614,0.6013023888,0.6028178985,0.6010204595,0.6017606328,0.6038121559
10.24,4.229023073,4.230868564,4.23598671,4.229023073,4.230868564,4.23598671,0.0107487728,0.01074877278,0.5997474236,0.1995628744,0,0.6007475511,0.6012934213,0.6028057958,0.6010103058,0.6017485025,0.6037957608
10.26,4.228997941,4.230838406,4.235945808,4.228997941,4.230838406,4.235945808,0.01069450532,0.01069450532,0.5997499367,0.1995658902,0,0.6007401155,0.6012845033,0.6027937182,0.6010002531,0.6017364393,0.6037793999
10.28,4.228973059,4.230808416,4.235904992,4.228973059,4.230808416,4.235904992,0.01064046541,0.01064046543,0.5997524249,0.1995688892,0,0.6007327538,0.6012756347,0.6027816659,0.6009903004,0.6017244431,0.6037630735
10.3,4.228948425,4.230778592,4.235864263,4.228948425,4.230778592,4.235864263,0.01058665224,0.01058665227,0.5997548883,0.1995718716,0,0.6007254653,0.6012668155,0.6027696392,0.6009804467,0.6017125137,0.6037467818
10.32,4.228924036,4.230748935,4.235823621,4.228924036,4.230748935,4.235823621,0.01053306495,0.010533065,0.5997573272,0.1995748373,0,0.6007182493,0.6012580454,0.6027576382,0.6009706911,0.6017006509,0.6037305252
10.34,4.22889989,4.230719445,4.235783068,4.22889989,4.230719445,4.235783068,0.01047970274,0.0104797028,0.5997597419,0.1995777863,0,0.6007111051,0.6012493245,0.6027456631,0.6009610326,0.6016888546,0.6037143039
10.36,4.228875983,4.23069012,4.235742603,4.228875983,4.23069012,4.235742603,0.01042656476,0.01042656484,0.5997621325,0.1995807188,0,0.6007040319,0.6012406525,0.602733714,0.6009514701,0.6016771248,0.6036981181
10.38,4.228852315,4.230660961,4.235702228,4.228852315,4.230660961,4.235702228,0.01037365022,0.01037365031,0.5997644993,0.1995836347,0,0.600697029,0.6012320295,0.6027217913,0.6009420029,0.6016654611,0.6036819681
10.4,4.228828883,4.230631967,4.235661943,4.228828883,4.230631967,4.235661943,0.01032095831,0.01032095841,0.5997668426,0.1995865341,0,0.6006900957,0.6012234552,0.602709895,0.6009326298,0.6016538635,0.6036658541
10.42,4.228805683,4.230603138,4.235621749,4.228805683,4.230603138,4.235621749,0.01026848822,0.01026848833,0.5997691625,0.199589417,0,0.6006832314,0.6012149296,0.6026980253,0.6009233499,0.6016423319,0.6036497763
10.44,4.228782714,4.230574473,4.235581646,4.228782714,4.230574473,4.235581646,0.01021623916,0.01021623927,0.5997714594,0.1995922835,0,0.6006764354,0.6012064525,0.6026861824,0.6009141625,0.6016308659,0.603633735
10.46,4.228759974,4.230545972,4.235541634,4.228759974,4.230545972,4.235541634,0.01016421035,0.01016421046,0.5997737334,0.1995951336,0,0.6006697069,0.6011980238,0.6026743665,0.6009050664,0.6016194656,0.6036177305
10.48,4.22873746,4.230517635,4.235501715,4.22873746,4.230517634,4.235501715,0.01011240101,0.01011240112,0.5997759848,0.1995979674,0,0.6006630453,0.6011896434,0.6026625778,0.6008960608,0.6016081306,0.6036017629
10.5,4.22871517,4.23048946,4.235461889,4.22871517,4.23048946,4.235461889,0.01006081036,0.01006081046,0.5997782138,0.1996007848,0,0.60065645,0.6011813111,0.6026508163,0.6008871449,0.6015968609,0.6035858324
10.52,4.228693102,4.230461449,4.235422157,4.228693102,4.230461448,4.235422157,0.01000943764,0.01000943772,0.5997804206,0.199603586,0,0.6006499203,0.6011730269,0.6026390824,0.6008783176,0.6015856562,0.6035699394
10.54,4.228671254,4.230433599,4.235382518,4.228671254,4.230433599,4.235382518,0.009958282076,0.009958282149,0.5997826054,0.1996063709,0,0.6006434555,0.6011647906,0.6026273761,0.6008695782,0.6015745164,0.603554084
10.56,4.228649623,4.230405911,4.235342974,4.228649623,4.230405911,4.235342974,0.009907342921,0.009907342976,0.5997847686,0.1996091397,0,0.600637055,0.6011566021,0.6026156976,0.6008609258,0.6015634413,0.6035382664
10.58,4.228628207,4.230378385,4.235303525,4.228628207,4.230378385,4.235303525,0.009856619419,0.009856619456,0.5997869101,0.1996118923,0,0.6006307181,0.6011484612,0.602604047,0.6008523594,0.6015524307,0.6035224869
10.6,4.228607004,4.230351019,4.235264172,4.228607004,4.230351019,4.235264172,0.009806110825,0.009806110844,0.5997890304,0.1996146289,0,0.6006244442,0.6011403678,0.6025924246,0.6008438783,0.6015414844,0.6035067456
10.62,4.228586012,4.230323814,4.235224915,4.228586012,4.230323814,4.235224915,0.009755816397,0.009755816401,0.5997911296,0.1996173494,0,0.6006182328,0.6011323217,0.6025808304,0.6008354816,0.6015306023,0.6034910428
10.64,4.228565229,4.230296768,4.235185755,4.228565229,4.230296768,4.235185755,0.009705735398,0.009705735392,0.5997932079,0.199620054,0,0.6006120831,0.6011243229,0.6025692646,0.6008271684,0.6015197841,0.6034753786
10.66,4.228544653,4.230269882,4.235146691,4.228544653,4.230269882,4.235146691,0.009655867096,0.009655867089,0.5997952655,0.1996227426,0,0.6006059945,0.6011163711,0.6025577275,0.600818938,0.6015090297,0.6034597533
10.68,4.228524282,4.230243155,4.235107726,4.228524282,4.230243155,4.235107726,0.009606210775,0.009606210766,0.5997973027,0.1996254153,0,0.6005999665,0.6011084663,0.602546219,0.6008107894,0.6014983388,0.6034441671
10.7,4.228504113,4.230216586,4.235068858,4.228504113,4.230216586,4.235068858,0.009556765716,0.009556765707,0.5997993195,0.1996280722,0,0.6005939984,0.6011006082,0.6025347394,0.6008027219,0.6014877112,0.6034286202
10.72,4.228484145,4.230190175,4.23503009,4.228484145,4.230190175,4.23503009,0.009507531205,0.009507531195,0.5998013163,0.1996307133,0,0.6005880897,0.6010927968,0.6025232888,0.6007947347,0.6014771469,0.6034131126
10.74,4.228464375,4.230163922,4.23499142,4.228464375,4.230163922,4.23499142,0.009458506532,0.009458506522,0.5998032933,0.1996333386,0,0.6005822398,0.6010850319,0.6025118673,0.6007868269,0.6014666454,0.6033976448
10.76,4.228444803,4.230137825,4.23495285,4.228444803,4.230137825,4.23495285,0.009409690992,0.009409690982,0.5998052505,0.1996359483,0,0.600576448,0.6010773133,0.6025004751,0.6007789979,0.6014562067,0.6033822167
10.78,4.228425425,4.230111884,4.23491438,4.228425425,4.230111884,4.23491438,0.009361083884,0.009361083874,0.5998071883,0.1996385424,0,0.6005707138,0.6010696409,0.6024891124,0.6007712467,0.6014458305,0.6033668287
10.8,4.22840624,4.2300861,4.23487601,4.22840624,4.2300861,4.23487601,0.009312684512,0.009312684503,0.5998091068,0.1996411208,0,0.6005650367,0.6010620145,0.6024777791,0.6007635727,0.6014355166,0.6033514808
10.82,4.228387246,4.23006047,4.234837741,4.228387246,4.23006047,4.234837741,0.009264492185,0.009264492177,0.5998110062,0.1996436838,0,0.600559416,0.6010544339,0.6024664756,0.600755975,0.6014252649,0.6033361733
10.84,4.22836844,4.230034996,4.234799574,4.22836844,4.230034996,4.234799574,0.009216506214,0.009216506207,0.5998128868,0.1996462312,0,0.6005538512,0.6010468991,0.6024552019,0.6007484529,0.601415075,0.6033209063
10.86,4.228349822,4.230009675,4.234761508,4.228349822,4.230009675,4.234761508,0.009168725916,0.009168725909,0.5998147486,0.1996487633,0,0.6005483417,0.6010394098,0.6024439581,0.6007410057,0.6014049468,0.60330568
10.88,4.22833139,4.229984508,4.234723545,4.22833139,4.229984508,4.234723545,0.00912115061,0.009121150604,0.5998165919,0.19965128,0,0.6005428871,0.6010319659,0.6024327443,0.6007336326,0.6013948801,0.6032904946
10.9,4.22831314,4.229959494,4.234685684,4.22831314,4.229959494,4.234685684,0.009073779621,0.009073779616,0.5998184168,0.1996537814,0,0.6005374867,0.6010245673,0.6024215608,0.6007263328,0.6013848746,0.6032753503
10.92,4.228295072,4.229934633,4.234647926,4.228295072,4.229934633,4.234647926,0.009026612277,0.009026612272,0.5998202236,0.1996562675,0,0.60053214,0.6010172137,0.6024104075,0.6007191057,0.6013749301,0.6032602471
10.94,4.228277184,4.229909924,4.234610271,4.228277184,4.229909924,4.234610271,0.008979647908,0.008979647903,0.5998220124,0.1996587384,0,0.6005268464,0.6010099049,0.6023992846,0.6007119505,0.6013650463,0.6032451852
10.96,4.228259474,4.229885366,4.23457272,4.228259474,4.229885366,4.23457272,0.00893288585,0.008932885844,0.5998237834,0.1996611942,0,0.6005216055,0.601002641,0.6023881923,0.6007048664,0.6013552232,0.6032301649
10.98,4.22824194,4.229860959,4.234535274,4.22824194,4.229860959,4.234535274,0.008886325442,0.008886325434,0.5998255368,0.1996636349,0,0.6005164168,0.6009954216,0.6023771306,0.6006978529,0.6013454604,0.6032151862
11,4.228224581,4.229836702,4.234497931,4.228224581,4.229836702,4.234497931,0.008839966024,0.008839966014,0.5998272727,0.1996660606,0,0.6005112796,0.6009882466,0.6023660997,0.6006909091,0.6013357577,0.6032002494
11.02,4.228207394,4.229812595,4.234460694,4.228207394,4.229812595,4.234460694,0.008793806942,0.008793806929,0.5998289914,0.1996684713,0,0.6005061935,0.6009811158,0.6023550997,0.6006840345,0.6013261148,0.6031853544
11.04,4.228190379,4.229788637,4.234423562,4.228190379,4.229788637,4.234423562,0.008747847545,0.008747847528,0.5998306929,0.1996708671,0,0.600501158,0.6009740291,0.6023441306,0.6006772282,0.6013165317,0.6031705016
11.06,4.228173532,4.229764828,4.234386535,4.228173532,4.229764828,4.234386535,0.008702087182,0.008702087161,0.5998323776,0.199673248,0,0.6004961726,0.6009669863,0.6023331925,0.6006704897,0.6013070079,0.6031556909
11.08,4.228156854,4.229741166,4.234349615,4.228156854,4.229741166,4.234349615,0.00865652521,0.008656525183,0.5998340454,0.1996756142,0,0.6004912368,0.6009599871,0.6023222857,0.6006638182,0.6012975433,0.6031409227
11.1,4.228140341,4.229717652,4.2343128,4.228140341,4.229717652,4.2343128,0.008611160984,0.008611160952,0.5998356967,0.1996779656,0,0.60048635,0.6009530316,0.6023114101,0.6006572131,0.6012881377,0.6031261969
11.12,4.228123992,4.229694285,4.234276093,4.228123992,4.229694285,4.234276093,0.008565993865,0.008565993827,0.5998373316,0.1996803023,0,0.6004815119,0.6009461194,0.6023005659,0.6006506737,0.6012787907,0.6031115138
11.14,4.228107807,4.229671064,4.234239492,4.228107807,4.229671064,4.234239492,0.008521023216,0.008521023172,0.5998389501,0.1996826244,0,0.6004767219,0.6009392504,0.6022897531,0.6006441994,0.6012695023,0.6030968734
11.16,4.228091782,4.229647988,4.234202998,4.228091782,4.229647988,4.234202998,0.008476248403,0.008476248353,0.5998405526,0.199684932,0,0.6004719795,0.6009324244,0.6022789719,0.6006377895,0.6012602721,0.6030822759
11.18,4.228075917,4.229625058,4.234166612,4.228075917,4.229625058,4.234166612,0.008431668795,0.008431668738,0.5998421391,0.199687225,0,0.6004672843,0.6009256413,0.6022682223,0.6006314434,0.6012510998,0.6030677214
11.2,4.228060209,4.229602272,4.234130333,4.228060209,4.229602272,4.234130333,0.008387283761,0.008387283699,0.5998437099,0.1996895037,0,0.6004626358,0.6009189008,0.6022575045,0.6006251605,0.6012419854,0.60305321
11.22,4.228044658,4.229579629,4.234094163,4.228044658,4.229579629,4.234094163,0.008343092676,0.008343092609,0.599845265,0.1996917679,0,0.6004580335,0.6009122029,0.6022468185,0.60061894,0.6012329284,0.6030387418
11.24,4.228029262,4.22955713,4.234058101,4.228029262,4.22955713,4.234058101,0.008299094916,0.008299094845,0.5998468046,0.1996940178,0,0.600453477,0.6009055472,0.6022361644,0.6006127815,0.6012239287,0.603024317
11.26,4.228014019,4.229534773,4.234022147,4.228014018,4.229534773,4.234022147,0.00825528986,0.008255289784,0.599848329,0.1996962535,0,0.6004489658,0.6008989337,0.6022255423,0.6006066842,0.6012149861,0.6030099357
11.28,4.227998927,4.229512559,4.233986303,4.227998927,4.229512559,4.233986303,0.008211676888,0.00821167681,0.5998498381,0.1996984749,0,0.6004444995,0.6008923621,0.6022149523,0.6006006476,0.6012061002,0.6029955979
11.3,4.227983986,4.229490485,4.233950567,4.227983986,4.229490486,4.233950567,0.008168255383,0.008168255304,0.5998513322,0.1997006823,0,0.6004400775,0.6008858323,0.6022043944,0.600594671,0.6011972709,0.6029813038
11.32,4.227969193,4.229468553,4.233914942,4.227969193,4.229468553,4.233914941,0.008125024732,0.008125024652,0.5998528115,0.1997028755,0,0.6004356996,0.6008793441,0.6021938687,0.600588754,0.6011884979,0.6029670534
11.34,4.227954547,4.22944676,4.233879425,4.227954547,4.229446761,4.233879425,0.008081984322,0.008081984243,0.5998542761,0.1997050548,0,0.6004313652,0.6008728973,0.6021833753,0.6005828958,0.6011797809,0.6029528469
11.36,4.227940048,4.229425107,4.233844019,4.227940048,4.229425108,4.233844019,0.008039133542,0.008039133466,0.599855726,0.1997072201,0,0.600427074,0.6008664918,0.6021729143,0.6005770958,0.6011711197,0.6029386844
11.38,4.227925692,4.229403593,4.233808723,4.227925692,4.229403594,4.233808723,0.007996471786,0.007996471714,0.5998571616,0.1997093715,0,0.6004228254,0.6008601273,0.6021624857,0.6005713536,0.6011625141,0.6029245659
11.4,4.22791148,4.229382218,4.233773537,4.22791148,4.229382218,4.233773537,0.007953998446,0.007953998381,0.5998585829,0.199711509,0,0.600418619,0.6008538036,0.6021520896,0.6005656686,0.6011539638,0.6029104916
11.42,4.227897408,4.22936098,4.233738462,4.227897408,4.22936098,4.233738462,0.00791171292,0.007911712862,0.59985999,0.1997136329,0,0.6004144545,0.6008475206,0.6021417261,0.6005600401,0.6011454686,0.6028964615
11.44,4.227883477,4.229339878,4.233703497,4.227883477,4.229339879,4.233703497,0.007869614606,0.007869614557,0.5998613831,0.199715743,0,0.6004103315,0.6008412782,0.6021313953,0.6005544676,0.6011370281,0.6028824757
11.46,4.227869684,4.229318914,4.233668644,4.227869684,4.229318914,4.233668644,0.007827702903,0.007827702864,0.5998627624,0.1997178394,0,0.6004062494,0.600835076,0.6021210971,0.6005489505,0.6011286423,0.6028685343
11.48,4.227856029,4.229298085,4.233633902,4.227856029,4.229298085,4.233633902,0.007785977214,0.007785977187,0.5998641279,0.1997199223,0,0.6004022079,0.600828914,0.6021108317,0.6005434884,0.6011203107,0.6028546374
11.5,4.22784251,4.229277391,4.233599271,4.22784251,4.229277391,4.233599271,0.007744436943,0.007744436928,0.5998654799,0.1997219917,0,0.6003982067,0.600822792,0.6021005991,0.6005380806,0.6011120332,0.6028407851
11.52,4.227829125,4.229256832,4.233564752,4.227829125,4.229256832,4.233564752,0.007703081494,0.007703081494,0.5998668184,0.1997240476,0,0.6003942452,0.6008167096,0.6020903994,0.6005327266,0.6011038095,0.6028269774
11.54,4.227815873,4.229236406,4.233530344,4.227815873,4.229236406,4.233530344,0.007661910277,0.007661910291,0.5998681435,0.1997260902,0,0.6003903231,0.6008106669,0.6020802325,0.6005274259,0.6010956393,0.6028132144
11.56,4.227802753,4.229216114,4.233496049,4.227802753,4.229216114,4.233496049,0.007620922699,0.007620922728,0.5998694555,0.1997281194,0,0.6003864401,0.6008046636,0.6020700987,0.6005221779,0.6010875225,0.6027994962
11.58,4.227789763,4.229195955,4.233461865,4.227789763,4.229195955,4.233461865,0.007580118173,0.007580118215,0.5998707545,0.1997301353,0,0.6003825956,0.6007986994,0.6020599979,0.6005169821,0.6010794587,0.6027858229
11.6,4.227776903,4.229175927,4.233427794,4.227776903,4.229175927,4.233427794,0.007539496109,0.007539496166,0.5998720405,0.1997321381,0,0.6003787894,0.6007927743,0.6020499302,0.6005118381,0.6010714477,0.6027721944
11.62,4.227764171,4.229156031,4.233393835,4.227764171,4.229156031,4.233393835,0.007499055923,0.007499055993,0.5998733137,0.1997341277,0,0.6003750211,0.600786888,0.6020398956,0.6005067452,0.6010634893,0.6027586109
11.64,4.227751566,4.229136266,4.233359989,4.227751566,4.229136266,4.233359989,0.007458797029,0.007458797111,0.5998745743,0.1997361042,0,0.6003712902,0.6007810404,0.6020298942,0.600501703,0.6010555832,0.6027450725
11.66,4.227739085,4.229116631,4.233326256,4.227739086,4.229116631,4.233326256,0.007418718846,0.007418718938,0.5998758223,0.1997380677,0,0.6003675965,0.6007752312,0.602019926,0.600496711,0.6010477291,0.6027315791
11.68,4.22772673,4.229097125,4.233292635,4.22772673,4.229097125,4.233292635,0.007378820791,0.007378820892,0.5998770579,0.1997400183,0,0.6003639395,0.6007694603,0.602009991,0.6004917686,0.6010399268,0.6027181309
11.7,4.227714497,4.229077748,4.233259128,4.227714497,4.229077748,4.233259128,0.007339102285,0.007339102391,0.5998782811,0.199741956,0,0.6003603189,0.6007637275,0.6020000893,0.6004868754,0.601032176,0.6027047278
11.72,4.227702385,4.229058499,4.233225733,4.227702385,4.229058499,4.233225733,0.007299562748,0.007299562858,0.5998794923,0.1997438809,0,0.6003567342,0.6007580325,0.601990221,0.6004820309,0.6010244765,0.60269137
11.74,4.227690395,4.229039378,4.233192452,4.227690395,4.229039378,4.233192452,0.007260201604,0.007260201714,0.5998806913,0.199745793,0,0.6003531853,0.6007523753,0.601980386,0.6004772346,0.601016828,0.6026780575
11.76,4.227678523,4.229020384,4.233159284,4.227678523,4.229020384,4.233159284,0.007221018276,0.007221018384,0.5998818785,0.1997476924,0,0.6003496716,0.6007467557,0.6019705844,0.6004724861,0.6010092304,0.6026647904
11.78,4.22766677,4.229001516,4.23312623,4.22766677,4.229001516,4.23312623,0.007182012189,0.007182012291,0.5998830538,0.1997495792,0,0.6003461929,0.6007411733,0.6019608163,0.6004677848,0.6010016832,0.6026515686
11.8,4.227655134,4.228982774,4.233093289,4.227655134,4.228982774,4.233093289,0.00714318277,0.007143182863,0.5998842174,0.1997514534,0,0.6003427488,0.6007356281,0.6019510816,0.6004631302,0.6009941863,0.6026383922
11.82,4.227643613,4.228964157,4.233060461,4.227643613,4.228964157,4.233060462,0.007104529445,0.007104529526,0.5998853695,0.1997533151,0,0.600339339,0.6007301199,0.6019413804,0.600458522,0.6009867394,0.6026252613
11.84,4.227632207,4.228945664,4.233027748,4.227632207,4.228945664,4.233027748,0.007066051643,0.00706605171,0.5998865101,0.1997551644,0,0.600335963,0.6007246484,0.6019317128,0.6004539596,0.6009793423,0.6026121759
11.86,4.227620915,4.228927295,4.232995148,4.227620915,4.228927295,4.232995148,0.007027748793,0.007027748845,0.5998876393,0.1997570013,0,0.6003326207,0.6007192136,0.6019220787,0.6004494427,0.6009719947,0.602599136
11.88,4.227609735,4.228909049,4.232962662,4.227609735,4.228909049,4.232962662,0.006989620325,0.00698962036,0.5998887573,0.1997588259,0,0.6003293116,0.6007138151,0.6019124781,0.6004449706,0.6009646964,0.6025861417
11.9,4.227598666,4.228890926,4.23293029,4.227598666,4.228890926,4.23293029,0.00695166567,0.00695166569,0.5998898642,0.1997606382,0,0.6003260354,0.6007084529,0.6019029111,0.6004405431,0.6009574471,0.6025731929
11.92,4.227587707,4.228872924,4.232898033,4.227587707,4.228872924,4.232898033,0.00691388426,0.006913884266,0.5998909601,0.1997624384,0,0.6003227918,0.6007031267,0.6018933778,0.6004361596,0.6009502465,0.6025602898
11.94,4.227576858,4.228855044,4.232865889,4.227576858,4.228855044,4.232865889,0.006876275528,0.006876275524,0.5998920451,0.1997642264,0,0.6003195804,0.6006978364,0.6018838781,0.6004318198,0.6009430944,0.6025474322
11.96,4.227566116,4.228837285,4.232833859,4.227566116,4.228837285,4.232833859,0.006838838907,0.006838838899,0.5998931192,0.1997660024,0,0.6003164011,0.6006925817,0.601874412,0.6004275231,0.6009359906,0.6025346204
11.98,4.227555481,4.228819645,4.232801944,4.227555481,4.228819645,4.232801944,0.006801573835,0.006801573827,0.5998941827,0.1997677663,0,0.6003132533,0.6006873625,0.6018649795,0.6004232692,0.6009289347,0.6025218542
12,4.227544952,4.228802125,4.232770142,4.227544952,4.228802125,4.232770142,0.006764479755,0.006764479747,0.5998952356,0.1997695183,0,0.6003101368,0.6006821786,0.6018555808,0.6004190576,0.6009219267,0.6025091337
12.02,4.227534528,4.228784723,4.232738455,4.227534528,4.228784723,4.232738455,0.006727556104,0.006727556096,0.599896278,0.1997712585,0,0.6003070514,0.6006770298,0.6018462157,0.6004148879,0.6009149661,0.6024964589
12.04,4.227524207,4.22876744,4.232706883,4.227524207,4.22876744,4.232706883,0.006690802323,0.006690802314,0.5998973101,0.1997729868,0,0.6003039966,0.6006719159,0.6018368844,0.6004107597,0.6009080527,0.6024838298
12.06,4.227513989,4.228750274,4.232675424,4.227513989,4.228750274,4.232675424,0.006654217851,0.006654217842,0.5998983319,0.1997747034,0,0.6003009722,0.6006668368,0.6018275867,0.6004066726,0.6009011864,0.6024712464
12.08,4.227503873,4.228733225,4.23264408,4.227503873,4.228733225,4.23264408,0.00661780213,0.006617802121,0.5998993435,0.1997764083,0,0.6002979779,0.6006617922,0.6018183227,0.6004026261,0.6008943668,0.6024587088
12.1,4.227493858,4.228716292,4.232612851,4.227493858,4.228716292,4.232612851,0.006581554603,0.006581554594,0.599900345,0.1997781016,0,0.6002950134,0.600656782,0.6018090925,0.6003986199,0.6008875936,0.602446217
12.12,4.227483942,4.228699475,4.232581735,4.227483942,4.228699475,4.232581735,0.006545474713,0.006545474704,0.5999013366,0.1997797833,0,0.6002920784,0.6006518059,0.601799896,0.6003946536,0.6008808667,0.6024337709
12.14,4.227474125,4.228682773,4.232550734,4.227474125,4.228682773,4.232550734,0.006509561904,0.006509561896,0.5999023183,0.1997814535,0,0.6002891726,0.6006468639,0.6017907332,0.6003907267,0.6008741859,0.6024213705
12.16,4.227464405,4.228666185,4.232519848,4.227464405,4.228666185,4.232519848,0.006473815622,0.006473815615,0.5999032903,0.1997831123,0,0.6002862957,0.6006419556,0.6017816042,0.6003868389,0.6008675507,0.6024090159
12.18,4.227454783,4.228649711,4.232489076,4.227454783,4.228649711,4.232489076,0.006438235313,0.006438235306,0.5999042526,0.1997847597,0,0.6002834474,0.600637081,0.6017725089,0.6003829898,0.600860961,0.6023967071
12.2,4.227445256,4.22863335,4.232458418,4.227445256,4.22863335,4.232458418,0.006402820423,0.006402820418,0.5999052053,0.1997863958,0,0.6002806274,0.6006322399,0.6017634473,0.600379179,0.6008544166,0.602384444
12.22,4.227435823,4.228617101,4.232427875,4.227435823,4.228617101,4.232427875,0.006367570402,0.006367570397,0.5999061485,0.1997880207,0,0.6002778355,0.600627432,0.6017544194,0.6003754061,0.6008479172,0.6023722266
12.24,4.227426485,4.228600964,4.232397446,4.227426485,4.228600964,4.232397446,0.006332484696,0.006332484692,0.5999070823,0.1997896344,0,0.6002750713,0.6006226571,0.6017454252,0.6003716707,0.6008414625,0.602360055
12.26,4.227417239,4.228584939,4.232367131,4.227417239,4.228584939,4.232367131,0.006297562757,0.006297562753,0.5999080069,0.1997912369,0,0.6002723347,0.6006179152,0.6017364648,0.6003679725,0.6008350524,0.6023479291
12.28,4.227408086,4.228569024,4.232336931,4.227408086,4.228569024,4.232336931,0.006262804035,0.00626280403,0.5999089222,0.1997928284,0,0.6002696253,0.600613206,0.6017275381,0.6003643112,0.6008286864,0.602335849
12.3,4.227399024,4.228553219,4.232306844,4.227399024,4.228553219,4.232306844,0.00622820798,0.006228207975,0.5999098285,0.1997944089,0,0.6002669428,0.6006085293,0.6017186451,0.6003606862,0.6008223645,0.6023238145
12.32,4.227390051,4.228537524,4.232276873,4.227390051,4.228537524,4.232276873,0.006193774045,0.006193774038,0.5999107257,0.1997959784,0,0.600264287,0.600603885,0.6017097857,0.6003570973,0.6008160864,0.6023118258
12.34,4.227381168,4.228521937,4.232247015,4.227381168,4.228521938,4.232247015,0.006159501682,0.006159501674,0.599911614,0.1997975371,0,0.6002616577,0.6005992729,0.6017009601,0.6003535441,0.6008098518,0.6022998827
12.36,4.227372374,4.228506459,4.232217271,4.227372374,4.228506459,4.232217271,0.006125390345,0.006125390335,0.5999124934,0.1997990849,0,0.6002590544,0.6005946927,0.6016921681,0.6003500263,0.6008036604,0.6022879853
12.38,4.227363667,4.228491088,4.232187642,4.227363667,4.228491088,4.232187642,0.006091439488,0.006091439476,0.5999133641,0.199800622,0,0.6002564771,0.6005901444,0.6016834097,0.6003465435,0.6007975121,0.6022761335
12.4,4.227355046,4.228475824,4.232158126,4.227355046,4.228475824,4.232158126,0.006057648567,0.006057648552,0.5999142262,0.1998021484,0,0.6002539254,0.6005856277,0.601674685,0.6003430953,0.6007914065,0.6022643273
12.42,4.227346512,4.228460667,4.232128725,4.227346512,4.228460667,4.232128725,0.006024017037,0.006024017018,0.5999150796,0.1998036641,0,0.6002513992,0.6005811424,0.601665994,0.6003396815,0.6007853435,0.6022525668
12.44,4.227338062,4.228445615,4.232099437,4.227338062,4.228445615,4.232099437,0.005990544354,0.005990544332,0.5999159246,0.1998051693,0,0.600248898,0.6005766884,0.6016573365,0.6003363016,0.6007793229,0.6022408518
12.46,4.227329696,4.228430669,4.232070264,4.227329696,4.228430669,4.232070264,0.005957229976,0.005957229949,0.5999167612,0.1998066639,0,0.6002464217,0.6005722655,0.6016487126,0.6003329553,0.6007733442,0.6022291823
12.48,4.227321414,4.228415827,4.232041204,4.227321414,4.228415827,4.232041204,0.005924073361,0.00592407333,0.5999175894,0.1998081481,0,0.6002439701,0.6005678736,0.6016401223,0.6003296424,0.6007674074,0.6022175583
12.5,4.227313214,4.228401089,4.232012258,4.227313214,4.228401089,4.232012258,0.005891073968,0.005891073931,0.5999184094,0.199809622,0,0.6002415428,0.6005635123,0.6016315655,0.6003263624,0.6007615122,0.6022059799
12.52,4.227305096,4.228386454,4.231983425,4.227305096,4.228386454,4.231983425,0.005858231255,0.005858231214,0.5999192212,0.1998110854,0,0.6002391397,0.6005591817,0.6016230422,0.600323115,0.6007556583,0.6021944469
12.54,4.227297058,4.228371922,4.231954706,4.227297058,4.228371922,4.231954706,0.005825544683,0.005825544637,0.599920025,0.1998125386,0,0.6002367605,0.6005548814,0.6016145524,0.6003199,0.6007498455,0.6021829593
12.56,4.2272891,4.228357492,4.231926101,4.2272891,4.228357492,4.231926101,0.005793013713,0.005793013662,0.5999208208,0.1998139816,0,0.6002344049,0.6005506113,0.6016060961,0.6003167169,0.6007440735,0.602171517
12.58,4.227281222,4.228343164,4.231897608,4.227281222,4.228343164,4.231897608,0.005760637806,0.005760637751,0.5999216086,0.1998154144,0,0.6002320728,0.6005463713,0.6015976732,0.6003135655,0.6007383422,0.6021601202
12.6,4.227273422,4.228328936,4.23186923,4.227273422,4.228328936,4.231869229,0.005728416425,0.005728416365,0.5999223886,0.1998168372,0,0.6002297639,0.6005421611,0.6015892838,0.6003104455,0.6007326513,0.6021487686
12.62,4.227265699,4.228314809,4.231840964,4.227265699,4.22831481,4.231840964,0.005696349032,0.005696348969,0.5999231609,0.1998182499,0,0.600227478,0.6005379807,0.6015809277,0.6003073565,0.6007270005,0.6021374623
12.64,4.227258054,4.228300782,4.231812811,4.227258054,4.228300782,4.231812811,0.005664435092,0.005664435025,0.5999239254,0.1998196526,0,0.6002252148,0.6005338297,0.601572605,0.6003042983,0.6007213897,0.6021262012
12.66,4.227250484,4.228286854,4.231784771,4.227250484,4.228286855,4.231784771,0.005632674067,0.005632673998,0.5999246824,0.1998210454,0,0.6002229741,0.6005297081,0.6015643156,0.6003012705,0.6007158185,0.6021149853
12.68,4.22724299,4.228273025,4.231756844,4.22724299,4.228273025,4.231756844,0.005601065425,0.005601065353,0.5999254318,0.1998224283,0,0.6002207557,0.6005256156,0.6015560595,0.6002982728,0.6007102868,0.6021038145
12.7,4.22723557,4.228259294,4.23172903,4.22723557,4.228259294,4.23172903,0.005569608629,0.005569608556,0.5999261738,0.1998238014,0,0.6002185594,0.6005215521,0.6015478367,0.6002953049,0.6007047943,0.6020926888
12.72,4.227228225,4.22824566,4.231701329,4.227228224,4.22824566,4.231701328,0.005538303147,0.005538303074,0.5999269084,0.1998251648,0,0.6002163849,0.6005175175,0.6015396471,0.6002923666,0.6006993407,0.6020816082
12.74,4.227220952,4.228232123,4.231673739,4.227220952,4.228232123,4.231673739,0.005507148446,0.005507148374,0.5999276356,0.1998265185,0,0.6002142321,0.6005135115,0.6015314907,0.6002894575,0.600693926,0.6020705725
12.76,4.227213751,4.228218682,4.231646263,4.227213751,4.228218682,4.231646263,0.005476143993,0.005476143923,0.5999283557,0.1998278626,0,0.6002121007,0.600509534,0.6015233674,0.6002865773,0.6006885497,0.6020595818
12.78,4.227206623,4.228205337,4.231618898,4.227206623,4.228205337,4.231618898,0.005445289258,0.005445289191,0.5999290685,0.1998291971,0,0.6002099904,0.6005055848,0.6015152772,0.6002837258,0.6006832117,0.602048636
12.8,4.227199565,4.228192088,4.231591646,4.227199565,4.228192088,4.231591646,0.005414583708,0.005414583645,0.5999297743,0.1998305221,0,0.6002079012,0.6005016638,0.6015072202,0.6002809027,0.6006779118,0.602037735
12.82,4.227192577,4.228178932,4.231564505,4.227192577,4.228178932,4.231564505,0.005384026815,0.005384026758,0.5999304731,0.1998318376,0,0.6002058328,0.6004977707,0.6014991961,0.6002781077,0.6006726497,0.6020268788
12.84,4.227185659,4.228165871,4.231537476,4.227185659,4.228165871,4.231537476,0.005353618049,0.005353617998,0.5999311649,0.1998331437,0,0.6002037849,0.6004939054,0.6014912051,0.6002753405,0.6006674252,0.6020160673
12.86,4.22717881,4.228152903,4.231510559,4.22717881,4.228152903,4.231510559,0.005323356881,0.005323356838,0.5999318498,0.1998344405,0,0.6002017574,0.6004900677,0.601483247,0.6002726008,0.6006622381,0.6020053005
12.88,4.227172029,4.228140028,4.231483754,4.227172029,4.228140028,4.231483754,0.005293242784,0.005293242748,0.5999325279,0.199835728,0,0.6001997501,0.6004862576,0.6014753218,0.6002698884,0.6006570881,0.6019945783
12.9,4.227165315,4.228127246,4.23145706,4.227165315,4.228127246,4.23145706,0.00526327523,0.005263275203,0.5999331993,0.1998370062,0,0.6001977627,0.6004824747,0.6014674295,0.6002672029,0.6006519751,0.6019839006
12.92,4.227158669,4.228114555,4.231430477,4.227158669,4.228114555,4.231430477,0.005233453692,0.005233453675,0.599933864,0.1998382753,0,0.6001957951,0.600478719,0.60145957,0.6002645442,0.6006468987,0.6019732674
12.94,4.227152088,4.228101955,4.231404005,4.227152088,4.228101955,4.231404005,0.005203777645,0.005203777639,0.599934522,0.1998395353,0,0.6001938471,0.6004749902,0.6014517432,0.6002619119,0.6006418588,0.6019626787
12.96,4.227145573,4.228089446,4.231377644,4.227145573,4.228089446,4.231377644,0.005174246563,0.005174246568,0.5999351735,0.1998407862,0,0.6001919185,0.6004712882,0.6014439492,0.6002593059,0.6006368552,0.6019521343
12.98,4.227139122,4.228077027,4.231351394,4.227139122,4.228077027,4.231351394,0.005144859923,0.005144859939,0.5999358186,0.1998420281,0,0.600190009,0.6004676129,0.6014361879,0.6002567257,0.6006318876,0.6019416342
13,4.227132736,4.228064698,4.231325254,4.227132736,4.228064698,4.231325254,0.0051156172,0.005115617228,0.5999364572,0.199843261,0,0.6001881186,0.6004639641,0.6014284592,0.6002541713,0.6006269558,0.6019311783
13.02,4.227126414,4.228052457,4.231299225,4.227126414,4.228052457,4.231299225,0.005086517871,0.005086517911,0.5999370894,0.1998444851,0,0.6001862469,0.6004603416,0.6014207631,0.6002516422,0.6006220596,0.6019207666
13.04,4.227120154,4.228040305,4.231273306,4.227120154,4.228040305,4.231273306,0.005057561415,0.005057561466,0.5999377154,0.1998457003,0,0.6001843939,0.6004567452,0.6014130996,0.6002491383,0.6006171988,0.601910399
13.06,4.227113956,4.228028241,4.231247496,4.227113957,4.228028241,4.231247497,0.005028747309,0.00502874737,0.5999383352,0.1998469067,0,0.6001825593,0.6004531748,0.6014054685,0.6002466593,0.600612373,0.6019000754
13.08,4.227107821,4.228016264,4.231221797,4.227107821,4.228016264,4.231221797,0.005000075033,0.005000075104,0.5999389487,0.1998481044,0,0.600180743,0.6004496303,0.6013978698,0.600244205,0.6006075823,0.6018897957
13.1,4.227101746,4.228004374,4.231196208,4.227101746,4.228004373,4.231196208,0.004971544067,0.004971544146,0.5999395562,0.1998492935,0,0.6001789447,0.6004461114,0.6013903036,0.6002417752,0.6006028262,0.6018795599
13.12,4.227095732,4.22799257,4.231170728,4.227095732,4.227992569,4.231170728,0.00494315389,0.004943153976,0.5999401576,0.1998504738,0,0.6001771643,0.600442618,0.6013827696,0.6002393695,0.6005981046,0.6018693679
13.14,4.227089777,4.227980851,4.231145357,4.227089777,4.227980851,4.231145357,0.004914903985,0.004914904077,0.5999407531,0.1998516457,0,0.6001754016,0.60043915,0.6013752679,0.6002369877,0.6005934173,0.6018592197
13.16,4.227083882,4.227969218,4.231120096,4.227083882,4.227969218,4.231120096,0.004886793832,0.004886793928,0.5999413426,0.199852809,0,0.6001736565,0.6004357071,0.6013677984,0.6002346296,0.6005887641,0.601849115
13.18,4.227078046,4.22795767,4.231094943,4.227078046,4.22795767,4.231094943,0.004858822915,0.004858823013,0.5999419262,0.1998539638,0,0.6001719287,0.6004322893,0.6013603611,0.600232295,0.6005841447,0.601839054
13.2,4.227072267,4.227946205,4.231069899,4.227072267,4.227946205,4.231069899,0.004830990717,0.004830990815,0.5999425041,0.1998551103,0,0.6001702182,0.6004288964,0.6013529559,0.6002299836,0.6005795589,0.6018290365
13.22,4.227066546,4.227934825,4.231044964,4.227066546,4.227934824,4.231044964,0.004803296722,0.004803296818,0.5999430762,0.1998562484,0,0.6001685246,0.6004255282,0.6013455827,0.6002276953,0.6005750066,0.6018190623
13.24,4.227060882,4.227923527,4.231020137,4.227060882,4.227923527,4.231020137,0.004775740414,0.004775740505,0.5999436426,0.1998573781,0,0.6001668479,0.6004221845,0.6013382415,0.6002254297,0.6005704875,0.6018091315
13.26,4.227055275,4.227912311,4.230995418,4.227055275,4.227912311,4.230995418,0.004748321278,0.004748321363,0.5999442034,0.1998584997,0,0.6001651879,0.6004188653,0.6013309323,0.6002231866,0.6005660014,0.601799244
13.28,4.227049723,4.227901178,4.230970807,4.227049723,4.227901178,4.230970807,0.004721038801,0.004721038878,0.5999447585,0.199859613,0,0.6001635443,0.6004155703,0.6013236549,0.6002209659,0.600561548,0.6017893996
13.3,4.227044226,4.227890126,4.230946304,4.227044226,4.227890126,4.230946304,0.004693892468,0.004693892535,0.5999453082,0.1998607182,0,0.6001619172,0.6004122994,0.6013164093,0.6002187672,0.6005571273,0.6017795984
13.32,4.227038784,4.227879155,4.230921908,4.227038784,4.227879155,4.230921908,0.004666881768,0.004666881823,0.5999458524,0.1998618153,0,0.6001603062,0.6004090524,0.6013091954,0.6002165904,0.6005527389,0.6017698401
13.34,4.227033396,4.227868265,4.23089762,4.227033396,4.227868265,4.23089762,0.004640006187,0.004640006229,0.5999463912,0.1998629043,0,0.6001587113,0.6004058293,0.6013020132,0.6002144353,0.6005483827,0.6017601247
13.36,4.227028062,4.227857454,4.230873439,4.227028062,4.227857454,4.230873439,0.004613265213,0.004613265243,0.5999469246,0.1998639854,0,0.6001571322,0.6004026298,0.6012948626,0.6002123017,0.6005440585,0.6017504522
13.38,4.227022781,4.227846723,4.230849364,4.227022781,4.227846723,4.230849364,0.004586658337,0.004586658354,0.5999474527,0.1998650585,0,0.6001555688,0.6003994537,0.6012877436,0.6002101892,0.600539766,0.6017408224
13.4,4.227017553,4.227836071,4.230825396,4.227017553,4.227836071,4.230825396,0.004560185047,0.004560185053,0.5999479755,0.1998661237,0,0.600154021,0.600396301,0.6012806561,0.6002080978,0.6005355051,0.6017312353
13.42,4.227012376,4.227825497,4.230801535,4.227012376,4.227825497,4.230801535,0.004533844833,0.00453384483,0.5999484932,0.1998671811,0,0.6001524886,0.6003931715,0.6012736,0.6002060272,0.6005312755,0.6017216907
13.44,4.227007251,4.227815001,4.23077778,4.227007251,4.227815001,4.23077778,0.004507637185,0.004507637178,0.5999490057,0.1998682307,0,0.6001509714,0.6003900651,0.6012665752,0.6002039772,0.6005270771,0.6017121886
13.46,4.227002177,4.227804582,4.23075413,4.227002177,4.227804582,4.23075413,0.004481561597,0.00448156159,0.5999495131,0.1998692726,0,0.6001494693,0.6003869815,0.6012595817,0.6002019476,0.6005229097,0.6017027289
13.48,4.226997154,4.227794241,4.230730587,4.226997154,4.227794241,4.230730587,0.004455617566,0.004455617558,0.5999500154,0.1998703068,0,0.6001479822,0.6003839207,0.6012526194,0.6001999382,0.600518773,0.6016933115
13.5,4.22699218,4.227783975,4.230707149,4.22699218,4.227783975,4.230707149,0.004429804585,0.004429804578,0.5999505128,0.1998713333,0,0.6001465098,0.6003808825,0.6012456883,0.6001979488,0.6005146668,0.6016839363
13.52,4.226987256,4.227773786,4.230683816,4.226987256,4.227773786,4.230683816,0.004404122151,0.004404122143,0.5999510052,0.1998723522,0,0.6001450521,0.6003778667,0.6012387883,0.6001959792,0.600510591,0.6016746031
13.54,4.226982381,4.227763672,4.230660588,4.226982381,4.227763672,4.230660588,0.004378569758,0.00437856975,0.5999514927,0.1998733637,0,0.6001436089,0.6003748733,0.6012319193,0.6001940291,0.6005065454,0.601665312
13.56,4.226977554,4.227753632,4.230637465,4.226977554,4.227753632,4.230637465,0.004353146904,0.004353146896,0.5999519754,0.1998743676,0,0.6001421801,0.6003719019,0.6012250812,0.6001920985,0.6005025297,0.6016560628
13.58,4.226972776,4.227743668,4.230614447,4.226972776,4.227743668,4.230614447,0.004327853085,0.004327853078,0.5999524532,0.1998753641,0,0.6001407655,0.6003689526,0.601218274,0.6001901871,0.6004985438,0.6016468555
13.6,4.226968045,4.227733777,4.230591533,4.226968045,4.227733777,4.230591533,0.004302687801,0.004302687793,0.5999529263,0.1998763531,0,0.6001393649,0.6003660252,0.6012114976,0.6001882947,0.6004945874,0.6016376898
13.62,4.226963361,4.227723959,4.230568723,4.226963361,4.227723959,4.230568723,0.004277650549,0.004277650542,0.5999533947,0.1998773349,0,0.6001379783,0.6003631195,0.6012047519,0.6001864211,0.6004906604,0.6016285658
13.64,4.226958724,4.227714215,4.230546016,4.226958724,4.227714215,4.230546016,0.00425274083,0.004252740823,0.5999538584,0.1998783093,0,0.6001366055,0.6003602354,0.6011980369,0.6001845662,0.6004867626,0.6016194833
13.66,4.226954133,4.227704543,4.230523414,4.226954132,4.227704543,4.230523414,0.004227958144,0.004227958138,0.5999543176,0.1998792765,0,0.6001352464,0.6003573727,0.6011913525,0.6001827298,0.6004828938,0.6016104422
13.68,4.226949587,4.227694943,4.230500914,4.226949587,4.227694943,4.230500914,0.004203301993,0.004203301987,0.5999547721,0.1998802365,0,0.6001339007,0.6003545314,0.6011846986,0.6001809116,0.6004790538,0.6016014425
13.7,4.226945087,4.227685414,4.230478518,4.226945087,4.227685414,4.230478518,0.004178771878,0.004178771873,0.5999552221,0.1998811894,0,0.6001325685,0.6003517112,0.6011780751,0.6001791115,0.6004752424,0.601592484
13.72,4.226940631,4.227675957,4.230456225,4.226940631,4.227675957,4.230456225,0.004154367304,0.004154367299,0.5999556677,0.1998821351,0,0.6001312495,0.600348912,0.601171482,0.6001773293,0.6004714594,0.6015835666
13.74,4.22693622,4.22766657,4.230434034,4.22693622,4.22766657,4.230434034,0.004130087774,0.004130087769,0.5999561088,0.1998830738,0,0.6001299436,0.6003461337,0.6011649191,0.6001755648,0.6004677047,0.6015746902
13.76,4.226931853,4.227657253,4.230411945,4.226931853,4.227657253,4.230411945,0.004105932792,0.004105932788,0.5999565455,0.1998840055,0,0.6001286507,0.6003433761,0.6011583865,0.6001738179,0.600463978,0.6015658548
13.78,4.226927529,4.227648006,4.230389959,4.226927529,4.227648006,4.230389959,0.004081901865,0.004081901861,0.5999569779,0.1998849302,0,0.6001273707,0.6003406391,0.6011518841,0.6001720884,0.6004602791,0.6015570602
13.8,4.226923248,4.227638828,4.230368074,4.226923248,4.227638828,4.230368074,0.004057994499,0.004057994494,0.599957406,0.199885848,0,0.6001261034,0.6003379226,0.6011454117,0.6001703761,0.6004566079,0.6015483063
13.82,4.22691901,4.227629719,4.230346291,4.22691901,4.227629719,4.23034629,0.0040342102,0.004034210196,0.5999578298,0.1998867589,0,0.6001248487,0.6003352265,0.6011389693,0.6001686808,0.6004529642,0.601539593
13.84,4.226914814,4.227620678,4.230324609,4.226914814,4.227620678,4.230324609,0.004010548478,0.004010548473,0.5999582494,0.199887663,0,0.6001236066,0.6003325505,0.6011325567,0.6001670024,0.6004493479,0.6015309202
13.86,4.22691066,4.227611705,4.230303028,4.22691066,4.227611705,4.230303028,0.003987008841,0.003987008836,0.5999586648,0.1998885604,0,0.6001223767,0.6003298946,0.6011261741,0.6001653407,0.6004457586,0.6015222878
13.88,4.226906547,4.227602799,4.230281547,4.226906547,4.227602799,4.230281547,0.003963590799,0.003963590793,0.5999590761,0.1998894509,0,0.6001211591,0.6003272586,0.6011198211,0.6001636956,0.6004421963,0.6015136957
13.9,4.226902475,4.22759396,4.230260167,4.226902475,4.22759396,4.230260167,0.003940293863,0.003940293856,0.5999594833,0.1998903348,0,0.6001199536,0.6003246425,0.6011134979,0.6001620668,0.6004386607,0.6015051437
13.92,4.226898444,4.227585187,4.230238888,4.226898444,4.227585187,4.230238888,0.003917117544,0.003917117537,0.5999598865,0.1998912121,0,0.6001187602,0.6003220459,0.6011072042,0.6001604542,0.6004351517,0.6014966319
13.94,4.226894452,4.227576481,4.230217708,4.226894452,4.227576481,4.230217708,0.003894061356,0.003894061347,0.5999602856,0.1998920827,0,0.6001175785,0.6003194689,0.6011009401,0.6001588576,0.6004316691,0.60148816
13.96,4.226890501,4.22756784,4.230196628,4.226890501,4.22756784,4.230196628,0.003871124811,0.003871124801,0.5999606808,0.1998929468,0,0.6001164087,0.6003169114,0.6010947054,0.600157277,0.6004282127,0.601479728
13.98,4.226886588,4.227559264,4.230175647,4.226886588,4.227559264,4.230175647,0.003848307424,0.003848307412,0.599961072,0.1998938044,0,0.6001152505,0.600314373,0.6010885,0.600155712,0.6004247824,0.6014713357
14,4.226882715,4.227550753,4.230154766,4.226882715,4.227550753,4.230154766,0.003825608709,0.003825608697,0.5999614593,0.1998946555,0,0.6001141038,0.6003118538,0.6010823239,0.6001541627,0.6004213779,0.6014629831
14.02,4.22687888,4.227542306,4.230133983,4.22687888,4.227542306,4.230133983,0.003803028184,0.00380302817,0.5999618428,0.1998955002,0,0.6001129685,0.6003093536,0.601076177,0.6001526287,0.6004179992,0.60145467
14.04,4.226875083,4.227533923,4.230113299,4.226875083,4.227533923,4.230113299,0.003780565365,0.003780565349,0.5999622225,0.1998963385,0,0.6001118445,0.6003068723,0.6010700593,0.6001511101,0.6004146459,0.6014463964
14.06,4.226871324,4.227525603,4.230092713,4.226871324,4.227525603,4.230092713,0.003758219771,0.003758219752,0.5999625984,0.1998971705,0,0.6001107317,0.6003044098,0.6010639705,0.6001496065,0.600411318,0.601438162
14.08,4.226867603,4.227517346,4.230072225,4.226867603,4.227517346,4.230072225,0.003735990919,0.003735990898,0.5999629705,0.1998979962,0,0.6001096299,0.6003019658,0.6010579107,0.6001481179,0.6004080153,0.6014299668
14.1,4.226863918,4.227509152,4.230051835,4.226863918,4.227509152,4.230051835,0.00371387833,0.003713878307,0.599963339,0.1998988156,0,0.6001085392,0.6002995404,0.6010518798,0.6001466441,0.6004047376,0.6014218107
14.12,4.22686027,4.22750102,4.230031542,4.22686027,4.22750102,4.230031542,0.003691881524,0.0036918815,0.5999637038,0.1998996288,0,0.6001074592,0.6002971333,0.6010458776,0.600145185,0.6004014847,0.6014136936
14.14,4.226856659,4.227492949,4.230011346,4.226856659,4.227492949,4.230011346,0.003670000024,0.003669999998,0.5999640649,0.1999004359,0,0.60010639,0.6002947445,0.6010399042,0.6001437403,0.6003982565,0.6014056154
14.16,4.226853083,4.22748494,4.229991248,4.226853083,4.22748494,4.229991248,0.003648233352,0.003648233323,0.5999644225,0.1999012368,0,0.6001053315,0.6002923738,0.6010339593,0.6001423101,0.6003950527,0.6013975758
14.18,4.226849543,4.227476991,4.229971245,4.226849543,4.227476992,4.229971245,0.003626581031,0.003626581,0.5999647765,0.1999020317,0,0.6001042835,0.6002900211,0.601028043,0.6001408941,0.6003918733,0.601389575
14.2,4.226846039,4.227469103,4.22995134,4.226846038,4.227469103,4.229951339,0.003605042586,0.003605042554,0.599965127,0.1999028205,0,0.6001032459,0.6002876862,0.6010221551,0.6001394922,0.6003887181,0.6013816126
14.22,4.226842569,4.227461275,4.22993153,4.226842569,4.227461275,4.22993153,0.003583617542,0.003583617509,0.5999654739,0.1999036033,0,0.6001022186,0.6002853691,0.6010162956,0.6001381042,0.6003855868,0.6013736886
14.24,4.226839133,4.227453507,4.229911815,4.226839133,4.227453507,4.229911815,0.003562305427,0.003562305392,0.5999658175,0.1999043802,0,0.6001012016,0.6002830697,0.6010104644,0.6001367301,0.6003824794,0.6013658029
14.26,4.226835732,4.227445797,4.229892197,4.226835732,4.227445797,4.229892197,0.003541105766,0.003541105731,0.5999661576,0.1999051511,0,0.6001001947,0.6002807877,0.6010046614,0.6001353696,0.6003793956,0.6013579554
14.28,4.226832365,4.227438146,4.229872673,4.226832365,4.227438147,4.229872673,0.00352001809,0.003520018054,0.5999664943,0.1999059162,0,0.6000991978,0.6002785231,0.6009988865,0.6001340226,0.6003763354,0.6013501459
14.3,4.226829031,4.227430554,4.229853244,4.226829031,4.227430554,4.229853244,0.003499041927,0.003499041891,0.5999668277,0.1999066754,0,0.6000982108,0.6002762758,0.6009931395,0.6001326891,0.6003732984,0.6013423744
14.32,4.22682573,4.22742302,4.22983391,4.22682573,4.22742302,4.22983391,0.003478176808,0.003478176772,0.5999671578,0.1999074288,0,0.6000972336,0.6002740457,0.6009874206,0.6001313688,0.6003702847,0.6013346407
14.34,4.226822462,4.227415543,4.22981467,4.226822462,4.227415543,4.22981467,0.003457422264,0.003457422228,0.5999674846,0.1999081765,0,0.6000962662,0.6002718325,0.6009817294,0.6001300617,0.600367294,0.6013269447
14.36,4.226819227,4.227408123,4.229795524,4.226819227,4.227408123,4.229795524,0.003436777828,0.003436777792,0.5999678081,0.1999089185,0,0.6000953084,0.6002696363,0.6009760661,0.6001287675,0.6003643261,0.6013192862
14.38,4.226816024,4.22740076,4.229776471,4.226816024,4.22740076,4.229776471,0.003416243033,0.003416242998,0.5999681284,0.1999096548,0,0.6000943601,0.6002674569,0.6009704304,0.6001274863,0.6003613809,0.6013116653
14.4,4.226812852,4.227393454,4.229757512,4.226812852,4.227393454,4.229757512,0.003395817413,0.003395817379,0.5999684456,0.1999103854,0,0.6000934212,0.6002652941,0.6009648223,0.6001262177,0.6003584583,0.6013040816
14.42,4.226809713,4.227386203,4.229738646,4.226809713,4.227386203,4.229738646,0.003375500504,0.003375500472,0.5999687595,0.1999111105,0,0.6000924917,0.6002631479,0.6009592417,0.6001249619,0.600355558,0.6012965352
14.44,4.226806604,4.227379008,4.229719873,4.226806604,4.227379008,4.229719873,0.003355291843,0.003355291813,0.5999690704,0.19991183,0,0.6000915714,0.6002610182,0.6009536885,0.6001237185,0.60035268,0.601289026
14.46,4.226803527,4.227371868,4.229701192,4.226803527,4.227371868,4.229701192,0.003335190967,0.00333519094,0.5999693781,0.199912544,0,0.6000906603,0.6002589047,0.6009481626,0.6001224874,0.600349824,0.6012815537
14.48,4.22680048,4.227364783,4.229682604,4.22680048,4.227364783,4.229682604,0.003315197414,0.00331519739,0.5999696828,0.1999132525,0,0.6000897583,0.6002568075,0.600942664,0.6001212687,0.60034699,0.6012741182
14.5,4.226797463,4.227357752,4.229664107,4.226797463,4.227357752,4.229664107,0.003295310725,0.003295310704,0.5999699845,0.1999139556,0,0.6000888652,0.6002547264,0.6009371925,0.600120062,0.6003441777,0.6012667196
14.52,4.226794477,4.227350776,4.229645702,4.226794477,4.227350776,4.229645702,0.00327553044,0.003275530422,0.5999702832,0.1999146532,0,0.600087981,0.6002526613,0.6009317481,0.6001188674,0.6003413871,0.6012593575
14.54,4.22679152,4.227343853,4.229627388,4.22679152,4.227343853,4.229627388,0.0032558561,0.003255856087,0.5999705788,0.1999153455,0,0.6000871056,0.6002506121,0.6009263306,0.6001176846,0.6003386179,0.601252032
14.56,4.226788592,4.227336983,4.229609165,4.226788592,4.227336983,4.229609165,0.003236287249,0.00323628724,0.5999708716,0.1999160325,0,0.6000862389,0.6002485786,0.6009209401,0.6001165136,0.60033587,0.6012447428
14.58,4.226785694,4.227330166,4.229591033,4.226785694,4.227330166,4.229591033,0.00321682343,0.003216823425,0.5999711614,0.1999167142,0,0.6000853809,0.6002465608,0.6009155763,0.6001153543,0.6003331432,0.60123749
14.6,4.226782824,4.227323402,4.229572991,4.226782824,4.227323402,4.229572991,0.003197464189,0.003197464188,0.5999714484,0.1999173906,0,0.6000845313,0.6002445585,0.6009102392,0.6001142065,0.6003304375,0.6012302733
14.62,4.226779983,4.22731669,4.229555039,4.226779983,4.22731669,4.22955504,0.00317820907,0.003178209074,0.5999717325,0.1999180618,0,0.6000836903,0.6002425716,0.6009049288,0.6001130701,0.6003277527,0.6012230926
14.64,4.226777171,4.227310029,4.229537178,4.226777171,4.227310029,4.229537178,0.003159057622,0.003159057631,0.5999720137,0.1999187279,0,0.6000828576,0.6002406001,0.6008996449,0.6001119451,0.6003250885,0.6012159478
14.66,4.226774386,4.22730342,4.229519405,4.226774386,4.22730342,4.229519405,0.003140009393,0.003140009406,0.5999722922,0.1999193888,0,0.6000820331,0.6002386438,0.6008943874,0.6001108312,0.6003224449,0.6012088388
14.68,4.226771629,4.227296863,4.229501722,4.226771629,4.227296862,4.229501722,0.003121063931,0.003121063949,0.5999725679,0.1999200446,0,0.6000812169,0.6002367026,0.6008891563,0.6001097284,0.6003198218,0.6012017654
14.7,4.2267689,4.227290355,4.229484127,4.2267689,4.227290355,4.229484127,0.003102220787,0.00310222081,0.5999728409,0.1999206953,0,0.6000804088,0.6002347764,0.6008839514,0.6001086366,0.6003172189,0.6011947276
14.72,4.226766197,4.227283899,4.229466621,4.226766197,4.227283898,4.229466621,0.003083479513,0.003083479539,0.5999731111,0.199921341,0,0.6000796088,0.6002328651,0.6008787727,0.6001075556,0.6003146362,0.6011877252
14.74,4.226763522,4.227277492,4.229449203,4.226763522,4.227277491,4.229449204,0.003064839661,0.003064839691,0.5999733786,0.1999219816,0,0.6000788167,0.6002309686,0.60087362,0.6001064854,0.6003120734,0.6011807581
14.76,4.226760873,4.227271134,4.229431874,4.226760873,4.227271134,4.229431874,0.003046300784,0.003046300818,0.5999736435,0.1999226174,0,0.6000780325,0.6002290868,0.6008684934,0.6001054259,0.6003095305,0.6011738262
14.78,4.22675825,4.227264826,4.229414632,4.22675825,4.227264826,4.229414632,0.003027862437,0.003027862474,0.5999739058,0.1999232482,0,0.6000772561,0.6002272196,0.6008633927,0.6001043768,0.6003070073,0.6011669294
14.8,4.226755654,4.227258567,4.229397477,4.226755654,4.227258567,4.229397477,0.003009524177,0.003009524216,0.5999741654,0.1999238741,0,0.6000764874,0.6002253668,0.6008583177,0.6001033383,0.6003045037,0.6011600674
14.82,4.226753083,4.227252357,4.229380409,4.226753083,4.227252357,4.229380409,0.00299128556,0.0029912856,0.5999744225,0.1999244951,0,0.6000757263,0.6002235284,0.6008532685,0.60010231,0.6003020195,0.6011532403
14.84,4.226750538,4.227246194,4.229363428,4.226750538,4.227246194,4.229363428,0.002973146143,0.002973146185,0.599974677,0.1999251114,0,0.6000749729,0.6002217043,0.6008482449,0.600101292,0.6002995546,0.6011464478
14.86,4.226748019,4.22724008,4.229346533,4.226748019,4.22724008,4.229346533,0.002955105487,0.002955105529,0.599974929,0.1999257228,0,0.6000742269,0.6002198943,0.6008432468,0.6001002842,0.6002971088,0.60113969
14.88,4.226745524,4.227234013,4.229329724,4.226745524,4.227234013,4.229329724,0.002937163151,0.002937163193,0.5999751784,0.1999263295,0,0.6000734884,0.6002180985,0.6008382742,0.6000992863,0.600294682,0.6011329665
14.9,4.226743054,4.227227993,4.229313002,4.226743054,4.227227993,4.229313002,0.002919318697,0.002919318738,0.5999754254,0.1999269315,0,0.6000727572,0.6002163165,0.600833327,0.6000982984,0.6002922742,0.6011262774
14.92,4.226740609,4.227222021,4.229296364,4.226740609,4.22722202,4.229296364,0.002901571687,0.002901571727,0.5999756699,0.1999275287,0,0.6000720333,0.6002145485,0.600828405,0.6000973203,0.600289885,0.6011196224
14.94,4.226738188,4.227216094,4.229279812,4.226738188,4.227216094,4.229279812,0.002883921685,0.002883921722,0.599975912,0.1999281214,0,0.6000713165,0.6002127942,0.6008235081,0.600096352,0.6002875145,0.6011130015
14.96,4.226735791,4.227210214,4.229263345,4.226735791,4.227210214,4.229263345,0.002866368256,0.00286636829,0.5999761517,0.1999287094,0,0.600070607,0.6002110536,0.6008186364,0.6000953933,0.6002851624,0.6011064146
14.98,4.226733418,4.22720438,4.229246962,4.226733418,4.22720438,4.229246962,0.002848910965,0.002848910995,0.599976389,0.1999292928,0,0.6000699044,0.6002093265,0.6008137896,0.6000944441,0.6002828287,0.6010998615
15,4.226731069,4.227198591,4.229230663,4.226731069,4.227198591,4.229230663,0.002831549379,0.002831549404,0.5999766239,0.1999298717,0,0.6000692089,0.6002076129,0.6008089678,0.6000935044,0.6002805132,0.601093342
15.02,4.226728743,4.227192848,4.229214449,4.226728743,4.227192847,4.229214449,0.002814283066,0.002814283087,0.5999768565,0.1999304461,0,0.6000685203,0.6002059127,0.6008041707,0.600092574,0.6002782158,0.6010868562
15.04,4.22672644,4.227187149,4.229198317,4.22672644,4.227187149,4.229198317,0.002797111597,0.002797111612,0.5999770868,0.1999310159,0,0.6000678385,0.6002042258,0.6007993984,0.6000916529,0.6002759363,0.6010804037
15.06,4.22672416,4.227181495,4.22918227,4.22672416,4.227181495,4.22918227,0.002780034539,0.00278003455,0.5999773148,0.1999315813,0,0.6000671635,0.6002025521,0.6007946507,0.6000907409,0.6002736746,0.6010739846
15.08,4.226721903,4.227175885,4.229166305,4.226721903,4.227175885,4.229166305,0.002763051467,0.002763051472,0.5999775405,0.1999321423,0,0.6000664953,0.6002008914,0.6007899275,0.600089838,0.6002714306,0.6010675987
15.1,4.226719668,4.227170319,4.229150423,4.226719668,4.227170319,4.229150423,0.002746161951,0.002746161952,0.599977764,0.1999326989,0,0.6000658337,0.6001992438,0.6007852287,0.6000889441,0.6002692042,0.6010612459
15.12,4.226717456,4.227164796,4.229134623,4.226717456,4.227164796,4.229134623,0.002729365565,0.002729365563,0.5999779852,0.1999332512,0,0.6000651786,0.600197609,0.6007805543,0.6000880591,0.6002669952,0.601054926
15.14,4.226715265,4.227159317,4.229118906,4.226715265,4.227159317,4.229118906,0.002712661884,0.00271266188,0.5999782043,0.1999337991,0,0.6000645301,0.600195987,0.6007759042,0.6000871829,0.6002648036,0.601048639
15.16,4.226713097,4.227153881,4.22910327,4.226713097,4.227153881,4.22910327,0.002696050485,0.00269605048,0.5999784211,0.1999343427,0,0.6000638881,0.6001943778,0.6007712782,0.6000863154,0.6002626291,0.6010423846
15.18,4.22671095,4.227148487,4.229087715,4.22671095,4.227148487,4.229087715,0.002679530945,0.00267953094,0.5999786359,0.1999348821,0,0.6000632524,0.6001927812,0.6007666763,0.6000854566,0.6002604716,0.6010361629
15.2,4.226708824,4.227143136,4.229072242,4.226708824,4.227143136,4.229072242,0.002663102843,0.002663102839,0.5999788484,0.1999354172,0,0.600062623,0.6001911971,0.6007620984,0.6000846063,0.6002583311,0.6010299735
15.22,4.226706719,4.227137827,4.229056849,4.226706719,4.227137827,4.229056849,0.002646765761,0.002646765757,0.5999790589,0.1999359481,0,0.6000619999,0.6001896254,0.6007575444,0.6000837644,0.6002562074,0.6010238165
15.24,4.226704635,4.227132559,4.229041537,4.226704635,4.227132559,4.229041537,0.002630519278,0.002630519275,0.5999792673,0.1999364749,0,0.600061383,0.6001880661,0.6007530142,0.600082931,0.6002541004,0.6010176918
15.26,4.226702573,4.227127333,4.229026306,4.226702573,4.227127333,4.229026306,0.002614362978,0.002614362975,0.5999794736,0.1999369975,0,0.6000607723,0.6001865191,0.6007485077,0.6000821058,0.60025201,0.601011599
15.28,4.22670053,4.227122148,4.229011154,4.22670053,4.227122148,4.229011154,0.002598296443,0.00259829644,0.5999796778,0.199937516,0,0.6000601676,0.6001849842,0.6007440248,0.6000812888,0.600249936,0.6010055383
15.3,4.226698508,4.227117004,4.228996082,4.226698508,4.227117004,4.228996082,0.002582319259,0.002582319256,0.59997988,0.1999380304,0,0.600059569,0.6001834614,0.6007395654,0.60008048,0.6002478783,0.6009995094
15.32,4.226696506,4.2271119,4.228981088,4.226696506,4.2271119,4.228981088,0.002566431011,0.002566431008,0.5999800802,0.1999385408,0,0.6000589762,0.6001819506,0.6007351295,0.6000796792,0.6002458368,0.6009935121
15.34,4.226694524,4.227106837,4.228966174,4.226694524,4.227106837,4.228966174,0.002550631286,0.002550631283,0.5999802784,0.1999390471,0,0.6000583894,0.6001804517,0.6007307169,0.6000788864,0.6002438114,0.6009875465
15.36,4.226692562,4.227101813,4.228951339,4.226692562,4.227101813,4.228951339,0.002534919672,0.00253491967,0.5999804746,0.1999395495,0,0.6000578085,0.6001789646,0.6007263275,0.6000781014,0.600241802,0.6009816123
15.38,4.226690619,4.227096829,4.228936582,4.226690619,4.227096829,4.228936582,0.00251929576,0.002519295757,0.5999806689,0.1999400479,0,0.6000572333,0.6001774892,0.6007219613,0.6000773243,0.6002398084,0.6009757095
15.4,4.226688695,4.227091885,4.228921903,4.226688695,4.227091885,4.228921903,0.002503759139,0.002503759136,0.5999808613,0.1999405424,0,0.6000566638,0.6001760255,0.6007176182,0.6000765549,0.6002378306,0.6009698379
15.42,4.226686791,4.227086979,4.228907301,4.226686791,4.227086979,4.228907301,0.002488309401,0.002488309399,0.5999810517,0.1999410329,0,0.6000561,0.6001745733,0.6007132981,0.6000757932,0.6002358684,0.6009639974
15.44,4.226684906,4.227082112,4.228892778,4.226684906,4.227082112,4.228892778,0.00247294614,0.002472946137,0.5999812402,0.1999415196,0,0.6000555418,0.6001731326,0.6007090008,0.600075039,0.6002339217,0.6009581878
15.46,4.226683039,4.227077284,4.228878331,4.226683039,4.227077284,4.228878331,0.00245766895,0.002457668947,0.5999814269,0.1999420024,0,0.6000549892,0.6001717032,0.6007047264,0.6000742924,0.6002319903,0.6009524091
15.48,4.226681191,4.227072494,4.228863961,4.226681191,4.227072494,4.228863961,0.002442477426,0.002442477423,0.5999816117,0.1999424814,0,0.6000544421,0.6001702852,0.6007004746,0.6000735532,0.6002300743,0.600946661
15.5,4.226679361,4.227067742,4.228849667,4.226679361,4.227067742,4.228849667,0.002427371165,0.002427371162,0.5999817947,0.1999429567,0,0.6000539004,0.6001688784,0.6006962455,0.6000728213,0.6002281734,0.6009409436
15.52,4.22667755,4.227063027,4.22883545,4.22667755,4.227063027,4.22883545,0.002412349766,0.002412349762,0.5999819758,0.1999434281,0,0.6000533641,0.6001674828,0.6006920389,0.6000720967,0.6002262875,0.6009352567
15.54,4.226675756,4.22705835,4.228821308,4.226675756,4.22705835,4.228821308,0.002397412826,0.002397412823,0.5999821552,0.1999438958,0,0.6000528331,0.6001660982,0.6006878547,0.6000713793,0.6002244166,0.6009296001
15.56,4.226673981,4.227053709,4.228807242,4.226673981,4.227053709,4.228807242,0.002382559947,0.002382559944,0.5999823327,0.1999443599,0,0.6000523074,0.6001647245,0.6006836928,0.6000706691,0.6002225605,0.6009239737
15.58,4.226672223,4.227049106,4.228793252,4.226672223,4.227049106,4.228793252,0.002367790731,0.002367790727,0.5999825085,0.1999448202,0,0.600051787,0.6001633618,0.6006795532,0.6000699659,0.6002207192,0.6009183774
15.6,4.226670482,4.227044539,4.228779336,4.226670482,4.227044539,4.228779336,0.002353104779,0.002353104776,0.5999826826,0.1999452769,0,0.6000512717,0.6001620098,0.6006754358,0.6000692698,0.6002188924,0.6009128111
15.62,4.226668759,4.227040008,4.228765495,4.226668759,4.227040009,4.228765495,0.002338501697,0.002338501694,0.5999828549,0.19994573,0,0.6000507615,0.6001606686,0.6006713404,0.6000685805,0.6002170802,0.6009072747
15.64,4.226667053,4.227035514,4.228751728,4.226667053,4.227035514,4.228751728,0.002323981089,0.002323981087,0.5999830255,0.1999461794,0,0.6000502565,0.6001593381,0.600667267,0.6000678981,0.6002152823,0.600901768
15.66,4.226665364,4.227031055,4.228738035,4.226665364,4.227031055,4.228738035,0.002309542563,0.002309542562,0.5999831944,0.1999466253,0,0.6000497564,0.6001580181,0.6006632155,0.6000672225,0.6002134987,0.6008962909
15.68,4.226663692,4.227026631,4.228724416,4.226663692,4.227026631,4.228724416,0.002295185725,0.002295185725,0.5999833616,0.1999470677,0,0.6000492613,0.6001567086,0.6006591858,0.6000665537,0.6002117293,0.6008908433
15.7,4.226662037,4.227022243,4.228710871,4.226662037,4.227022243,4.228710871,0.002280910186,0.002280910187,0.5999835271,0.1999475065,0,0.6000487712,0.6001554095,0.6006551778,0.6000658914,0.600209974,0.600885425
15.72,4.226660398,4.22701789,4.228697398,4.226660398,4.22701789,4.228697398,0.002266715555,0.002266715557,0.599983691,0.1999479418,0,0.6000482859,0.6001541208,0.6006511914,0.6000652358,0.6002082326,0.600880036
15.74,4.226658775,4.227013571,4.228683998,4.226658775,4.227013571,4.228683998,0.002252601444,0.002252601448,0.5999838533,0.1999483737,0,0.6000478055,0.6001528423,0.6006472265,0.6000645867,0.6002065052,0.6008746761
15.76,4.226657168,4.227009287,4.228670671,4.226657168,4.227009287,4.228670671,0.002238567466,0.002238567472,0.599984014,0.1999488021,0,0.6000473298,0.600151574,0.6006432831,0.6000639441,0.6002047914,0.6008693452
15.78,4.226655578,4.227005037,4.228657416,4.226655578,4.227005037,4.228657416,0.002224613235,0.002224613242,0.5999841731,0.1999492272,0,0.6000468589,0.6001503158,0.600639361,0.6000633078,0.6002030914,0.6008640432
15.8,4.226654003,4.22700082,4.228644233,4.226654003,4.22700082,4.228644233,0.002210738366,0.002210738375,0.5999843305,0.1999496488,0,0.6000463926,0.6001490676,0.6006354602,0.6000626779,0.6002014049,0.60085877
15.82,4.226652444,4.226996638,4.228631121,4.226652444,4.226996638,4.228631121,0.002196942477,0.002196942487,0.5999844864,0.1999500671,0,0.600045931,0.6001478294,0.6006315805,0.6000620542,0.6001997318,0.6008535253
15.84,4.2266509,4.226992488,4.228618081,4.2266509,4.226992488,4.228618081,0.002183225183,0.002183225196,0.5999846408,0.199950482,0,0.600045474,0.6001466011,0.600627722,0.6000614368,0.6001980721,0.6008483092
15.86,4.226649372,4.226988372,4.228605112,4.226649372,4.226988372,4.228605112,0.002169586106,0.002169586121,0.5999847936,0.1999508936,0,0.6000450216,0.6001453826,0.6006238844,0.6000608255,0.6001964256,0.6008431215
15.88,4.226647859,4.226984289,4.228592213,4.226647859,4.226984289,4.228592213,0.002156024865,0.002156024882,0.5999849449,0.1999513019,0,0.6000445736,0.6001441738,0.6006200677,0.6000602203,0.6001947923,0.600837962
15.9,4.226646361,4.226980238,4.228579385,4.226646361,4.226980238,4.228579385,0.002142541081,0.0021425411,0.5999850947,0.199951707,0,0.6000441301,0.6001429747,0.6006162718,0.6000596211,0.6001931721,0.6008328307
15.92,4.226644878,4.22697622,4.228566627,4.226644878,4.22697622,4.228566627,0.002129134378,0.002129134399,0.599985243,0.1999521088,0,0.600043691,0.6001417851,0.6006124966,0.6000590278,0.6001915648,0.6008277275
15.94,4.226643409,4.226972234,4.228553938,4.226643409,4.226972234,4.228553938,0.00211580438,0.002115804403,0.5999853899,0.1999525074,0,0.6000432563,0.6001406051,0.6006087421,0.6000584405,0.6001899704,0.6008226521
15.96,4.226641956,4.22696828,4.228541319,4.226641956,4.22696828,4.228541319,0.002102550712,0.002102550737,0.5999855353,0.1999529028,0,0.6000428259,0.6001394345,0.6006050081,0.600057859,0.6001883887,0.6008176045
15.98,4.226640516,4.226964357,4.22852877,4.226640516,4.226964358,4.22852877,0.002089373001,0.002089373028,0.5999856792,0.1999532951,0,0.6000423998,0.6001382733,0.6006012945,0.6000572833,0.6001868197,0.6008125846
16,4.226639091,4.226960466,4.228516289,4.226639091,4.226960467,4.228516289,0.002076270874,0.002076270903,0.5999858217,0.1999536842,0,0.6000419779,0.6001371214,0.6005976014,0.6000567133,0.6001852633,0.6008075922
16.02,4.226637681,4.226956607,4.228503876,4.226637681,4.226956607,4.228503876,0.002063243962,0.002063243991,0.5999859627,0.1999540702,0,0.6000415602,0.6001359788,0.6005939285,0.600056149,0.6001837194,0.6008026273
16.04,4.226636284,4.226952778,4.228491532,4.226636284,4.226952778,4.228491532,0.002050291893,0.002050291924,0.5999861024,0.199954453,0,0.6000411467,0.6001348453,0.6005902758,0.6000555903,0.6001821878,0.6007976897
16.06,4.226634901,4.22694898,4.228479256,4.226634901,4.22694898,4.228479256,0.002037414301,0.002037414333,0.5999862407,0.1999548329,0,0.6000407373,0.6001337209,0.6005866431,0.6000550372,0.6001806686,0.6007927792
16.08,4.226633532,4.226945212,4.228467048,4.226633532,4.226945212,4.228467048,0.002024610817,0.00202461085,0.5999863776,0.1999552096,0,0.600040332,0.6001326055,0.6005830306,0.6000544896,0.6001791615,0.6007878959
16.1,4.226632177,4.226941474,4.228454907,4.226632176,4.226941475,4.228454907,0.002011881077,0.00201188111,0.5999865132,0.1999555834,0,0.6000399307,0.6001314991,0.6005794379,0.6000539474,0.6001776665,0.6007830394
16.12,4.226630835,4.226937767,4.228442833,4.226630834,4.226937767,4.228442833,0.001999224715,0.001999224748,0.5999866474,0.1999559541,0,0.6000395334,0.6001304015,0.600575865,0.6000534106,0.6001761836,0.6007782099
16.14,4.226629506,4.226934089,4.228430826,4.226629506,4.22693409,4.228430826,0.001986641368,0.001986641402,0.5999867802,0.1999563219,0,0.60003914,0.6001293128,0.600572312,0.6000528791,0.6001747125,0.600773407
16.16,4.226628191,4.226930441,4.228418885,4.22662819,4.226930442,4.228418885,0.001974130675,0.001974130708,0.5999869118,0.1999566867,0,0.6000387506,0.6001282329,0.6005687785,0.600052353,0.6001732533,0.6007686307
16.18,4.226626888,4.226926823,4.22840701,4.226626888,4.226926823,4.22840701,0.001961692274,0.001961692307,0.599987042,0.1999570485,0,0.600038365,0.6001271616,0.6005652647,0.6000518321,0.6001718059,0.6007638809
16.2,4.226625599,4.226923233,4.228395202,4.226625599,4.226923233,4.228395202,0.001949325807,0.001949325838,0.5999871709,0.1999574075,0,0.6000379833,0.6001260989,0.6005617703,0.6000513163,0.6001703701,0.6007591575
16.22,4.226624322,4.226919673,4.228383459,4.226624322,4.226919673,4.228383459,0.001937030914,0.001937030944,0.5999872986,0.1999577635,0,0.6000376053,0.6001250449,0.6005582954,0.6000508057,0.6001689458,0.6007544603
16.24,4.226623059,4.226916141,4.228371781,4.226623059,4.226916141,4.228371781,0.001924807239,0.001924807268,0.599987425,0.1999581167,0,0.6000372312,0.6001239993,0.6005548398,0.6000503002,0.600167533,0.6007497892
16.26,4.226621807,4.226912637,4.228360168,4.226621807,4.226912637,4.228360168,0.001912654427,0.001912654453,0.5999875501,0.1999584671,0,0.6000368607,0.6001229621,0.6005514034,0.6000497997,0.6001661317,0.6007451441
16.28,4.226620569,4.226909162,4.22834862,4.226620568,4.226909162,4.228348621,0.001900572123,0.001900572146,0.599987674,0.1999588146,0,0.6000364939,0.6001219333,0.6005479861,0.6000493042,0.6001647416,0.600740525
16.3,4.226619342,4.226905715,4.228337137,4.226619342,4.226905715,4.228337137,0.001888559973,0.001888559994,0.5999877966,0.1999591593,0,0.6000361308,0.6001209128,0.6005445879,0.6000488136,0.6001633627,0.6007359316
16.32,4.226618128,4.226902296,4.228325718,4.226618128,4.226902296,4.228325718,0.001876617626,0.001876617644,0.599987918,0.1999595013,0,0.6000357713,0.6001199005,0.6005412086,0.6000483279,0.600161995,0.6007313638
16.34,4.226616926,4.226898904,4.228314362,4.226616926,4.226898904,4.228314362,0.001864744732,0.001864744746,0.5999880382,0.1999598404,0,0.6000354154,0.6001188964,0.6005378483,0.600047847,0.6001606383,0.6007268216
16.36,4.226615735,4.22689554,4.22830307,4.226615735,4.22689554,4.22830307,0.00185294094,0.00185294095,0.5999881573,0.1999601769,0,0.600035063,0.6001179004,0.6005345067,0.6000473709,0.6001592926,0.6007223048
16.38,4.226614557,4.226892202,4.228291842,4.226614557,4.226892202,4.228291842,0.001841205903,0.001841205909,0.5999882751,0.1999605106,0,0.6000347141,0.6001169125,0.6005311839,0.6000468996,0.6001579577,0.6007178134
16.4,4.22661339,4.226888892,4.228280676,4.22661339,4.226888892,4.228280676,0.001829539273,0.001829539275,0.5999883918,0.1999608416,0,0.6000343687,0.6001159326,0.6005278797,0.6000464329,0.6001566336,0.6007133471
16.42,4.226612235,4.226885609,4.228269573,4.226612235,4.226885609,4.228269573,0.001817940707,0.001817940704,0.5999885073,0.1999611699,0,0.6000340267,0.6001149605,0.600524594,0.6000459709,0.6001553203,0.6007089059
16.44,4.226611092,4.226882352,4.228258532,4.226611092,4.226882352,4.228258532,0.001806409858,0.001806409851,0.5999886216,0.1999614956,0,0.6000336882,0.6001139964,0.6005213268,0.6000455135,0.6001540176,0.6007044897
16.46,4.22660996,4.226879122,4.228247554,4.22660996,4.226879122,4.228247554,0.001794946384,0.001794946372,0.5999887349,0.1999618186,0,0.600033353,0.60011304,0.600518078,0.6000450606,0.6001527254,0.6007000983
16.48,4.226608839,4.226875917,4.228236637,4.226608839,4.226875917,4.228236637,0.001783549943,0.001783549927,0.5999888469,0.1999621391,0,0.6000330211,0.6001120914,0.6005148475,0.6000446122,0.6001514437,0.6006957317
16.5,4.226607729,4.226872739,4.228225782,4.226607729,4.226872739,4.228225782,0.001772220195,0.001772220174,0.5999889579,0.1999624569,0,0.6000326925,0.6001111505,0.6005116351,0.6000441683,0.6001501724,0.6006913897
16.52,4.22660663,4.226869587,4.228214989,4.22660663,4.226869586,4.228214989,0.001760956801,0.001760956774,0.5999890678,0.1999627722,0,0.6000323672,0.6001102172,0.6005084409,0.6000437288,0.6001489114,0.6006870722
16.54,4.226605542,4.22686646,4.228204256,4.226605542,4.226866459,4.228204256,0.001749759421,0.00174975939,0.5999891766,0.1999630849,0,0.6000320452,0.6001092915,0.6005052647,0.6000432937,0.6001476606,0.6006827791
16.56,4.226604465,4.226863358,4.228193584,4.226604466,4.226863358,4.228193584,0.001738627721,0.001738627685,0.5999892843,0.199963395,0,0.6000317263,0.6001083733,0.6005021065,0.6000428629,0.6001464199,0.6006785103
16.58,4.226603399,4.226860282,4.228182972,4.226603399,4.226860281,4.228182972,0.001727561363,0.001727561323,0.5999893909,0.1999637027,0,0.6000314107,0.6001074625,0.6004989662,0.6000424364,0.6001451894,0.6006742656
16.6,4.226602344,4.22685723,4.228172421,4.226602344,4.22685723,4.228172421,0.001716560015,0.001716559971,0.5999894965,0.1999640078,0,0.6000310981,0.6001065591,0.6004958436,0.6000420142,0.6001439688,0.600670045
16.62,4.226601298,4.226854203,4.228161929,4.226601299,4.226854203,4.228161929,0.001705623342,0.001705623295,0.599989601,0.1999643105,0,0.6000307887,0.6001056631,0.6004927388,0.6000415961,0.6001427581,0.6006658484
16.64,4.226600264,4.226851201,4.228151497,4.226600264,4.226851201,4.228151497,0.001694751014,0.001694750963,0.5999897044,0.1999646107,0,0.6000304823,0.6001047743,0.6004896515,0.6000411822,0.6001415573,0.6006616755
16.66,4.226599239,4.226848224,4.228141124,4.226599239,4.226848224,4.228141124,0.0016839427,0.001683942647,0.5999898069,0.1999649084,0,0.600030179,0.6001038928,0.6004865819,0.6000407725,0.6001403662,0.6006575264
16.68,4.226598225,4.22684527,4.22813081,4.226598225,4.22684527,4.22813081,0.001673198071,0.001673198015,0.5999899083,0.1999652038,0,0.6000298787,0.6001030185,0.6004835296,0.6000403668,0.6001391849,0.6006534009
16.7,4.226597221,4.226842341,4.228120555,4.226597221,4.226842341,4.228120555,0.001662516799,0.001662516741,0.5999900087,0.1999654967,0,0.6000295815,0.6001021512,0.6004804948,0.6000399651,0.6001380131,0.6006492989
16.72,4.226596227,4.226839435,4.228110359,4.226596227,4.226839435,4.228110359,0.001651898556,0.001651898497,0.5999901081,0.1999657873,0,0.6000292871,0.600101291,0.6004774772,0.6000395675,0.6001368509,0.6006452203
16.74,4.226595242,4.226836553,4.228100221,4.226595243,4.226836553,4.228100221,0.001641343019,0.001641342959,0.5999902066,0.1999660755,0,0.6000289957,0.6001004379,0.6004744768,0.6000391737,0.6001356981,0.600641165
16.76,4.226594268,4.226833695,4.22809014,4.226594268,4.226833695,4.22809014,0.001630849863,0.001630849803,0.599990304,0.1999663613,0,0.6000287072,0.6000995916,0.6004714936,0.600038784,0.6001345548,0.6006371328
16.78,4.226593303,4.22683086,4.228080117,4.226593303,4.22683086,4.228080117,0.001620418764,0.001620418705,0.5999904005,0.1999666448,0,0.6000284216,0.6000987523,0.6004685275,0.6000383981,0.6001334207,0.6006331237
16.8,4.226592348,4.226828048,4.228070152,4.226592348,4.226828048,4.228070152,0.001610049402,0.001610049345,0.599990496,0.199966926,0,0.6000281388,0.6000979198,0.6004655783,0.600038016,0.6001322959,0.6006291375
16.82,4.226591402,4.226825259,4.228060244,4.226591403,4.226825259,4.228060244,0.001599741456,0.001599741401,0.5999905906,0.1999672049,0,0.6000278588,0.6000970941,0.6004626459,0.6000376377,0.6001311803,0.6006251742
16.84,4.226590466,4.226822492,4.228050392,4.226590466,4.226822492,4.228050392,0.001589494607,0.001589494555,0.5999906842,0.1999674816,0,0.6000275816,0.6000962751,0.6004597304,0.6000372632,0.6001300737,0.6006212336
16.86,4.226589539,4.226819749,4.228040597,4.226589539,4.226819749,4.228040597,0.001579308537,0.001579308488,0.5999907769,0.1999677559,0,0.6000273072,0.6000954628,0.6004568316,0.6000368925,0.6001289762,0.6006173156
16.88,4.226588622,4.226817027,4.228030858,4.226588622,4.226817027,4.228030858,0.00156918293,0.001569182886,0.5999908687,0.1999680281,0,0.6000270354,0.6000946572,0.6004539495,0.6000365254,0.6001278877,0.6006134201
16.9,4.226587713,4.226814328,4.228021176,4.226587713,4.226814328,4.228021176,0.001559117471,0.001559117431,0.5999909595,0.199968298,0,0.6000267664,0.6000938581,0.6004510839,0.6000361619,0.6001268081,0.600609547
16.92,4.226586813,4.226811651,4.228011549,4.226586814,4.226811651,4.228011549,0.001549111846,0.001549111811,0.5999910495,0.1999685657,0,0.6000265001,0.6000930656,0.6004482348,0.6000358021,0.6001257372,0.6006056963
16.94,4.226585923,4.226808996,4.228001977,4.226585923,4.226808996,4.228001977,0.001539165741,0.001539165711,0.5999911385,0.1999688312,0,0.6000262365,0.6000922795,0.6004454022,0.6000354459,0.6001246752,0.6006018677
16.96,4.226585041,4.226806363,4.227992461,4.226585041,4.226806363,4.227992461,0.001529278846,0.001529278822,0.5999912267,0.1999690946,0,0.6000259754,0.6000914999,0.6004425858,0.6000350932,0.6001236218,0.6005980611
16.98,4.226584168,4.226803751,4.227983,4.226584168,4.226803751,4.227983,0.00151945085,0.001519450832,0.599991314,0.1999693557,0,0.6000257169,0.6000907266,0.6004397857,0.600034744,0.600122577,0.6005942766
17,4.226583304,4.22680116,4.227973593,4.226583304,4.22680116,4.227973593,0.001509681445,0.001509681432,0.5999914004,0.1999696148,0,0.6000254611,0.6000899597,0.6004370018,0.6000343983,0.6001215408,0.6005905139
17.02,4.226582448,4.226798591,4.227964241,4.226582448,4.226798591,4.227964241,0.001499970323,0.001499970315,0.599991486,0.1999698717,0,0.6000252077,0.600089199,0.6004342339,0.6000340561,0.6001205131,0.600586773
17.04,4.226581601,4.226796043,4.227954942,4.226581601,4.226796043,4.227954942,0.001490317178,0.001490317173,0.5999915707,0.1999701266,0,0.6000249569,0.6000884446,0.6004314821,0.6000337172,0.6001194938,0.6005830537
17.06,4.226580762,4.226793515,4.227945698,4.226580762,4.226793515,4.227945698,0.001480721704,0.001480721703,0.5999916546,0.1999703793,0,0.6000247086,0.6000876964,0.6004287462,0.6000333817,0.6001184828,0.600579356
17.08,4.226579932,4.226791009,4.227936507,4.226579932,4.226791009,4.227936507,0.001471183598,0.001471183599,0.5999917376,0.19997063,0,0.6000244627,0.6000869543,0.6004260262,0.6000330496,0.6001174802,0.6005756797
17.1,4.22657911,4.226788522,4.22792737,4.22657911,4.226788522,4.22792737,0.001461702557,0.001461702558,0.5999918198,0.1999708786,0,0.6000242193,0.6000862183,0.6004233219,0.6000327207,0.6001164857,0.6005720248
17.12,4.226578296,4.226786057,4.227918286,4.226578296,4.226786057,4.227918286,0.001452278278,0.00145227828,0.5999919012,0.1999711251,0,0.6000239784,0.6000854883,0.6004206334,0.6000323951,0.6001154995,0.600568391
17.14,4.22657749,4.226783611,4.227909254,4.22657749,4.226783611,4.227909254,0.001442910461,0.001442910463,0.5999919818,0.1999713697,0,0.6000237398,0.6000847643,0.6004179605,0.6000320728,0.6001145213,0.6005647785
17.16,4.226576692,4.226781186,4.227900275,4.226576692,4.226781186,4.227900275,0.001433598806,0.001433598808,0.5999920616,0.1999716122,0,0.6000235036,0.6000840463,0.6004153031,0.6000317537,0.6001135511,0.6005611869
17.18,4.226575902,4.22677878,4.227891349,4.226575902,4.22677878,4.227891349,0.001424343015,0.001424343018,0.5999921406,0.1999718528,0,0.6000232697,0.6000833341,0.6004126612,0.6000314377,0.6001125889,0.6005576163
17.2,4.22657512,4.226776395,4.227882474,4.22657512,4.226776395,4.227882474,0.001415142792,0.001415142795,0.5999922188,0.1999720913,0,0.6000230382,0.6000826278,0.6004100347,0.6000311249,0.6001116347,0.6005540664
17.22,4.226574346,4.226774029,4.227873651,4.226574346,4.226774029,4.227873651,0.001405997841,0.001405997845,0.5999922962,0.1999723279,0,0.6000228089,0.6000819273,0.6004074235,0.6000308152,0.6001106882,0.6005505373
17.24,4.22657358,4.226771682,4.22786488,4.22657358,4.226771682,4.22786488,0.001396907869,0.001396907873,0.5999923729,0.1999725626,0,0.600022582,0.6000812326,0.6004048275,0.6000305086,0.6001097496,0.6005470288
17.26,4.226572821,4.226769355,4.22785616,4.226572821,4.226769355,4.22785616,0.001387872581,0.001387872586,0.5999924487,0.1999727953,0,0.6000223573,0.6000805436,0.6004022467,0.600030205,0.6001088186,0.6005435408
17.28,4.226572069,4.226767047,4.227847491,4.226572069,4.226767047,4.227847491,0.001378891687,0.001378891692,0.5999925239,0.1999730262,0,0.6000221348,0.6000798602,0.600399681,0.6000299045,0.6001078954,0.6005400732
17.3,4.226571325,4.226764757,4.227838873,4.226571325,4.226764757,4.227838873,0.001369964896,0.001369964901,0.5999925983,0.1999732551,0,0.6000219146,0.6000791825,0.6003971304,0.6000296069,0.6001069797,0.6005366259
17.32,4.226570589,4.226762487,4.227830305,4.226570589,4.226762487,4.227830305,0.001361091918,0.001361091922,0.5999926719,0.1999734821,0,0.6000216965,0.6000785104,0.6003945946,0.6000293123,0.6001060716,0.6005331988
17.34,4.22656986,4.226760235,4.227821788,4.22656986,4.226760235,4.227821788,0.001352272465,0.001352272469,0.5999927448,0.1999737073,0,0.6000214807,0.6000778438,0.6003920737,0.6000290207,0.6001051709,0.6005297919
17.36,4.226569138,4.226758002,4.22781332,4.226569138,4.226758002,4.22781332,0.00134350625,0.001343506253,0.599992817,0.1999739306,0,0.6000212669,0.6000771827,0.6003895677,0.6000287319,0.6001042777,0.6005264049
17.38,4.226568423,4.226755788,4.227804903,4.226568423,4.226755788,4.227804903,0.001334792987,0.00133479299,0.5999928885,0.199974152,0,0.6000210553,0.600076527,0.6003870763,0.600028446,0.6001033918,0.6005230378
17.4,4.226567716,4.226753591,4.227796534,4.226567716,4.226753591,4.227796534,0.001326132392,0.001326132394,0.5999929593,0.1999743717,0,0.6000208458,0.6000758767,0.6003845996,0.600028163,0.6001025132,0.6005196905
17.42,4.226567015,4.226751413,4.227788215,4.226567015,4.226751413,4.227788215,0.001317524182,0.001317524183,0.5999930293,0.1999745895,0,0.6000206384,0.6000752318,0.6003821375,0.6000278828,0.6001016419,0.6005163629
17.44,4.226566321,4.226749253,4.227779945,4.226566321,4.226749253,4.227779945,0.001308968073,0.001308968074,0.5999930987,0.1999748055,0,0.600020433,0.6000745923,0.6003796898,0.6000276053,0.6001007778,0.6005130549
17.46,4.226565635,4.22674711,4.227771724,4.226565635,4.22674711,4.227771724,0.001300463786,0.001300463786,0.5999931673,0.1999750198,0,0.6000202297,0.600073958,0.6003772566,0.6000273306,0.6000999208,0.6005097665
17.48,4.226564955,4.226744985,4.227763552,4.226564955,4.226744985,4.227763552,0.00129201104,0.00129201104,0.5999932353,0.1999752323,0,0.6000200284,0.6000733289,0.6003748377,0.6000270587,0.6000990709,0.6005064974
17.5,4.226564282,4.226742878,4.227755427,4.226564282,4.226742878,4.227755427,0.001283609557,0.001283609557,0.5999933026,0.199975443,0,0.6000198292,0.6000727051,0.6003724331,0.6000267895,0.600098228,0.6005032476
17.52,4.226563615,4.226740788,4.227747351,4.226563615,4.226740788,4.227747351,0.00127525906,0.001275259059,0.5999933693,0.199975652,0,0.6000196319,0.6000720864,0.6003700427,0.6000265229,0.6000973921,0.600500017
17.54,4.226562956,4.226738716,4.227739322,4.226562956,4.226738716,4.227739322,0.001266959272,0.001266959271,0.5999934353,0.1999758592,0,0.6000194365,0.6000714728,0.6003676665,0.600026259,0.600096563,0.6004968056
17.56,4.226562302,4.22673666,4.227731341,4.226562302,4.22673666,4.227731341,0.001258709918,0.001258709918,0.5999935006,0.1999760648,0,0.6000192431,0.6000708643,0.6003653043,0.6000259977,0.6000957409,0.6004936131
17.58,4.226561656,4.226734622,4.227723407,4.226561656,4.226734622,4.227723407,0.001250510725,0.001250510725,0.5999935652,0.1999762686,0,0.6000190517,0.6000702608,0.6003629561,0.600025739,0.6000949255,0.6004904396
17.6,4.226561015,4.2267326,4.22771552,4.226561015,4.2267326,4.22771552,0.001242361419,0.001242361421,0.5999936293,0.1999764708,0,0.6000188621,0.6000696623,0.6003606218,0.6000254829,0.6000941169,0.6004872849
17.62,4.226560382,4.226730596,4.22770768,4.226560381,4.226730596,4.22770768,0.00123426173,0.001234261733,0.5999936927,0.1999766713,0,0.6000186744,0.6000690687,0.6003583014,0.6000252294,0.600093315,0.6004841489
17.64,4.226559754,4.226728607,4.227699887,4.226559754,4.226728607,4.227699887,0.001226211388,0.001226211392,0.5999937554,0.1999768701,0,0.6000184886,0.6000684801,0.6003559947,0.6000249783,0.6000925197,0.6004810315
17.66,4.226559133,4.226726636,4.22769214,4.226559133,4.226726636,4.22769214,0.001218210123,0.001218210129,0.5999938176,0.1999770672,0,0.6000183046,0.6000678964,0.6003537018,0.6000247298,0.600091731,0.6004779326
17.68,4.226558517,4.22672468,4.227684439,4.226558517,4.22672468,4.227684439,0.001210257667,0.001210257675,0.5999938791,0.1999772628,0,0.6000181225,0.6000673175,0.6003514224,0.6000244837,0.6000909488,0.6004748522
17.7,4.226557908,4.226722741,4.227676783,4.226557908,4.226722741,4.227676783,0.001202353753,0.001202353764,0.59999394,0.1999774567,0,0.6000179422,0.6000667433,0.6003491567,0.6000242401,0.6000901732,0.6004717901
17.72,4.226557305,4.226720818,4.227669174,4.226557305,4.226720818,4.227669174,0.001194498117,0.001194498131,0.5999940003,0.199977649,0,0.6000177637,0.600066174,0.6003469044,0.6000239989,0.6000894039,0.6004687463
17.74,4.226556708,4.226718911,4.22766161,4.226556708,4.226718911,4.22766161,0.001186690494,0.001186690511,0.59999406,0.1999778397,0,0.6000175869,0.6000656094,0.6003446656,0.6000237601,0.6000886411,0.6004657206
17.76,4.226556117,4.226717019,4.227654091,4.226556117,4.226717019,4.227654091,0.001178930621,0.001178930641,0.5999941191,0.1999780289,0,0.6000174119,0.6000650494,0.6003424401,0.6000235237,0.6000878845,0.600462713
17.78,4.226555532,4.226715144,4.227646616,4.226555532,4.226715144,4.227646616,0.001171218235,0.001171218259,0.5999941776,0.1999782164,0,0.6000172387,0.6000644941,0.6003402279,0.6000232896,0.6000871343,0.6004597233
17.8,4.226554953,4.226713284,4.227639187,4.226554953,4.226713284,4.227639187,0.001163553076,0.001163553104,0.5999942355,0.1999784024,0,0.6000170671,0.6000639434,0.6003380289,0.6000230579,0.6000863902,0.6004567516
17.82,4.226554379,4.226711439,4.227631802,4.226554379,4.226711439,4.227631802,0.001155934885,0.001155934917,0.5999942929,0.1999785869,0,0.6000168973,0.6000633973,0.6003358431,0.6000228285,0.6000856524,0.6004537975
17.84,4.226553811,4.22670961,4.227624461,4.226553811,4.22670961,4.227624461,0.001148363402,0.001148363438,0.5999943497,0.1999787698,0,0.6000167292,0.6000628557,0.6003336703,0.6000226013,0.6000849207,0.6004508612
17.86,4.226553249,4.226707796,4.227617164,4.226553249,4.226707796,4.227617164,0.00114083837,0.001140838411,0.5999944059,0.1999789512,0,0.6000165627,0.6000623187,0.6003315106,0.6000223765,0.600084195,0.6004479424
17.88,4.226552693,4.226705997,4.227609911,4.226552693,4.226705997,4.227609911,0.001133359534,0.00113335958,0.5999944615,0.1999791311,0,0.6000163979,0.600061786,0.6003293638,0.6000221538,0.6000834754,0.6004450412
17.9,4.226552142,4.226704213,4.227602702,4.226552141,4.226704213,4.227602702,0.001125926638,0.001125926688,0.5999945167,0.1999793095,0,0.6000162348,0.6000612579,0.6003272299,0.6000219334,0.6000827618,0.6004421574
17.92,4.226551596,4.226702443,4.227595535,4.226551596,4.226702444,4.227595535,0.001118539428,0.001118539483,0.5999945712,0.1999794865,0,0.6000160733,0.6000607341,0.6003251088,0.6000217151,0.6000820541,0.6004392908
17.94,4.226551056,4.226700689,4.227588412,4.226551056,4.226700689,4.227588412,0.001111197652,0.001111197712,0.5999946252,0.1999796619,0,0.6000159133,0.6000602146,0.6003230004,0.6000214991,0.6000813524,0.6004364415
17.96,4.226550521,4.226698949,4.227581332,4.226550521,4.226698949,4.227581332,0.001103901057,0.001103901122,0.5999946787,0.1999798359,0,0.600015755,0.6000596995,0.6003209047,0.6000212851,0.6000806564,0.6004336094
17.98,4.226549992,4.226697224,4.227574294,4.226549991,4.226697224,4.227574294,0.001096649394,0.001096649463,0.5999947317,0.1999800084,0,0.6000155982,0.6000591887,0.6003188216,0.6000210734,0.6000799663,0.6004307943
18,4.226549467,4.226695513,4.227567298,4.226549467,4.226695513,4.227567298,0.001089442414,0.001089442487,0.5999947841,0.1999801795,0,0.600015443,0.6000586822,0.6003167511,0.6000208637,0.6000792818,0.6004279961
18.02,4.226548948,4.226693816,4.227560345,4.226548948,4.226693816,4.227560345,0.001082279867,0.001082279944,0.599994836,0.1999803492,0,0.6000152894,0.6000581798,0.600314693,0.6000206561,0.6000786031,0.6004252148
18.04,4.226548434,4.226692133,4.227553434,4.226548434,4.226692133,4.227553434,0.001075161507,0.001075161588,0.5999948874,0.1999805175,0,0.6000151372,0.6000576817,0.6003126473,0.6000204506,0.6000779301,0.6004224503
18.06,4.226547926,4.226690465,4.227546564,4.226547926,4.226690465,4.227546564,0.001068087089,0.001068087173,0.5999949382,0.1999806843,0,0.6000149866,0.6000571877,0.600310614,0.6000202471,0.6000772627,0.6004197024
18.08,4.226547422,4.22668881,4.227539736,4.226547422,4.22668881,4.227539736,0.001061056366,0.001061056454,0.5999949886,0.1999808498,0,0.6000148375,0.6000566978,0.600308593,0.6000200456,0.6000766008,0.6004169712
18.1,4.226546923,4.226687169,4.227532949,4.226546923,4.226687169,4.227532949,0.001054069096,0.001054069186,0.5999950385,0.1999810139,0,0.6000146899,0.600056212,0.6003065842,0.6000198462,0.6000759445,0.6004142565
18.12,4.22654643,4.226685542,4.227526204,4.22654643,4.226685542,4.227526204,0.001047125036,0.001047125128,0.5999950878,0.1999811766,0,0.6000145437,0.6000557302,0.6003045875,0.6000196487,0.6000752936,0.6004115582
18.14,4.226545941,4.226683928,4.227519499,4.226545941,4.226683929,4.227519499,0.001040223944,0.001040224038,0.5999951367,0.199981338,0,0.600014399,0.6000552525,0.6003026029,0.6000194532,0.6000746481,0.6004088762
18.16,4.226545457,4.226682328,4.227512834,4.226545457,4.226682328,4.227512834,0.00103336558,0.001033365675,0.5999951851,0.199981498,0,0.6000142557,0.6000547788,0.6003006303,0.6000192596,0.6000740081,0.6004062105
18.18,4.226544978,4.226680742,4.22750621,4.226544978,4.226680742,4.227506211,0.001026549706,0.001026549801,0.599995233,0.1999816566,0,0.6000141139,0.600054309,0.6002986697,0.600019068,0.6000733734,0.600403561
18.2,4.226544504,4.226679168,4.227499627,4.226544504,4.226679168,4.227499627,0.001019776082,0.001019776177,0.5999952804,0.199981814,0,0.6000139734,0.6000538432,0.600296721,0.6000188782,0.600072744,0.6004009275
18.22,4.226544034,4.226677608,4.227493083,4.226544034,4.226677608,4.227493083,0.001013044471,0.001013044565,0.5999953274,0.19998197,0,0.6000138344,0.6000533812,0.6002947841,0.6000186904,0.6000721199,0.60039831
18.24,4.226543569,4.226676061,4.227486579,4.226543569,4.226676061,4.227486579,0.001006354639,0.001006354731,0.5999953739,0.1999821248,0,0.6000136968,0.6000529231,0.600292859,0.6000185044,0.600071501,0.6003957084
18.26,4.226543109,4.226674526,4.227480115,4.226543109,4.226674526,4.227480115,0.0009997063492,0.0009997064394,0.5999954199,0.1999822782,0,0.6000135605,0.6000524689,0.6002909456,0.6000183203,0.6000708872,0.6003931226
18.28,4.226542653,4.226673005,4.22747369,4.226542653,4.226673005,4.22747369,0.0009930993687,0.0009930994558,0.5999954655,0.1999824303,0,0.6000134255,0.6000520184,0.6002890438,0.600018138,0.6000702786,0.6003905526
18.3,4.226542202,4.226671496,4.227467304,4.226542202,4.226671496,4.227467304,0.0009865334646,0.000986533548,0.5999955106,0.1999825812,0,0.600013292,0.6000515717,0.6002871536,0.6000179575,0.6000696751,0.6003879982
18.32,4.226541755,4.22667,4.227460957,4.226541755,4.22667,4.227460957,0.0009800084054,0.0009800084843,0.5999955553,0.1999827308,0,0.6000131597,0.6000511288,0.6002852749,0.6000177789,0.6000690767,0.6003854594
18.34,4.226541313,4.226668516,4.227454648,4.226541313,4.226668516,4.227454648,0.0009735239605,0.0009735240342,0.5999955995,0.1999828792,0,0.6000130288,0.6000506895,0.6002834076,0.600017602,0.6000684832,0.6003829361
18.36,4.226540875,4.226667045,4.227448378,4.226540875,4.226667045,4.227448379,0.0009670799005,0.0009670799683,0.5999956433,0.1999830263,0,0.6000128991,0.6000502539,0.6002815518,0.6000174268,0.6000678947,0.6003804281
18.38,4.226540442,4.226665586,4.227442147,4.226540442,4.226665586,4.227442147,0.0009606759971,0.0009606760583,0.5999956866,0.1999831722,0,0.6000127708,0.600049822,0.6002797073,0.6000172534,0.6000673112,0.6003779355
18.4,4.226540012,4.226664139,4.227435953,4.226540012,4.226664139,4.227435953,0.0009543120229,0.0009543120769,0.5999957296,0.1999833169,0,0.6000126437,0.6000493937,0.600277874,0.6000170817,0.6000667325,0.6003754581
18.42,4.226539588,4.226662705,4.227429798,4.226539587,4.226662705,4.227429798,0.0009479877518,0.0009479877979,0.5999957721,0.1999834603,0,0.6000125179,0.600048969,0.600276052,0.6000169118,0.6000661587,0.6003729959
18.44,4.226539167,4.226661282,4.22742368,4.226539167,4.226661282,4.22742368,0.0009417029585,0.0009417029962,0.5999958141,0.1999836026,0,0.6000123933,0.6000485479,0.6002742411,0.6000167435,0.6000655897,0.6003705487
18.46,4.22653875,4.226659872,4.227417599,4.22653875,4.226659872,4.227417599,0.000935457419,0.0009354574477,0.5999958558,0.1999837436,0,0.60001227,0.6000481303,0.6002724413,0.6000165769,0.6000650255,0.6003681165
18.48,4.226538338,4.226658473,4.227411556,4.226538338,4.226658473,4.227411556,0.0009292509102,0.0009292509294,0.599995897,0.1999838835,0,0.6000121479,0.6000477162,0.6002706525,0.6000164119,0.600064466,0.6003656992
18.5,4.22653793,4.226657086,4.22740555,4.22653793,4.226657086,4.22740555,0.0009230832102,0.0009230832195,0.5999959378,0.1999840222,0,0.600012027,0.6000473055,0.6002688746,0.6000162486,0.6000639113,0.6003632968
18.52,4.226537525,4.226655711,4.227399581,4.226537525,4.226655711,4.227399581,0.0009169540979,0.000916954097,0.5999959783,0.1999841597,0,0.6000119074,0.6000468984,0.6002671077,0.600016087,0.6000633611,0.6003609091
18.54,4.226537125,4.226654347,4.227393648,4.226537125,4.226654347,4.227393648,0.0009108633536,0.0009108633421,0.5999960183,0.1999842961,0,0.6000117889,0.6000464946,0.6002653516,0.6000159269,0.6000628156,0.600358536
18.56,4.226536729,4.226652995,4.227387752,4.226536729,4.226652995,4.227387752,0.0009048107584,0.0009048107362,0.5999960579,0.1999844313,0,0.6000116716,0.6000460942,0.6002636064,0.6000157684,0.6000622747,0.6003561775
18.58,4.226536337,4.226651654,4.227381892,4.226536337,4.226651654,4.227381892,0.0008987960944,0.0008987960614,0.5999960971,0.1999845654,0,0.6000115554,0.6000456972,0.6002618718,0.6000156115,0.6000617383,0.6003538335
18.6,4.226535948,4.226650324,4.227376068,4.226535949,4.226650324,4.227376068,0.0008928191449,0.000892819101,0.599996136,0.1999846984,0,0.6000114405,0.6000453036,0.6002601479,0.6000154562,0.6000612064,0.600351504
18.62,4.226535564,4.226649006,4.22737028,4.226535564,4.226649006,4.22737028,0.0008868796942,0.0008868796396,0.5999961744,0.1999848302,0,0.6000113266,0.6000449132,0.6002584346,0.6000153024,0.600060679,0.6003491888
18.64,4.226535183,4.226647698,4.227364528,4.226535183,4.226647698,4.227364528,0.0008809775277,0.0008809774625,0.5999962125,0.199984961,0,0.6000112139,0.6000445261,0.6002567319,0.6000151501,0.6000601561,0.6003468878
18.66,4.226534806,4.226646402,4.227358811,4.226534807,4.226646402,4.227358811,0.0008751124316,0.0008751123561,0.5999962502,0.1999850906,0,0.6000111023,0.6000441423,0.6002550397,0.6000149993,0.6000596375,0.600344601
18.68,4.226534433,4.226645116,4.227353129,4.226534433,4.226645116,4.227353129,0.0008692841934,0.0008692841079,0.5999962875,0.1999852192,0,0.6000109919,0.6000437617,0.6002533579,0.6000148501,0.6000591233,0.6003423284
18.7,4.226534064,4.226643842,4.227347482,4.226534064,4.226643842,4.227347482,0.0008634926015,0.0008634925066,0.5999963244,0.1999853466,0,0.6000108825,0.6000433843,0.6002516865,0.6000147023,0.6000586134,0.6003400697
18.72,4.226533698,4.226642578,4.227341871,4.226533698,4.226642578,4.227341871,0.0008577374452,0.0008577373415,0.599996361,0.199985473,0,0.6000107742,0.6000430101,0.6002500254,0.600014556,0.6000581079,0.600337825
18.74,4.226533336,4.226641324,4.227336294,4.226533336,4.226641324,4.227336294,0.0008520185151,0.0008520184033,0.5999963972,0.1999855984,0,0.600010667,0.600042639,0.6002483745,0.6000144112,0.6000576065,0.6003355942
18.76,4.226532978,4.226640082,4.227330751,4.226532978,4.226640082,4.227330751,0.0008463356027,0.0008463354835,0.5999964331,0.1999857226,0,0.6000105609,0.6000422711,0.6002467339,0.6000142678,0.6000571094,0.6003333772
18.78,4.226532623,4.226638849,4.227325243,4.226532623,4.226638849,4.227325243,0.0008406885004,0.0008406883748,0.5999964685,0.1999858459,0,0.6000104558,0.6000419063,0.6002451034,0.6000141258,0.6000566165,0.6003311739
18.8,4.226532271,4.226637628,4.227319769,4.226532271,4.226637627,4.227319769,0.0008350770018,0.0008350768708,0.5999965037,0.1999859681,0,0.6000103517,0.6000415445,0.6002434831,0.6000139853,0.6000561278,0.6003289843
18.82,4.226531923,4.226636416,4.227314329,4.226531924,4.226636416,4.227314328,0.0008295009015,0.0008295007661,0.5999965385,0.1999860892,0,0.6000102487,0.6000411858,0.6002418727,0.6000138461,0.6000556431,0.6003268082
18.84,4.226531579,4.226635215,4.227308922,4.226531579,4.226635215,4.227308922,0.0008239599949,0.0008239598564,0.5999965729,0.1999862093,0,0.6000101468,0.6000408301,0.6002402724,0.6000137083,0.6000551626,0.6003246456
18.86,4.226531238,4.226634023,4.227303549,4.226531238,4.226634023,4.227303549,0.0008184540786,0.0008184539383,0.599996607,0.1999863285,0,0.6000100458,0.6000404775,0.6002386819,0.6000135719,0.6000546861,0.6003224965
18.88,4.2265309,4.226632842,4.22729821,4.2265309,4.226632842,4.22729821,0.0008129829503,0.0008129828094,0.5999966408,0.1999864466,0,0.6000099458,0.6000401277,0.6002371014,0.6000134369,0.6000542136,0.6003203606
18.9,4.226530566,4.226631671,4.227292903,4.226530566,4.226631671,4.227292903,0.0008075464085,0.0008075462684,0.5999966742,0.1999865637,0,0.6000098469,0.600039781,0.6002355306,0.6000133032,0.6000537452,0.6003182381
18.92,4.226530235,4.22663051,4.22728763,4.226530235,4.22663051,4.22728763,0.0008021442529,0.0008021441149,0.5999967073,0.1999866798,0,0.6000097489,0.6000394372,0.6002339697,0.6000131708,0.6000532806,0.6003161287
18.94,4.226529908,4.226629358,4.227282389,4.226529908,4.226629358,4.227282389,0.000796776284,0.0007967761495,0.5999967401,0.199986795,0,0.6000096519,0.6000390962,0.6002324184,0.6000130398,0.60005282,0.6003140325
18.96,4.226529583,4.226628216,4.227277181,4.226529583,4.226628216,4.227277181,0.0007914423035,0.0007914421739,0.5999967725,0.1999869092,0,0.6000095559,0.6000387582,0.6002308768,0.60001291,0.6000523633,0.6003119493
18.98,4.226529262,4.226627084,4.227272006,4.226529262,4.226627084,4.227272006,0.000786142114,0.0007861419907,0.5999968046,0.1999870224,0,0.6000094608,0.600038423,0.6002293448,0.6000127816,0.6000519104,0.6003098791
19,4.226528944,4.226625962,4.227266863,4.226528944,4.226625962,4.227266862,0.0007808755191,0.0007808754034,0.5999968364,0.1999871346,0,0.6000093666,0.6000380907,0.6002278223,0.6000126544,0.6000514614,0.6003078218
19.02,4.226528629,4.226624849,4.227261751,4.226528629,4.226624849,4.227261751,0.0007756423235,0.0007756422166,0.5999968679,0.199987246,0,0.6000092734,0.6000377611,0.6002263093,0.6000125285,0.6000510162,0.6003057773
19.04,4.226528318,4.226623745,4.227256672,4.226528318,4.226623745,4.227256672,0.0007704423329,0.0007704422358,0.599996899,0.1999873563,0,0.6000091812,0.6000374343,0.6002248058,0.6000124038,0.6000505747,0.6003037456
19.06,4.226528009,4.226622651,4.227251624,4.226528009,4.226622651,4.227251624,0.0007652753538,0.0007652752675,0.5999969299,0.1999874658,0,0.6000090898,0.6000371104,0.6002233116,0.6000122804,0.600050137,0.6003017265
19.08,4.226527704,4.226621565,4.227246608,4.226527704,4.226621565,4.227246608,0.000760141194,0.0007601411193,0.5999969604,0.1999875743,0,0.6000089994,0.6000367891,0.6002218268,0.6000121582,0.600049703,0.6002997201
19.1,4.226527401,4.22662049,4.227241624,4.226527401,4.22662049,4.227241624,0.0007550396622,0.0007550395995,0.5999969907,0.1999876818,0,0.6000089098,0.6000364706,0.6002203513,0.6000120373,0.6000492726,0.6002977262
19.12,4.226527102,4.226619423,4.22723667,4.226527102,4.226619423,4.22723667,0.0007499705679,0.0007499705175,0.5999970206,0.1999877885,0,0.6000088212,0.6000361547,0.6002188849,0.6000119175,0.6000488459,0.6002957448
19.14,4.226526805,4.226618365,4.227231748,4.226526805,4.226618365,4.227231748,0.0007449337219,0.0007449336837,0.5999970503,0.1999878943,0,0.6000087334,0.6000358416,0.6002174278,0.6000117989,0.6000484228,0.6002937758
19.16,4.226526512,4.226617316,4.227226856,4.226526512,4.226617316,4.227226856,0.000739928936,0.0007399289094,0.5999970796,0.1999879992,0,0.6000086465,0.600035531,0.6002159798,0.6000116815,0.6000480033,0.6002918191
19.18,4.226526221,4.226616276,4.227221995,4.226526221,4.226616276,4.227221995,0.0007349560226,0.0007349560068,0.5999971087,0.1999881032,0,0.6000085605,0.6000352232,0.6002145409,0.6000115653,0.6000475873,0.6002898747
19.2,4.226525934,4.226615245,4.227217164,4.226525934,4.226615245,4.227217164,0.0007300147957,0.0007300147892,0.5999971374,0.1999882063,0,0.6000084753,0.6000349179,0.6002131109,0.6000114502,0.6000471749,0.6002879425
19.22,4.226525649,4.226614223,4.227212364,4.226525649,4.226614223,4.227212364,0.0007251050699,0.0007251050708,0.5999971659,0.1999883085,0,0.600008391,0.6000346152,0.60021169,0.6000113363,0.6000467659,0.6002860224
19.24,4.226525367,4.226613209,4.227207594,4.226525367,4.226613209,4.227207594,0.0007202266609,0.0007202266665,0.5999971941,0.1999884099,0,0.6000083075,0.6000343151,0.600210278,0.6000112235,0.6000463605,0.6002841144
19.26,4.226525088,4.226612204,4.227202854,4.226525088,4.226612204,4.227202854,0.0007153793854,0.0007153793925,0.599997222,0.1999885104,0,0.6000082248,0.6000340175,0.6002088748,0.6000111118,0.6000459584,0.6002822183
19.28,4.226524811,4.226611208,4.227198144,4.226524811,4.226611208,4.227198144,0.0007105630586,0.0007105630657,0.5999972497,0.19998861,0,0.600008143,0.6000337225,0.6002074805,0.6000110012,0.6000455598,0.6002803342
19.3,4.226524538,4.22661022,4.227193463,4.226524538,4.22661022,4.227193463,0.000705777497,0.000705777504,0.5999972771,0.1999887089,0,0.600008062,0.6000334299,0.6002060949,0.6000108918,0.6000451646,0.6002784619
19.32,4.226524267,4.22660924,4.227188812,4.226524267,4.22660924,4.227188812,0.0007010225192,0.0007010225262,0.5999973041,0.1999888068,0,0.6000079818,0.6000331399,0.600204718,0.6000107834,0.6000447727,0.6002766014
19.34,4.226523998,4.226608268,4.22718419,4.226523998,4.226608268,4.22718419,0.0006962979452,0.0006962979521,0.599997331,0.199988904,0,0.6000079023,0.6000328523,0.6002033498,0.6000106761,0.6000443841,0.6002747526
19.36,4.226523733,4.226607305,4.227179597,4.226523733,4.226607305,4.227179597,0.0006916035954,0.0006916036024,0.5999973575,0.1999890003,0,0.6000078237,0.6000325671,0.6002019903,0.6000105699,0.6000439989,0.6002729155
19.38,4.22652347,4.22660635,4.227175033,4.22652347,4.22660635,4.227175033,0.0006869392917,0.0006869392986,0.5999973838,0.1999890958,0,0.6000077459,0.6000322844,0.6002006393,0.6000104647,0.6000436169,0.6002710899
19.4,4.22652321,4.226605403,4.227170498,4.22652321,4.226605403,4.227170498,0.0006823048563,0.0006823048632,0.5999974099,0.1999891905,0,0.6000076688,0.6000320041,0.6001992968,0.6000103606,0.6000432382,0.6002692759
19.42,4.226522952,4.226604465,4.227165991,4.226522952,4.226604465,4.227165991,0.0006777001129,0.0006777001197,0.5999974356,0.1999892843,0,0.6000075925,0.6000317261,0.6001979628,0.6000102575,0.6000428626,0.6002674733
19.44,4.226522697,4.226603534,4.227161513,4.226522697,4.226603534,4.227161513,0.0006731248856,0.0006731248924,0.5999974611,0.1999893774,0,0.6000075169,0.6000314505,0.6001966372,0.6000101554,0.6000424903,0.6002656821
19.46,4.226522444,4.226602611,4.227157064,4.226522444,4.226602611,4.227157064,0.0006685789997,0.0006685790065,0.5999974864,0.1999894697,0,0.6000074422,0.6000311773,0.60019532,0.6000100544,0.6000421211,0.6002639022
19.48,4.226522194,4.226601696,4.227152642,4.226522194,4.226601696,4.227152642,0.0006640622813,0.0006640622881,0.5999975114,0.1999895612,0,0.6000073681,0.6000309064,0.6001940111,0.6000099543,0.6000417551,0.6002621336
19.5,4.226521946,4.226600789,4.227148248,4.226521946,4.226600789,4.227148248,0.0006595745574,0.0006595745642,0.5999975362,0.1999896519,0,0.6000072948,0.6000306377,0.6001927105,0.6000098553,0.6000413922,0.6002603761
19.52,4.226521701,4.226599889,4.227143883,4.226521701,4.226599889,4.227143883,0.0006551156561,0.0006551156628,0.5999975607,0.1999897419,0,0.6000072222,0.6000303714,0.6001914181,0.6000097572,0.6000410324,0.6002586298
19.54,4.226521458,4.226598997,4.227139544,4.226521458,4.226598997,4.227139545,0.000650685406,0.0006506854127,0.599997585,0.1999898311,0,0.6000071503,0.6000301074,0.600190134,0.6000096601,0.6000406756,0.6002568946
19.56,4.226521218,4.226598113,4.227135234,4.226521218,4.226598113,4.227135234,0.0006462836368,0.0006462836436,0.599997609,0.1999899195,0,0.6000070792,0.6000298455,0.6001888579,0.600009564,0.6000403219,0.6002551703
19.58,4.22652098,4.226597236,4.227130951,4.22652098,4.226597236,4.227130951,0.0006419101793,0.0006419101859,0.5999976328,0.1999900072,0,0.6000070088,0.600029586,0.6001875899,0.6000094689,0.6000399712,0.600253457
19.6,4.226520745,4.226596367,4.227126694,4.226520745,4.226596367,4.227126694,0.0006375648647,0.0006375648713,0.5999976563,0.1999900941,0,0.600006939,0.6000293286,0.60018633,0.6000093746,0.6000396235,0.6002517545
19.62,4.226520512,4.226595505,4.227122465,4.226520512,4.226595505,4.227122465,0.0006332475255,0.0006332475321,0.5999976797,0.1999901803,0,0.60000687,0.6000290734,0.6001850781,0.6000092814,0.6000392787,0.6002500628
19.64,4.226520281,4.22659465,4.227118263,4.226520281,4.22659465,4.227118263,0.0006289579948,0.0006289580014,0.5999977027,0.1999902658,0,0.6000068016,0.6000288204,0.6001838341,0.600009189,0.6000389369,0.6002483819
19.66,4.226520052,4.226593803,4.227114087,4.226520052,4.226593803,4.227114087,0.0006246961067,0.0006246961133,0.5999977256,0.1999903505,0,0.6000067339,0.6000285695,0.600182598,0.6000090976,0.600038598,0.6002467117
19.68,4.226519826,4.226592963,4.227109938,4.226519826,4.226592963,4.227109938,0.0006204616962,0.0006204617028,0.5999977482,0.1999904345,0,0.6000066669,0.6000283208,0.6001813698,0.6000090071,0.600038262,0.6002450521
19.7,4.226519602,4.22659213,4.227105816,4.226519602,4.22659213,4.227105816,0.0006162545992,0.0006162546057,0.5999977706,0.1999905178,0,0.6000066006,0.6000280742,0.6001801494,0.6000089174,0.6000379288,0.600243403
19.72,4.22651938,4.226591304,4.227101719,4.22651938,4.226591304,4.227101719,0.0006120746522,0.0006120746586,0.5999977928,0.1999906004,0,0.6000065349,0.6000278298,0.6001789368,0.6000088287,0.6000375985,0.6002417645
19.74,4.22651916,4.226590486,4.227097649,4.22651916,4.226590486,4.227097649,0.0006079216927,0.0006079216992,0.5999978148,0.1999906822,0,0.6000064699,0.6000275874,0.6001777319,0.6000087409,0.600037271,0.6002401364
19.76,4.226518943,4.226589674,4.227093605,4.226518943,4.226589674,4.227093605,0.0006037955593,0.0006037955657,0.5999978365,0.1999907634,0,0.6000064055,0.600027347,0.6001765346,0.6000086539,0.6000369463,0.6002385186
19.78,4.226518728,4.226588869,4.227089586,4.226518728,4.226588869,4.227089586,0.0005996960911,0.0005996960975,0.5999978581,0.1999908439,0,0.6000063418,0.6000271087,0.600175345,0.6000085678,0.6000366244,0.6002369112
19.8,4.226518514,4.226588071,4.227085593,4.226518514,4.226588071,4.227085593,0.0005956231281,0.0005956231345,0.5999978794,0.1999909237,0,0.6000062787,0.6000268725,0.600174163,0.6000084825,0.6000363052,0.600235314
19.82,4.226518303,4.22658728,4.227081626,4.226518303,4.22658728,4.227081626,0.0005915765114,0.0005915765177,0.5999979005,0.1999910028,0,0.6000062162,0.6000266383,0.6001729885,0.6000083981,0.6000359888,0.600233727
19.84,4.226518095,4.226586496,4.227077684,4.226518095,4.226586496,4.227077684,0.0005875560826,0.0005875560889,0.5999979214,0.1999910812,0,0.6000061544,0.600026406,0.6001718216,0.6000083146,0.600035675,0.6002321502
19.86,4.226517888,4.226585718,4.227073767,4.226517888,4.226585718,4.227073767,0.0005835616844,0.0005835616907,0.599997942,0.199991159,0,0.6000060931,0.6000261758,0.600170662,0.6000082318,0.6000353639,0.6002305834
19.88,4.226517683,4.226584947,4.227069875,4.226517683,4.226584947,4.227069875,0.0005795931602,0.0005795931665,0.5999979625,0.1999912361,0,0.6000060325,0.6000259475,0.6001695099,0.6000081499,0.6000350555,0.6002290266
19.9,4.22651748,4.226584182,4.227066008,4.22651748,4.226584182,4.227066008,0.0005756503543,0.0005756503605,0.5999979828,0.1999913126,0,0.6000059725,0.6000257212,0.6001683652,0.6000080688,0.6000347498,0.6002274798
19.92,4.226517279,4.226583425,4.227062165,4.226517279,4.226583425,4.227062165,0.0005717331118,0.000571733118,0.5999980029,0.1999913884,0,0.600005913,0.6000254968,0.6001672278,0.6000079885,0.6000344466,0.6002259429
19.94,4.226517081,4.226582673,4.227058348,4.226517081,4.226582673,4.227058348,0.0005678412785,0.0005678412847,0.5999980227,0.1999914635,0,0.6000058542,0.6000252743,0.6001660976,0.6000079091,0.600034146,0.6002244159
19.96,4.226516884,4.226581928,4.227054555,4.226516884,4.226581928,4.227054555,0.0005639747013,0.0005639747074,0.5999980424,0.199991538,0,0.600005796,0.6000250538,0.6001649747,0.6000078304,0.600033848,0.6002228986
19.98,4.226516689,4.22658119,4.227050786,4.226516689,4.22658119,4.227050786,0.0005601332276,0.0005601332337,0.5999980619,0.1999916119,0,0.6000057383,0.6000248351,0.600163859,0.6000077524,0.6000335526,0.6002213911
20,4.226516496,4.226580457,4.227047041,4.226516496,4.226580457,4.227047041,0.0005563167058,0.0005563167119,0.5999980812,0.1999916851,0,0.6000056812,0.6000246183,0.6001627505,0.6000076753,0.6000332597,0.6002198932
