t,n1,n2,n3,oracle_n1,oracle_n2,oracle_n3,error_norm,oracle_error_norm,r1,r2,r3,u1,u2,u3,z1,z2,z3
0,3.803847577,4.649147039,3.803847577,3.803847577,4.649147039,3.803847577,0.7320508076,0.7320508076,0.6422649731,0.1577350269,0,0.4663271437,0.7183946842,0.4663271437,0.4309401077,0.7690598923,0.4309401077
0.02,3.808053012,4.642709901,3.810557258,3.808053012,4.642709901,3.810557258,0.7220350937,0.7220350937,0.6418444296,0.1583787407,0,0.4677519057,0.7166816524,0.468599305,0.4326222817,0.7664850371,0.4336239799
0.04,3.812216603,4.636359019,3.817162528,3.812216603,4.636359019,3.817162528,0.7121587515,0.7121587515,0.6414280705,0.1590138289,0,0.4691603862,0.714989141,0.4708308078,0.4342877178,0.7639446845,0.436266088
0.06,3.816338765,4.630093315,3.823664903,3.816338765,4.630093315,3.823664903,0.7024198987,0.7024198987,0.6410158544,0.1596403993,0,0.4705527963,0.713316948,0.4730224409,0.4359365826,0.7614384027,0.438867038
0.08,3.82041991,4.623911721,3.830065877,3.82041991,4.623911721,3.830065877,0.6928166772,0.6928166772,0.6406077398,0.1602585587,0,0.4719293439,0.7116648725,0.4751749751,0.4375690409,0.7589657653,0.4414274277
0.1,3.824460448,4.617813185,3.836366925,3.824460448,4.617813185,3.836366925,0.6833472535,0.6833472535,0.640203686,0.1608684123,0,0.4732902337,0.7100327154,0.4772891628,0.4391852559,0.7565263509,0.4439478466
0.12,3.828460781,4.611796666,3.842569499,3.828460781,4.611796666,3.842569499,0.6740098177,0.6740098177,0.6398036527,0.1614700642,0,0.474635667,0.7084202789,0.4793657394,0.4407853894,0.7541197431,0.4464288763
0.14,3.832421311,4.605861135,3.848675034,3.832421311,4.605861135,3.848675034,0.6648025835,0.6648025835,0.6394075997,0.1620636174,0,0.4759658421,0.7068273664,0.4814054233,0.4423696012,0.7517455306,0.4488710904
0.16,3.836342433,4.600005575,3.854684945,3.836342433,4.600005575,3.854684945,0.6557237879,0.6557237879,0.6390154875,0.1626491733,0,0.4772809542,0.7052537831,0.4834089164,0.4439380499,0.7494033069,0.4512750546
0.18,3.840224539,4.594228985,3.860600626,3.840224539,4.594228985,3.860600626,0.646771691,0.646771691,0.6386272769,0.1632268323,0,0.4785811954,0.7036993354,0.485376905,0.4454908922,0.7470926706,0.4536413271
0.2,3.844068017,4.58853037,3.866423454,3.844068017,4.58853037,3.866423454,0.6379445755,0.6379445755,0.6382429291,0.1637966938,0,0.479866755,0.7021638312,0.4873100596,0.4470282835,0.7448132249,0.4559704583
0.22,3.847873252,4.582908753,3.872154786,3.847873252,4.582908753,3.872154786,0.6292407464,0.6292407464,0.6378624056,0.1643588555,0,0.4811378194,0.7006470798,0.4892090361,0.4485503775,0.7425645779,0.4582629911
0.24,3.851640624,4.577363164,3.877795961,3.851640624,4.577363164,3.877795961,0.620658531,0.620658531,0.6374856684,0.1649134144,0,0.4823945719,0.6991488918,0.4910744755,0.4500573265,0.7403463424,0.460519461
0.26,3.855370511,4.571892648,3.883348298,3.855370511,4.571892648,3.883348298,0.6121962785,0.6121962785,0.6371126798,0.165460466,0,0.4836371934,0.6976690792,0.492907005,0.451549281,0.7381581358,0.4627403961
0.28,3.859063284,4.566496258,3.888813101,3.859063284,4.566496258,3.888813101,0.6038523594,0.6038523594,0.6367434024,0.166000105,0,0.4848658617,0.6962074557,0.4947072377,0.4530263903,0.7359995801,0.4649263173
0.3,3.862719314,4.561173063,3.894191654,3.862719314,4.561173063,3.894191654,0.5956251658,0.5956251657,0.6363777995,0.1665324245,0,0.4860807522,0.6947638359,0.4964757735,0.4544888022,0.733870302,0.4670777383
0.32,3.866338965,4.555922139,3.899485223,3.866338965,4.555922139,3.899485223,0.5875131106,0.5875131106,0.6360158343,0.1670575169,0,0.4872820375,0.6933380361,0.4982131993,0.4559366628,0.7317699324,0.469195166
0.34,3.8699226,4.550742576,3.904695058,3.8699226,4.550742576,3.904695058,0.5795146276,0.5795146276,0.6356574708,0.1675754733,0,0.4884698878,0.691929874,0.4999200894,0.4573701169,0.729698107,0.4712791
0.36,3.873470578,4.545633472,3.909822391,3.873470578,4.545633472,3.909822391,0.5716281712,0.5716281712,0.635302673,0.1680863836,0,0.4896444704,0.6905391684,0.5015970057,0.458789308,0.7276544656,0.4733300333
0.38,3.876983253,4.540593939,3.914868438,3.876983253,4.540593939,3.914868438,0.5638522159,0.5638522159,0.6349514055,0.1685903369,0,0.4908059505,0.6891657397,0.5032444981,0.4601943779,0.7256386524,0.4753484519
0.4,3.880460976,4.535623098,3.919834396,3.880460976,4.535623098,3.919834396,0.5561852561,0.5561852561,0.6346036332,0.169087421,0,0.4919544908,0.6878094095,0.5048631052,0.461585467,0.7236503161,0.4773348352
0.42,3.883904095,4.530720082,3.924721448,3.883904095,4.530720082,3.924721448,0.5486258062,0.5486258063,0.6342593213,0.1695777227,0,0.4930902513,0.686470001,0.5064533537,0.4629627147,0.7216891094,0.4792896561
0.44,3.887312954,4.525884031,3.92953076,3.887312954,4.525884031,3.92953076,0.5411724,0.5411724,0.6339184354,0.1700613277,0,0.49421339,0.6851473385,0.5080157598,0.4643262584,0.7197546892,0.4812133808
0.46,3.890687895,4.5211141,3.934263481,3.890687895,4.5211141,3.934263481,0.5338235904,0.5338235904,0.6335809413,0.1705383208,0,0.4953240625,0.6838412477,0.5095508287,0.4656762347,0.7178467167,0.4831064692
0.48,3.894029254,4.516409451,3.938920745,3.894029254,4.516409451,3.938920745,0.5265779494,0.5265779494,0.6332468054,0.1710087857,0,0.496422422,0.6825515557,0.5110590551,0.4670127785,0.7159648571,0.4849693749
0.5,3.897337367,4.511769257,3.943503671,3.897337367,4.511769257,3.943503671,0.5194340678,0.5194340678,0.6329159941,0.1714728051,0,0.4975086196,0.6812780908,0.5125409237,0.4683360235,0.7141087797,0.486802545
0.52,3.900612563,4.507192702,3.94801336,3.900612563,4.507192702,3.94801336,0.512390555,0.5123905549,0.6325884745,0.1719304606,0,0.4985828042,0.680020683,0.513996909,0.4696461019,0.7122781575,0.4886064206
0.54,3.90385517,4.502678978,3.9524509,3.90385517,4.502678978,3.9524509,0.5054460384,0.5054460383,0.6322642138,0.172381833,0,0.4996451224,0.6787791631,0.5154274762,0.4709431449,0.710472668,0.4903814368
0.56,3.907065513,4.498227288,3.956817364,3.907065513,4.498227288,3.956817364,0.4985991637,0.4985991637,0.6319431795,0.172827002,0,0.500695719,0.6775533636,0.5168330806,0.472227282,0.7086919921,0.4921280223
0.58,3.910243913,4.493836845,3.961113809,3.910243913,4.493836845,3.961113809,0.4918485944,0.4918485944,0.6316253395,0.1732660463,0,0.5017347365,0.6763431181,0.5182141687,0.4734986418,0.7069358148,0.4938466003
0.6,3.913390687,4.48950687,3.965341278,3.913390687,4.48950687,3.965341278,0.4851930115,0.4851930115,0.6313106622,0.1736990438,0,0.5027623154,0.6751482618,0.519571178,0.4747573514,0.7052038248,0.4955375878
0.62,3.916506149,4.485236595,3.969500799,3.916506149,4.485236595,3.969500799,0.4786311136,0.4786311136,0.6309991159,0.1741260713,0,0.5037785943,0.6739686309,0.5209045369,0.4760035366,0.7034957148,0.4972013962
0.64,3.919590613,4.481025261,3.973593386,3.919590613,4.481025261,3.973593386,0.4721616162,0.4721616162,0.6306906695,0.1745472048,0,0.5047837096,0.6728040631,0.5222146658,0.477237322,0.701811181,0.4988384312
0.66,3.922644386,4.476872116,3.97762004,3.922644386,4.476872116,3.97762004,0.4657832519,0.4657832518,0.6303852922,0.1749625192,0,0.505777796,0.6716543973,0.5235019763,0.478458831,0.7001499232,0.5004490926
0.68,3.925667773,4.472776421,3.981581746,3.925667773,4.472776421,3.981581746,0.4594947699,0.4594947698,0.6300829535,0.1753720887,0,0.5067609864,0.6705194737,0.5247668723,0.4796681859,0.6985116452,0.502033775
0.7,3.928661077,4.468737443,3.985479476,3.928661077,4.468737443,3.985479476,0.453294936,0.4532949359,0.6297836231,0.1757759865,0,0.5077334114,0.6693991338,0.5260097495,0.4808655074,0.696896054,0.5035928673
0.72,3.931624597,4.464754459,3.98931419,3.931624597,4.464754459,3.98931419,0.4471825323,0.4471825322,0.6294872711,0.1761742849,0,0.5086952003,0.6682932205,0.527230996,0.4820509154,0.6953028604,0.5051267529
0.74,3.934558629,4.460826754,3.993086833,3.934558629,4.460826754,3.993086834,0.4411563571,0.4411563569,0.6291938679,0.1765670554,0,0.5096464802,0.6672015778,0.5284309923,0.4832245284,0.6937317785,0.5066358101
0.76,3.937463468,4.456953624,3.996798338,3.937463468,4.456953624,3.996798338,0.4352152243,0.4352152241,0.6289033841,0.1769543684,0,0.5105873766,0.6661240511,0.5296101116,0.4843864638,0.6921825262,0.5081204118
0.78,3.940339402,4.45313437,4.000449622,3.940339402,4.453134369,4.000449622,0.4293579637,0.4293579635,0.6286157906,0.1773362939,0,0.5115180132,0.6650604871,0.5307687198,0.4855368377,0.6906548246,0.5095809256
0.8,3.943186721,4.449368303,4.004041593,3.943186721,4.449368303,4.004041594,0.4235834206,0.4235834204,0.6283310587,0.1777129005,0,0.5124385122,0.6640107336,0.5319071761,0.4866757652,0.6891483981,0.5110177141
0.82,3.946005709,4.445654745,4.007575145,3.946005709,4.445654745,4.007575146,0.4178904555,0.4178904553,0.62804916,0.1780842563,0,0.5133489938,0.6629746399,0.5330258323,0.4878033602,0.6876629746,0.5124311349
0.84,3.948796647,4.441993022,4.011051159,3.948796647,4.441993021,4.011051159,0.4122779441,0.4122779439,0.6277700662,0.1784504287,0,0.5142495767,0.6619520563,0.534125034,0.4889197354,0.6861982854,0.5138215403
0.86,3.951559814,4.43838247,4.014470503,3.951559814,4.43838247,4.014470503,0.4067447769,0.4067447768,0.6274937494,0.1788114838,0,0.5151403781,0.6609428346,0.53520512,0.4900250025,0.6847540648,0.5151892779
0.88,3.954295488,4.434822434,4.017834034,3.954295488,4.434822434,4.017834034,0.4012898592,0.4012898591,0.627220182,0.1791674874,0,0.5160215134,0.6599468277,0.5362664228,0.491119272,0.6833300505,0.5165346903
0.9,3.957003941,4.431312267,4.021142597,3.957003941,4.431312267,4.021142597,0.3959121107,0.3959121107,0.6269493367,0.1795185041,0,0.5168930965,0.6589638899,0.5373092686,0.4922026533,0.6819259835,0.5178581155
0.92,3.959685445,4.427851327,4.024397024,3.959685445,4.427851327,4.024397024,0.3906104656,0.3906104656,0.6266811863,0.1798645981,0,0.5177552397,0.6579938765,0.5383339775,0.4932752549,0.6805416076,0.5191598865
0.94,3.962340268,4.424438984,4.027598138,3.962340268,4.424438984,4.027598137,0.3853838721,0.3853838723,0.626415704,0.1802058324,0,0.5186080541,0.6570366442,0.5393408637,0.4943371838,0.6791766702,0.5204403318
0.96,3.964968674,4.421074612,4.030746746,3.964968674,4.421074612,4.030746746,0.3802312927,0.3802312929,0.6261528634,0.1805422696,0,0.5194516488,0.6560920509,0.5403302354,0.4953885464,0.6778309214,0.5216997752
0.98,3.967570928,4.417757594,4.033843648,3.967570928,4.417757595,4.033843648,0.3751517032,0.3751517036,0.6258926381,0.1808739714,0,0.5202861318,0.6551599558,0.5413023952,0.4964294478,0.6765041145,0.5229385359
1,3.970147288,4.414487323,4.03688963,3.970147288,4.414487323,4.036889629,0.3701440935,0.3701440939,0.625635002,0.1812009985,0,0.5211116095,0.6542402192,0.5422576402,0.497459992,0.6751960058,0.5241569287
1.02,3.972698013,4.411263194,4.039885468,3.972698013,4.411263195,4.039885467,0.3652074667,0.365207467,0.6253799295,0.1815234114,0,0.521928187,0.6533327027,0.5431962619,0.4984802821,0.6739063545,0.5253552639
1.04,3.975223359,4.408084615,4.042831927,3.975223359,4.408084616,4.042831926,0.360340839,0.3603408393,0.625127395,0.1818412693,0,0.5227359679,0.6524372691,0.5441185464,0.4994904202,0.672634923,0.5265338474
1.06,3.977723576,4.404950998,4.04572976,3.977723576,4.404950999,4.04572976,0.3555432402,0.3555432404,0.6248773732,0.182154631,0,0.5235350543,0.6515537823,0.5450247749,0.5004905072,0.6713814761,0.5276929809
1.08,3.980198916,4.401861763,4.048579712,3.980198916,4.401861763,4.048579712,0.3508137125,0.3508137127,0.6246298392,0.1824635545,0,0.5243255473,0.6506821076,0.5459152231,0.5014806432,0.670145782,0.5288329616
1.1,3.982649626,4.398816337,4.051382515,3.982649626,4.398816337,4.051382515,0.3461513113,0.3461513113,0.6243847682,0.1827680971,0,0.5251075464,0.6498221113,0.5467901619,0.5024609272,0.6689276115,0.5299540829
1.12,3.985075951,4.395814153,4.054138892,3.985075951,4.395814153,4.054138892,0.3415551042,0.3415551042,0.6241421357,0.1830683155,0,0.5258811498,0.648973661,0.5476498574,0.5034314572,0.667726738,0.5310566337
1.14,3.987478134,4.392854654,4.056849555,3.987478134,4.392854654,4.056849555,0.3370241715,0.3370241715,0.6239019174,0.1833642655,0,0.5266464544,0.6481366254,0.5484945706,0.5043923302,0.6665429382,0.5321408989
1.16,3.989856414,4.389937286,4.059515206,3.989856414,4.389937285,4.059515206,0.3325576059,0.3325576059,0.6236640894,0.1836560023,0,0.527403556,0.6473108746,0.5493245581,0.5053436424,0.665375991,0.5332071593
1.18,3.99221103,4.387061504,4.062136538,3.99221103,4.387061504,4.062136538,0.328154512,0.3281545119,0.6234286278,0.1839435804,0,0.5281525491,0.6464962796,0.5501400717,0.5062854889,0.6642256783,0.5342556918
1.2,3.994542218,4.384226769,4.064714232,3.994542218,4.384226769,4.064714232,0.3238140064,0.3238140064,0.623195509,0.1842270539,0,0.5288935267,0.6456927128,0.5509413589,0.5072179639,0.6630917846,0.5352867694
1.22,3.99685021,4.381432551,4.067248961,3.99685021,4.381432551,4.067248961,0.3195352177,0.3195352177,0.6229647099,0.1845064758,0,0.5296265809,0.6449000476,0.5517286626,0.5081411606,0.661974097,0.5363006611
1.24,3.999135236,4.378678321,4.069741388,3.999135236,4.378678321,4.069741388,0.315317286,0.315317286,0.6227362072,0.1847818987,0,0.5303518026,0.6441181585,0.5525022214,0.5090551713,0.6608724053,0.5372976321
1.26,4.001397527,4.375963563,4.072192168,4.001397527,4.375963563,4.072192168,0.3111593629,0.3111593629,0.6225099781,0.1850533745,0,0.5310692812,0.6433469214,0.5532622699,0.5099600875,0.6597865019,0.538277944
1.28,4.003637307,4.373287762,4.074601944,4.003637307,4.373287762,4.074601944,0.3070606115,0.3070606115,0.6222860001,0.1853209546,0,0.5317791054,0.6425862133,0.5540090383,0.5108559996,0.6587161816,0.5392418543
1.3,4.005854801,4.370650413,4.076971351,4.005854801,4.370650413,4.076971351,0.303020206,0.303020206,0.6220642507,0.1855846895,0,0.5324813624,0.641835912,0.5547427529,0.5117429972,0.6576612418,0.5401896173
1.32,4.008050231,4.368051014,4.079301016,4.008050231,4.368051014,4.079301016,0.2990373317,0.2990373316,0.6218447077,0.1858446294,0,0.5331761385,0.6410958969,0.5554636359,0.512621169,0.6566214825,0.5411214832
1.34,4.010223815,4.365489073,4.081591555,4.010223815,4.365489073,4.081591556,0.2951111849,0.2951111848,0.6216273493,0.1861008235,0,0.5338635188,0.6403660482,0.5561719057,0.5134906029,0.6555967059,0.5420376989
1.36,4.012375773,4.3629641,4.083843578,4.012375773,4.3629641,4.083843578,0.2912409725,0.2912409725,0.6214121535,0.1863533208,0,0.5345435872,0.6396462474,0.5568677769,0.5143513858,0.6545867168,0.5429385078
1.38,4.014506318,4.360475614,4.086057682,4.014506318,4.360475614,4.086057682,0.2874259124,0.2874259123,0.6211990991,0.1866021694,0,0.5352164267,0.6389363771,0.5575514602,0.5152036038,0.6535913224,0.5438241496
1.4,4.016615663,4.358023139,4.08823446,4.016615663,4.358023139,4.08823446,0.2836652328,0.2836652326,0.6209881645,0.1868474169,0,0.5358821194,0.6382363208,0.558223163,0.516047342,0.6526103324,0.5446948608
1.42,4.01870402,4.355606204,4.090374494,4.01870402,4.355606204,4.090374494,0.2799581721,0.2799581719,0.6207793288,0.1870891104,0,0.5365407459,0.6375459635,0.5588830886,0.5168826849,0.6516435585,0.5455508742
1.44,4.020771598,4.353224346,4.092478357,4.020771598,4.353224345,4.092478358,0.2763039792,0.276303979,0.620572571,0.1873272963,0,0.5371923861,0.6368651909,0.5595314373,0.517709716,0.650690815,0.5463924197
1.46,4.022818603,4.350877104,4.094546617,4.022818603,4.350877104,4.094546617,0.2727019132,0.272701913,0.6203678705,0.1875620204,0,0.5378371189,0.6361938901,0.5601684054,0.518528518,0.6497519184,0.5472197234
1.48,4.02484524,4.348564027,4.09657983,4.02484524,4.348564027,4.09657983,0.2691512428,0.2691512426,0.6201652068,0.1877933281,0,0.5384750222,0.6355319491,0.5607941863,0.5193391728,0.6488266874,0.5480330086
1.5,4.026851712,4.346284666,4.098578546,4.026851712,4.346284666,4.098578546,0.2656512469,0.2656512468,0.6199645596,0.1880212642,0,0.5391061727,0.634879257,0.5614089698,0.5201417614,0.6479149432,0.5488324951
1.52,4.028838219,4.34403858,4.100543307,4.028838219,4.34403858,4.100543307,0.2622012141,0.262201214,0.6197659089,0.1882458728,0,0.5397306463,0.634235704,0.5620129426,0.5209363642,0.6470165088,0.5496183995
1.54,4.030804959,4.341825332,4.102474647,4.030804959,4.341825332,4.102474647,0.2588004423,0.2588004423,0.6195692349,0.1884671976,0,0.5403485181,0.6336011815,0.5626062879,0.5217230605,0.6461312097,0.5503909356
1.56,4.032752131,4.339644492,4.104373092,4.032752131,4.339644492,4.104373092,0.2554482393,0.2554482393,0.6193745177,0.1886852816,0,0.540959862,0.6329755817,0.5631891862,0.5225019291,0.6452588734,0.5511503137
1.58,4.034679928,4.337495632,4.106239161,4.034679928,4.337495632,4.106239161,0.2521439219,0.252143922,0.6191817381,0.1889001676,0,0.5415647512,0.6323587981,0.5637618147,0.5232730478,0.6443993297,0.5518967412
1.6,4.036588542,4.335378334,4.108073365,4.036588542,4.335378334,4.108073365,0.2488868162,0.2488868164,0.6189908766,0.1891118974,0,0.5421632577,0.6317507251,0.5643243474,0.5240364937,0.6435524102,0.5526304228
1.62,4.038478166,4.333292181,4.109876208,4.038478166,4.333292181,4.109876207,0.2456762577,0.2456762579,0.6188019142,0.1893205128,0,0.5427554529,0.6311512581,0.5648769558,0.5247923432,0.642717949,0.5533515598
1.64,4.040348988,4.331236763,4.111648185,4.040348988,4.331236763,4.111648185,0.2425115905,0.2425115908,0.618614832,0.1895260545,0,0.5433414073,0.6305602938,0.565419808,0.5255406719,0.6418957819,0.5540603508
1.66,4.042201195,4.329211675,4.113389787,4.042201195,4.329211675,4.113389786,0.2393921678,0.2393921681,0.6184296113,0.1897285633,0,0.5439211903,0.6299777296,0.5659530696,0.5262815546,0.6410857468,0.5547569915
1.68,4.044034972,4.327216518,4.115101495,4.044034972,4.327216518,4.115101494,0.2363173515,0.2363173518,0.6182462336,0.189928079,0,0.5444948706,0.6294034642,0.5664769032,0.5270150654,0.6402876838,0.5554416747
1.7,4.045850502,4.325250895,4.116783784,4.045850502,4.325250895,4.116783784,0.2332865122,0.2332865124,0.6180646806,0.1901246413,0,0.5450625161,0.6288373971,0.5669914688,0.5277412776,0.6395014348,0.5561145905
1.72,4.047647968,4.323314417,4.118437123,4.047647968,4.323314418,4.118437123,0.2302990288,0.230299029,0.617884934,0.1903182891,0,0.5456241937,0.6282794289,0.5674969237,0.5284602639,0.6387268438,0.5567759261
1.74,4.049427549,4.321406699,4.120061973,4.049427549,4.321406699,4.120061973,0.227354289,0.227354289,0.617706976,0.1905090609,0,0.5461799698,0.6277294613,0.5679934223,0.5291720962,0.6379637564,0.5574258661
1.76,4.051189422,4.31952736,4.121658789,4.051189422,4.31952736,4.121658789,0.2244516884,0.2244516884,0.6175307886,0.1906969949,0,0.5467299095,0.6271873967,0.5684811169,0.5298768456,0.6372120206,0.5580645924
1.78,4.052933765,4.317676023,4.123228019,4.052933765,4.317676023,4.123228019,0.221590631,0.221590631,0.6173563543,0.1908821285,0,0.5472740776,0.6266531389,0.5689601567,0.5305745827,0.6364714859,0.5586922842
1.8,4.054660751,4.315852318,4.124770103,4.054660751,4.315852318,4.124770103,0.218770529,0.218770529,0.6171836557,0.191064499,0,0.5478125379,0.6261265923,0.5694306888,0.5312653771,0.6357420039,0.5593091181
1.82,4.056370553,4.314055878,4.126285478,4.056370553,4.314055878,4.126285478,0.2159908025,0.2159908025,0.6170126755,0.191244143,0,0.5483453533,0.6256076625,0.5698928577,0.531949298,0.635023428,0.559915268
1.84,4.058063343,4.312286341,4.127774572,4.058063343,4.312286341,4.127774572,0.2132508795,0.2132508795,0.6168433965,0.1914210967,0,0.548872586,0.6250962561,0.5703468054,0.5326264138,0.6343156132,0.5605109054
1.86,4.059739289,4.31054335,4.129237806,4.059739289,4.31054335,4.129237806,0.2105501958,0.2105501957,0.6166758019,0.1915953958,0,0.5493942977,0.6245922804,0.5707926716,0.5332967922,0.6336184167,0.5610961992
1.88,4.061398559,4.308826551,4.130675598,4.061398559,4.308826551,4.130675598,0.2078881947,0.2078881946,0.6165098749,0.1917670757,0,0.5499105491,0.624095644,0.5712305938,0.5339605002,0.6329316972,0.5616713159
1.9,4.063041319,4.307135596,4.132088357,4.063041319,4.307135596,4.132088357,0.2052643272,0.2052643272,0.6163455989,0.1919361712,0,0.5504214002,0.6236062562,0.5716607069,0.5346176042,0.6322553153,0.5622364196
1.92,4.064667733,4.305470141,4.133476487,4.064667733,4.305470141,4.133476487,0.2026780521,0.202678052,0.6161829575,0.1921027167,0,0.5509269103,0.6231240273,0.572083144,0.5352681699,0.6315891331,0.5627916717
1.94,4.066277964,4.303829845,4.134840387,4.066277964,4.303829845,4.134840387,0.2001288349,0.2001288349,0.6160219344,0.1922667463,0,0.551427138,0.6226488686,0.5724980356,0.5359122624,0.6309330147,0.5633372316
1.96,4.067872173,4.302214373,4.136180449,4.067872173,4.302214372,4.136180449,0.1976161491,0.1976161491,0.6158625135,0.1924282936,0,0.5519221413,0.6221806923,0.5729055103,0.536549946,0.6302868258,0.5638732562
1.98,4.06945052,4.300623392,4.137497058,4.06945052,4.300623392,4.137497058,0.1951394749,0.1951394749,0.6157046788,0.1925873916,0,0.5524119773,0.6217194114,0.5733056943,0.5371812846,0.6296504337,0.5643998999
2,4.071013161,4.299056577,4.138790596,4.071013161,4.299056577,4.138790596,0.1926982998,0.1926982997,0.6155484147,0.1927440731,0,0.5528967025,0.62126494,0.573698712,0.5378063413,0.6290237074,0.5649173151
2.02,4.072560254,4.297513602,4.140061438,4.072560254,4.297513602,4.140061438,0.1902921182,0.1902921181,0.6153937054,0.1928983706,0,0.5533763728,0.6208171931,0.5740846855,0.5384251785,0.6284065177,0.5654256518
2.04,4.074091954,4.29599415,4.141309953,4.074091954,4.29599415,4.141309953,0.1879204316,0.1879204314,0.6152405354,0.1930503158,0,0.5538510434,0.6203760864,0.5744637351,0.5390378582,0.6277987367,0.5659250578
2.06,4.075608412,4.294497904,4.142536505,4.075608412,4.294497904,4.142536505,0.185582748,0.1855827479,0.6150888896,0.1931999404,0,0.5543207688,0.6199415366,0.5748359791,0.5396444417,0.6272002383,0.5664156788
2.08,4.077109782,4.293024553,4.143741454,4.077109782,4.293024553,4.143741454,0.1832785824,0.1832785823,0.6149387526,0.1933472755,0,0.5547856029,0.6195134614,0.5752015335,0.5402449895,0.626610898,0.5668976582
2.1,4.078596213,4.29157379,4.144925152,4.078596213,4.29157379,4.144925152,0.1810074565,0.1810074563,0.6147901095,0.1934923518,0,0.5552455989,0.6190917793,0.5755605129,0.5408395618,0.6260305928,0.5673711374
2.12,4.080067853,4.290145311,4.146087947,4.080067853,4.290145311,4.146087947,0.1787688982,0.178768898,0.6146429455,0.1936351997,0,0.5557008094,0.6186764096,0.5759130297,0.541428218,0.6254592013,0.5678362555
2.14,4.081524851,4.288738817,4.147230183,4.081524851,4.288738817,4.147230183,0.1765624422,0.176562442,0.6144972458,0.1937758491,0,0.5561512866,0.6182672725,0.5762591945,0.542011017,0.6248966034,0.5682931499
2.16,4.082967351,4.28735401,4.148352197,4.082967351,4.28735401,4.148352197,0.1743876294,0.1743876293,0.6143529958,0.1939143298,0,0.5565970816,0.6178642892,0.5765991161,0.542588017,0.6243426808,0.5687419555
2.18,4.084395498,4.2859906,4.149454322,4.084395498,4.285990599,4.149454322,0.1722440072,0.1722440071,0.6142101811,0.1940506709,0,0.5570382454,0.6174673815,0.5769329015,0.5431592758,0.6237973166,0.5691828055
2.2,4.085809434,4.284648296,4.150536886,4.085809434,4.284648296,4.150536886,0.1701311289,0.1701311288,0.6140687874,0.1941849012,0,0.5574748281,0.6170764722,0.5772606561,0.5437248504,0.6232603952,0.5696158311
2.22,4.087209302,4.283326815,4.151600211,4.087209302,4.283326815,4.151600211,0.1680485542,0.1680485542,0.6139288006,0.1943170493,0,0.5579068793,0.616691485,0.5775824833,0.5442847975,0.6227318026,0.5700411614
2.24,4.088595241,4.282025874,4.152644617,4.088595241,4.282025874,4.152644617,0.1659958487,0.1659958488,0.6137902067,0.1944471434,0,0.558334448,0.6163123444,0.577898485,0.5448391731,0.6222114263,0.5704589235
2.26,4.089967389,4.280745196,4.153670415,4.089967389,4.280745196,4.153670415,0.1639725842,0.1639725843,0.6136529919,0.1945752112,0,0.5587575827,0.6159389755,0.5782087614,0.5453880325,0.6216991551,0.5708692429
2.28,4.091325885,4.279484506,4.154677916,4.091325885,4.279484506,4.154677915,0.161978338,0.1619783382,0.6135171423,0.1947012802,0,0.5591763312,0.6155713046,0.5785134109,0.5459314306,0.6211948792,0.571272243
2.3,4.092670863,4.278243533,4.155667422,4.092670863,4.278243534,4.155667421,0.1600126937,0.1600126939,0.6133826445,0.1948253775,0,0.5595907408,0.6152092584,0.5788125306,0.5464694219,0.6206984902,0.5716680454
2.32,4.094002458,4.277022011,4.156639233,4.094002458,4.277022011,4.156639232,0.1580752401,0.1580752404,0.613249485,0.1949475297,0,0.5600008585,0.6148527648,0.5791062158,0.54700206,0.620209881,0.5720567698
2.34,4.095320804,4.275819674,4.157593644,4.095320804,4.275819674,4.157593643,0.1561655722,0.1561655724,0.6131176504,0.1950677635,0,0.5604067302,0.6145017522,0.5793945602,0.5475293983,0.6197289462,0.5724385342
2.36,4.096626032,4.274636261,4.158530945,4.096626032,4.274636261,4.158530945,0.1542832902,0.1542832904,0.6129871276,0.1951861047,0,0.5608084019,0.61415615,0.5796776561,0.5480514896,0.6192555811,0.5728134548
2.38,4.097918273,4.273471516,4.159451423,4.097918273,4.273471516,4.159451423,0.1524279999,0.1524280001,0.6128579035,0.1953025793,0,0.5612059186,0.6138158882,0.5799555942,0.5485683859,0.618789683,0.5731816461
2.4,4.099197656,4.272325183,4.16035536,4.099197656,4.272325183,4.16035536,0.1505993127,0.1505993128,0.6127299653,0.1954172125,0,0.561599325,0.6134808977,0.5802284638,0.549080139,0.6183311499,0.5735432206
2.42,4.100464308,4.271197012,4.161243032,4.100464308,4.271197012,4.161243032,0.1487968451,0.1487968452,0.6126033,0.1955300296,0,0.5619886651,0.6131511101,0.5804963527,0.5495868001,0.6178798816,0.5738982896
2.44,4.101718358,4.270086755,4.162114714,4.101718358,4.270086755,4.162114714,0.1470202192,0.1470202192,0.6124778951,0.1956410553,0,0.5623739828,0.6128264578,0.5807593474,0.5500884198,0.6174357787,0.5742469622
2.46,4.102959929,4.268994167,4.162970674,4.102959929,4.268994167,4.162970674,0.1452690619,0.1452690619,0.6123537379,0.1957503142,0,0.5627553209,0.612506874,0.5810175327,0.5505850483,0.6169987434,0.5745893462
2.48,4.104189146,4.267919006,4.163811177,4.104189146,4.267919006,4.163811177,0.1435430057,0.1435430057,0.6122308162,0.1958578303,0,0.5631327223,0.6121922925,0.5812709922,0.5510767353,0.616568679,0.5749255476
2.5,4.105406133,4.266861033,4.164636485,4.105406133,4.266861033,4.164636485,0.1418416879,0.1418416879,0.6121091175,0.1959636275,0,0.563506229,0.6118826482,0.5815198082,0.5515635299,0.61614549,0.5752556709
2.52,4.10661101,4.265820014,4.165446855,4.10661101,4.265820014,4.165446855,0.1401647511,0.1401647511,0.6119886298,0.1960677294,0,0.5638758826,0.6115778762,0.5817640615,0.5520454808,0.6157290823,0.5755798188
2.54,4.107803899,4.264795715,4.16624254,4.107803899,4.264795715,4.16624254,0.1385118425,0.1385118425,0.6118693409,0.1961701593,0,0.5642417244,0.6112779128,0.5820038317,0.5525226363,0.6153193627,0.5758980926
2.56,4.108984918,4.263787907,4.167023788,4.108984918,4.263787907,4.167023788,0.1368826145,0.1368826145,0.611751239,0.1962709402,0,0.5646037951,0.6109826947,0.582239197,0.5529950439,0.6149162394,0.5762105921
2.58,4.110154186,4.262796362,4.167790847,4.110154186,4.262796362,4.167790847,0.1352767241,0.1352767241,0.6116343122,0.1963700946,0,0.5649621348,0.6106921597,0.5824702345,0.5534627511,0.6145196217,0.5765174154
2.6,4.111311819,4.261820858,4.168543956,4.111311819,4.261820858,4.168543957,0.1336938331,0.1336938331,0.6115185489,0.196467645,0,0.5653167835,0.6104062458,0.5826970198,0.5539258044,0.61412942,0.5768186594
2.62,4.112457934,4.260861173,4.169283356,4.112457934,4.260861173,4.169283356,0.1321336082,0.1321336081,0.6114039374,0.1965636135,0,0.5656677804,0.6101248922,0.5829196275,0.5543842503,0.6137455459,0.5771144191
2.64,4.113592645,4.259917088,4.170009279,4.113592645,4.259917088,4.170009279,0.1305957204,0.1305957203,0.6112904663,0.196658022,0,0.5660151643,0.6098480385,0.5831381308,0.5548381346,0.6133679122,0.5774047884
2.66,4.114716065,4.25898839,4.170721957,4.114716065,4.258988389,4.170721957,0.1290798455,0.1290798454,0.6111781243,0.1967508919,0,0.5663589739,0.609575625,0.5833526019,0.5552875027,0.6129964326,0.5776898596
2.68,4.115828307,4.258074863,4.171421617,4.115828307,4.258074863,4.171421617,0.1275856637,0.1275856636,0.6110669001,0.1968422445,0,0.566699247,0.6093075929,0.5835631115,0.5557323995,0.612631022,0.5779697236
2.7,4.116929482,4.2571763,4.172108483,4.116929482,4.257176299,4.172108483,0.1261128597,0.1261128597,0.6109567826,0.1969321009,0,0.5670360213,0.6090438837,0.5837697296,0.5561728694,0.6122715966,0.57824447
2.72,4.1180197,4.256292491,4.172782775,4.1180197,4.256292491,4.172782775,0.1246611227,0.1246611226,0.6108477608,0.1970204817,0,0.5673693338,0.6087844401,0.5839725247,0.5566089567,0.6119180733,0.5785141868
2.74,4.11909907,4.255423234,4.17344471,4.11909907,4.255423234,4.17344471,0.1232301459,0.1232301458,0.6107398238,0.1971074074,0,0.5676992214,0.608529205,0.5841715643,0.5570407048,0.6115703702,0.5787789608
2.76,4.1201677,4.254568325,4.174094502,4.1201677,4.254568325,4.174094502,0.1218196271,0.121819627,0.6106329608,0.1971928983,0,0.5680257204,0.6082781221,0.5843669148,0.5574681569,0.6112284066,0.5790388776
2.78,4.121225698,4.253727565,4.174732361,4.121225698,4.253727565,4.174732361,0.1204292681,0.120429268,0.610527161,0.1972769743,0,0.5683488667,0.6080311359,0.5845586416,0.5578913558,0.6108921027,0.5792940211
2.8,4.122273168,4.252900757,4.175358494,4.122273168,4.252900757,4.175358494,0.119058775,0.1190587749,0.610422414,0.1973596551,0,0.5686686957,0.6077881914,0.5847468088,0.5583103438,0.6105613796,0.5795444742
2.82,4.123310215,4.252087707,4.175973104,4.123310215,4.252087707,4.175973105,0.117707858,0.1177078579,0.6103187093,0.1974409601,0,0.5689852426,0.6075492342,0.5849314797,0.5587251628,0.6102361597,0.5797903185
2.84,4.124336944,4.251288223,4.176576394,4.124336944,4.251288223,4.176576394,0.1163762312,0.116376231,0.6102160364,0.1975209085,0,0.5692985422,0.6073142107,0.5851127165,0.5591358543,0.6099163661,0.5800316342
2.86,4.125353457,4.250502116,4.177168559,4.125353457,4.250502116,4.177168559,0.1150636128,0.1150636126,0.6101143852,0.1975995192,0,0.5696086287,0.6070830679,0.5852905803,0.5595424594,0.609601923,0.5802685004
2.88,4.126359855,4.249729197,4.177749795,4.126359855,4.249729197,4.177749795,0.1137697249,0.1137697248,0.6100137453,0.1976768111,0,0.5699155361,0.6068557532,0.5854651312,0.5599450186,0.6092927557,0.5805009947
2.9,4.127356239,4.248969284,4.178320293,4.127356239,4.248969284,4.178320293,0.1124942935,0.1124942935,0.6099141069,0.1977528024,0,0.570219298,0.6066322149,0.5856364285,0.5603435723,0.6089887903,0.5807291939
2.92,4.128342709,4.248222193,4.178880241,4.128342709,4.248222193,4.178880241,0.1112370486,0.1112370485,0.6098154599,0.1978275115,0,0.5705199475,0.6064124018,0.5858045303,0.5607381604,0.6086899538,0.5809531733
2.94,4.129319364,4.247487744,4.179429826,4.129319364,4.247487744,4.179429826,0.1099977236,0.1099977236,0.6097177944,0.1979009564,0,0.5708175174,0.6061962632,0.5859694939,0.5611288222,0.6083961744,0.581173007
2.96,4.1302863,4.24676576,4.179969229,4.1302863,4.24676576,4.179969228,0.108776056,0.108776056,0.6096211008,0.1979731548,0,0.5711120404,0.6059837492,0.5861313756,0.5615155969,0.6081073809,0.5813887682
2.98,4.131243616,4.246056066,4.18049863,4.131243616,4.246056066,4.18049863,0.1075717867,0.1075717869,0.6095253692,0.1980441242,0,0.5714035483,0.6057748103,0.5862902308,0.5618985231,0.6078235032,0.5816005286
3,4.132191406,4.245358488,4.181018206,4.132191406,4.245358489,4.181018206,0.1063846606,0.1063846607,0.6094305902,0.198113882,0,0.571692073,0.6055693978,0.5864461139,0.5622776392,0.6075444721,0.5818083592
3.02,4.133129765,4.244672856,4.181528132,4.133129765,4.244672856,4.181528132,0.1052144257,0.1052144259,0.6093367543,0.1981824452,0,0.5719776458,0.6053674633,0.5865990787,0.5626529829,0.6072702193,0.5820123295
3.04,4.134058788,4.243999001,4.182028578,4.134058788,4.243999001,4.182028578,0.104060834,0.1040608342,0.609243852,0.1982498307,0,0.5722602978,0.6051689593,0.5867491776,0.563024592,0.6070006772,0.5822125082
3.06,4.134978567,4.243336756,4.182519715,4.134978567,4.243336757,4.182519714,0.1029236406,0.1029236408,0.6091518741,0.1983160552,0,0.5725400597,0.6049738387,0.5868964628,0.5633925034,0.6067357793,0.5824089626
3.08,4.135889193,4.242685958,4.183001706,4.135889193,4.242685958,4.183001706,0.1018026043,0.1018026045,0.6090608115,0.198381135,0,0.5728169618,0.6047820548,0.587040985,0.5637567541,0.6064754599,0.5826017592
3.1,4.136790759,4.242046443,4.183474716,4.136790759,4.242046443,4.183474716,0.1006974872,0.1006974873,0.6089706549,0.1984450865,0,0.5730910341,0.6045935618,0.5871827945,0.5641173804,0.606219654,0.5827909634
3.12,4.137683354,4.241418052,4.183938907,4.137683354,4.241418052,4.183938907,0.09960805462,0.09960805471,0.6088813954,0.1985079256,0,0.5733623064,0.6044083142,0.5873219406,0.5644744184,0.6059682977,0.5829766394
3.14,4.138567068,4.240800627,4.184394435,4.138567068,4.240800627,4.184394435,0.09853407543,0.09853407547,0.608793024,0.1985696681,0,0.573630808,0.6042262672,0.5874584718,0.5648279039,0.6057213276,0.5831588508
3.16,4.139441988,4.240194012,4.184841457,4.139441988,4.240194012,4.184841457,0.09747532158,0.09747532158,0.608705532,0.1986303296,0,0.5738965679,0.6040473763,0.5875924359,0.5651778721,0.6054786815,0.5833376596
3.18,4.140308203,4.239598052,4.185280126,4.140308203,4.239598052,4.185280126,0.09643156826,0.09643156825,0.6086189105,0.1986899256,0,0.5741596149,0.6038715979,0.5877238799,0.565524358,0.6052402976,0.5835131274
3.2,4.141165799,4.239012596,4.185710594,4.141165799,4.239012596,4.185710594,0.09540259389,0.09540259388,0.6085331509,0.1987484712,0,0.5744199773,0.6036988886,0.5878528497,0.5658673964,0.6050061152,0.5836853143
3.22,4.142014862,4.238437494,4.186133008,4.142014862,4.238437494,4.186133008,0.09438817999,0.09438817997,0.6084482446,0.1988059814,0,0.5746776833,0.6035292057,0.587979391,0.5662070215,0.6047760743,0.5838542798
3.24,4.142855476,4.237872597,4.186547514,4.142855476,4.237872597,4.186547514,0.09338811115,0.09338811113,0.6083641832,0.1988624711,0,0.5749327606,0.603362507,0.5881035482,0.5665432672,0.6045501157,0.5840200823
3.26,4.143687726,4.23731776,4.186954256,4.143687726,4.23731776,4.186954256,0.09240217501,0.092402175,0.6082809582,0.1989179548,0,0.5751852367,0.6031987508,0.5882253654,0.5668761673,0.6043281808,0.5841827793
3.28,4.144511695,4.236772838,4.187353377,4.144511695,4.236772838,4.187353377,0.09143016223,0.09143016222,0.6081985613,0.198972447,0,0.5754351388,0.603037896,0.5883448856,0.5672057549,0.6041102121,0.5843424274
3.3,4.145327466,4.236237689,4.187745014,4.145327466,4.236237689,4.187745014,0.09047186641,0.0904718664,0.6081169842,0.1990259619,0,0.5756824937,0.6028799017,0.5884621515,0.5675320631,0.6038961524,0.5844990823
3.32,4.146135119,4.235712172,4.188129305,4.146135119,4.235712172,4.188129305,0.08952708407,0.08952708407,0.6080362189,0.1990785136,0,0.575927328,0.6027247278,0.5885772047,0.5678551245,0.6036859457,0.5846527987
3.34,4.146934736,4.235196149,4.188506384,4.146934736,4.235196149,4.188506384,0.08859561463,0.08859561463,0.6079562572,0.1991301159,0,0.5761696681,0.6025723346,0.5886900863,0.5681749714,0.6034795365,0.5848036305
3.36,4.147726397,4.234689483,4.188876385,4.147726397,4.234689483,4.188876385,0.08767726034,0.08767726033,0.6078770911,0.1991807825,0,0.57640954,0.602422683,0.5888008367,0.5684916357,0.6032768699,0.5849516307
3.38,4.148510181,4.234192038,4.189239437,4.148510181,4.234192038,4.189239437,0.08677182625,0.08677182623,0.6077987127,0.199230527,0,0.5766469693,0.602275734,0.5889094957,0.5688051491,0.603077892,0.5850968515
3.4,4.149286166,4.233703681,4.189595669,4.149286166,4.233703681,4.189595669,0.08587912019,0.08587912016,0.6077211142,0.1992793627,0,0.5768819815,0.6021314497,0.5890161022,0.5691155431,0.6028825493,0.5852393443
3.42,4.15005443,4.233224281,4.189945207,4.15005443,4.233224281,4.189945207,0.0849989527,0.08499895266,0.6076442879,0.1993273027,0,0.5771146018,0.601989792,0.5891206948,0.5694228486,0.6026907893,0.5853791595
3.44,4.150815049,4.232753708,4.190288175,4.150815049,4.232753708,4.190288175,0.08413113703,0.08413113698,0.6075682259,0.19937436,0,0.577344855,0.6018507237,0.5892233111,0.5697270963,0.6025025601,0.5855163468
3.46,4.1515681,4.232291834,4.190624696,4.1515681,4.232291834,4.190624696,0.08327548908,0.08327548901,0.6074929208,0.1994205475,0,0.5775727659,0.601714208,0.5893239883,0.5700283167,0.6023178102,0.585650955
3.48,4.152313658,4.231838531,4.190954889,4.152313658,4.231838531,4.190954889,0.08243182736,0.08243182727,0.607418365,0.1994658777,0,0.5777983587,0.6015802085,0.589422763,0.57032654,0.6021364892,0.5857830323
3.5,4.153051798,4.231393676,4.191278873,4.153051798,4.231393675,4.191278873,0.08159997297,0.08159997286,0.607344551,0.1995103633,0,0.5780216575,0.6014486892,0.589519671,0.5706217958,0.601958547,0.585912626
3.52,4.153782593,4.230957144,4.191596764,4.153782593,4.230957144,4.191596764,0.08077974956,0.08077974945,0.6072714715,0.1995540164,0,0.5782426862,0.6013196147,0.5896147477,0.5709141138,0.6017839344,0.5860397824
3.54,4.154506116,4.230528815,4.191908677,4.154506116,4.230528815,4.191908677,0.0799709833,0.07997098317,0.6071991192,0.1995968493,0,0.5784614684,0.6011929498,0.5897080277,0.5712035232,0.6016126027,0.5861645475
3.56,4.155222441,4.230108568,4.192214724,4.155222441,4.230108568,4.192214724,0.07917350282,0.0791735027,0.6071274868,0.199638874,0,0.5786780273,0.60106866,0.5897995453,0.571490053,0.601444504,0.5862869662
3.58,4.155931637,4.229696285,4.192515015,4.155931637,4.229696285,4.192515015,0.07838713922,0.07838713911,0.6070565671,0.1996801023,0,0.5788923861,0.6009467111,0.5898893338,0.5717737317,0.6012795909,0.5864070827
3.6,4.156633777,4.229291849,4.19280966,4.156633777,4.229291849,4.19280966,0.07761172601,0.07761172591,0.6069863531,0.1997205459,0,0.5791045675,0.6008270693,0.5899774265,0.5720545877,0.6011178165,0.5865249407
3.62,4.157328931,4.228895145,4.193098765,4.157328931,4.228895145,4.193098766,0.07684709907,0.07684709899,0.6069168377,0.1997602163,0,0.5793145941,0.6007097014,0.5900638556,0.5723326492,0.6009591349,0.5866405829
3.64,4.158017168,4.228506059,4.193382437,4.158017168,4.228506059,4.193382437,0.07609309663,0.07609309657,0.606848014,0.1997991249,0,0.5795224882,0.6005945743,0.5901486532,0.572607944,0.6008035003,0.5867540515
3.66,4.158698557,4.228124478,4.193660778,4.158698557,4.228124478,4.193660778,0.07534955924,0.07534955923,0.6067798751,0.199837283,0,0.579728272,0.6004816556,0.5902318504,0.5728804995,0.600650868,0.5868653879
3.68,4.159373166,4.227750292,4.19393389,4.159373166,4.227750292,4.19393389,0.07461632976,0.07461632978,0.6067124142,0.1998747016,0,0.5799319673,0.6003709133,0.5903134783,0.573150343,0.6005011936,0.5869746327
3.7,4.160041062,4.227383391,4.194201873,4.160041062,4.227383391,4.194201873,0.07389325326,0.07389325332,0.6066456246,0.1999113917,0,0.5801335957,0.6002623156,0.590393567,0.5734175016,0.6003544333,0.5870818261
3.72,4.160702313,4.227023668,4.194464827,4.160702313,4.227023668,4.194464827,0.07318017707,0.07318017716,0.6065794995,0.199947364,0,0.5803331785,0.6001558313,0.5904721463,0.5736820019,0.6002105439,0.5871870075
3.74,4.161356984,4.226671016,4.194722847,4.161356984,4.226671016,4.194722847,0.07247695069,0.07247695082,0.6065140324,0.1999826293,0,0.580530737,0.6000514295,0.5905492456,0.5739438703,0.600069483,0.5872902156
3.76,4.162005141,4.226325329,4.194976029,4.162005141,4.226325329,4.194976029,0.0717834258,0.07178342596,0.6064492167,0.2000171979,0,0.580726292,0.5999490797,0.5906248937,0.5742031332,0.5999312083,0.5873914884
3.78,4.162646849,4.225986504,4.195224467,4.162646849,4.225986504,4.195224467,0.07109945621,0.07109945638,0.6063850459,0.2000510804,0,0.5809198643,0.5998487517,0.5906991187,0.5744598163,0.5997956785,0.5874908635
3.8,4.163282171,4.225654439,4.195468252,4.163282171,4.22565444,4.195468252,0.07042489783,0.070424898,0.6063215137,0.2000842869,0,0.5811114743,0.599750416,0.5907719485,0.5747139454,0.5996628525,0.5875883776
3.82,4.163911173,4.225329033,4.195707476,4.163911173,4.225329034,4.195707475,0.06975960864,0.0697596088,0.6062586135,0.2001168275,0,0.5813011423,0.5996540431,0.5908434105,0.5749655458,0.5995326901,0.5876840671
3.84,4.164533915,4.225010187,4.195942226,4.164533915,4.225010187,4.195942226,0.06910344869,0.06910344882,0.6061963393,0.2001487122,0,0.5814888884,0.599559604,0.5909135316,0.5752146428,0.5994051514,0.5877779674
3.86,4.165150461,4.224697801,4.196172592,4.165150461,4.224697801,4.196172592,0.06845628002,0.06845628012,0.6061346847,0.2001799508,0,0.5816747323,0.5994670703,0.5909823381,0.5754612612,0.599280197,0.5878701135
3.88,4.165760872,4.224391778,4.196398658,4.165760872,4.224391778,4.196398658,0.06781796669,0.06781796674,0.6060736436,0.200210553,0,0.5818586937,0.5993764136,0.591049856,0.5757054257,0.5991577881,0.58796054
3.9,4.16636521,4.224092024,4.19662051,4.16636521,4.224092024,4.19662051,0.06718837468,0.0671883747,0.6060132098,0.2002405284,0,0.582040792,0.5992876061,0.5911161108,0.5759471608,0.5990378864,0.5880492806
3.92,4.166963534,4.223798444,4.19683823,4.166963534,4.223798444,4.19683823,0.06656737195,0.06656737195,0.6059533774,0.2002698864,0,0.5822210464,0.5992006202,0.5911811276,0.5761864905,0.5989204542,0.5881363686
3.94,4.167555905,4.223510944,4.1970519,4.167555905,4.223510944,4.1970519,0.06595482836,0.06595482836,0.6058941403,0.2002986364,0,0.5823994759,0.5991154289,0.5912449311,0.5764234389,0.5988054542,0.5882218368
3.96,4.168142382,4.223229432,4.197261601,4.168142382,4.223229432,4.197261601,0.06535061569,0.06535061568,0.6058354926,0.2003267876,0,0.5825760993,0.5990320053,0.5913075454,0.5766580296,0.5986928497,0.5883057171
3.98,4.168723023,4.222953819,4.197467411,4.168723023,4.222953819,4.197467411,0.06475460754,0.06475460753,0.6057774285,0.2003543489,0,0.5827509351,0.598950323,0.5913689944,0.5768902861,0.5985826042,0.5883880413
4,4.169297887,4.222684013,4.197669409,4.169297887,4.222684013,4.197669409,0.06416667937,0.06416667936,0.6057199421,0.2003813295,0,0.5829240019,0.5988703558,0.5914293015,0.5771202316,0.5984746821,0.5884688404
4.02,4.169867031,4.222419928,4.19786767,4.169867031,4.222419928,4.19786767,0.06358670845,0.06358670844,0.6056630277,0.200407738,0,0.5830953177,0.598792078,0.5914884895,0.5773478891,0.598369048,0.5885481449
4.04,4.170430511,4.222161476,4.19806227,4.170430511,4.222161476,4.19806227,0.06301457381,0.0630145738,0.6056066797,0.2004335832,0,0.5832649006,0.5987154642,0.5915465812,0.5775732814,0.5982656671,0.5886259848
4.06,4.170988385,4.221908571,4.198253282,4.170988385,4.22190857,4.198253282,0.06245015627,0.06245015627,0.6055508923,0.2004588738,0,0.5834327684,0.5986404891,0.5916035986,0.5777964309,0.598164505,0.5887023896
4.08,4.171540708,4.221661127,4.198440779,4.171540708,4.221661127,4.198440779,0.06189333839,0.06189333838,0.60549566,0.2004836181,0,0.5835989387,0.5985671281,0.5916595637,0.5780173601,0.5980655277,0.5887773882
4.1,4.172087536,4.221419063,4.198624831,4.172087536,4.221419063,4.198624831,0.06134400441,0.06134400441,0.6054409772,0.2005078245,0,0.583763429,0.5984953566,0.5917144978,0.5782360911,0.5979687018,0.5888510092
4.12,4.172628922,4.221182294,4.198805509,4.172628922,4.221182294,4.198805509,0.06080204031,0.0608020403,0.6053868386,0.2005315014,0,0.5839262566,0.5984251506,0.5917684219,0.5784526456,0.5978739944,0.5889232805
4.14,4.173164921,4.22095074,4.198982882,4.173164921,4.22095074,4.198982882,0.0602673337,0.06026733368,0.6053332387,0.2005546568,0,0.5840874384,0.5983564862,0.5918213568,0.5786670453,0.5977813727,0.5889942297
4.16,4.173695588,4.22072432,4.199157017,4.173695588,4.22072432,4.199157017,0.05973977384,0.05973977382,0.6052801721,0.2005772988,0,0.5842469914,0.5982893399,0.5918733227,0.5788793118,0.5976908048,0.5890638837
4.18,4.174220973,4.220502955,4.199327981,4.174220973,4.220502955,4.199327981,0.05921925163,0.0592192516,0.6052276335,0.2005994353,0,0.5844049323,0.5982236884,0.5919243396,0.5790894661,0.5976022588,0.5891322692
4.2,4.174741132,4.220286567,4.199495839,4.174741132,4.220286567,4.199495839,0.05870565956,0.05870565951,0.6051756176,0.2006210741,0,0.5845612776,0.5981595089,0.5919744272,0.5792975294,0.5975157036,0.5891994122
4.22,4.175256114,4.220075079,4.199660654,4.175256114,4.220075078,4.199660654,0.05819889169,0.05819889163,0.6051241194,0.200642223,0,0.5847160438,0.5980967788,0.5920236047,0.5795035224,0.5974311082,0.5892653383
4.24,4.175765973,4.219868414,4.19982249,4.175765973,4.219868414,4.19982249,0.05769884365,0.05769884358,0.6050731335,0.2006628894,0,0.5848692469,0.5980354757,0.5920718909,0.5797074658,0.5973484422,0.5893300728
4.26,4.176270758,4.219666497,4.199981409,4.176270758,4.219666497,4.199981409,0.05720541261,0.05720541252,0.605022655,0.2006830811,0,0.5850209031,0.5979755777,0.5921193046,0.5799093799,0.5972676757,0.5893936404
4.28,4.17677052,4.219469256,4.200137472,4.17677052,4.219469255,4.200137472,0.05671849723,0.05671849713,0.6049726788,0.2007028053,0,0.5851710281,0.5979170631,0.5921658639,0.5801092849,0.597188779,0.5894560654
4.3,4.17726531,4.219276615,4.200290737,4.17726531,4.219276615,4.200290737,0.05623799768,0.05623799758,0.6049231998,0.2007220693,0,0.5853196376,0.5978599103,0.5922115867,0.5803072008,0.5971117228,0.5895173717
4.32,4.177755177,4.219088504,4.200441265,4.177755177,4.219088504,4.200441265,0.05576381562,0.05576381551,0.6048742131,0.2007408804,0,0.5854667473,0.5978040983,0.5922564908,0.5805031474,0.5970364785,0.5895775827
4.34,4.178240169,4.218904852,4.200589112,4.178240169,4.218904852,4.200589112,0.05529585414,0.05529585404,0.6048257139,0.2007592456,0,0.5856123723,0.5977496061,0.5923005933,0.5806971444,0.5969630174,0.5896367216
4.36,4.178720336,4.218725587,4.200734335,4.178720336,4.218725587,4.200734336,0.05483401777,0.05483401768,0.6047776973,0.2007771721,0,0.5857565279,0.5976964133,0.5923439114,0.580889211,0.5968913117,0.5896948109
4.38,4.179195724,4.218550642,4.200876991,4.179195724,4.218550642,4.200876991,0.05437821247,0.05437821238,0.6047301584,0.2007946666,0,0.5858992292,0.5976444994,0.5923864615,0.5810793665,0.5968213336,0.589751873
4.4,4.179666383,4.218379948,4.201017132,4.179666383,4.218379948,4.201017132,0.05392834556,0.0539283455,0.6046830925,0.200811736,0,0.5860404909,0.5975938444,0.5924282602,0.58126763,0.5967530559,0.5898079296
4.42,4.180132359,4.218213437,4.201154813,4.180132359,4.218213437,4.201154813,0.05348432578,0.05348432574,0.604636495,0.2008283871,0,0.5861803279,0.5975444285,0.5924693235,0.5814540202,0.5966864516,0.5898630021
4.44,4.180593697,4.218051044,4.201290087,4.180593697,4.218051044,4.201290088,0.05304606319,0.05304606318,0.6045903611,0.2008446264,0,0.5863187547,0.5974962323,0.5925096673,0.5816385558,0.5966214943,0.5899171118
4.46,4.181050446,4.217892702,4.201423006,4.181050446,4.217892702,4.201423006,0.05261346921,0.05261346923,0.6045446862,0.2008604606,0,0.5864557858,0.5974492365,0.5925493069,0.5818212552,0.5965581576,0.5899702791
4.48,4.18150265,4.217738348,4.20155362,4.18150265,4.217738348,4.201553619,0.05218645658,0.05218645663,0.6044994658,0.200875896,0,0.5865914352,0.597403422,0.5925882577,0.5820021367,0.5964964159,0.5900225246
4.5,4.181950354,4.217587917,4.201681978,4.181950354,4.217587917,4.201681978,0.05176493933,0.05176493941,0.6044546954,0.2008909391,0,0.5867257173,0.5973587701,0.5926265347,0.5821812185,0.5964362437,0.590073868
4.52,4.182393604,4.217441347,4.201808131,4.182393604,4.217441347,4.201808131,0.05134883278,0.05134883289,0.6044103704,0.2009055961,0,0.5868586459,0.5973152624,0.5926641524,0.5823585183,0.5963776157,0.5901243291
4.54,4.182832443,4.217298576,4.201932126,4.182832443,4.217298577,4.201932125,0.05093805352,0.05093805365,0.6043664865,0.2009198732,0,0.5869902348,0.5972728806,0.5927011253,0.582534054,0.5963205073,0.590173927
4.56,4.183266916,4.217159543,4.20205401,4.183266916,4.217159543,4.202054009,0.05053251939,0.05053251953,0.6043230392,0.2009337765,0,0.5871204978,0.5972316067,0.5927374675,0.582707843,0.596264894,0.5902226807
4.58,4.183697065,4.217024188,4.20217383,4.183697065,4.217024188,4.202173829,0.05013214944,0.05013214959,0.6042800243,0.2009473121,0,0.5872494483,0.5971914229,0.592773193,0.5828799029,0.5962107518,0.5902706086
4.6,4.184122935,4.21689245,4.20229163,4.184122935,4.21689245,4.20229163,0.04973686398,0.04973686411,0.6042374373,0.2009604858,0,0.5873770998,0.5971523118,0.5928083153,0.5830502507,0.5961580568,0.590317729
4.62,4.184544567,4.216764272,4.202407457,4.184544567,4.216764272,4.202407457,0.04934658445,0.04934658457,0.6041952741,0.2009733036,0,0.5875034655,0.597114256,0.5928428479,0.5832189035,0.5961067856,0.5903640597
4.64,4.184962004,4.216639596,4.202521354,4.184962004,4.216639596,4.202521354,0.04896123354,0.04896123363,0.6041535304,0.2009857712,0,0.5876285585,0.5970772385,0.5928768039,0.5833858782,0.5960569151,0.5904096183
4.66,4.185375287,4.216518364,4.202633363,4.185375287,4.216518364,4.202633363,0.04858073506,0.04858073511,0.6041122021,0.2009978944,0,0.5877523917,0.5970412426,0.5929101961,0.5835511915,0.5960084224,0.5904544221
4.68,4.185784458,4.216400521,4.202743528,4.185784458,4.216400521,4.202743528,0.04820501396,0.04820501399,0.604071285,0.2010096787,0,0.5878749781,0.5970062515,0.5929430373,0.5837148599,0.5959612852,0.5904984879
4.7,4.186189557,4.216286011,4.202851889,4.186189557,4.216286011,4.202851889,0.04783399636,0.04783399636,0.6040307751,0.2010211297,0,0.5879963302,0.596972249,0.5929753398,0.5838768997,0.5959154813,0.5905418323
4.72,4.186590626,4.21617478,4.202958487,4.186590626,4.21617478,4.202958487,0.04746760946,0.04746760946,0.6039906682,0.2010322528,0,0.5881164608,0.5969392189,0.5930071159,0.5840373272,0.5958709886,0.5905844716
4.74,4.186987704,4.216066773,4.203063363,4.186987704,4.216066773,4.203063363,0.04710578161,0.0471057816,0.6039509604,0.2010430535,0,0.5882353822,0.5969071454,0.5930383775,0.5841961585,0.5958277858,0.5906264218
4.76,4.187380831,4.215961937,4.203166555,4.187380831,4.215961937,4.203166555,0.04674844221,0.0467484422,0.6039116477,0.2010535371,0,0.5883531067,0.5968760126,0.5930691363,0.5843534093,0.5957858516,0.5906676986
4.78,4.187770047,4.21586022,4.203268101,4.187770047,4.21586022,4.203268101,0.04639552176,0.04639552175,0.6038727261,0.2010637088,0,0.5884696465,0.5968458052,0.5930994038,0.5845090955,0.5957451649,0.5907083173
4.8,4.18815539,4.215761571,4.203368041,4.18815539,4.215761571,4.203368041,0.04604695178,0.04604695177,0.6038341919,0.2010735737,0,0.5885850138,0.5968165078,0.5931291914,0.5846632326,0.5957057051,0.5907482931
4.82,4.188536898,4.215665938,4.20346641,4.188536898,4.215665938,4.20346641,0.04570266487,0.04570266486,0.603796041,0.201083137,0,0.5886992203,0.5967881054,0.5931585101,0.584815836,0.5956674519,0.5907876408
4.84,4.18891461,4.215573271,4.203563245,4.18891461,4.215573271,4.203563245,0.04536259462,0.04536259461,0.6037582698,0.2010924037,0,0.5888122779,0.5967605832,0.5931873708,0.5849669209,0.595630385,0.5908263749
4.86,4.189288565,4.21548352,4.203658582,4.189288565,4.21548352,4.203658582,0.04502667567,0.04502667566,0.6037208744,0.2011013788,0,0.5889241983,0.5967339265,0.5932157842,0.5851165026,0.5955944848,0.5908645097
4.88,4.189658798,4.215396637,4.203752456,4.189658798,4.215396637,4.203752456,0.04469484363,0.04469484363,0.603683851,0.2011100671,0,0.5890349931,0.5967081208,0.5932437607,0.5852645958,0.5955597315,0.5909020591
4.9,4.190025347,4.215312573,4.203844901,4.190025347,4.215312573,4.203844901,0.04436703511,0.04436703511,0.6036471961,0.2011184735,0,0.5891446737,0.5966831519,0.5932713105,0.5854112156,0.5955261061,0.590939037
4.92,4.190388249,4.215231282,4.20393595,4.190388249,4.215231282,4.20393595,0.04404318769,0.04404318768,0.6036109059,0.2011266026,0,0.5892532514,0.5966590058,0.5932984438,0.5855563764,0.5954935894,0.5909754567
4.94,4.19074754,4.215152715,4.204025637,4.19074754,4.215152715,4.204025637,0.04372323989,0.04372323988,0.6035749768,0.2011344593,0,0.5893607374,0.5966356686,0.5933251705,0.5857000928,0.5954621628,0.5910113315
4.96,4.191103256,4.215076827,4.204113994,4.191103256,4.215076827,4.204113994,0.04340713121,0.04340713119,0.6035394052,0.2011420481,0,0.5894671428,0.5966131266,0.5933515001,0.5858423793,0.5954318077,0.5910466743
4.98,4.191455433,4.215003573,4.204201053,4.191455433,4.215003573,4.204201053,0.04309480204,0.04309480201,0.6035041875,0.2011493735,0,0.5895724787,0.5965913664,0.5933774422,0.58598325,0.595402506,0.5910814978
5,4.191804106,4.214932907,4.204286844,4.191804106,4.214932907,4.204286844,0.04278619372,0.04278619368,0.6034693203,0.2011564401,0,0.5896767557,0.5965703746,0.5934030061,0.586122719,0.5953742397,0.5911158145
5.02,4.192149309,4.214864786,4.2043714,4.192149309,4.214864786,4.2043714,0.04248124846,0.04248124841,0.6034347999,0.2011632522,0,0.5897799848,0.5965501382,0.593428201,0.5862608002,0.595346991,0.5911496366
5.04,4.192491077,4.214799165,4.204454748,4.192491077,4.214799165,4.204454748,0.04217990941,0.04217990935,0.6034006231,0.2011698143,0,0.5898821765,0.5965306443,0.5934530357,0.5863975075,0.5953207426,0.5911829761
5.06,4.192829445,4.214736001,4.20453692,4.192829445,4.214736001,4.20453692,0.04188212056,0.04188212048,0.6033667864,0.2011761307,0,0.5899833414,0.5965118801,0.5934775191,0.5865328546,0.5952954772,0.5912158447
5.08,4.193164445,4.214675253,4.204617943,4.193164445,4.214675253,4.204617943,0.04158782677,0.04158782669,0.6033332863,0.2011822055,0,0.5900834899,0.5964938331,0.5935016598,0.5866668549,0.5952711779,0.591248254
5.1,4.193496113,4.214616878,4.204697846,4.193496113,4.214616878,4.204697846,0.04129697377,0.04129697368,0.6033001195,0.201188043,0,0.5901826323,0.5964764908,0.5935254662,0.5867995219,0.5952478279,0.5912802152
5.12,4.19382448,4.214560835,4.204776657,4.19382448,4.214560835,4.204776657,0.04100950814,0.04100950805,0.6032672828,0.2011936473,0,0.5902807787,0.5964598411,0.5935489465,0.5869308689,0.5952254108,0.5913117394
5.14,4.19414958,4.214507084,4.204854402,4.19414958,4.214507084,4.204854402,0.04072537726,0.04072537717,0.6032347728,0.2011990224,0,0.5903779394,0.5964438719,0.5935721089,0.5870609089,0.5952039103,0.5913428375
5.16,4.194471446,4.214455584,4.204931108,4.194471446,4.214455584,4.204931109,0.04044452936,0.04044452927,0.6032025862,0.2012041724,0,0.5904741242,0.5964285714,0.5935949613,0.587189655,0.5951833103,0.5913735201
5.18,4.194790108,4.214406296,4.205006802,4.194790108,4.214406296,4.205006802,0.04016691345,0.04016691337,0.60317072,0.2012091012,0,0.5905693431,0.5964139278,0.5936175116,0.5873171201,0.5951635952,0.5914037976
5.2,4.1951056,4.214359181,4.205081509,4.1951056,4.214359181,4.205081509,0.03989247936,0.03989247929,0.6031391708,0.2012138127,0,0.5906636059,0.5963999297,0.5936397672,0.5874433169,0.5951447492,0.5914336803
5.22,4.195417953,4.214314201,4.205155253,4.195417953,4.214314201,4.205155253,0.03962117769,0.03962117764,0.6031079355,0.2012183107,0,0.5907569223,0.5963865656,0.5936617358,0.5875682579,0.5951267571,0.5914631781
5.24,4.195727198,4.214271318,4.20522806,4.195727198,4.214271318,4.20522806,0.03935295983,0.0393529598,0.603077011,0.201222599,0,0.5908493018,0.5963738243,0.5936834246,0.5876919558,0.5951096038,0.5914923008
5.26,4.196033365,4.214230494,4.205299953,4.196033365,4.214230494,4.205299953,0.0390877779,0.0390877779,0.6030463943,0.2012266814,0,0.5909407539,0.5963616949,0.5937048407,0.5878144229,0.5950932743,0.5915210581
5.28,4.196336487,4.214191693,4.205370957,4.196336487,4.214191693,4.205370957,0.03882558481,0.03882558484,0.6030160821,0.2012305615,0,0.591031288,0.5963501663,0.5937259914,0.5879356715,0.5950777539,0.5915494594
5.3,4.196636592,4.214154879,4.205441093,4.196636592,4.214154879,4.205441093,0.03856633419,0.03856633424,0.6029860716,0.2012342429,0,0.5911209135,0.5963392279,0.5937468833,0.5880557135,0.5950630282,0.5915775139
5.32,4.196933711,4.214120015,4.205510385,4.196933711,4.214120015,4.205510385,0.0383099804,0.03830998048,0.6029563597,0.2012377293,0,0.5912096395,0.596328869,0.5937675233,0.5881745612,0.5950490829,0.5916052307
5.34,4.197227874,4.214087068,4.205578854,4.197227874,4.214087068,4.205578854,0.03805647853,0.03805647862,0.6029269434,0.201241024,0,0.5912974751,0.5963190793,0.5937879179,0.5882922263,0.5950359039,0.5916326185
5.36,4.197519109,4.214056001,4.205646523,4.197519109,4.214056001,4.205646523,0.03780578435,0.03780578447,0.6028978199,0.2012441307,0,0.5913844294,0.5963098484,0.5938080737,0.5884087206,0.5950234773,0.5916596861
5.38,4.197807447,4.214026782,4.205713413,4.197807447,4.214026782,4.205713413,0.03755785437,0.0375578545,0.6028689861,0.2012470526,0,0.5914705112,0.5963011663,0.593827997,0.5885240557,0.5950117895,0.591686442
5.4,4.198092916,4.213999376,4.205779544,4.198092916,4.213999376,4.205779544,0.03731264577,0.0373126459,0.6028404392,0.2012497933,0,0.5915557294,0.5962930228,0.593847694,0.5886382433,0.595000827,0.5917128944
5.42,4.198375545,4.213973749,4.205844937,4.198375545,4.213973749,4.205844937,0.03707011639,0.03707011652,0.6028121763,0.2012523559,0,0.5916400926,0.5962854082,0.5938671707,0.5887512946,0.5949905765,0.5917390516
5.44,4.198655361,4.21394987,4.205909612,4.198655361,4.213949871,4.205909612,0.03683022477,0.03683022488,0.6027841947,0.2012547438,0,0.5917236097,0.5962783128,0.5938864331,0.5888632211,0.5949810249,0.5917649215
5.46,4.198932393,4.213927707,4.205973588,4.198932393,4.213927707,4.205973587,0.03659293008,0.03659293018,0.6027564915,0.2012569601,0,0.5918062891,0.5962717269,0.5939054871,0.5889740339,0.5949721594,0.5917905118
5.48,4.199206668,4.213907226,4.206036884,4.199206668,4.213907226,4.206036884,0.03635819216,0.03635819223,0.602729064,0.2012590082,0,0.5918881392,0.5962656413,0.5939243382,0.5890837441,0.5949639673,0.5918158303
5.5,4.199478215,4.213888398,4.206099519,4.199478215,4.213888398,4.206099519,0.03612597148,0.03612597152,0.6027019093,0.201260891,0,0.5919691685,0.5962600464,0.5939429922,0.5891923627,0.5949564359,0.5918408844
5.52,4.199747059,4.213871191,4.206161512,4.199747059,4.213871191,4.206161512,0.03589622913,0.03589622914,0.6026750249,0.2012626117,0,0.5920493853,0.5962549333,0.5939614545,0.5892999005,0.594949553,0.5918656815
5.54,4.200013229,4.213855574,4.20622288,4.200013229,4.213855574,4.20622288,0.03566892683,0.03566892682,0.6026484079,0.2012641734,0,0.5921287977,0.5962502929,0.5939797305,0.5894063682,0.5949433064,0.5918902287
5.56,4.20027675,4.213841519,4.206283641,4.20027675,4.213841519,4.206283641,0.03544402691,0.0354440269,0.6026220558,0.201265579,0,0.592207414,0.5962461162,0.5939978252,0.5895117766,0.5949376842,0.591914533
5.58,4.200537649,4.213828994,4.206343812,4.200537649,4.213828994,4.206343812,0.03522149233,0.03522149232,0.602595966,0.2012668314,0,0.5922852421,0.5962423946,0.594015744,0.5896161362,0.5949326745,0.5919386014
5.6,4.200795952,4.213817972,4.206403409,4.200795952,4.213817972,4.206403409,0.03500128662,0.03500128661,0.6025701357,0.2012679336,0,0.59236229,0.5962391193,0.5940334918,0.5897194574,0.5949282656,0.5919624404
5.62,4.201051684,4.213808424,4.20646245,4.201051684,4.213808424,4.20646245,0.03478337391,0.0347833739,0.6025445624,0.2012688884,0,0.5924385656,0.5962362819,0.5940510734,0.5898217505,0.5949244462,0.5919860567
5.64,4.201304872,4.213800321,4.20652095,4.201304872,4.213800321,4.20652095,0.03456771888,0.03456771887,0.6025192436,0.2012696988,0,0.5925140766,0.596233874,0.5940684937,0.5899230257,0.594921205,0.5920094568
5.66,4.201555541,4.213793635,4.206578925,4.201555541,4.213793635,4.206578925,0.0343542868,0.03435428679,0.6024941767,0.2012703673,0,0.5925888309,0.5962318874,0.5940857574,0.5900232933,0.5949185307,0.5920326468
5.68,4.201803716,4.213788339,4.20663639,4.201803716,4.213788339,4.20663639,0.03414304351,0.0341430435,0.6024693592,0.2012708969,0,0.592662836,0.5962303138,0.5941028691,0.5901225632,0.5949164125,0.5920556329
5.7,4.202049421,4.213784407,4.206693361,4.202049421,4.213784407,4.206693361,0.03393395537,0.03393395536,0.6024447887,0.2012712901,0,0.5927360994,0.5962291452,0.5941198331,0.5902208453,0.5949148396,0.5920784212
5.72,4.202292682,4.213781811,4.206749852,4.202292682,4.213781811,4.206749852,0.03372698931,0.0337269893,0.6024204626,0.2012715497,0,0.5928086288,0.5962283739,0.594136654,0.5903181496,0.5949138012,0.5921010176
5.74,4.202533522,4.213780526,4.206805877,4.202533522,4.213780526,4.206805877,0.03352211278,0.03352211278,0.6023963786,0.2012716782,0,0.5928804315,0.5962279918,0.594153336,0.5904144856,0.594913287,0.5921234277
5.76,4.202771966,4.213780525,4.206861451,4.202771966,4.213780525,4.206861451,0.03331929378,0.03331929377,0.6023725342,0.2012716784,0,0.5929515148,0.5962279915,0.5941698833,0.590509863,0.5949132866,0.5921456572
5.78,4.203008037,4.213781783,4.206916587,4.203008037,4.213781783,4.206916587,0.0331185008,0.03311850078,0.6023489271,0.2012715526,0,0.5930218859,0.5962283654,0.5941862999,0.5906042915,0.5949137898,0.5921677116
5.8,4.203241759,4.213784275,4.206971299,4.203241759,4.213784275,4.206971299,0.03291970285,0.03291970283,0.6023255549,0.2012713034,0,0.5930915522,0.5962291059,0.59420259,0.5906977803,0.5949147866,0.5921895962
5.82,4.203473156,4.213787976,4.207025599,4.203473156,4.213787976,4.207025599,0.03272286946,0.03272286944,0.6023024153,0.2012709332,0,0.5931605206,0.5962302058,0.5942187573,0.590790339,0.5949162671,0.5922113163
5.84,4.20370225,4.213792862,4.207079501,4.20370225,4.213792862,4.207079501,0.03252797064,0.03252797061,0.6022795058,0.2012704446,0,0.5932287982,0.5962316578,0.5942348058,0.5908819766,0.5949182217,0.5922328771
5.86,4.203929064,4.21379891,4.207133017,4.203929064,4.21379891,4.207133017,0.0323349769,0.03233497686,0.6022568244,0.2012698398,0,0.5932963919,0.5962334548,0.5942507391,0.5909727025,0.5949206406,0.5922542835
5.88,4.204153622,4.213806095,4.207186159,4.204153622,4.213806094,4.207186159,0.03214385922,0.03214385917,0.6022343686,0.2012691214,0,0.5933633088,0.5962355898,0.5942665609,0.5910625256,0.5949235146,0.5922755404
5.9,4.204375945,4.213814394,4.20723894,4.204375945,4.213814394,4.20723894,0.03195458906,0.031954589,0.6022121363,0.2012682915,0,0.5934295555,0.5962380559,0.5942822748,0.5911514549,0.5949268342,0.5922966526
5.92,4.204596057,4.213823784,4.20729137,4.204596057,4.213823784,4.20729137,0.03176713835,0.03176713828,0.6021901251,0.2012673524,0,0.5934951388,0.5962408464,0.5942978842,0.5912394994,0.5949305904,0.5923176248
5.94,4.204813978,4.213834243,4.207343462,4.204813978,4.213834243,4.207343462,0.03158147948,0.0315814794,0.602168333,0.2012663065,0,0.5935600655,0.5962439544,0.5943133926,0.5913266679,0.5949347741,0.5923384615
5.96,4.205029731,4.213845749,4.207395226,4.205029731,4.213845749,4.207395226,0.03139758529,0.0313975852,0.6021467578,0.2012651559,0,0.5936243421,0.5962473734,0.5943288032,0.591412969,0.5949393764,0.5923591673
5.98,4.205243336,4.21385828,4.207446674,4.205243337,4.21385828,4.207446674,0.03121542906,0.03121542897,0.6021253972,0.2012639028,0,0.5936879753,0.5962510969,0.5943441193,0.5914984114,0.5949443887,0.5923797463
6,4.205454817,4.213871814,4.207497815,4.205454817,4.213871813,4.207497816,0.03103498452,0.03103498443,0.6021042491,0.2012625495,0,0.5937509713,0.5962551184,0.5943593441,0.5915830036,0.5949498022,0.5924002029
6.02,4.205664193,4.213886329,4.207548661,4.205664193,4.213886329,4.207548661,0.03085622583,0.03085622575,0.6020833115,0.2012610979,0,0.5938133368,0.5962594318,0.5943744806,0.5916667541,0.5949556085,0.5924205413
6.04,4.205871486,4.213901806,4.207599221,4.205871486,4.213901806,4.207599222,0.03067912758,0.0306791275,0.6020625822,0.2012595502,0,0.593875078,0.5962640308,0.5943895319,0.5917496713,0.5949617993,0.5924407653
6.06,4.206076717,4.213918224,4.207649506,4.206076717,4.213918224,4.207649506,0.03050366477,0.0305036647,0.6020420591,0.2012579084,0,0.5939362013,0.5962689092,0.5944045008,0.5918317634,0.5949683663,0.5924608791
6.08,4.206279905,4.213935562,4.207699524,4.206279905,4.213935562,4.207699524,0.03032981282,0.03032981277,0.6020217403,0.2012561746,0,0.5939967127,0.596274061,0.5944193903,0.5919130387,0.5949753014,0.5924808864
6.1,4.206481071,4.2139538,4.207749286,4.206481071,4.2139538,4.207749286,0.03015754756,0.03015754753,0.6020016237,0.2012543508,0,0.5940566186,0.5962794804,0.5944342032,0.5919935053,0.5949825967,0.592500791
6.12,4.206680236,4.213972919,4.207798799,4.206680236,4.213972919,4.2077988,0.02998684522,0.02998684521,0.6019817072,0.2012524389,0,0.594115925,0.5962851614,0.5944489421,0.5920731713,0.5949902443,0.5925205966
6.14,4.20687742,4.213992899,4.207848075,4.206877419,4.213992899,4.207848075,0.02981768241,0.02981768242,0.6019619889,0.2012504409,0,0.5941746379,0.5962910984,0.5944636097,0.5921520446,0.5949982364,0.5925403066
6.16,4.207072641,4.214013722,4.20789712,4.207072641,4.214013722,4.20789712,0.02965003615,0.02965003618,0.6019424667,0.2012483586,0,0.5942327633,0.5962972856,0.5944782087,0.592230133,0.5950065655,0.5925599246
6.18,4.207265919,4.214035368,4.207945943,4.207265919,4.214035368,4.207945943,0.02948388383,0.02948388389,0.6019231389,0.201246194,0,0.5942903071,0.5963037176,0.5944927415,0.5923074445,0.595015224,0.592579454
6.2,4.207457275,4.21405782,4.207994553,4.207457275,4.21405782,4.207994553,0.02931920321,0.02931920329,0.6019040033,0.2012439488,0,0.5943472752,0.5963103887,0.5945072106,0.5923839867,0.5950242046,0.5925988981
6.22,4.207646726,4.214081058,4.208042958,4.207646726,4.214081058,4.208042958,0.02915597245,0.02915597255,0.6018850582,0.201241625,0,0.5944036734,0.5963172936,0.5945216184,0.5924597673,0.5950335,0.59261826
6.24,4.207834293,4.214105066,4.208091165,4.207834293,4.214105066,4.208091165,0.02899417003,0.02899417015,0.6018663015,0.2012392242,0,0.5944595073,0.5963244271,0.5945359672,0.5925347939,0.5950431031,0.592637543
6.26,4.208019993,4.214129825,4.208139183,4.208019993,4.214129825,4.208139183,0.02883377483,0.02883377496,0.6018477315,0.2012367483,0,0.5945147828,0.5963317837,0.5945502593,0.5926090739,0.5950530067,0.59265675
6.28,4.208203845,4.214155318,4.208187018,4.208203845,4.214155318,4.208187018,0.02867476607,0.02867476619,0.6018293463,0.201234199,0,0.5945695053,0.5963393585,0.5945644969,0.5926826149,0.5950632041,0.5926758841
6.3,4.208385868,4.214181529,4.208234678,4.208385868,4.214181529,4.208234678,0.0285171233,0.02851712342,0.601811144,0.2012315779,0,0.5946236804,0.5963471463,0.5945786822,0.5927554241,0.5950736883,0.5926949481
6.32,4.20856608,4.21420844,4.20828217,4.20856608,4.21420844,4.20828217,0.02836082644,0.02836082654,0.6017931228,0.2012288868,0,0.5946773137,0.5963551421,0.5945928173,0.5928275088,0.5950844526,0.5927139448
6.34,4.208744499,4.214236034,4.208329501,4.208744499,4.214236034,4.208329501,0.02820585572,0.02820585581,0.6017752809,0.2012261274,0,0.5947304105,0.5963633411,0.5946069041,0.5928988763,0.5950954905,0.5927328771
6.36,4.208921142,4.214264297,4.208376677,4.208921142,4.214264297,4.208376677,0.02805219172,0.02805219178,0.6017576166,0.2012233012,0,0.5947829764,0.5963717383,0.5946209448,0.5929695336,0.5951067954,0.5927517475
6.38,4.209096028,4.21429321,4.208423705,4.209096028,4.21429321,4.208423705,0.02789981534,0.02789981537,0.601740128,0.2012204098,0,0.5948350166,0.596380329,0.5946349412,0.5930394879,0.5951183609,0.5927705586
6.4,4.209269174,4.21432276,4.208470591,4.209269174,4.21432276,4.208470591,0.0277487078,0.0277487078,0.6017228135,0.2012174548,0,0.5948865364,0.5963891085,0.5946488952,0.5931087462,0.5951301806,0.5927893131
6.42,4.209440596,4.214352929,4.208517341,4.209440596,4.214352929,4.208517341,0.02759885062,0.02759885061,0.6017056712,0.2012144379,0,0.594937541,0.5963980722,0.5946628087,0.5931773153,0.5951422485,0.5928080133
6.44,4.209610313,4.214383704,4.208563962,4.209610313,4.214383704,4.208563962,0.02745022566,0.02745022565,0.6016886995,0.2012113604,0,0.5949880356,0.5964072156,0.5946766834,0.5932452022,0.5951545583,0.5928266616
6.46,4.209778342,4.214415069,4.208610459,4.209778342,4.214415069,4.208610459,0.02730281509,0.02730281508,0.6016718966,0.201208224,0,0.5950380254,0.5964165342,0.594690521,0.5933124135,0.5951671042,0.5928452604
6.48,4.209944698,4.214447008,4.208656838,4.209944698,4.214447008,4.208656838,0.02715660136,0.02715660135,0.601655261,0.20120503,0,0.5950875154,0.5964260235,0.5947043232,0.5933789561,0.5951798801,0.5928638119
6.5,4.2101094,4.214479509,4.208703104,4.2101094,4.214479509,4.208703104,0.02701156724,0.02701156723,0.6016387909,0.20120178,0,0.5951365106,0.5964356794,0.5947180917,0.5934448366,0.5951928802,0.5928823182
6.52,4.210272462,4.214512555,4.208749262,4.210272462,4.214512555,4.208749262,0.02686769576,0.02686769575,0.6016224846,0.2011984753,0,0.595185016,0.5964454974,0.594731828,0.5935100616,0.5952060988,0.5929007816
6.54,4.210433902,4.214546134,4.208795318,4.210433902,4.214546134,4.208795318,0.02672497027,0.02672497026,0.6016063406,0.2011951174,0,0.5952330366,0.5964554735,0.5947455337,0.5935746375,0.5952195303,0.592919204
6.56,4.210593735,4.214580231,4.208841277,4.210593735,4.214580231,4.208841277,0.02658337438,0.02658337437,0.6015903573,0.2011917077,0,0.5952805771,0.5964656034,0.5947592102,0.593638571,0.5952331692,0.5929375874
6.58,4.210751979,4.214614833,4.208887143,4.210751979,4.214614833,4.208887143,0.02644289198,0.02644289198,0.6015745329,0.2011882475,0,0.5953276424,0.5964758832,0.594772859,0.5937018682,0.5952470099,0.5929559339
6.6,4.210908647,4.214649926,4.208932921,4.210908647,4.214649926,4.208932921,0.02630350726,0.02630350725,0.6015588661,0.2011847382,0,0.5953742373,0.5964863089,0.5947864816,0.5937645357,0.5952610471,0.5929742453
6.62,4.211063757,4.214685497,4.208978616,4.211063757,4.214685497,4.208978616,0.02616520464,0.02616520464,0.6015433551,0.2011811811,0,0.5954203665,0.5964968764,0.5948000791,0.5938265796,0.5952752756,0.5929925233
6.64,4.211217323,4.214721533,4.209024233,4.211217323,4.214721533,4.209024233,0.02602796884,0.02602796883,0.6015279985,0.2011775775,0,0.5954660347,0.596507582,0.5948136531,0.5938880062,0.5952896901,0.5930107699
6.66,4.211369362,4.214758022,4.209069775,4.211369362,4.214758022,4.209069775,0.02589178482,0.02589178481,0.6015127946,0.2011739286,0,0.5955112465,0.5965184219,0.5948272047,0.5939488215,0.5953042855,0.5930289866
6.68,4.211519887,4.21479495,4.209115246,4.211519887,4.21479495,4.209115246,0.0257566378,0.02575663778,0.6014977421,0.2011702358,0,0.5955560065,0.5965293923,0.5948407351,0.5940090317,0.5953190568,0.5930471752
6.7,4.211668915,4.214832306,4.209160651,4.211668915,4.214832306,4.209160651,0.02562251325,0.02562251323,0.6014828393,0.2011665002,0,0.5956003191,0.5965404895,0.5948542457,0.5940686429,0.5953339991,0.5930653372
6.72,4.21181646,4.214870077,4.209205994,4.21181646,4.214870077,4.209205994,0.0254893969,0.02548939687,0.6014680848,0.2011627231,0,0.595644189,0.59655171,0.5948677374,0.5941276609,0.5953491074,0.5930834743
6.74,4.211962537,4.214908251,4.209251278,4.211962537,4.214908251,4.209251278,0.02535727471,0.02535727468,0.6014534771,0.2011589057,0,0.5956876206,0.5965630501,0.5948812116,0.5941860916,0.5953643771,0.5931015879
6.76,4.212107161,4.214946816,4.209296507,4.212107161,4.214946816,4.209296507,0.0252261329,0.02522613286,0.6014390148,0.2011550492,0,0.5957306182,0.5965745064,0.5948946691,0.594243941,0.5953798033,0.5931196794
6.78,4.212250345,4.214985762,4.209341684,4.212250345,4.214985762,4.209341684,0.0250959579,0.02509595785,0.6014246963,0.2011511546,0,0.5957731862,0.5965860755,0.5949081112,0.5943012147,0.5953953815,0.5931377503
6.8,4.212392105,4.215025076,4.209386813,4.212392105,4.215025076,4.209386813,0.02496673638,0.02496673633,0.6014105204,0.2011472232,0,0.5958153289,0.5965977538,0.5949215387,0.5943579186,0.5954111071,0.5931558019
6.82,4.212532454,4.215064747,4.209431897,4.212532454,4.215064747,4.209431897,0.02483845527,0.0248384552,0.6013964854,0.2011432561,0,0.5958570506,0.5966095382,0.5949349527,0.5944140582,0.5954269757,0.5931738356
6.84,4.212671406,4.215104765,4.209476939,4.212671406,4.215104765,4.20947694,0.02471110167,0.0247111016,0.6013825902,0.2011392543,0,0.5958983555,0.5966214254,0.5949483541,0.5944696393,0.5954429828,0.5931918526
6.86,4.212808976,4.215145118,4.209521943,4.212808976,4.215145118,4.209521943,0.02458466296,0.02458466288,0.6013688332,0.201135219,0,0.5959392478,0.596633412,0.5949617438,0.5945246673,0.5954591241,0.5932098541
6.88,4.212945177,4.215185797,4.209566911,4.212945177,4.215185796,4.209566911,0.02445912668,0.0244591266,0.6013552131,0.2011311512,0,0.5959797316,0.5966454951,0.5949751227,0.5945791477,0.5954753954,0.5932278413
6.9,4.213080023,4.215226789,4.209611846,4.213080023,4.215226789,4.209611846,0.02433448063,0.02433448055,0.6013417285,0.2011270519,0,0.596019811,0.5966576713,0.5949884917,0.5946330861,0.5954917924,0.5932458153
6.92,4.213213528,4.215268086,4.209656751,4.213213528,4.215268086,4.209656751,0.0242107128,0.02421071272,0.601328378,0.2011229222,0,0.5960594901,0.5966699378,0.5950018515,0.5946864878,0.5955083111,0.5932637772
6.94,4.213345703,4.215309677,4.209701629,4.213345703,4.215309676,4.209701629,0.0240878114,0.02408781132,0.6013151605,0.2011187632,0,0.5960987728,0.5966822915,0.5950152029,0.5947393581,0.5955249474,0.5932817282
6.96,4.213476564,4.215351551,4.209746481,4.213476564,4.215351551,4.209746481,0.02396576481,0.02396576474,0.6013020744,0.2011145757,0,0.5961376633,0.5966947294,0.5950285467,0.5947917024,0.5955416973,0.5932996691
6.98,4.213606123,4.2153937,4.20979131,4.213606123,4.2153937,4.209791311,0.02384456166,0.0238445616,0.6012891185,0.2011103608,0,0.5961761653,0.5967072486,0.5950418836,0.5948435258,0.5955585569,0.593317601
7,4.213734392,4.215436114,4.20983612,4.213734392,4.215436114,4.20983612,0.02372419074,0.02372419069,0.6012762916,0.2011061194,0,0.5962142828,0.5967198463,0.5950552143,0.5948948336,0.5955755225,0.5933355247
7.02,4.213861385,4.215478783,4.209880911,4.213861385,4.215478783,4.209880911,0.02360464104,0.02360464102,0.6012635923,0.2011018525,0,0.5962520197,0.5967325197,0.5950685394,0.5949456309,0.5955925901,0.5933534412
7.04,4.213987115,4.215521699,4.209925687,4.213987115,4.215521699,4.209925687,0.02348590177,0.02348590176,0.6012510193,0.201097561,0,0.5962893797,0.5967452659,0.5950818596,0.5949959227,0.5956097562,0.5933713514
7.06,4.214111593,4.21556485,4.209970448,4.214111593,4.215564851,4.209970448,0.02336796228,0.0233679623,0.6012385715,0.2010932458,0,0.5963263666,0.5967580824,0.5950951756,0.5950457141,0.595627017,0.593389256
7.08,4.214234833,4.21560823,4.210015198,4.214234833,4.21560823,4.210015198,0.02325081215,0.02325081218,0.6012262475,0.2010889078,0,0.5963629842,0.5967709664,0.5951084878,0.5950950101,0.5956443689,0.5934071559
7.1,4.214356847,4.215651829,4.210059937,4.214356847,4.215651829,4.210059937,0.0231344411,0.02313444116,0.6012140461,0.2010845479,0,0.5963992362,0.5967839153,0.5951217969,0.5951438155,0.5956618085,0.5934250517
7.12,4.214477647,4.215695639,4.210104669,4.214477646,4.215695639,4.210104669,0.02301883906,0.02301883914,0.6012019662,0.2010801669,0,0.5964351262,0.5967969265,0.5951351033,0.5951921354,0.5956793323,0.5934429442
7.14,4.214597244,4.21573965,4.210149393,4.214597244,4.21573965,4.210149393,0.02290399612,0.02290399622,0.6011900064,0.2010757658,0,0.5964706578,0.5968099976,0.5951484076,0.5952399744,0.5956969368,0.5934608342
7.16,4.214715652,4.215783855,4.210194113,4.214715652,4.215783855,4.210194113,0.02278990255,0.02278990266,0.6011781656,0.2010713453,0,0.5965058348,0.5968231259,0.5951617103,0.5952873375,0.5957146188,0.5934787221
7.18,4.214832881,4.215828245,4.21023883,4.214832881,4.215828246,4.21023883,0.02267654879,0.02267654891,0.6011664427,0.2010669063,0,0.5965406605,0.5968363092,0.5951750118,0.5953342292,0.5957323749,0.5934966087
7.2,4.214948944,4.215872813,4.210283545,4.214948944,4.215872813,4.210283544,0.02256392543,0.02256392555,0.6011548364,0.2010624495,0,0.5965751385,0.596849545,0.5951883126,0.5953806544,0.595750202,0.5935144946
7.22,4.215063852,4.21591755,4.210328259,4.215063852,4.21591755,4.210328258,0.02245202324,0.02245202335,0.6011433456,0.2010579758,0,0.5966092724,0.5968628309,0.5952016131,0.5954266177,0.5957680968,0.5935323802
7.24,4.215177617,4.215962449,4.210372974,4.215177617,4.215962449,4.210372973,0.02234083314,0.02234083324,0.6011319691,0.2010534859,0,0.5966430655,0.5968761646,0.5952149136,0.5954721236,0.5957860563,0.5935502662
7.26,4.21529025,4.216007502,4.210417691,4.21529025,4.216007502,4.21041769,0.02223034622,0.02223034631,0.6011207058,0.2010489807,0,0.5966765212,0.5968895439,0.5952282146,0.5955171767,0.5958040774,0.593568153
7.28,4.215401762,4.216052701,4.210462411,4.215401762,4.216052701,4.210462411,0.02212055372,0.02212055378,0.6011095546,0.2010444607,0,0.596709643,0.5969029665,0.5952415164,0.5955617816,0.595822157,0.5935860411
7.3,4.215512165,4.216098039,4.210507136,4.215512165,4.216098039,4.210507135,0.02201144702,0.02201144706,0.6010985144,0.2010399269,0,0.5967424342,0.5969164302,0.5952548193,0.5956059426,0.5958402923,0.593603931
7.32,4.215621469,4.216143509,4.210551866,4.215621469,4.216143509,4.210551866,0.02190301767,0.02190301769,0.601087584,0.2010353799,0,0.5967748981,0.5969299329,0.5952681236,0.5956496642,0.5958584803,0.593621823
7.34,4.215729685,4.216189104,4.210596602,4.215729685,4.216189104,4.210596602,0.02179525734,0.02179525734,0.6010767623,0.2010308205,0,0.596807038,0.5969434724,0.5952814297,0.5956929507,0.5958767182,0.5936397176
7.36,4.215836825,4.216234816,4.210641346,4.215836825,4.216234816,4.210641346,0.02168815788,0.02168815787,0.6010660484,0.2010262492,0,0.5968388571,0.5969570468,0.5952947378,0.5957358066,0.5958950031,0.5936576151
7.38,4.215942898,4.216280639,4.210686098,4.215942898,4.216280639,4.210686098,0.02158171126,0.02158171125,0.601055441,0.2010216669,0,0.5968703586,0.5969706539,0.5953080481,0.595778236,0.5959133325,0.5936755159
7.4,4.216047916,4.216326567,4.210730859,4.216047916,4.216326567,4.210730859,0.0214759096,0.02147590959,0.6010449392,0.2010170741,0,0.5969015457,0.5969842917,0.595321361,0.5958202433,0.5959317035,0.5936934203
7.42,4.216151889,4.216372592,4.210775629,4.216151889,4.216372592,4.210775629,0.02137074516,0.02137074515,0.6010345419,0.2010124716,0,0.5969324216,0.5969979583,0.5953346765,0.5958618326,0.5959501135,0.5937113285
7.44,4.216254828,4.216418708,4.21082041,4.216254828,4.216418708,4.21082041,0.02126621034,0.02126621033,0.601024248,0.20100786,0,0.5969629893,0.5970116517,0.595347995,0.595903008,0.5959685599,0.5937292409
7.46,4.216356742,4.216464909,4.210865202,4.216356742,4.216464909,4.210865202,0.02116229765,0.02116229764,0.6010140566,0.20100324,0,0.596993252,0.5970253702,0.5953613165,0.5959437738,0.5959870402,0.5937471577
7.48,4.216457643,4.216511188,4.210910006,4.216457643,4.216511188,4.210910006,0.02105899976,0.02105899975,0.6010039665,0.200998612,0,0.5970232128,0.5970391117,0.5953746413,0.5959841339,0.5960055518,0.5937650791
7.5,4.216557539,4.216557539,4.210954821,4.216557539,4.216557539,4.210954821,0.02095630945,0.02095630944,0.6009939769,0.2009939769,0,0.5970528745,0.5970528745,0.5953879696,0.5960240924,0.5960240924,0.5937830053
7.52,4.216656442,4.216603957,4.21099965,4.216656442,4.216603957,4.21099965,0.02085421962,0.02085421961,0.6009840867,0.2009893351,0,0.5970822403,0.5970666568,0.5954013014,0.5960636534,0.5960426595,0.5938009366
7.54,4.21675436,4.216650435,4.21104449,4.21675436,4.216650435,4.21104449,0.02075272332,0.02075272331,0.6009742948,0.2009846873,0,0.597111313,0.5970804569,0.5954146368,0.5961028207,0.5960612508,0.593818873
7.56,4.216851304,4.216696968,4.211089345,4.216851304,4.216696968,4.211089345,0.0206518137,0.02065181369,0.6009646004,0.200980034,0,0.5971400957,0.5970942729,0.595427976,0.5961415982,0.5960798638,0.5938368146
7.58,4.216947283,4.216743549,4.211134213,4.216947283,4.216743549,4.211134213,0.02055148404,0.02055148403,0.6009550025,0.2009753759,0,0.5971685912,0.5971081033,0.5954413191,0.59617999,0.5960984964,0.5938547618
7.6,4.217042307,4.216790174,4.211179094,4.217042307,4.216790174,4.211179094,0.02045172773,0.02045172773,0.6009455001,0.2009707134,0,0.5971968024,0.5971219464,0.5954546661,0.5962179997,0.5961171464,0.5938727144
7.62,4.217136386,4.216836837,4.21122399,4.217136386,4.216836837,4.21122399,0.0203525383,0.02035253828,0.6009360922,0.2009660471,0,0.5972247321,0.5971358005,0.5954680171,0.5962556312,0.5961358115,0.5938906727
7.64,4.217229529,4.216883532,4.2112689,4.217229529,4.216883532,4.2112689,0.02025390935,0.02025390933,0.6009267779,0.2009613776,0,0.5972523831,0.5971496641,0.5954813722,0.5962928883,0.5961544895,0.5939086367
7.66,4.217321745,4.216930254,4.211313824,4.217321745,4.216930254,4.211313824,0.02015583462,0.02015583461,0.6009175563,0.2009567054,0,0.5972797583,0.5971635355,0.5954947314,0.5963297747,0.5961731784,0.5939266064
7.68,4.217413043,4.216976999,4.211358763,4.217413043,4.216976999,4.211358763,0.02005830798,0.02005830795,0.6009084265,0.200952031,0,0.5973068604,0.5971774133,0.5955080946,0.5963662941,0.5961918762,0.5939445818
7.7,4.217503433,4.21702376,4.211403716,4.217503433,4.21702376,4.211403716,0.01996132336,0.01996132332,0.6008993875,0.2009473548,0,0.5973336922,0.597191296,0.5955214621,0.59640245,0.5962105807,0.5939625631
7.72,4.217592924,4.217070533,4.211448683,4.217592924,4.217070533,4.211448683,0.01986487483,0.01986487478,0.6008904384,0.2009426775,0,0.5973602562,0.597205182,0.5955348336,0.5964382463,0.5962292901,0.5939805501
7.74,4.217681524,4.217117314,4.211493665,4.217681524,4.217117314,4.211493665,0.01976895655,0.0197689565,0.6008815784,0.2009379994,0,0.5973865553,0.59721907,0.5955482092,0.5964736863,0.5962480023,0.5939985429
7.76,4.217769242,4.217164097,4.211538662,4.217769242,4.217164097,4.211538662,0.01967356279,0.01967356273,0.6008728066,0.2009333212,0,0.5974125921,0.5972329585,0.595561589,0.5965087737,0.5962667154,0.5940165414
7.78,4.217856088,4.217210877,4.211583672,4.217856088,4.217210877,4.211583672,0.01957868792,0.01957868785,0.600864122,0.2009286431,0,0.5974383691,0.5972468461,0.5955749728,0.596543512,0.5962854276,0.5940345456
7.8,4.21794207,4.217257651,4.211628697,4.21794207,4.217257651,4.211628697,0.0194843264,0.01948432633,0.6008555238,0.2009239657,0,0.597463889,0.5972607314,0.5955883606,0.5965779046,0.596304137,0.5940525555
7.82,4.218027196,4.217304413,4.211673735,4.218027196,4.217304413,4.211673736,0.0193904728,0.01939047272,0.6008470112,0.2009192895,0,0.5974891543,0.5972746132,0.5956017523,0.596611955,0.5963228419,0.5940705709
7.84,4.218111475,4.217351159,4.211718788,4.218111475,4.217351159,4.211718788,0.01929712178,0.01929712169,0.6008385833,0.2009146149,0,0.5975141677,0.5972884901,0.595615148,0.5966456666,0.5963415405,0.5940885918
7.86,4.218194915,4.217397886,4.211763853,4.218194915,4.217397885,4.211763853,0.01920426808,0.019204268,0.6008302393,0.2009099423,0,0.5975389316,0.5973023609,0.5956285475,0.5966790428,0.596360231,0.594106618
7.88,4.218277525,4.217444587,4.211808932,4.218277525,4.217444587,4.211808932,0.01911190655,0.01911190647,0.6008219783,0.2009052721,0,0.5975634485,0.5973162242,0.5956419507,0.5967120869,0.5963789118,0.5941246496
7.9,4.218359314,4.217491261,4.211854024,4.218359314,4.217491261,4.211854024,0.01902003214,0.01902003206,0.6008137995,0.2009006047,0,0.5975877208,0.5973300789,0.5956553575,0.5967448022,0.5963975811,0.5941426862
7.92,4.218440288,4.217537902,4.211899128,4.218440288,4.217537902,4.211899128,0.01892863985,0.01892863978,0.600805702,0.2008959406,0,0.5976117511,0.5973439238,0.5956687679,0.5967771919,0.5964162375,0.5941607278
7.94,4.218520457,4.217584506,4.211944244,4.218520457,4.217584506,4.211944244,0.01883772481,0.01883772475,0.6007976851,0.2008912802,0,0.5976355417,0.5973577576,0.5956821817,0.5968092594,0.5964348792,0.5941787743
7.96,4.218599828,4.21763107,4.211989372,4.218599828,4.21763107,4.211989372,0.01874728221,0.01874728215,0.600789748,0.2008866238,0,0.5976590951,0.5973715793,0.5956955989,0.5968410078,0.5964535048,0.5941968255
7.98,4.218678409,4.21767759,4.212034511,4.218678409,4.21767759,4.212034511,0.01865730732,0.01865730729,0.6007818899,0.2008819718,0,0.5976824136,0.5973853876,0.5957090192,0.5968724403,0.5964721127,0.5942148811
8,4.218756208,4.217724062,4.212079661,4.218756208,4.217724062,4.212079661,0.01856779552,0.0185677955,0.60077411,0.2008773246,0,0.5977054996,0.5973991815,0.5957224425,0.5969035601,0.5964907014,0.5942329411
8.02,4.218833233,4.217770482,4.212124821,4.218833233,4.217770482,4.212124821,0.01847874225,0.01847874225,0.6007664075,0.2008726826,0,0.5977283553,0.5974129599,0.5957358687,0.5969343702,0.5965092695,0.5942510053
8.04,4.218909492,4.217816847,4.212169991,4.218909492,4.217816847,4.212169991,0.01839014304,0.01839014305,0.6007587816,0.2008680461,0,0.5977509831,0.5974267218,0.5957492977,0.5969648737,0.5965278155,0.5942690733
8.06,4.218984992,4.217863153,4.212215171,4.218984992,4.217863153,4.212215171,0.01830199348,0.01830199352,0.6007512316,0.2008634155,0,0.5977733853,0.5974404661,0.5957627293,0.5969950737,0.596546338,0.5942871451
8.08,4.219059741,4.217909397,4.212260359,4.219059741,4.217909397,4.212260359,0.01821428925,0.01821428931,0.6007437567,0.2008587911,0,0.5977955641,0.5974541917,0.5957761633,0.5970249732,0.5965648357,0.5943052204
8.1,4.219133746,4.217955576,4.212305555,4.219133746,4.217955576,4.212305555,0.01812702613,0.0181270262,0.6007363562,0.2008541732,0,0.5978175217,0.5974678977,0.5957895995,0.5970545752,0.5965833072,0.5943232989
8.12,4.219207015,4.218001686,4.212350759,4.219207015,4.218001686,4.212350759,0.01804019992,0.01804020001,0.6007290293,0.2008495622,0,0.5978392604,0.5974815832,0.5958030378,0.5970838827,0.5966017512,0.5943413804
8.14,4.219279554,4.218047724,4.21239597,4.219279554,4.218047724,4.21239597,0.01795380653,0.01795380664,0.6007217754,0.2008449584,0,0.5978607824,0.5974952471,0.595816478,0.5971128986,0.5966201665,0.5943594648
8.16,4.219351372,4.218093687,4.212441187,4.219351372,4.218093688,4.212441187,0.01786784195,0.01786784206,0.6007145936,0.2008403621,0,0.5978820897,0.5975088886,0.5958299199,0.5971416257,0.5966385517,0.5943775516
8.18,4.219422476,4.218139572,4.21248641,4.219422476,4.218139573,4.21248641,0.01778230221,0.01778230232,0.6007074833,0.2008357736,0,0.5979031846,0.5975225067,0.5958433633,0.597170067,0.5966569057,0.5943956407
8.2,4.219492871,4.218185376,4.212531637,4.219492871,4.218185376,4.212531637,0.01769718342,0.01769718353,0.6007004437,0.2008311932,0,0.5979240692,0.5975361006,0.595856808,0.5971982253,0.5966752273,0.5944137317
8.22,4.219562567,4.218231096,4.212576869,4.219562567,4.218231096,4.212576869,0.01761248176,0.01761248187,0.6006934741,0.2008266212,0,0.5979447456,0.5975496694,0.5958702537,0.5972261034,0.5966935152,0.5944318245
8.24,4.219631568,4.218276729,4.212622105,4.219631568,4.218276729,4.212622105,0.01752819348,0.01752819358,0.600686574,0.2008220579,0,0.5979652158,0.5975632121,0.5958837004,0.5972537042,0.5967117684,0.5944499187
8.26,4.219699884,4.218322272,4.212667343,4.219699884,4.218322272,4.212667343,0.01744431489,0.01744431497,0.6006797424,0.2008175036,0,0.597985482,0.5975767281,0.5958971477,0.5972810302,0.5967299857,0.594468014
8.28,4.219767519,4.218367723,4.212712583,4.219767519,4.218367723,4.212712583,0.01736084236,0.01736084242,0.6006729789,0.2008129585,0,0.5980055461,0.5975902165,0.5959105954,0.5973080844,0.596748166,0.5944861101
8.3,4.219834482,4.218413079,4.212757825,4.219834482,4.218413079,4.212757825,0.01727777233,0.01727777237,0.6006662826,0.2008084229,0,0.5980254102,0.5976036764,0.5959240434,0.5973348695,0.5967663082,0.5945042067
8.32,4.219900778,4.218458337,4.212803067,4.219900778,4.218458337,4.212803067,0.01719510129,0.01719510131,0.600659653,0.2008038971,0,0.5980450762,0.5976171072,0.5959374913,0.5973613879,0.5967844114,0.5945223036
8.34,4.219966415,4.218503494,4.212848309,4.219966415,4.218503494,4.212848309,0.0171128258,0.0171128258,0.6006530894,0.2007993814,0,0.5980645462,0.5976305081,0.595950939,0.5973876426,0.5968024745,0.5945404003
8.36,4.220031398,4.218548549,4.21289355,4.220031398,4.218548549,4.21289355,0.01703094247,0.01703094246,0.600646591,0.2007948759,0,0.5980838221,0.5976438783,0.5959643862,0.597413636,0.5968204965,0.5945584967
8.38,4.220095735,4.218593499,4.212938789,4.220095735,4.218593499,4.212938789,0.01694944799,0.01694944798,0.6006401573,0.2007903809,0,0.5981029059,0.5976572171,0.5959778326,0.5974393707,0.5968384764,0.5945765922
8.4,4.220159432,4.218638341,4.212984025,4.220159432,4.218638341,4.212984025,0.01686833908,0.01686833907,0.6006337877,0.2007858967,0,0.5981217994,0.5976705238,0.5959912781,0.5974648494,0.5968564133,0.5945946867
8.42,4.220222495,4.218683074,4.213029257,4.220222495,4.218683074,4.213029257,0.01678761255,0.01678761254,0.6006274814,0.2007814235,0,0.5981405046,0.5976837978,0.5960047223,0.5974900746,0.5968743062,0.5946127797
8.44,4.22028493,4.218727694,4.213074486,4.22028493,4.218727694,4.213074486,0.01670726524,0.01670726523,0.6006212378,0.2007769614,0,0.5981590234,0.5976970383,0.596018165,0.5975150487,0.5968921543,0.594630871
8.46,4.220346744,4.2187722,4.213119708,4.220346744,4.2187722,4.213119708,0.01662729404,0.01662729403,0.6006150564,0.2007725108,0,0.5981773575,0.5977102448,0.596031606,0.5975397744,0.5969099567,0.5946489601
8.48,4.220407943,4.218816589,4.213164925,4.220407943,4.218816589,4.213164925,0.01654769591,0.0165476959,0.6006089365,0.2007680719,0,0.5981955089,0.5977234165,0.596045045,0.5975642541,0.5969277125,0.5946670468
8.5,4.220468533,4.21886086,4.213210135,4.220468533,4.21886086,4.213210135,0.01646846785,0.01646846784,0.6006028775,0.2007636448,0,0.5982134794,0.5977365529,0.5960584817,0.5975884902,0.5969454209,0.5946851307
8.52,4.220528521,4.218905011,4.213255336,4.220528521,4.218905011,4.213255336,0.01638960692,0.01638960691,0.6005968787,0.2007592297,0,0.5982312708,0.5977496533,0.5960719159,0.5976124851,0.596963081,0.5947032114
8.54,4.220587911,4.218949038,4.213300529,4.220587911,4.218949038,4.213300529,0.01631111022,0.01631111022,0.6005909397,0.200754827,0,0.5982488848,0.5977627172,0.5960853472,0.5976362412,0.5969806922,0.5947212885
8.56,4.220646711,4.218992942,4.213345712,4.220646711,4.218992942,4.213345712,0.01623297491,0.01623297491,0.6005850597,0.2007504366,0,0.5982663233,0.597775744,0.5960987755,0.597659761,0.5969982535,0.5947393617
8.58,4.220704925,4.219036719,4.213390885,4.220704925,4.219036719,4.213390885,0.01615519819,0.01615519819,0.6005792383,0.2007460589,0,0.598283588,0.5977887331,0.5961122004,0.5976830468,0.5970157643,0.5947574306
8.6,4.22076256,4.219080368,4.213436045,4.22076256,4.219080368,4.213436045,0.01607777731,0.01607777731,0.6005734748,0.2007416941,0,0.5983006806,0.5978016841,0.5961256217,0.5977061009,0.5970332238,0.5947754949
8.62,4.220819622,4.219123886,4.213481193,4.220819622,4.219123886,4.213481194,0.01600070957,0.01600070956,0.6005677686,0.2007373422,0,0.5983176028,0.5978145963,0.5961390391,0.5977289256,0.5970506313,0.5947935542
8.64,4.220876116,4.219167273,4.213526328,4.220876116,4.219167273,4.213526328,0.0159239923,0.01592399229,0.6005621192,0.2007330035,0,0.5983343564,0.5978274693,0.5961524522,0.5977515231,0.5970679862,0.594811608
8.66,4.220932048,4.219210527,4.213571448,4.220932048,4.219210527,4.213571448,0.0158476229,0.01584762289,0.600556526,0.2007286781,0,0.5983509431,0.5978403025,0.596165861,0.5977738958,0.5970852876,0.5948296561
8.68,4.220987423,4.219253646,4.213616553,4.220987423,4.219253646,4.213616553,0.01577159879,0.01577159878,0.6005509885,0.2007243662,0,0.5983673644,0.5978530955,0.5961792649,0.5977960459,0.5971025351,0.594847698
8.7,4.221042247,4.219296628,4.213661641,4.221042247,4.219296628,4.213661641,0.01569591746,0.01569591743,0.6005455061,0.200720068,0,0.5983836221,0.5978658478,0.5961926638,0.5978179757,0.5971197279,0.5948657333
8.72,4.221096526,4.219339472,4.213706712,4.221096526,4.219339472,4.213706713,0.0156205764,0.01562057637,0.6005400782,0.2007157837,0,0.5983997177,0.597878559,0.5962060574,0.5978396872,0.5971368654,0.5948837618
8.74,4.221150265,4.219382176,4.213751765,4.221150265,4.219382176,4.213751765,0.01554557318,0.01554557314,0.6005347043,0.2007115132,0,0.598415653,0.5978912285,0.5962194454,0.5978611826,0.597153947,0.5949017829
8.76,4.221203469,4.219424739,4.213796799,4.221203469,4.219424739,4.213796799,0.0154709054,0.01547090535,0.6005293839,0.2007072569,0,0.5984314295,0.597903856,0.5962328275,0.5978824642,0.5971709722,0.5949197962
8.78,4.221256143,4.219467159,4.213841812,4.221256143,4.219467159,4.213841812,0.01539657069,0.01539657064,0.6005241165,0.2007030149,0,0.5984470487,0.5979164411,0.5962462034,0.597903534,0.5971879404,0.5949378015
8.8,4.221308294,4.219509435,4.213886804,4.221308294,4.219509435,4.213886804,0.01532256673,0.01532256667,0.6005189014,0.2006987873,0,0.5984625123,0.5979289833,0.5962595728,0.5979243942,0.5972048509,0.5949557983
8.82,4.221359925,4.219551567,4.213931774,4.221359925,4.219551566,4.213931774,0.01524889123,0.01524889116,0.6005137383,0.2006945742,0,0.5984778218,0.5979414822,0.5962729354,0.5979450468,0.5972217034,0.5949737862
8.84,4.221411043,4.219593551,4.21397672,4.221411043,4.219593551,4.21397672,0.01517554195,0.01517554187,0.6005086265,0.2006903757,0,0.5984929788,0.5979539376,0.596286291,0.597965494,0.5972384972,0.5949917649
8.86,4.221461652,4.219635388,4.214021643,4.221461652,4.219635388,4.214021643,0.01510251666,0.01510251658,0.6005035656,0.200686192,0,0.5985079847,0.5979663489,0.5962996392,0.5979857376,0.5972552319,0.5950097338
8.88,4.221511758,4.219677075,4.21406654,4.221511758,4.219677075,4.21406654,0.0150298132,0.01502981312,0.600498555,0.2006820233,0,0.5985228411,0.5979787158,0.5963129798,0.5980057799,0.5972719069,0.5950276927
8.9,4.221561365,4.219718613,4.214111411,4.221561365,4.219718613,4.214111411,0.01495742943,0.01495742935,0.6004935943,0.2006778695,0,0.5985375494,0.597991038,0.5963263124,0.5980256227,0.5972885219,0.5950456411
8.92,4.221610478,4.219759999,4.214156255,4.221610478,4.219759999,4.214156255,0.01488536324,0.01488536315,0.600488683,0.2006737309,0,0.5985521112,0.5980033152,0.5963396367,0.5980452681,0.5973050763,0.5950635786
8.94,4.221659103,4.219801233,4.21420107,4.221659103,4.219801232,4.214201071,0.01481361255,0.01481361247,0.6004838205,0.2006696076,0,0.5985665279,0.598015547,0.5963529526,0.598064718,0.5973215698,0.5950815049
8.96,4.221707244,4.219842313,4.214245857,4.221707244,4.219842312,4.214245857,0.01474217533,0.01474217526,0.6004790064,0.2006654996,0,0.598580801,0.5980277331,0.5963662596,0.5980839744,0.5973380018,0.5950994196
8.98,4.221754906,4.219883238,4.214290613,4.221754906,4.219883238,4.214290614,0.01467104958,0.01467104951,0.6004742402,0.200661407,0,0.5985949318,0.5980398732,0.5963795574,0.5981030392,0.597354372,0.5951173221
9,4.221802094,4.219924008,4.214335339,4.221802094,4.219924008,4.214335339,0.01460023331,0.01460023326,0.6004695214,0.20065733,0,0.5986089219,0.5980519671,0.5963928459,0.5981219142,0.59737068,0.5951352122
9.02,4.221848812,4.219964621,4.214380032,4.221848812,4.219964621,4.214380032,0.0145297246,0.01452972456,0.6004648496,0.2006532687,0,0.5986227726,0.5980640143,0.5964061246,0.5981406015,0.5973869253,0.5951530895
9.04,4.221895065,4.220005077,4.214424692,4.221895065,4.220005077,4.214424692,0.01445952152,0.0144595215,0.6004602243,0.2006492231,0,0.5986364852,0.5980760148,0.5964193933,0.5981591028,0.5974031077,0.5951709535
9.06,4.221940858,4.220045375,4.214469318,4.221940858,4.220045375,4.214469318,0.0143896222,0.01438962219,0.600455645,0.2006451933,0,0.5986500613,0.5980879681,0.5964326517,0.5981774201,0.5974192268,0.5951888038
9.08,4.221986196,4.220085514,4.214513908,4.221986196,4.220085514,4.214513908,0.01432002478,0.01432002479,0.6004511112,0.2006411794,0,0.5986635021,0.5980998741,0.5964458995,0.598195555,0.5974352822,0.5952066401
9.1,4.222031082,4.220125492,4.214558463,4.222031082,4.220125492,4.214558463,0.01425072745,0.01425072748,0.6004466226,0.2006371816,0,0.5986768089,0.5981117325,0.5964591364,0.5982135096,0.5974512736,0.595224462
9.12,4.222075522,4.22016531,4.214602981,4.222075522,4.22016531,4.214602981,0.01418172841,0.01418172846,0.6004421786,0.2006331998,0,0.5986899832,0.598123543,0.5964723621,0.5982312854,0.5974672007,0.595242269
9.14,4.222119519,4.220204966,4.21464746,4.222119519,4.220204966,4.21464746,0.01411302589,0.01411302596,0.6004377789,0.2006292342,0,0.5987030263,0.5981353055,0.5964855763,0.5982488845,0.5974830632,0.5952600608
9.16,4.222163079,4.22024446,4.2146919,4.222163079,4.22024446,4.2146919,0.01404461816,0.01404461824,0.6004334229,0.2006252848,0,0.5987159394,0.5981470198,0.5964987787,0.5982663083,0.5974988608,0.595277837
9.18,4.222206205,4.220283791,4.214736301,4.222206205,4.220283791,4.214736301,0.01397650351,0.0139765036,0.6004291103,0.2006213517,0,0.5987287239,0.5981586856,0.5965119691,0.5982835589,0.5975145932,0.5952955971
9.2,4.222248902,4.220322958,4.21478066,4.222248902,4.220322959,4.21478066,0.01390868024,0.01390868034,0.6004248406,0.200617435,0,0.598741381,0.5981703027,0.5965251471,0.5983006377,0.5975302601,0.5953133408
9.22,4.222291175,4.220361961,4.214824977,4.222291175,4.220361962,4.214824977,0.0138411467,0.01384114681,0.6004206133,0.2006135347,0,0.598753912,0.598181871,0.5965383125,0.5983175467,0.5975458614,0.5953310677
9.24,4.222333027,4.2204008,4.214869252,4.222333027,4.2204008,4.214869251,0.01377390126,0.01377390137,0.6004164282,0.2006096508,0,0.5987663181,0.5981933902,0.5965514649,0.5983342874,0.5975613966,0.5953487774
9.26,4.222374462,4.220439472,4.214913482,4.222374462,4.220439473,4.214913482,0.0137069423,0.01370694241,0.6004122846,0.2006057836,0,0.5987786007,0.5982048602,0.5965646041,0.5983508615,0.5975768657,0.5953664695
9.28,4.222415485,4.220477979,4.214957667,4.222415485,4.220477979,4.214957667,0.01364026824,0.01364026835,0.6004081823,0.2006019329,0,0.5987907609,0.5982162809,0.5965777297,0.5983672707,0.5975922684,0.5953841436
9.3,4.2224561,4.220516319,4.215001806,4.2224561,4.22051632,4.215001806,0.01357387752,0.01357387761,0.6004041208,0.2005980989,0,0.5988028,0.5982276521,0.5965908416,0.5983835166,0.5976076045,0.5954017993
9.32,4.22249631,4.220554493,4.215045899,4.22249631,4.220554493,4.215045899,0.01350776859,0.01350776867,0.6004000998,0.2005942815,0,0.5988147192,0.5982389736,0.5966039393,0.5983996009,0.5976228738,0.5954194363
9.34,4.222536121,4.220592498,4.215089944,4.222536121,4.220592498,4.215089943,0.01344193993,0.01344193999,0.6003961187,0.200590481,0,0.5988265196,0.5982502453,0.5966170227,0.5984155251,0.5976380761,0.5954370542
9.36,4.222575535,4.220630336,4.215133939,4.222575535,4.220630336,4.215133939,0.01337639006,0.0133763901,0.6003921773,0.2005866972,0,0.5988382025,0.598261467,0.5966300914,0.5984312909,0.5976532112,0.5954546525
9.38,4.222614558,4.220668005,4.215177885,4.222614558,4.220668005,4.215177885,0.0133111175,0.01331111752,0.600388275,0.2005829303,0,0.598849769,0.5982726387,0.5966431452,0.5984468998,0.5976682789,0.595472231
9.4,4.222653192,4.220705506,4.215221781,4.222653192,4.220705506,4.215221781,0.01324612078,0.01324612078,0.6003844116,0.2005791802,0,0.5988612202,0.5982837603,0.5966561837,0.5984623534,0.5976832792,0.5954897891
9.42,4.222691441,4.220742837,4.215265625,4.222691441,4.220742837,4.215265625,0.01318139848,0.01318139848,0.6003805867,0.2005754471,0,0.5988725575,0.5982948315,0.5966692068,0.5984776533,0.5976982117,0.5955073266
9.44,4.22272931,4.220779999,4.215309416,4.22272931,4.220779999,4.215309416,0.01311694919,0.01311694918,0.6003767998,0.2005717309,0,0.5988837818,0.5983058524,0.5966822141,0.5984928009,0.5977130765,0.5955248432
9.46,4.222766802,4.220816992,4.215353154,4.222766802,4.220816992,4.215353154,0.01305277152,0.01305277151,0.6003730506,0.2005680317,0,0.5988948942,0.5983168228,0.5966952053,0.5985077978,0.5977278734,0.5955423383
9.48,4.222803922,4.220853814,4.215396837,4.222803922,4.220853814,4.215396837,0.0129888641,0.01298886409,0.6003693386,0.2005643494,0,0.598905896,0.5983277426,0.5967081802,0.5985226454,0.5977426022,0.5955598116
9.5,4.222840671,4.220890465,4.215440465,4.222840671,4.220890465,4.215440465,0.01292522558,0.01292522557,0.6003656637,0.2005606843,0,0.5989167882,0.5983386118,0.5967211385,0.5985373453,0.5977572629,0.5955772628
9.52,4.222877056,4.220926946,4.215484037,4.222877056,4.220926946,4.215484037,0.01286185464,0.01286185462,0.6003620253,0.2005570362,0,0.598927572,0.5983494302,0.59673408,0.598551899,0.5977718553,0.5955946915
9.54,4.222913078,4.220963256,4.215527551,4.222913078,4.220963256,4.215527551,0.01279874994,0.01279874993,0.600358423,0.2005534052,0,0.5989382483,0.5983601979,0.5967470042,0.5985663078,0.5977863793,0.5956120973
9.56,4.222948741,4.220999395,4.215571008,4.222948741,4.220999395,4.215571008,0.0127359102,0.01273591019,0.6003548567,0.2005497913,0,0.5989488182,0.5983709148,0.5967599111,0.5985805733,0.5978008349,0.5956294799
9.58,4.22298405,4.221035363,4.215614405,4.22298405,4.221035363,4.215614405,0.01267333414,0.01267333413,0.6003513258,0.2005461945,0,0.5989592829,0.5983815807,0.5967728003,0.5985946968,0.597815222,0.5956468388
9.6,4.223019008,4.22107116,4.215657743,4.223019008,4.22107116,4.215657743,0.0126110205,0.01261102049,0.60034783,0.2005426149,0,0.5989696434,0.5983921957,0.5967856715,0.5986086798,0.5978295406,0.5956641739
9.62,4.223053617,4.221106784,4.21570102,4.223053617,4.221106784,4.21570102,0.01254896803,0.01254896803,0.6003443691,0.2005390524,0,0.5989799006,0.5984027597,0.5967985246,0.5986225237,0.5978437905,0.5956814846
9.64,4.223087883,4.221142237,4.215744235,4.223087883,4.221142237,4.215744235,0.01248717551,0.01248717551,0.6003409425,0.2005355071,0,0.5989900558,0.5984132726,0.5968113591,0.5986362298,0.5978579717,0.5956987707
9.66,4.223121807,4.221177518,4.215787387,4.223121807,4.221177518,4.215787387,0.01242564173,0.01242564172,0.6003375501,0.200531979,0,0.5990001097,0.5984237345,0.596824175,0.5986497996,0.5978720841,0.5957160317
9.68,4.223155394,4.221212628,4.215830477,4.223155394,4.221212628,4.215830477,0.01236436548,0.01236436547,0.6003341914,0.200528468,0,0.5990100635,0.5984341453,0.5968369718,0.5986632343,0.5978861278,0.5957332674
9.7,4.223188646,4.221247565,4.215873501,4.223188646,4.221247565,4.215873501,0.01230334559,0.01230334558,0.6003308662,0.2005249743,0,0.5990199182,0.5984445051,0.5968497494,0.5986765353,0.5979001027,0.5957504773
9.72,4.223221568,4.22128233,4.215916461,4.223221568,4.22128233,4.215916461,0.0122425809,0.01224258089,0.600327574,0.2005214978,0,0.5990296748,0.5984548137,0.5968625075,0.598689704,0.5979140088,0.5957676613
9.74,4.223254162,4.221316923,4.215959355,4.223254162,4.221316923,4.215959355,0.01218207025,0.01218207024,0.6003243146,0.2005180385,0,0.5990393342,0.5984650711,0.5968752458,0.5987027417,0.5979278461,0.5957848188
9.76,4.223286432,4.221351344,4.216002182,4.223286432,4.221351344,4.216002182,0.0121218125,0.01212181249,0.6003210876,0.2005145964,0,0.5990488973,0.5984752774,0.5968879642,0.5987156496,0.5979416145,0.5958019496
9.78,4.223318381,4.221385593,4.216044941,4.223318381,4.221385593,4.216044941,0.01206180655,0.01206180653,0.6003178927,0.2005111715,0,0.5990583653,0.5984854327,0.5969006623,0.5987284291,0.597955314,0.5958190533
9.8,4.223350012,4.22141967,4.216087632,4.223350012,4.22141967,4.216087632,0.01200205127,0.01200205125,0.6003147296,0.2005077638,0,0.5990677389,0.5984955367,0.5969133399,0.5987410815,0.5979689448,0.5958361296
9.82,4.223381328,4.221453575,4.216130254,4.223381328,4.221453575,4.216130254,0.01194254558,0.01194254555,0.600311598,0.2005043733,0,0.5990770192,0.5985055897,0.5969259967,0.5987536079,0.5979825067,0.5958531782
9.84,4.223412332,4.221487308,4.216172805,4.223412332,4.221487308,4.216172805,0.0118832884,0.01188328836,0.6003084976,0.200501,0,0.5990862071,0.5985155916,0.5969386326,0.5987660097,0.5979959998,0.5958701988
9.86,4.223443028,4.221520868,4.216215285,4.223443028,4.221520868,4.216215286,0.01182427865,0.01182427861,0.600305428,0.200497644,0,0.5990953034,0.5985255424,0.5969512472,0.5987782881,0.5980094242,0.5958871909
9.88,4.223473419,4.221554257,4.216257694,4.223473419,4.221554257,4.216257694,0.01176551528,0.01176551523,0.6003023889,0.2004943051,0,0.5991043092,0.5985354421,0.5969638404,0.5987904444,0.5980227798,0.5959041544
9.9,4.223503507,4.221587475,4.21630003,4.223503507,4.221587475,4.21630003,0.01170699726,0.0117069972,0.6002993801,0.2004909833,0,0.5991132253,0.5985452908,0.5969764119,0.5988024796,0.5980360667,0.5959210888
9.92,4.223533296,4.22162052,4.216342293,4.223533296,4.22162052,4.216342293,0.01164872354,0.01164872348,0.6002964012,0.2004876788,0,0.5991220526,0.5985550886,0.5969889614,0.5988143952,0.5980492849,0.5959379939
9.94,4.223562788,4.221653394,4.216384482,4.223562788,4.221653394,4.216384482,0.01159069311,0.01159069304,0.600293452,0.2004843914,0,0.599130792,0.5985648354,0.5970014888,0.5988261921,0.5980624345,0.5959548694
9.96,4.223591987,4.221686097,4.216426595,4.223591987,4.221686097,4.216426595,0.01153290497,0.0115329049,0.6002905321,0.2004811211,0,0.5991394443,0.5985745313,0.5970139938,0.5988378717,0.5980755156,0.5959717149
9.98,4.223620896,4.221718629,4.216468633,4.223620896,4.221718629,4.216468633,0.01147535811,0.01147535804,0.6002876412,0.2004778679,0,0.5991480105,0.5985841763,0.5970264762,0.5988494351,0.5980885282,0.5959885301
10,4.223649517,4.221750989,4.216510595,4.223649517,4.221750989,4.216510595,0.01141805157,0.01141805149,0.6002847792,0.2004746319,0,0.5991564914,0.5985937706,0.5970389357,0.5988608834,0.5981014724,0.5960053147
10.02,4.223677853,4.221783179,4.216552479,4.223677853,4.221783179,4.216552479,0.01136098435,0.01136098427,0.6002819456,0.2004714129,0,0.5991648878,0.598603314,0.5970513721,0.5988722178,0.5981143482,0.5960220685
10.04,4.223705907,4.221815198,4.216594286,4.223705907,4.221815197,4.216594286,0.0113041555,0.01130415542,0.6002791401,0.2004682111,0,0.5991732006,0.5986128069,0.5970637853,0.5988834394,0.5981271558,0.5960387911
10.06,4.223733682,4.221847046,4.216636014,4.223733682,4.221847046,4.216636014,0.01124756407,0.01124756399,0.6002763627,0.2004650262,0,0.5991814307,0.598622249,0.597076175,0.5988945494,0.5981398951,0.5960554822
10.08,4.22376118,4.221878724,4.216677662,4.22376118,4.221878724,4.216677662,0.01119120911,0.01119120904,0.6002736128,0.2004618584,0,0.5991895788,0.5986316407,0.5970885409,0.5989055488,0.5981525664,0.5960721416
10.1,4.223788405,4.221910232,4.21671923,4.223788405,4.221910232,4.216719231,0.0111350897,0.01113508963,0.6002708903,0.2004587076,0,0.5991976457,0.5986409818,0.5971008829,0.5989164388,0.5981651697,0.5960887689
10.12,4.223815359,4.221941571,4.216760718,4.223815359,4.221941571,4.216760718,0.01107920491,0.01107920485,0.6002681949,0.2004555737,0,0.5992056323,0.5986502725,0.5971132008,0.5989272204,0.5981777051,0.5961053639
10.14,4.223842045,4.22197274,4.216802124,4.223842045,4.22197274,4.216802124,0.01102355382,0.01102355378,0.6002655263,0.2004524568,0,0.5992135394,0.5986595129,0.5971254943,0.5989378947,0.5981901726,0.5961219263
10.16,4.223868465,4.222003739,4.216843448,4.223868465,4.222003739,4.216843448,0.01096813555,0.01096813551,0.6002628843,0.2004493569,0,0.5992213678,0.598668703,0.5971377632,0.5989484628,0.5982025725,0.5961384558
10.18,4.223894623,4.22203457,4.216884688,4.223894623,4.22203457,4.216884688,0.01091294918,0.01091294916,0.6002602685,0.2004462738,0,0.5992291182,0.598677843,0.5971500074,0.5989589258,0.5982149048,0.5961549521
10.2,4.22392052,4.222065232,4.216925846,4.22392052,4.222065232,4.216925846,0.01085799384,0.01085799384,0.6002576788,0.2004432076,0,0.5992367914,0.5986869329,0.5971622266,0.5989692847,0.5982271697,0.596171415
10.22,4.223946159,4.222095726,4.216966918,4.223946159,4.222095726,4.216966918,0.01080326866,0.01080326867,0.6002551149,0.2004401582,0,0.5992443883,0.5986959728,0.5971744207,0.5989795405,0.5982393672,0.5961878441
10.24,4.223971544,4.222126052,4.217007906,4.223971544,4.222126052,4.217007906,0.01074877275,0.01074877278,0.6002525764,0.2004371256,0,0.5992519094,0.5987049628,0.5971865893,0.5989896942,0.5982514974,0.5962042393
10.26,4.223996675,4.22215621,4.217048809,4.223996675,4.22215621,4.217048808,0.01069450528,0.01069450532,0.6002500633,0.2004341098,0,0.5992593557,0.598713903,0.5971987324,0.5989997469,0.5982635606,0.5962206002
10.28,4.224021557,4.2221862,4.217089625,4.224021557,4.2221862,4.217089624,0.01064046537,0.01064046543,0.6002475751,0.2004311108,0,0.5992667279,0.5987227936,0.5972108498,0.5990096996,0.5982755569,0.5962369266
10.3,4.224046191,4.222216024,4.217130354,4.224046191,4.222216024,4.217130353,0.0105866522,0.01058665227,0.6002451117,0.2004281284,0,0.5992740266,0.5987316345,0.5972229412,0.5990195533,0.5982874863,0.5962532182
10.32,4.22407058,4.222245681,4.217170995,4.22407058,4.222245681,4.217170995,0.01053306492,0.010533065,0.6002426728,0.2004251627,0,0.5992812527,0.598740426,0.5972350064,0.5990293089,0.5982993491,0.5962694748
10.34,4.224094727,4.222275171,4.217211548,4.224094727,4.222275172,4.217211548,0.0104797027,0.0104797028,0.6002402581,0.2004222137,0,0.5992884068,0.598749168,0.5972470454,0.5990389674,0.5983111453,0.5962856961
10.36,4.224118633,4.222304496,4.217252013,4.224118633,4.222304496,4.217252013,0.01042656474,0.01042656484,0.6002378675,0.2004192812,0,0.5992954897,0.5987578608,0.5972590578,0.5990485299,0.5983228752,0.5963018819
10.38,4.224142301,4.222333655,4.217292388,4.224142301,4.222333655,4.217292388,0.0103736502,0.01037365031,0.6002355007,0.2004163653,0,0.599302502,0.5987665045,0.5972710435,0.5990579971,0.5983345389,0.5963180319
10.4,4.224165734,4.222362649,4.217332673,4.224165734,4.222362649,4.217332673,0.0103209583,0.01032095841,0.6002331574,0.2004134659,0,0.5993094446,0.5987750991,0.5972830024,0.5990673702,0.5983461365,0.5963341459
10.42,4.224188933,4.222391478,4.217372867,4.224188933,4.222391479,4.217372867,0.01026848822,0.01026848833,0.6002308375,0.200410583,0,0.599316318,0.5987836449,0.5972949342,0.5990766501,0.5983576681,0.5963502237
10.44,4.224211902,4.222420143,4.217412971,4.224211902,4.222420143,4.21741297,0.01021623917,0.01021623927,0.6002285406,0.2004077165,0,0.5993231229,0.5987921418,0.5973068389,0.5990858375,0.5983691341,0.596366265
10.46,4.224234642,4.222448644,4.217452982,4.224234642,4.222448644,4.217452982,0.01016421037,0.01016421046,0.6002262666,0.2004048664,0,0.5993298601,0.5988005901,0.5973187161,0.5990949336,0.5983805345,0.5963822695
10.48,4.224257156,4.222476982,4.217492901,4.224257156,4.222476982,4.217492901,0.01011240104,0.01011240112,0.6002240152,0.2004020326,0,0.5993365303,0.5988089898,0.5973305658,0.5991039392,0.5983918694,0.5963982371
10.5,4.224279446,4.222505156,4.217532727,4.224279446,4.222505156,4.217532727,0.0100608104,0.01006081046,0.6002217862,0.2003992152,0,0.599343134,0.5988173412,0.5973423877,0.5991128551,0.5984031392,0.5964141676
10.52,4.224301514,4.222533168,4.21757246,4.224301514,4.222533168,4.217572459,0.01000943768,0.01000943772,0.6002195794,0.200396414,0,0.599349672,0.5988256442,0.5973541818,0.5991216824,0.5984143438,0.5964300606
10.54,4.224323362,4.222561017,4.217612098,4.224323362,4.222561017,4.217612098,0.009958282125,0.009958282149,0.6002173946,0.2003936291,0,0.5993561449,0.5988338991,0.5973659478,0.5991304218,0.5984254836,0.596445916
10.56,4.224344994,4.222588705,4.217651642,4.224344994,4.222588705,4.217651642,0.009907342968,0.009907342976,0.6002152314,0.2003908603,0,0.5993625533,0.598842106,0.5973776856,0.5991390742,0.5984365587,0.5964617336
10.58,4.224366409,4.222616231,4.217691091,4.224366409,4.222616231,4.217691091,0.00985661946,0.009856619456,0.6002130899,0.2003881077,0,0.5993688979,0.5988502651,0.597389395,0.5991476406,0.5984475693,0.5964775131
10.6,4.224387612,4.222643597,4.217730444,4.224387612,4.222643597,4.217730444,0.009806110852,0.009806110844,0.6002109696,0.2003853711,0,0.5993751794,0.5988583764,0.597401076,0.5991561217,0.5984585156,0.5964932544
10.62,4.224408604,4.222670802,4.217769701,4.224408604,4.222670802,4.217769701,0.009755816409,0.009755816401,0.6002088704,0.2003826506,0,0.5993813983,0.5988664401,0.5974127282,0.5991645184,0.5984693977,0.5965089572
10.64,4.224429387,4.222697848,4.217808862,4.224429387,4.222697848,4.217808862,0.009705735401,0.009705735392,0.6002067921,0.200379946,0,0.5993875553,0.5988744564,0.5974243517,0.5991728316,0.5984802159,0.5965246214
10.66,4.224449963,4.222724734,4.217847925,4.224449963,4.222724734,4.217847925,0.009655867098,0.009655867089,0.6002047345,0.2003772574,0,0.599393651,0.5988824253,0.5974359461,0.599181062,0.5984909703,0.5965402467
10.68,4.224470335,4.222751461,4.21788689,4.224470335,4.222751461,4.21788689,0.009606210776,0.009606210766,0.6002026973,0.2003745847,0,0.5993996861,0.5988903472,0.5974475115,0.5991892106,0.5985016612,0.5965558329
10.7,4.224490503,4.22277803,4.217925758,4.224490503,4.22277803,4.217925758,0.009556765717,0.009556765707,0.6002006805,0.2003719278,0,0.599405661,0.598898222,0.5974590475,0.5991972781,0.5985122888,0.5965713798
10.72,4.224510471,4.222804441,4.217964527,4.224510471,4.222804441,4.217964527,0.009507531205,0.009507531195,0.6001986837,0.2003692867,0,0.5994115764,0.59890605,0.5974705542,0.5992052653,0.5985228531,0.5965868874
10.74,4.224530241,4.222830695,4.218003196,4.224530241,4.222830695,4.218003196,0.009458506531,0.009458506522,0.6001967067,0.2003666614,0,0.599417433,0.5989138312,0.5974820314,0.5992131731,0.5985333546,0.5966023552
10.76,4.224549813,4.222856791,4.218041766,4.224549813,4.222856791,4.218041766,0.00940969099,0.009409690982,0.6001947495,0.2003640517,0,0.5994232313,0.598921566,0.5974934788,0.5992210021,0.5985437933,0.5966177833
10.78,4.224569191,4.222882732,4.218080236,4.224569191,4.222882732,4.218080236,0.009361083882,0.009361083874,0.6001928117,0.2003614576,0,0.5994289718,0.5989292543,0.5975048965,0.5992287533,0.5985541695,0.5966331713
10.8,4.224588376,4.222908516,4.218118606,4.224588376,4.222908516,4.218118606,0.00931268451,0.009312684503,0.6001908932,0.2003588792,0,0.5994346552,0.5989368964,0.5975162842,0.5992364273,0.5985644833,0.5966485192
10.82,4.224607371,4.222934146,4.218156875,4.224607371,4.222934146,4.218156875,0.009264492182,0.009264492177,0.6001889938,0.2003563162,0,0.599440282,0.5989444924,0.5975276419,0.599244025,0.5985747351,0.5966638267
10.84,4.224626176,4.222959621,4.218195042,4.224626176,4.222959621,4.218195042,0.009216506212,0.009216506207,0.6001871132,0.2003537688,0,0.5994458527,0.5989520426,0.5975389693,0.5992515471,0.598584925,0.5966790937
10.86,4.224644794,4.222984941,4.218233108,4.224644794,4.222984941,4.218233108,0.009168725914,0.009168725909,0.6001852514,0.2003512367,0,0.599451368,0.5989595469,0.5975502664,0.5992589943,0.5985950532,0.59669432
10.88,4.224663227,4.223010108,4.218271071,4.224663227,4.223010108,4.218271072,0.009121150609,0.009121150604,0.6001834081,0.20034872,0,0.5994568285,0.5989670057,0.5975615331,0.5992663674,0.5986051199,0.5967095054
10.9,4.224681476,4.223035122,4.218308932,4.224681476,4.223035122,4.218308932,0.009073779622,0.009073779616,0.6001815832,0.2003462186,0,0.5994622345,0.5989744191,0.5975727692,0.5992736672,0.5986151254,0.5967246497
10.92,4.224699544,4.223059983,4.21834669,4.224699544,4.223059983,4.21834669,0.009026612279,0.009026612272,0.6001797764,0.2003437325,0,0.5994675867,0.5989817872,0.5975839747,0.5992808943,0.59862507,0.5967397529
10.94,4.224717432,4.223084692,4.218384345,4.224717432,4.223084692,4.218384345,0.008979647912,0.008979647903,0.6001779876,0.2003412616,0,0.5994728857,0.5989891102,0.5975951493,0.5992880495,0.5986349537,0.5967548147
10.96,4.224735142,4.22310925,4.218421896,4.224735142,4.22310925,4.218421896,0.008932885857,0.008932885844,0.6001762166,0.2003388058,0,0.5994781319,0.5989963883,0.597606293,0.5992951336,0.5986447768,0.5967698351
10.98,4.224752676,4.223133657,4.218459343,4.224752676,4.223133657,4.218459343,0.00888632545,0.008886325434,0.6001744632,0.2003363651,0,0.5994833258,0.5990036217,0.5976174057,0.5993021471,0.5986545396,0.5967848138
11,4.224770035,4.223157914,4.218496685,4.224770035,4.223157914,4.218496685,0.008839966035,0.008839966014,0.6001727273,0.2003339394,0,0.5994884681,0.5990108104,0.5976284873,0.5993090909,0.5986642423,0.5967997506
11.02,4.224787222,4.223182021,4.218533922,4.224787222,4.223182021,4.218533922,0.008793806955,0.008793806929,0.6001710086,0.2003315287,0,0.5994935592,0.5990179548,0.5976395376,0.5993159655,0.5986738852,0.5968146456
11.04,4.224804238,4.223205979,4.218571054,4.224804238,4.223205979,4.218571054,0.008747847559,0.008747847528,0.6001693071,0.2003291329,0,0.5994985996,0.5990250549,0.5976505566,0.5993227718,0.5986834684,0.5968294984
11.06,4.224821084,4.223229788,4.218608081,4.224821084,4.223229788,4.218608081,0.008702087198,0.008702087161,0.6001676224,0.200326752,0,0.5995035898,0.5990321109,0.5976615442,0.5993295103,0.5986929921,0.596844309
11.08,4.224837763,4.22325345,4.218645001,4.224837763,4.22325345,4.218645001,0.008656525226,0.008656525183,0.6001659546,0.2003243858,0,0.5995085303,0.599039123,0.5976725002,0.5993361818,0.5987024567,0.5968590773
11.1,4.224854275,4.223276964,4.218681816,4.224854275,4.223276964,4.218681816,0.008611161001,0.008611160952,0.6001643033,0.2003220344,0,0.5995134217,0.5990460914,0.5976834246,0.5993427869,0.5987118623,0.5968738031
11.12,4.224870624,4.223300331,4.218718524,4.224870624,4.223300331,4.218718524,0.008565993882,0.008565993827,0.6001626684,0.2003196977,0,0.5995182643,0.5990530163,0.5976943172,0.5993493263,0.5987212093,0.5968884862
11.14,4.22488681,4.223323552,4.218755125,4.22488681,4.223323552,4.218755125,0.008521023233,0.008521023172,0.6001610499,0.2003173756,0,0.5995230588,0.5990598978,0.597705178,0.5993558006,0.5987304977,0.5969031266
11.16,4.224902834,4.223346628,4.218791618,4.224902834,4.223346628,4.218791618,0.00847624842,0.008476248353,0.6001594474,0.200315068,0,0.5995278055,0.5990667361,0.5977160069,0.5993622105,0.5987397279,0.5969177241
11.18,4.2249187,4.223369559,4.218828005,4.2249187,4.223369558,4.218828005,0.008431668809,0.008431668738,0.6001578609,0.200312775,0,0.599532505,0.5990735314,0.5977268037,0.5993685566,0.5987489002,0.5969322786
11.2,4.224934407,4.223392345,4.218864283,4.224934407,4.223392345,4.218864283,0.008387283774,0.008387283699,0.6001562901,0.2003104963,0,0.5995371577,0.5990802839,0.5977375685,0.5993748395,0.5987580146,0.59694679
11.22,4.224949958,4.223414987,4.218900453,4.224949958,4.223414987,4.218900454,0.008343092687,0.008343092609,0.600154735,0.2003082321,0,0.599541764,0.5990869937,0.5977483011,0.59938106,0.5987670716,0.5969612581
11.24,4.224965354,4.223437486,4.218936515,4.224965355,4.223437486,4.218936516,0.008299094924,0.008299094845,0.6001531954,0.2003059822,0,0.5995463246,0.5990936611,0.5977590014,0.5993872185,0.5987760713,0.596975683
11.26,4.224980598,4.223459843,4.218972469,4.224980598,4.223459843,4.218972469,0.008255289864,0.008255289784,0.600151671,0.2003037465,0,0.5995508397,0.5991002861,0.5977696694,0.5993933158,0.5987850139,0.5969900643
11.28,4.224995689,4.223482058,4.219008313,4.224995689,4.223482057,4.219008314,0.008211676888,0.00821167681,0.6001501619,0.2003015251,0,0.5995553099,0.5991068691,0.5977803049,0.5993993524,0.5987938998,0.5970044021
11.3,4.225010631,4.223504131,4.219044049,4.225010631,4.223504131,4.219044049,0.00816825538,0.008168255304,0.6001486678,0.2002993177,0,0.5995597355,0.5991134101,0.597790908,0.599405329,0.5988027291,0.5970186962
11.32,4.225025423,4.223526063,4.219079675,4.225025423,4.223526063,4.219079675,0.008125024724,0.008125024652,0.6001471885,0.2002971245,0,0.5995641172,0.5991199093,0.5978014785,0.5994112461,0.5988115021,0.5970329466
11.34,4.225040069,4.223547856,4.219115191,4.225040069,4.223547856,4.219115191,0.008081984309,0.008081984243,0.6001457239,0.2002949452,0,0.5995684552,0.599126367,0.5978120163,0.5994171043,0.5988202191,0.5970471531
11.36,4.225054569,4.223569509,4.219150597,4.225054569,4.223569509,4.219150597,0.008039133525,0.008039133466,0.600144274,0.2002927799,0,0.59957275,0.5991327833,0.5978225214,0.5994229042,0.5988288802,0.5970613156
11.38,4.225068924,4.223591023,4.219185893,4.225068924,4.223591023,4.219185893,0.007996471764,0.007996471714,0.6001428384,0.2002906285,0,0.5995770021,0.5991391585,0.5978329938,0.5994286464,0.5988374859,0.5970754341
11.4,4.225083137,4.223612399,4.219221079,4.225083137,4.223612398,4.219221079,0.00795399842,0.007953998381,0.6001414171,0.200288491,0,0.5995812118,0.5991454926,0.5978434332,0.5994343314,0.5988460362,0.5970895085
11.42,4.225097208,4.223633637,4.219256154,4.225097208,4.223633637,4.219256155,0.00791171289,0.007911712862,0.60014001,0.2002863671,0,0.5995853797,0.5991517859,0.5978538398,0.5994399599,0.5988545314,0.5971035385
11.44,4.225111139,4.223654738,4.219291119,4.225111139,4.223654738,4.219291119,0.007869614572,0.007869614557,0.6001386169,0.200284257,0,0.5995895061,0.5991580385,0.5978642134,0.5994455324,0.5988629718,0.5971175243
11.46,4.225124932,4.223675702,4.219325972,4.225124932,4.223675702,4.219325972,0.007827702866,0.007827702864,0.6001372376,0.2002821606,0,0.5995935913,0.5991642507,0.5978745539,0.5994510495,0.5988713577,0.5971314657
11.48,4.225138587,4.223696531,4.219360715,4.225138587,4.223696531,4.219360715,0.007785977174,0.007785977187,0.6001358721,0.2002800777,0,0.599597636,0.5991704226,0.5978848614,0.5994565116,0.5988796893,0.5971453626
11.5,4.225152107,4.223717225,4.219395345,4.225152107,4.223717225,4.219395345,0.007744436901,0.007744436928,0.6001345201,0.2002780083,0,0.5996016403,0.5991765544,0.5978951357,0.5994619194,0.5988879668,0.5971592149
11.52,4.225165492,4.223737784,4.219429865,4.225165492,4.223737784,4.219429865,0.007703081452,0.007703081494,0.6001331816,0.2002759524,0,0.5996056048,0.5991826464,0.5979053768,0.5994672734,0.5988961905,0.5971730226
11.54,4.225178743,4.22375821,4.219464272,4.225178743,4.22375821,4.219464272,0.007661910234,0.007661910291,0.6001318565,0.2002739098,0,0.5996095299,0.5991886986,0.5979155846,0.5994725741,0.5989043606,0.5971867856
11.56,4.225191863,4.223778502,4.219498568,4.225191863,4.223778502,4.219498568,0.007620922658,0.007620922728,0.6001305445,0.2002718806,0,0.5996134158,0.5991947113,0.5979257591,0.5994778221,0.5989124775,0.5972005038
11.58,4.225204853,4.223798661,4.219532751,4.225204853,4.223798661,4.219532751,0.007580118134,0.007580118215,0.6001292455,0.2002698647,0,0.5996172631,0.5992006847,0.5979359003,0.5994830179,0.5989205413,0.5972141772
11.6,4.225217713,4.223818689,4.219566822,4.225217713,4.223818689,4.219566822,0.007539496074,0.007539496166,0.6001279595,0.2002678619,0,0.5996210721,0.5992066189,0.5979460081,0.5994881619,0.5989285522,0.5972278056
11.62,4.225230445,4.223838585,4.219600781,4.225230445,4.223838585,4.219600781,0.007499055892,0.007499055993,0.6001266863,0.2002658723,0,0.5996248432,0.5992125142,0.5979560824,0.5994932548,0.5989365107,0.5972413891
11.64,4.225243051,4.22385835,4.219634627,4.225243051,4.22385835,4.219634627,0.007458797005,0.007458797111,0.6001254257,0.2002638958,0,0.5996285767,0.5992183707,0.5979661232,0.599498297,0.5989444168,0.5972549276
11.66,4.225255531,4.223877985,4.21966836,4.225255531,4.223877986,4.21966836,0.007418718829,0.007418718938,0.6001241777,0.2002619323,0,0.5996322731,0.5992241886,0.5979761304,0.599503289,0.5989522709,0.5972684209
11.68,4.225267887,4.223897491,4.219701981,4.225267887,4.223897491,4.219701981,0.007378820782,0.007378820892,0.6001229421,0.2002599817,0,0.5996359327,0.5992299681,0.5979861041,0.5995082314,0.5989600732,0.5972818691
11.7,4.22528012,4.223916868,4.219735489,4.225280119,4.223916868,4.219735488,0.007339102284,0.007339102391,0.6001217189,0.200258044,0,0.5996395559,0.5992357094,0.5979960442,0.5995131246,0.598967824,0.5972952722
11.72,4.225292231,4.223936117,4.219768883,4.225292231,4.223936117,4.219768883,0.007299562757,0.007299562858,0.6001205077,0.2002561191,0,0.599643143,0.5992414127,0.5980059506,0.5995179691,0.5989755235,0.59730863
11.74,4.225304222,4.223955238,4.219802164,4.225304221,4.223955238,4.219802164,0.007260201622,0.007260201714,0.6001193087,0.200254207,0,0.5996466944,0.5992470782,0.5980158234,0.5995227654,0.598983172,0.5973219424
11.76,4.225316093,4.223974232,4.219835332,4.225316093,4.223974232,4.219835332,0.007221018303,0.007221018384,0.6001181215,0.2002523076,0,0.5996502104,0.599252706,0.5980256624,0.5995275139,0.5989907696,0.5973352096
11.78,4.225327846,4.2239931,4.219868387,4.225327846,4.2239931,4.219868386,0.007182012224,0.007182012291,0.6001169462,0.2002504208,0,0.5996536914,0.5992582964,0.5980354677,0.5995322152,0.5989983168,0.5973484314
11.8,4.225339483,4.224011842,4.219901327,4.225339482,4.224011842,4.219901327,0.007143182811,0.007143182863,0.6001157826,0.2002485466,0,0.5996571378,0.5992638495,0.5980452392,0.5995368698,0.5990058137,0.5973616077
11.82,4.225351003,4.22403046,4.219934155,4.225351003,4.22403046,4.219934155,0.007104529491,0.007104529526,0.6001146305,0.2002466849,0,0.5996605499,0.5992693655,0.5980549769,0.599541478,0.5990132606,0.5973747386
11.84,4.225362409,4.224048952,4.219966868,4.225362409,4.224048952,4.219966868,0.007066051691,0.00706605171,0.6001134899,0.2002448356,0,0.5996639281,0.5992748447,0.5980646808,0.5995460404,0.5990206577,0.5973878241
11.86,4.225373701,4.224067321,4.219999468,4.225373701,4.224067321,4.219999468,0.007027748839,0.007027748845,0.6001123607,0.2002429987,0,0.5996672726,0.5992802871,0.5980743508,0.5995505573,0.5990280053,0.597400864
11.88,4.225384881,4.224085567,4.220031954,4.225384881,4.224085567,4.220031954,0.006989620365,0.00698962036,0.6001112427,0.2002411741,0,0.5996705838,0.599285693,0.598083987,0.5995550294,0.5990353036,0.5974138583
11.9,4.22539595,4.224103691,4.220064326,4.22539595,4.22410369,4.220064326,0.006951665698,0.00695166569,0.6001101358,0.2002393618,0,0.599673862,0.5992910626,0.5980935893,0.5995594569,0.599042553,0.5974268071
11.92,4.225406909,4.224121692,4.220096584,4.225406909,4.224121692,4.220096584,0.006913884274,0.006913884266,0.6001090399,0.2002375616,0,0.5996771077,0.599296396,0.5981031577,0.5995638404,0.5990497535,0.5974397102
11.94,4.225417759,4.224139572,4.220128727,4.225417759,4.224139572,4.220128727,0.006876275533,0.006876275524,0.6001079549,0.2002357736,0,0.599680321,0.5993016935,0.5981126921,0.5995681802,0.5990569056,0.5974525677
11.96,4.2254285,4.224157332,4.220160757,4.2254285,4.224157332,4.220160757,0.006838838908,0.006838838899,0.6001068808,0.2002339976,0,0.5996835023,0.5993069552,0.5981221926,0.5995724769,0.5990640094,0.5974653796
11.98,4.225439135,4.224174971,4.220192673,4.225439135,4.224174971,4.220192673,0.006801573837,0.006801573827,0.6001058173,0.2002322337,0,0.599686652,0.5993121814,0.5981316592,0.5995767308,0.5990710653,0.5974781458
12,4.225449664,4.224192491,4.220224474,4.225449664,4.224192491,4.220224474,0.006764479756,0.006764479747,0.6001047644,0.2002304817,0,0.5996897704,0.5993173722,0.5981410917,0.5995809424,0.5990780733,0.5974908663
12.02,4.225460088,4.224209893,4.220256161,4.225460088,4.224209893,4.220256161,0.006727556105,0.006727556096,0.600103722,0.2002287415,0,0.5996928576,0.5993225277,0.5981504903,0.5995851121,0.5990850339,0.5975035411
12.04,4.225470409,4.224227176,4.220287734,4.225470409,4.224227176,4.220287734,0.006690802323,0.006690802314,0.6001026899,0.2002270132,0,0.5996959142,0.5993276483,0.598159855,0.5995892403,0.5990919473,0.5975161702
12.06,4.225480627,4.224244342,4.220319192,4.225480627,4.224244342,4.220319192,0.00665421785,0.006654217842,0.6001016681,0.2002252966,0,0.5996989404,0.599332734,0.5981691856,0.5995933274,0.5990988136,0.5975287536
12.08,4.225490743,4.224261391,4.220350536,4.225490743,4.224261391,4.220350536,0.006617802129,0.006617802121,0.6001006565,0.2002235917,0,0.5997019364,0.599337785,0.5981784822,0.5995973739,0.5991056332,0.5975412912
12.1,4.225500758,4.224278324,4.220381766,4.225500758,4.224278324,4.220381766,0.006581554601,0.006581554594,0.600099655,0.2002218984,0,0.5997049026,0.5993428016,0.5981877448,0.5996013801,0.5991124064,0.597553783
12.12,4.225510674,4.224295141,4.220412881,4.225510674,4.224295141,4.220412881,0.006545474711,0.006545474704,0.6000986634,0.2002202167,0,0.5997078393,0.599347784,0.5981969734,0.5996053464,0.5991191333,0.5975662291
12.14,4.225520491,4.224311843,4.220443882,4.225520491,4.224311843,4.220443882,0.006509561902,0.006509561896,0.6000976817,0.2002185465,0,0.5997107467,0.5993527322,0.598206168,0.5996092733,0.5991258141,0.5975786295
12.16,4.225530211,4.224328431,4.220474768,4.225530211,4.224328431,4.220474768,0.00647381562,0.006473815615,0.6000967097,0.2002168877,0,0.5997136252,0.5993576466,0.5982153286,0.5996131611,0.5991324493,0.5975909841
12.18,4.225539834,4.224344906,4.22050554,4.225539834,4.224344905,4.22050554,0.006438235311,0.006438235306,0.6000957474,0.2002152403,0,0.5997164751,0.5993625272,0.5982244552,0.5996170102,0.599139039,0.5976032929
12.2,4.225549361,4.224361267,4.220536198,4.225549361,4.224361267,4.220536198,0.006402820422,0.006402820418,0.6000947947,0.2002136042,0,0.5997192966,0.5993673743,0.5982335478,0.599620821,0.5991455834,0.597615556
12.22,4.225558793,4.224377515,4.220566742,4.225558793,4.224377515,4.220566742,0.006367570401,0.006367570397,0.6000938515,0.2002119793,0,0.59972209,0.599372188,0.5982426063,0.5996245939,0.5991520828,0.5976277734
12.24,4.225568131,4.224393652,4.220597171,4.225568131,4.224393652,4.220597171,0.006332484697,0.006332484692,0.6000929177,0.2002103656,0,0.5997248556,0.5993769686,0.5982516309,0.5996283293,0.5991585375,0.597639945
12.26,4.225577377,4.224409677,4.220627485,4.225577377,4.224409677,4.220627485,0.006297562759,0.006297562753,0.6000919931,0.2002087631,0,0.5997275937,0.5993817162,0.5982606215,0.5996320275,0.5991649476,0.5976520709
12.28,4.22558653,4.224425592,4.220657686,4.22558653,4.224425592,4.220657686,0.006262804038,0.00626280403,0.6000910778,0.2002071716,0,0.5997303046,0.599386431,0.5982695782,0.5996356888,0.5991713136,0.597664151
12.3,4.225595593,4.224441397,4.220687772,4.225595593,4.224441397,4.220687772,0.006228207985,0.006228207975,0.6000901716,0.2002055911,0,0.5997329884,0.5993911132,0.5982785008,0.5996393138,0.5991776355,0.5976761855
12.32,4.225604565,4.224457092,4.220717744,4.225604565,4.224457092,4.220717744,0.006193774051,0.006193774038,0.6000892743,0.2002040216,0,0.5997356456,0.599395763,0.5982873895,0.5996429027,0.5991839136,0.5976881742
12.34,4.225613448,4.224472679,4.220747601,4.225613448,4.224472679,4.220747601,0.00615950169,0.006159501674,0.600088386,0.2002024629,0,0.5997382763,0.5994003805,0.5982962443,0.5996464559,0.5991901482,0.5977001173
12.36,4.225622242,4.224488157,4.220777345,4.225622242,4.224488157,4.220777345,0.006125390355,0.006125390335,0.6000875066,0.2002009151,0,0.5997408808,0.5994049659,0.5983050651,0.5996499737,0.5991963396,0.5977120147
12.38,4.225630949,4.224503528,4.220806974,4.225630949,4.224503528,4.220806974,0.0060914395,0.006091439476,0.6000866359,0.200199378,0,0.5997434594,0.5994095195,0.5983138521,0.5996534565,0.5992024879,0.5977238665
12.4,4.22563957,4.224518792,4.22083649,4.22563957,4.224518792,4.22083649,0.00605764858,0.006057648552,0.6000857738,0.2001978516,0,0.5997460123,0.5994140413,0.5983226051,0.5996569047,0.5992085935,0.5977356727
12.42,4.225648104,4.224533949,4.220865891,4.225648104,4.224533949,4.220865891,0.006024017051,0.006024017018,0.6000849204,0.2001963359,0,0.5997485399,0.5994185316,0.5983313243,0.5996603185,0.5992146565,0.5977474332
12.44,4.225656554,4.224549001,4.220895179,4.225656554,4.224549001,4.220895179,0.005990544369,0.005990544332,0.6000840754,0.2001948307,0,0.5997510422,0.5994229906,0.5983400096,0.5996636984,0.5992206772,0.5977591482
12.46,4.22566492,4.224563948,4.220924352,4.22566492,4.224563948,4.220924352,0.005957229992,0.005957229949,0.6000832388,0.2001933361,0,0.5997535197,0.5994274184,0.598348661,0.5996670447,0.5992266558,0.5977708177
12.48,4.225673202,4.22457879,4.220953412,4.225673202,4.22457879,4.220953412,0.005924073377,0.00592407333,0.6000824106,0.2001918518,0,0.5997559725,0.5994318152,0.5983572787,0.5996703576,0.5992325926,0.5977824416
12.5,4.225681402,4.224593528,4.220982358,4.225681402,4.224593528,4.220982358,0.005891073984,0.005891073931,0.6000815906,0.200190378,0,0.5997584009,0.5994361812,0.5983658625,0.5996736376,0.5992384878,0.5977940201
12.52,4.225689521,4.224608162,4.221011191,4.225689521,4.224608162,4.221011191,0.005858231271,0.005858231214,0.6000807788,0.2001889146,0,0.5997608051,0.5994405165,0.5983744126,0.599676885,0.5992443417,0.5978055531
12.54,4.225697558,4.224622694,4.22103991,4.225697558,4.224622694,4.22103991,0.005825544698,0.005825544637,0.600079975,0.2001874614,0,0.5997631854,0.5994448214,0.598382929,0.5996801,0.5992501545,0.5978170407
12.56,4.225705516,4.224637124,4.221068516,4.225705516,4.224637124,4.221068516,0.005793013727,0.005793013662,0.6000791792,0.2001860184,0,0.599765542,0.5994490961,0.5983914116,0.5996832831,0.5992559265,0.597828483
12.58,4.225713394,4.224651453,4.221097008,4.225713394,4.224651452,4.221097008,0.005760637819,0.005760637751,0.6000783914,0.2001845856,0,0.5997678752,0.5994533406,0.5983998606,0.5996864345,0.5992616578,0.5978398798
12.6,4.225721194,4.22466568,4.221125387,4.225721194,4.22466568,4.221125387,0.005728416436,0.005728416365,0.6000776114,0.2001831628,0,0.5997701851,0.5994575552,0.5984082759,0.5996895545,0.5992673487,0.5978512314
12.62,4.225728917,4.224679807,4.221153652,4.225728917,4.224679807,4.221153653,0.005696349041,0.005696348969,0.6000768391,0.2001817501,0,0.5997724721,0.59946174,0.5984166576,0.5996926435,0.5992729995,0.5978625377
12.64,4.225736562,4.224693834,4.221181805,4.225736562,4.224693834,4.221181805,0.005664435098,0.005664435025,0.6000760746,0.2001803474,0,0.5997747363,0.5994658953,0.5984250057,0.5996957017,0.5992786103,0.5978737988
12.66,4.225744132,4.224707762,4.221209845,4.225744132,4.224707762,4.221209845,0.005632674071,0.005632673998,0.6000753176,0.2001789546,0,0.5997769779,0.5994700211,0.5984333202,0.5996987295,0.5992841815,0.5978850147
12.68,4.225751626,4.224721591,4.221237772,4.225751626,4.224721591,4.221237772,0.005601065425,0.005601065353,0.6000745682,0.2001775717,0,0.5997791973,0.5994741177,0.5984416012,0.5997017272,0.5992897132,0.5978961855
12.7,4.225759046,4.224735322,4.221265586,4.225759046,4.224735322,4.221265586,0.005569608626,0.005569608556,0.6000738262,0.2001761986,0,0.5997813945,0.5994781853,0.5984498487,0.5997046951,0.5992952057,0.5979073112
12.72,4.225766392,4.224748956,4.221293288,4.225766392,4.224748956,4.221293288,0.005538303141,0.005538303074,0.6000730916,0.2001748352,0,0.5997835699,0.599482224,0.5984580628,0.5997076334,0.5993006593,0.5979183918
12.74,4.225773664,4.224762493,4.221320877,4.225773664,4.224762493,4.221320877,0.005507148436,0.005507148374,0.6000723644,0.2001734815,0,0.5997857236,0.599486234,0.5984662434,0.5997105425,0.599306074,0.5979294275
12.76,4.225780865,4.224775934,4.221348354,4.225780865,4.224775934,4.221348354,0.005476143979,0.005476143923,0.6000716443,0.2001721374,0,0.5997878559,0.5994902154,0.5984743907,0.5997134227,0.5993114503,0.5979404182
12.78,4.225787994,4.224789279,4.221375718,4.225787994,4.224789279,4.221375718,0.00544528924,0.005445289191,0.6000709315,0.2001708029,0,0.599789967,0.5994941685,0.5984825046,0.5997162742,0.5993167883,0.597951364
12.8,4.225795051,4.224802529,4.221402971,4.225795051,4.224802529,4.221402971,0.005414583687,0.005414583645,0.6000702257,0.200169478,0,0.5997920571,0.5994980933,0.5984905852,0.5997190973,0.5993220882,0.597962265
12.82,4.225802039,4.224815684,4.221430111,4.225802039,4.224815684,4.221430111,0.00538402679,0.005384026758,0.6000695269,0.2001681624,0,0.5997941264,0.5995019902,0.5984986326,0.5997218923,0.5993273503,0.5979731212
12.84,4.225808957,4.224828745,4.22145714,4.225808957,4.224828745,4.22145714,0.005353618021,0.005353617998,0.6000688351,0.2001668563,0,0.5997961751,0.5995058592,0.5985066467,0.5997246595,0.5993325748,0.5979839327
12.86,4.225815806,4.224841713,4.221484057,4.225815806,4.224841713,4.221484057,0.00532335685,0.005323356838,0.6000681502,0.2001655595,0,0.5997982033,0.5995097004,0.5985146277,0.5997273992,0.5993377619,0.5979946995
12.88,4.225822587,4.224854588,4.221510862,4.225822587,4.224854588,4.221510862,0.00529324275,0.005293242748,0.6000674721,0.200164272,0,0.5998002115,0.5995135142,0.5985225756,0.5997301117,0.5993429118,0.5980054217
12.9,4.225829301,4.22486737,4.221537557,4.225829301,4.22486737,4.221537557,0.005263275193,0.005263275203,0.6000668007,0.2001629938,0,0.5998021996,0.5995173006,0.5985304904,0.5997327971,0.5993480249,0.5980160994
12.92,4.225835948,4.224880061,4.22156414,4.225835948,4.224880061,4.22156414,0.005233453654,0.005233453675,0.600066136,0.2001617247,0,0.5998041679,0.5995210598,0.5985383721,0.5997354558,0.5993531012,0.5980267326
12.94,4.225842528,4.224892661,4.221590611,4.225842528,4.224892661,4.221590611,0.005203777606,0.005203777639,0.600065478,0.2001604647,0,0.5998061167,0.599524792,0.5985462208,0.5997380881,0.5993581411,0.5980373213
12.96,4.225849043,4.22490517,4.221616972,4.225849043,4.22490517,4.221616972,0.005174246524,0.005174246568,0.6000648265,0.2001592138,0,0.599808046,0.5995284974,0.5985540367,0.5997406942,0.5993631448,0.5980478657
12.98,4.225855494,4.224917589,4.221643223,4.225855494,4.224917589,4.221643223,0.005144859884,0.005144859939,0.6000641814,0.2001579719,0,0.5998099562,0.599532176,0.5985618196,0.5997432743,0.5993681124,0.5980583658
13,4.22586188,4.224929918,4.221669362,4.22586188,4.224929919,4.221669362,0.005115617162,0.005115617228,0.6000635428,0.200156739,0,0.5998118473,0.5995358281,0.5985695697,0.5997458288,0.5993730442,0.5980688217
13.02,4.225868203,4.224942159,4.221695392,4.225868203,4.224942159,4.221695392,0.005086517836,0.005086517911,0.6000629105,0.2001555149,0,0.5998137196,0.5995394539,0.598577287,0.5997483578,0.5993779404,0.5980792334
13.04,4.225874462,4.224954311,4.221721311,4.225874462,4.224954311,4.221721311,0.005057561382,0.005057561466,0.6000622846,0.2001542997,0,0.5998155733,0.5995430535,0.5985849715,0.5997508617,0.5993828012,0.5980896011
13.06,4.22588066,4.224966375,4.22174712,4.22588066,4.224966376,4.22174712,0.00502874728,0.00502874737,0.6000616648,0.2001530933,0,0.5998174086,0.599546627,0.5985926234,0.5997533407,0.5993876269,0.5980999247
13.08,4.225886796,4.224978352,4.221772819,4.225886795,4.224978353,4.221772819,0.005000075009,0.005000075104,0.6000610513,0.2001518956,0,0.5998192255,0.5995501746,0.5986002426,0.599755795,0.5993924177,0.5981102043
13.1,4.22589287,4.224990243,4.221798408,4.22589287,4.224990243,4.221798408,0.004971544048,0.004971544146,0.6000604438,0.2001507066,0,0.5998210244,0.5995536966,0.5986078293,0.5997582248,0.5993971738,0.5981204401
13.12,4.225898884,4.225002047,4.221823888,4.225898884,4.225002047,4.221823888,0.004943153877,0.004943153976,0.6000598424,0.2001495262,0,0.5998228054,0.5995571929,0.5986153834,0.5997606306,0.5994018954,0.5981306321
13.14,4.225904839,4.225013765,4.221849259,4.225904839,4.225013765,4.221849259,0.004914903978,0.004914904077,0.6000592469,0.2001483543,0,0.5998245687,0.5995606639,0.5986229051,0.5997630123,0.5994065827,0.5981407804
13.16,4.225910734,4.225025398,4.22187452,4.225910734,4.225025398,4.22187452,0.004886793833,0.004886793928,0.6000586574,0.200147191,0,0.5998263144,0.5995641097,0.5986303944,0.5997653704,0.5994112359,0.598150885
13.18,4.225916571,4.225036946,4.221899673,4.22591657,4.225036947,4.221899673,0.004858822924,0.004858823013,0.6000580738,0.2001460362,0,0.5998280427,0.5995675303,0.5986378513,0.599767705,0.5994158553,0.598160946
13.2,4.225922349,4.225048411,4.221924717,4.225922349,4.225048411,4.221924717,0.004830990733,0.004830990815,0.6000574959,0.2001448897,0,0.5998297539,0.5995709261,0.598645276,0.5997700164,0.5994204411,0.5981709635
13.22,4.22592807,4.225059792,4.221949652,4.22592807,4.225059792,4.221949652,0.004803296745,0.004803296818,0.6000569238,0.2001437516,0,0.599831448,0.5995742971,0.5986526684,0.5997723047,0.5994249934,0.5981809376
13.24,4.225933734,4.225071089,4.221974479,4.225933734,4.22507109,4.221974479,0.004775740444,0.004775740505,0.6000563574,0.2001426219,0,0.5998331252,0.5995776435,0.5986600286,0.5997745703,0.5994295125,0.5981908684
13.26,4.225939342,4.225082305,4.221999198,4.225939342,4.225082305,4.221999198,0.004748321314,0.004748321363,0.6000557967,0.2001415003,0,0.5998347858,0.5995809654,0.5986673567,0.5997768134,0.5994339987,0.598200756
13.28,4.225944893,4.225093438,4.222023809,4.225944893,4.225093438,4.222023809,0.004721038841,0.004721038878,0.6000552415,0.200140387,0,0.5998364298,0.5995842631,0.5986746528,0.5997790341,0.599438452,0.5982106003
13.3,4.22595039,4.22510449,4.222048312,4.22595039,4.22510449,4.222048312,0.004693892512,0.004693892535,0.6000546918,0.2001392818,0,0.5998380575,0.5995875366,0.5986819169,0.5997812328,0.5994428727,0.5982204016
13.32,4.225955832,4.225115461,4.222072708,4.225955832,4.225115461,4.222072708,0.004666881811,0.004666881823,0.6000541476,0.2001381847,0,0.599839669,0.5995907861,0.5986891491,0.5997834095,0.5994472611,0.5982301599
13.34,4.22596122,4.225126351,4.222096996,4.22596122,4.225126351,4.222096996,0.004640006228,0.004640006229,0.6000536088,0.2001370957,0,0.5998412644,0.5995940118,0.5986963494,0.5997855646,0.5994516173,0.5982398752
13.36,4.225966554,4.225137162,4.222121178,4.225966554,4.225137162,4.222121178,0.004613265248,0.004613265243,0.6000530754,0.2001360146,0,0.599842844,0.5995972138,0.5987035179,0.5997876983,0.5994559415,0.5982495478
13.38,4.225971835,4.225147893,4.222145252,4.225971835,4.225147893,4.222145252,0.004586658361,0.004586658354,0.6000525473,0.2001349415,0,0.5998444078,0.5996003923,0.5987106547,0.5997898107,0.599460234,0.5982591776
13.4,4.225977064,4.225158545,4.22216922,4.225977064,4.225158545,4.22216922,0.00456018506,0.004560185053,0.6000520245,0.2001338763,0,0.5998459561,0.5996035474,0.5987177598,0.5997919022,0.5994644949,0.5982687647
13.42,4.22598224,4.225169119,4.222193081,4.22598224,4.225169119,4.222193081,0.004533844838,0.00453384483,0.6000515068,0.2001328189,0,0.599847489,0.5996066793,0.5987248334,0.5997939728,0.5994687245,0.5982783093
13.44,4.225987365,4.225179615,4.222216837,4.225987365,4.225179615,4.222216837,0.004507637186,0.004507637178,0.6000509943,0.2001317693,0,0.5998490066,0.5996097881,0.5987318754,0.5997960228,0.5994729229,0.5982878114
13.46,4.225992439,4.225190034,4.222240486,4.225992439,4.225190034,4.222240486,0.004481561597,0.00448156159,0.6000504869,0.2001307274,0,0.5998505091,0.599612874,0.598738886,0.5997980524,0.5994770903,0.5982972711
13.48,4.225997463,4.225200376,4.222264029,4.225997463,4.225200376,4.222264029,0.004455617566,0.004455617558,0.6000499846,0.2001296932,0,0.5998519967,0.599615937,0.5987458651,0.5998000618,0.599481227,0.5983066885
13.5,4.226002436,4.225210641,4.222287467,4.226002436,4.225210641,4.222287467,0.004429804585,0.004429804578,0.6000494872,0.2001286667,0,0.5998534695,0.5996189775,0.598752813,0.5998020512,0.5994853332,0.5983160637
13.52,4.22600736,4.225220831,4.2223108,4.22600736,4.225220831,4.2223108,0.00440412215,0.004404122143,0.6000489948,0.2001276478,0,0.5998549276,0.5996219955,0.5987597296,0.5998040208,0.599489409,0.5983253969
13.54,4.226012235,4.225230945,4.222334028,4.226012235,4.225230945,4.222334028,0.004378569758,0.00437856975,0.6000485073,0.2001266363,0,0.5998563712,0.5996249911,0.598766615,0.5998059709,0.5994934546,0.598334688
13.56,4.226017062,4.225240984,4.222357151,4.226017062,4.225240984,4.222357151,0.004353146903,0.004353146896,0.6000480246,0.2001256324,0,0.5998578004,0.5996279646,0.5987734693,0.5998079015,0.5994974703,0.5983439372
13.58,4.22602184,4.225250949,4.222380169,4.22602184,4.225250949,4.222380169,0.004327853084,0.004327853078,0.6000475468,0.2001246359,0,0.5998592154,0.599630916,0.5987802926,0.5998098129,0.5995014562,0.5983531445
13.6,4.226026571,4.22526084,4.222403084,4.226026571,4.22526084,4.222403084,0.004302687799,0.004302687793,0.6000470737,0.2001236469,0,0.5998606163,0.5996338455,0.5987870849,0.5998117053,0.5995054126,0.5983623102
13.62,4.226031255,4.225270657,4.222425894,4.226031255,4.225270657,4.222425894,0.004277650548,0.004277650542,0.6000466053,0.2001226651,0,0.5998620033,0.5996367532,0.5987938463,0.5998135789,0.5995093396,0.5983714342
13.64,4.226035893,4.225280401,4.2224486,4.226035893,4.225280401,4.2224486,0.004252740828,0.004252740823,0.6000461416,0.2001216907,0,0.5998633765,0.5996396394,0.5988005769,0.5998154338,0.5995132374,0.5983805167
13.66,4.226040484,4.225290074,4.222471203,4.226040484,4.225290074,4.222471203,0.004227958142,0.004227958138,0.6000456824,0.2001207235,0,0.599864736,0.599642504,0.5988072768,0.5998172702,0.5995171062,0.5983895578
13.68,4.226045029,4.225299674,4.222493702,4.226045029,4.225299674,4.222493702,0.004203301991,0.004203301987,0.6000452279,0.2001197635,0,0.599866082,0.5996453473,0.598813946,0.5998190884,0.5995209462,0.5983985575
13.7,4.226049529,4.225309202,4.222516098,4.226049529,4.225309202,4.222516098,0.004178771877,0.004178771873,0.6000447779,0.2001188106,0,0.5998674146,0.5996481695,0.5988205846,0.5998208885,0.5995247576,0.598407516
13.72,4.226053985,4.22531866,4.222538392,4.226053985,4.22531866,4.222538392,0.004154367303,0.004154367299,0.6000443323,0.2001178649,0,0.5998687339,0.5996509706,0.5988271927,0.5998226707,0.5995285406,0.5984164334
13.74,4.226058396,4.225328046,4.222560583,4.226058396,4.225328046,4.222560583,0.004130087774,0.004130087769,0.6000438912,0.2001169262,0,0.5998700401,0.5996537507,0.5988337703,0.5998244352,0.5995322953,0.5984253098
13.76,4.226062763,4.225337363,4.222582671,4.226062763,4.225337363,4.222582671,0.004105932792,0.004105932788,0.6000434545,0.2001159945,0,0.5998713333,0.5996565101,0.5988403176,0.5998261821,0.599536022,0.5984341452
13.78,4.226067087,4.22534661,4.222604658,4.226067087,4.22534661,4.222604658,0.004081901866,0.004081901861,0.6000430221,0.2001150698,0,0.5998726136,0.5996592489,0.5988468345,0.5998279116,0.5995397209,0.5984429398
13.8,4.226071368,4.225355788,4.222626542,4.226071368,4.225355788,4.222626542,0.0040579945,0.004057994494,0.600042594,0.200114152,0,0.5998738812,0.5996619672,0.5988533213,0.5998296239,0.5995433921,0.5984516937
13.82,4.226075606,4.225364898,4.222648326,4.226075606,4.225364897,4.222648326,0.004034210202,0.004034210196,0.6000421702,0.2001132411,0,0.5998751362,0.5996646651,0.598859778,0.5998313192,0.5995470358,0.598460407
13.84,4.226079802,4.225373938,4.222670008,4.226079802,4.225373938,4.222670008,0.00401054848,0.004010548473,0.6000417506,0.200112337,0,0.5998763787,0.5996673428,0.5988662045,0.5998329976,0.5995506522,0.5984690798
13.86,4.226083956,4.225382912,4.222691589,4.226083956,4.225382912,4.222691589,0.003987008844,0.003987008836,0.6000413352,0.2001114396,0,0.5998776088,0.5996700004,0.5988726012,0.5998346593,0.5995542414,0.5984777122
13.88,4.226088069,4.225391817,4.222713069,4.226088069,4.225391817,4.222713069,0.003963590803,0.003963590793,0.6000409239,0.2001105491,0,0.5998788267,0.599672638,0.5988789679,0.5998363044,0.5995578038,0.5984863043
13.9,4.226092141,4.225400656,4.222734449,4.226092141,4.225400656,4.222734449,0.003940293868,0.003940293856,0.6000405167,0.2001096652,0,0.5998800325,0.5996752558,0.5988853048,0.5998379332,0.5995613393,0.5984948563
13.92,4.226096173,4.225409429,4.222755728,4.226096173,4.225409429,4.222755728,0.00391711755,0.003917117537,0.6000401135,0.2001087879,0,0.5998812262,0.599677854,0.5988916119,0.5998395458,0.5995648483,0.5985033681
13.94,4.226100164,4.225418135,4.222776908,4.226100164,4.225418135,4.222776908,0.003894061362,0.003894061347,0.6000397144,0.2001079173,0,0.5998824081,0.5996804326,0.5988978894,0.5998411424,0.5995683309,0.59851184
13.96,4.226104116,4.225426776,4.222797988,4.226104116,4.225426776,4.222797988,0.003871124818,0.003871124801,0.6000393192,0.2001070532,0,0.5998835782,0.5996829917,0.5989041374,0.599842723,0.5995717873,0.598520272
13.98,4.226108028,4.225435352,4.222818969,4.226108028,4.225435352,4.222818969,0.003848307431,0.003848307412,0.600038928,0.2001061956,0,0.5998847367,0.5996855316,0.5989103558,0.599844288,0.5995752176,0.5985286642
14,4.226111901,4.225443863,4.22283985,4.226111901,4.225443863,4.22283985,0.003825608718,0.003825608697,0.6000385407,0.2001053445,0,0.5998858837,0.5996880523,0.5989165449,0.5998458373,0.5995786221,0.5985370169
14.02,4.226115736,4.22545231,4.222860633,4.226115736,4.22545231,4.222860633,0.003803028193,0.00380302817,0.6000381572,0.2001044998,0,0.5998870192,0.599690554,0.5989227046,0.5998473713,0.5995820008,0.59854533
14.04,4.226119533,4.225460693,4.222881317,4.226119533,4.225460693,4.222881317,0.003780565374,0.003780565349,0.6000377775,0.2001036615,0,0.5998881434,0.5996930368,0.598928835,0.5998488899,0.5995853541,0.5985536036
14.06,4.226123292,4.225469013,4.222901903,4.226123292,4.225469013,4.222901903,0.00375821978,0.003758219752,0.6000374016,0.2001028295,0,0.5998892565,0.5996955008,0.5989349363,0.5998503935,0.599588682,0.598561838
14.08,4.226127013,4.22547727,4.222922391,4.226127013,4.22547727,4.222922391,0.003735990928,0.003735990898,0.6000370295,0.2001020038,0,0.5998903585,0.5996979462,0.5989410085,0.5998518821,0.5995919847,0.5985700332
14.1,4.226130698,4.225485464,4.222942781,4.226130698,4.225485464,4.222942781,0.003713878339,0.003713878307,0.600036661,0.2001011844,0,0.5998914495,0.599700373,0.5989470518,0.5998533559,0.5995952624,0.5985781893
14.12,4.226134346,4.225493596,4.222963074,4.226134346,4.225493596,4.222963074,0.003691881533,0.0036918815,0.6000362962,0.2001003712,0,0.5998925296,0.5997027815,0.5989530661,0.599854815,0.5995985153,0.5985863064
14.14,4.226137957,4.225501667,4.22298327,4.226137957,4.225501667,4.22298327,0.003670000033,0.003669999998,0.6000359351,0.2000995641,0,0.599893599,0.5997051717,0.5989590516,0.5998562596,0.5996017435,0.5985943846
14.16,4.226141533,4.225509676,4.223003368,4.226141533,4.225509676,4.223003369,0.00364823336,0.003648233323,0.6000355775,0.2000987632,0,0.5998946578,0.5997075437,0.5989650083,0.5998576899,0.5996049473,0.5986024242
14.18,4.226145073,4.225517625,4.223023371,4.226145073,4.225517625,4.223023371,0.003626581038,0.003626581,0.6000352235,0.2000979683,0,0.599895706,0.5997098978,0.5989709364,0.5998591059,0.5996081267,0.598610425
14.2,4.226148578,4.225525513,4.223043277,4.226148578,4.225525513,4.223043277,0.003605042592,0.003605042554,0.600034873,0.2000971795,0,0.5998967438,0.5997122339,0.598976836,0.5998605078,0.5996112819,0.5986183874
14.22,4.226152048,4.225533341,4.223063087,4.226152048,4.225533341,4.223063087,0.003583617548,0.003583617509,0.6000345261,0.2000963967,0,0.5998977713,0.5997145523,0.598982707,0.5998618958,0.5996144132,0.5986263114
14.24,4.226155483,4.22554111,4.223082801,4.226155483,4.225541109,4.223082801,0.003562305431,0.003562305392,0.6000341825,0.2000956198,0,0.5998987885,0.599716853,0.5989885497,0.5998632699,0.5996175206,0.5986341971
14.26,4.226158884,4.225548819,4.22310242,4.226158884,4.225548819,4.22310242,0.00354110577,0.003541105731,0.6000338424,0.2000948489,0,0.5998997956,0.5997191362,0.598994364,0.5998646304,0.5996206044,0.5986420446
14.28,4.226162252,4.22555647,4.223121943,4.226162252,4.22555647,4.223121943,0.003520018093,0.003520018054,0.6000335057,0.2000940838,0,0.5999007927,0.599721402,0.5990001501,0.5998659774,0.5996236646,0.5986498541
14.3,4.226165585,4.225564062,4.223141372,4.226165586,4.225564062,4.223141372,0.003499041928,0.003499041891,0.6000331723,0.2000933246,0,0.5999017799,0.5997236505,0.5990059081,0.5998673109,0.5996267016,0.5986576256
14.32,4.226168886,4.225571596,4.223160706,4.226168886,4.225571596,4.223160706,0.003478176808,0.003478176772,0.6000328422,0.2000925712,0,0.5999027573,0.5997258819,0.599011638,0.5998686312,0.5996297153,0.5986653593
14.34,4.226172154,4.225579073,4.223179946,4.226172154,4.225579073,4.223179947,0.003457422262,0.003457422228,0.6000325154,0.2000918235,0,0.5999037249,0.5997280962,0.5990173399,0.5998699384,0.599632706,0.5986730553
14.36,4.226175389,4.225586493,4.223199093,4.226175389,4.225586493,4.223199093,0.003436777824,0.003436777792,0.6000321919,0.2000910815,0,0.5999046829,0.5997302935,0.599023014,0.5998712325,0.5996356739,0.5986807138
14.38,4.226178592,4.225593856,4.223218145,4.226178593,4.225593856,4.223218145,0.003416243027,0.003416242998,0.6000318716,0.2000903452,0,0.5999056314,0.5997324741,0.5990286603,0.5998725137,0.5996386191,0.5986883348
14.4,4.226181764,4.225601162,4.223237104,4.226181764,4.225601162,4.223237104,0.003395817406,0.003395817379,0.6000315544,0.2000896146,0,0.5999065704,0.5997346379,0.5990342789,0.5998737823,0.5996415417,0.5986959184
14.42,4.226184903,4.225608413,4.22325597,4.226184904,4.225608413,4.22325597,0.003375500495,0.003375500472,0.6000312405,0.2000888895,0,0.5999075001,0.5997367852,0.5990398699,0.5998750382,0.599644442,0.5987034648
14.44,4.226188012,4.225615608,4.223274743,4.226188012,4.225615608,4.223274743,0.003355291832,0.003355291813,0.6000309296,0.20008817,0,0.5999084205,0.5997389161,0.5990454333,0.5998762815,0.59964732,0.5987109741
14.46,4.22619109,4.225622748,4.223293424,4.22619109,4.225622748,4.223293424,0.003335190954,0.00333519094,0.6000306219,0.200087456,0,0.5999093318,0.5997410306,0.5990509693,0.5998775126,0.5996501759,0.5987184464
14.48,4.226194136,4.225629833,4.223312013,4.226194136,4.225629833,4.223312013,0.0033151974,0.00331519739,0.6000303172,0.2000867475,0,0.599910234,0.5997431288,0.599056478,0.5998787313,0.59965301,0.5987258818
14.5,4.226197153,4.225636864,4.223330509,4.226197153,4.225636864,4.223330509,0.003295310709,0.003295310704,0.6000300155,0.2000860444,0,0.5999111272,0.5997452109,0.5990619594,0.599879938,0.5996558223,0.5987332804
14.52,4.22620014,4.22564384,4.223348914,4.22620014,4.22564384,4.223348914,0.003275530423,0.003275530422,0.6000297168,0.2000853468,0,0.5999120115,0.5997472771,0.5990674137,0.5998811326,0.5996586129,0.5987406425
14.54,4.226203097,4.225650763,4.223367228,4.226203097,4.225650763,4.223367228,0.003255856082,0.003255856087,0.6000294212,0.2000846545,0,0.5999128871,0.5997493273,0.5990728409,0.5998823154,0.5996613821,0.598747968
14.56,4.226206024,4.225657633,4.223385451,4.226206024,4.225657633,4.223385451,0.00323628723,0.00323628724,0.6000291284,0.2000839675,0,0.5999137539,0.5997513618,0.599078241,0.5998834864,0.59966413,0.5987552572
14.58,4.226208922,4.22566445,4.223403583,4.226208922,4.22566445,4.223403583,0.003216823411,0.003216823425,0.6000288386,0.2000832858,0,0.5999146121,0.5997533806,0.5990836143,0.5998846457,0.5996668567,0.59876251
14.6,4.226211792,4.225671214,4.223421625,4.226211792,4.225671214,4.223421625,0.003197464169,0.003197464188,0.6000285516,0.2000826094,0,0.5999154618,0.5997553838,0.5990889608,0.5998857935,0.5996695625,0.5987697268
14.62,4.226214633,4.225677926,4.223439577,4.226214633,4.225677926,4.223439577,0.00317820905,0.003178209074,0.6000282675,0.2000819382,0,0.599916303,0.5997573716,0.5990942806,0.5998869299,0.5996722473,0.5987769075
14.64,4.226217446,4.225684587,4.223457439,4.226217445,4.225684587,4.223457439,0.003159057602,0.003159057631,0.6000279863,0.2000812721,0,0.5999171358,0.599759344,0.5990995737,0.599888055,0.5996749115,0.5987840522
14.66,4.22622023,4.225691196,4.223475211,4.22622023,4.225691196,4.223475211,0.003140009373,0.003140009406,0.6000277078,0.2000806112,0,0.5999179604,0.5997613012,0.5991048403,0.5998891688,0.599677555,0.5987911613
14.68,4.226222987,4.225697754,4.223492895,4.226222987,4.225697754,4.223492895,0.003121063912,0.003121063949,0.6000274321,0.2000799555,0,0.5999187767,0.5997632433,0.5991100804,0.5998902716,0.5996801782,0.5987982346
14.7,4.226225717,4.225704261,4.223510489,4.226225717,4.225704261,4.223510489,0.00310222077,0.00310222081,0.6000271591,0.2000793047,0,0.5999195849,0.5997651704,0.5991152942,0.5998913635,0.5996827811,0.5988052724
14.72,4.226228419,4.225710718,4.223527995,4.226228419,4.225710718,4.223527995,0.003083479497,0.003083479539,0.6000268889,0.200078659,0,0.5999203851,0.5997670825,0.5991204817,0.5998924444,0.5996853638,0.5988122748
14.74,4.226231095,4.225717125,4.223545413,4.226231094,4.225717125,4.223545413,0.003064839646,0.003064839691,0.6000266213,0.2000780184,0,0.5999211773,0.5997689799,0.5991256431,0.5998935146,0.5996879266,0.5988192419
14.76,4.226233743,4.225723482,4.223562743,4.226233743,4.225723482,4.223562742,0.003046300772,0.003046300818,0.6000263565,0.2000773826,0,0.5999219617,0.5997708625,0.5991307784,0.5998945742,0.5996904695,0.5988261738
14.78,4.226236366,4.22572979,4.223579985,4.226236366,4.22572979,4.223579985,0.003027862428,0.003027862474,0.6000260942,0.2000767518,0,0.5999227382,0.5997727306,0.5991358876,0.5998956232,0.5996929927,0.5988330706
14.8,4.226238962,4.225736049,4.22359714,4.226238962,4.225736049,4.223597139,0.00300952417,0.003009524216,0.6000258346,0.2000761259,0,0.599923507,0.5997745842,0.599140971,0.5998966617,0.5996954963,0.5988399326
14.82,4.226241533,4.225742259,4.223614207,4.226241533,4.22574226,4.223614207,0.002991285555,0.0029912856,0.6000255775,0.2000755049,0,0.5999242681,0.5997764234,0.5991460286,0.59989769,0.5996979805,0.5988467597
14.84,4.226244078,4.225748422,4.223631188,4.226244078,4.225748422,4.223631188,0.002973146142,0.002973146185,0.600025323,0.2000748886,0,0.5999250217,0.5997782483,0.5991510604,0.599898708,0.5997004454,0.5988535522
14.86,4.226246598,4.225754536,4.223648083,4.226246598,4.225754536,4.223648083,0.002955105489,0.002955105529,0.600025071,0.2000742772,0,0.5999257678,0.599780059,0.5991560667,0.5998997158,0.5997028912,0.59886031
14.88,4.226249092,4.225760603,4.223664892,4.226249092,4.225760603,4.223664892,0.002937163156,0.002937163193,0.6000248216,0.2000736705,0,0.5999265064,0.5997818557,0.5991610473,0.5999007137,0.599705318,0.5988670335
14.9,4.226251562,4.225766623,4.223681615,4.226251562,4.225766623,4.223681615,0.002919318706,0.002919318738,0.6000245746,0.2000730685,0,0.5999272377,0.5997836383,0.5991660026,0.5999017016,0.5997077259,0.5988737226
14.92,4.226254007,4.225772596,4.223698252,4.226254007,4.225772596,4.223698252,0.002901571699,0.002901571727,0.6000243301,0.2000724712,0,0.5999279617,0.5997854071,0.5991709325,0.5999026797,0.599710115,0.5988803776
14.94,4.226256428,4.225778522,4.223714804,4.226256428,4.225778522,4.223714804,0.0028839217,0.002883921722,0.600024088,0.2000718786,0,0.5999286785,0.5997871621,0.5991758371,0.599903648,0.5997124855,0.5988869985
14.96,4.226258825,4.225784402,4.223731272,4.226258825,4.225784402,4.223731272,0.002866368272,0.00286636829,0.6000238483,0.2000712906,0,0.5999293882,0.5997889035,0.5991807166,0.5999046067,0.5997148376,0.5988935854
14.98,4.226261198,4.225790236,4.223747654,4.226261198,4.225790236,4.223747654,0.002848910983,0.002848910995,0.600023611,0.2000707072,0,0.5999300908,0.5997906312,0.599185571,0.5999055559,0.5997171713,0.5989001385
15,4.226263547,4.225796025,4.223763953,4.226263547,4.225796025,4.223763953,0.002831549398,0.002831549404,0.6000233761,0.2000701283,0,0.5999307865,0.5997923455,0.5991904004,0.5999064956,0.5997194868,0.598906658
15.02,4.226265873,4.225801769,4.223780168,4.226265873,4.225801769,4.223780168,0.002814283086,0.002814283087,0.6000231435,0.2000695539,0,0.5999314752,0.5997940464,0.5991952049,0.599907426,0.5997217843,0.5989131438
15.04,4.226268176,4.225807467,4.223796299,4.226268176,4.225807467,4.223796299,0.002797111615,0.002797111612,0.6000229132,0.2000689841,0,0.599932157,0.599795734,0.5991999847,0.5999083471,0.5997240637,0.5989195962
15.06,4.226270456,4.225813122,4.223812346,4.226270456,4.225813122,4.223812346,0.002780034555,0.00278003455,0.6000226852,0.2000684186,0,0.5999328321,0.5997974084,0.5992047397,0.5999092591,0.5997263254,0.5989260153
15.08,4.226272713,4.225818732,4.223828311,4.226272713,4.225818732,4.223828311,0.002763051478,0.002763051472,0.6000224595,0.2000678577,0,0.5999335004,0.5997990697,0.5992094701,0.599910162,0.5997285694,0.5989324012
15.1,4.226274948,4.225824298,4.223844193,4.226274948,4.225824298,4.223844193,0.002746161957,0.002746161952,0.600022236,0.2000673011,0,0.5999341621,0.5998007179,0.599214176,0.5999110559,0.5997307958,0.5989387541
15.12,4.22627716,4.22582982,4.223859993,4.22627716,4.22582982,4.223859993,0.002729365567,0.002729365563,0.6000220148,0.2000667488,0,0.5999348173,0.5998023533,0.5992188575,0.5999119409,0.5997330048,0.598945074
15.14,4.226279351,4.225835299,4.223875711,4.226279351,4.225835299,4.223875711,0.002712661884,0.00271266188,0.6000217957,0.2000662009,0,0.5999354659,0.5998039759,0.5992235146,0.5999128171,0.5997351964,0.598951361
15.16,4.22628152,4.225840735,4.223891347,4.22628152,4.225840735,4.223891347,0.002696050483,0.00269605048,0.6000215789,0.2000656573,0,0.599936108,0.5998055857,0.5992281475,0.5999136846,0.5997373709,0.5989576154
15.18,4.226283667,4.225846129,4.223906901,4.226283667,4.225846129,4.223906901,0.002679530943,0.00267953094,0.6000213641,0.2000651179,0,0.5999367438,0.599807183,0.5992327562,0.5999145434,0.5997395284,0.5989638371
15.2,4.226285792,4.22585148,4.223922374,4.226285792,4.22585148,4.223922374,0.002663102842,0.002663102839,0.6000211516,0.2000645828,0,0.5999373732,0.5998087676,0.5992373409,0.5999153937,0.5997416689,0.5989700265
15.22,4.226287897,4.22585679,4.223937767,4.226287897,4.22585679,4.223937767,0.00264676576,0.002646765757,0.6000209411,0.2000640519,0,0.5999379964,0.5998103399,0.5992419016,0.5999162356,0.5997437926,0.5989761835
15.24,4.226289981,4.225862057,4.223953079,4.226289981,4.225862057,4.223953079,0.002630519277,0.002630519275,0.6000207327,0.2000635251,0,0.5999386133,0.5998118997,0.5992464384,0.599917069,0.5997458996,0.5989823082
15.26,4.226292044,4.225867283,4.223968311,4.226292044,4.225867283,4.223968311,0.002614362977,0.002614362975,0.6000205264,0.2000630025,0,0.5999392241,0.5998134473,0.5992509515,0.5999178942,0.59974799,0.598988401
15.28,4.226294086,4.225872468,4.223983462,4.226294086,4.225872468,4.223983462,0.002598296443,0.00259829644,0.6000203222,0.200062484,0,0.5999398289,0.5998149828,0.5992554408,0.5999187112,0.599750064,0.5989944617
15.3,4.226296108,4.225877612,4.223998535,4.226296108,4.225877612,4.223998535,0.002582319259,0.002582319256,0.60002012,0.2000619696,0,0.5999404276,0.5998165061,0.5992599066,0.59991952,0.5997521217,0.5990004906
15.32,4.22629811,4.225882716,4.224013528,4.22629811,4.225882716,4.224013528,0.002566431011,0.002566431008,0.6000199198,0.2000614592,0,0.5999410204,0.5998180175,0.5992643489,0.5999203208,0.5997541632,0.5990064879
15.34,4.226300092,4.22588778,4.224028442,4.226300092,4.22588778,4.224028442,0.002550631286,0.002550631283,0.6000197216,0.2000609529,0,0.5999416073,0.5998195169,0.5992687677,0.5999211136,0.5997561886,0.5990124535
15.36,4.226302055,4.225892803,4.224043277,4.226302055,4.225892803,4.224043277,0.002534919673,0.00253491967,0.6000195254,0.2000604505,0,0.5999421883,0.5998210045,0.5992731632,0.5999218986,0.599758198,0.5990183877
15.38,4.226303997,4.225897787,4.224058034,4.226303997,4.225897787,4.224058034,0.002519295761,0.002519295757,0.6000193311,0.2000599521,0,0.5999427636,0.5998224804,0.5992775355,0.5999226757,0.5997601916,0.5990242905
15.4,4.226305921,4.225902732,4.224072713,4.226305921,4.225902732,4.224072713,0.00250375914,0.002503759136,0.6000191387,0.2000594576,0,0.5999433331,0.5998239447,0.5992818847,0.5999234451,0.5997621694,0.5990301621
15.42,4.226307825,4.225907637,4.224087315,4.226307825,4.225907637,4.224087315,0.002488309402,0.002488309399,0.6000189483,0.2000589671,0,0.5999438969,0.5998253973,0.5992862108,0.5999242068,0.5997641316,0.5990360026
15.44,4.226309711,4.225912504,4.224101839,4.226309711,4.225912504,4.224101839,0.002472946141,0.002472946137,0.6000187598,0.2000584804,0,0.5999444552,0.5998268385,0.5992905139,0.599924961,0.5997660783,0.5990418122
15.46,4.226311577,4.225917332,4.224116285,4.226311577,4.225917332,4.224116285,0.002457668951,0.002457668947,0.6000185731,0.2000579976,0,0.5999450079,0.5998282683,0.5992947942,0.5999257076,0.5997680097,0.5990475909
15.48,4.226313425,4.225922122,4.224130656,4.226313425,4.225922122,4.224130656,0.002442477426,0.002442477423,0.6000183883,0.2000575186,0,0.5999455551,0.5998296868,0.5992990517,0.5999264468,0.5997699257,0.599053339
15.5,4.226315255,4.225926875,4.224144949,4.226315255,4.225926875,4.224144949,0.002427371165,0.002427371162,0.6000182053,0.2000570433,0,0.5999460968,0.5998310941,0.5993032866,0.5999271787,0.5997718266,0.5990590564
15.52,4.226317066,4.225931589,4.224159166,4.226317066,4.225931589,4.224159166,0.002412349765,0.002412349762,0.6000180242,0.2000565719,0,0.5999466332,0.5998324902,0.5993074988,0.5999279033,0.5997737125,0.5990647433
15.54,4.22631886,4.225936267,4.224173308,4.22631886,4.225936267,4.224173308,0.002397412825,0.002397412823,0.6000178448,0.2000561042,0,0.5999471642,0.5998338752,0.5993116886,0.5999286207,0.5997755834,0.5990703999
15.56,4.226320635,4.225940907,4.224187374,4.226320635,4.225940907,4.224187374,0.002382559946,0.002382559944,0.6000176673,0.2000556401,0,0.59994769,0.5998352493,0.599315856,0.5999293309,0.5997774395,0.5990760263
15.58,4.226322393,4.22594551,4.224201365,4.226322393,4.22594551,4.224201365,0.002367790728,0.002367790727,0.6000174915,0.2000551798,0,0.5999482105,0.5998366125,0.599320001,0.5999300341,0.5997792808,0.5990816226
15.6,4.226324134,4.225950077,4.22421528,4.226324134,4.225950077,4.22421528,0.002353104776,0.002353104776,0.6000173174,0.2000547231,0,0.5999487258,0.5998379648,0.5993241238,0.5999307302,0.5997811076,0.5990871889
15.62,4.226325857,4.225954608,4.224229121,4.226325857,4.225954608,4.224229121,0.002338501694,0.002338501694,0.6000171451,0.20005427,0,0.599949236,0.5998393065,0.5993282245,0.5999314195,0.5997829198,0.5990927253
15.64,4.226327563,4.225959102,4.224242888,4.226327563,4.225959102,4.224242888,0.002323981085,0.002323981087,0.6000169745,0.2000538206,0,0.5999497411,0.5998406374,0.5993323032,0.5999321019,0.5997847177,0.599098232
15.66,4.226329252,4.225963561,4.224256581,4.226329252,4.225963561,4.224256581,0.002309542558,0.002309542562,0.6000168056,0.2000533747,0,0.5999502412,0.5998419578,0.5993363599,0.5999327775,0.5997865013,0.5991037091
15.68,4.226330924,4.225967985,4.2242702,4.226330924,4.225967985,4.2242702,0.00229518572,0.002295185725,0.6000166384,0.2000529323,0,0.5999507363,0.5998432677,0.5993403948,0.5999334463,0.5997882707,0.5991091567
15.7,4.22633258,4.225972373,4.224283746,4.22633258,4.225972373,4.224283746,0.00228091018,0.002280910187,0.6000164729,0.2000524935,0,0.5999512265,0.5998445672,0.5993444079,0.5999341086,0.599790026,0.599114575
15.72,4.226334219,4.225976727,4.224297218,4.226334219,4.225976726,4.224297218,0.002266715549,0.002266715557,0.600016309,0.2000520582,0,0.5999517118,0.5998458563,0.5993483993,0.5999347642,0.5997917674,0.599119964
15.74,4.226335841,4.225981045,4.224310618,4.226335841,4.225981045,4.224310618,0.002252601438,0.002252601448,0.6000161467,0.2000516263,0,0.5999521923,0.5998471352,0.5993523691,0.5999354133,0.5997934948,0.5991253239
15.76,4.226337448,4.22598533,4.224323945,4.226337448,4.225985329,4.224323945,0.00223856746,0.002238567472,0.600015986,0.2000511979,0,0.599952668,0.5998484039,0.5993563175,0.5999360559,0.5997952086,0.5991306548
15.78,4.226339039,4.22598958,4.2243372,4.226339039,4.22598958,4.2243372,0.002224613229,0.002224613242,0.600015827,0.2000507728,0,0.599953139,0.5998496624,0.5993602444,0.5999366922,0.5997969086,0.5991359568
15.8,4.226340613,4.225993796,4.224350383,4.226340613,4.225993796,4.224350383,0.00221073836,0.002210738375,0.6000156695,0.2000503512,0,0.5999536053,0.599850911,0.59936415,0.5999373221,0.5997985952,0.59914123
15.82,4.226342173,4.225997979,4.224363495,4.226342173,4.225997979,4.224363495,0.00219694247,0.002196942487,0.6000155136,0.2000499329,0,0.5999540669,0.5998521495,0.5993680344,0.5999379458,0.5998002682,0.5991464747
15.84,4.226343716,4.226002128,4.224376535,4.226343716,4.226002128,4.224376535,0.002183225177,0.002183225196,0.6000153592,0.200049518,0,0.599954524,0.5998533782,0.5993718977,0.5999385632,0.5998019279,0.5991516908
15.86,4.226345244,4.226006244,4.224389504,4.226345244,4.226006244,4.224389504,0.0021695861,0.002169586121,0.6000152064,0.2000491064,0,0.5999549765,0.5998545971,0.5993757399,0.5999391745,0.5998035744,0.5991568785
15.88,4.226346757,4.226010327,4.224402403,4.226346758,4.226010327,4.224402403,0.002156024859,0.002156024882,0.6000150551,0.2000486981,0,0.5999554245,0.5998558062,0.5993795612,0.5999397797,0.5998052077,0.599162038
15.9,4.226348255,4.226014378,4.224415231,4.226348256,4.226014378,4.224415231,0.002142541076,0.0021425411,0.6000149053,0.200048293,0,0.599955868,0.5998570056,0.5993833616,0.5999403789,0.5998068279,0.5991671693
15.92,4.226349739,4.226018396,4.224427989,4.226349739,4.226018396,4.224427989,0.002129134373,0.002129134399,0.600014757,0.2000478912,0,0.5999563071,0.5998581955,0.5993871413,0.5999409722,0.5998084352,0.5991722725
15.94,4.226351207,4.226022382,4.224440678,4.226351207,4.226022382,4.224440678,0.002115804376,0.002115804403,0.6000146101,0.2000474926,0,0.5999567419,0.5998593758,0.5993909002,0.5999415595,0.5998100296,0.5991773479
15.96,4.226352661,4.226026336,4.224453297,4.226352661,4.226026336,4.224453297,0.002102550709,0.002102550737,0.6000144647,0.2000470972,0,0.5999571723,0.5998605467,0.5993946386,0.599942141,0.5998116113,0.5991823955
15.98,4.2263541,4.226030259,4.224465847,4.2263541,4.226030259,4.224465847,0.002089372998,0.002089373028,0.6000143208,0.2000467049,0,0.5999575985,0.5998617082,0.5993983565,0.5999427167,0.5998131803,0.5991874154
16,4.226355525,4.22603415,4.224478328,4.226355525,4.22603415,4.224478328,0.002076270873,0.002076270903,0.6000141783,0.2000463158,0,0.5999580204,0.5998628604,0.5994020539,0.5999432867,0.5998147367,0.5991924078
16.02,4.226356936,4.22603801,4.22449074,4.226356936,4.22603801,4.22449074,0.002063243961,0.002063243991,0.6000140373,0.2000459298,0,0.5999584381,0.5998640034,0.5994057311,0.599943851,0.5998162806,0.5991973727
16.04,4.226358332,4.226041839,4.224503084,4.226358332,4.226041838,4.224503084,0.002050291894,0.002050291924,0.6000138976,0.200045547,0,0.5999588517,0.5998651372,0.5994093879,0.5999444097,0.5998178122,0.5992023103
16.06,4.226359715,4.226045637,4.22451536,4.226359715,4.226045637,4.22451536,0.002037414302,0.002037414333,0.6000137593,0.2000451671,0,0.5999592611,0.5998662619,0.5994130247,0.5999449628,0.5998193314,0.5992072208
16.08,4.226361084,4.226049404,4.224527568,4.226361084,4.226049404,4.224527568,0.00202461082,0.00202461085,0.6000136224,0.2000447904,0,0.5999596665,0.5998673776,0.5994166414,0.5999455104,0.5998208385,0.5992121041
16.1,4.22636244,4.226053142,4.22453971,4.22636244,4.226053142,4.224539709,0.002011881081,0.00201188111,0.6000134868,0.2000444166,0,0.5999600678,0.5998684843,0.5994202381,0.5999460526,0.5998223335,0.5992169606
16.12,4.226363782,4.226056849,4.224551783,4.226363782,4.226056849,4.224551783,0.00199922472,0.001999224748,0.6000133526,0.2000440459,0,0.5999604651,0.5998695821,0.5994238149,0.5999465894,0.5998238164,0.5992217901
16.14,4.22636511,4.226060527,4.224563791,4.22636511,4.226060527,4.224563791,0.001986641375,0.001986641402,0.6000132198,0.2000436781,0,0.5999608585,0.599870671,0.5994273719,0.5999471209,0.5998252875,0.599226593
16.16,4.226366426,4.226064175,4.224575731,4.226366426,4.226064175,4.224575731,0.001974130683,0.001974130708,0.6000130882,0.2000433133,0,0.599961248,0.5998717513,0.5994309092,0.599947647,0.5998267467,0.5992313693
16.18,4.226367728,4.226067793,4.224587606,4.226367728,4.226067793,4.224587606,0.001961692284,0.001961692307,0.600012958,0.2000429515,0,0.5999616336,0.5998728228,0.5994344269,0.5999481679,0.5998281941,0.5992361191
16.2,4.226369017,4.226071383,4.224599414,4.226369017,4.226071383,4.224599414,0.001949325818,0.001949325838,0.6000128291,0.2000425925,0,0.5999620154,0.5998738857,0.599437925,0.5999486837,0.5998296299,0.5992408425
16.22,4.226370294,4.226074944,4.224611157,4.226370294,4.226074943,4.224611157,0.001937030927,0.001937030944,0.6000127014,0.2000422365,0,0.5999623933,0.59987494,0.5994414038,0.5999491943,0.5998310542,0.5992455397
16.24,4.226371558,4.226078475,4.224622835,4.226371558,4.226078475,4.224622835,0.001924807253,0.001924807268,0.600012575,0.2000418833,0,0.5999627675,0.5998759859,0.5994448631,0.5999496998,0.5998324669,0.5992502108
16.26,4.226372809,4.226081979,4.224634448,4.226372809,4.226081979,4.224634448,0.001912654442,0.001912654453,0.6000124499,0.2000415329,0,0.599963138,0.5998770233,0.5994483032,0.5999502003,0.5998338683,0.5992548559
16.28,4.226374048,4.226085454,4.224645996,4.226374048,4.226085454,4.224645996,0.001900572139,0.001900572146,0.600012326,0.2000411854,0,0.5999635048,0.5998780524,0.5994517241,0.5999506958,0.5998352584,0.599259475
16.3,4.226375274,4.226088901,4.224657479,4.226375274,4.226088901,4.224657479,0.00188855999,0.001888559994,0.6000122034,0.2000408407,0,0.5999638679,0.5998790731,0.5994551259,0.5999511864,0.5998366373,0.5992640684
16.32,4.226376488,4.226092321,4.224668899,4.226376488,4.226092321,4.224668899,0.001876617644,0.001876617644,0.600012082,0.2000404987,0,0.5999642275,0.5998800856,0.5994585086,0.5999516721,0.599838005,0.5992686362
16.34,4.226377691,4.226095712,4.224680254,4.226377691,4.226095712,4.224680254,0.00186474475,0.001864744746,0.6000119617,0.2000401596,0,0.5999645834,0.5998810899,0.5994618725,0.599952153,0.5998393617,0.5992731784
16.36,4.226378881,4.226099077,4.224691546,4.226378881,4.226099077,4.224691546,0.001852940959,0.00185294095,0.6000118427,0.2000398231,0,0.5999649358,0.5998820861,0.5994652175,0.5999526291,0.5998407074,0.5992776951
16.38,4.226380059,4.226102414,4.224702775,4.226380059,4.226102414,4.224702775,0.001841205922,0.001841205909,0.6000117249,0.2000394894,0,0.5999652847,0.5998830743,0.5994685438,0.5999531004,0.5998420423,0.5992821866
16.4,4.226381226,4.226105724,4.22471394,4.226381226,4.226105724,4.22471394,0.001829539293,0.001829539275,0.6000116082,0.2000391584,0,0.5999656302,0.5998840545,0.5994718514,0.5999535671,0.5998433663,0.5992866529
16.42,4.226382381,4.226109007,4.224725043,4.226382381,4.226109007,4.224725043,0.001817940726,0.001817940704,0.6000114927,0.2000388301,0,0.5999659722,0.5998850267,0.5994751404,0.5999540291,0.5998446797,0.5992910941
16.44,4.226383524,4.226112264,4.224736084,4.226383524,4.226112264,4.224736084,0.001806409877,0.001806409851,0.6000113784,0.2000385044,0,0.5999663107,0.5998859911,0.5994784109,0.5999544866,0.5998459824,0.5992955103
16.46,4.226384657,4.226115495,4.224747062,4.226384657,4.226115495,4.224747062,0.001794946403,0.001794946372,0.6000112651,0.2000381814,0,0.599966646,0.5998869476,0.5994816629,0.5999549394,0.5998472746,0.5992999016
16.48,4.226385778,4.226118699,4.224757979,4.226385777,4.226118699,4.224757979,0.001783549961,0.001783549927,0.6000111531,0.2000378609,0,0.5999669779,0.5998878964,0.5994848967,0.5999553878,0.5998485563,0.5993042683
16.5,4.226386887,4.226121877,4.224768834,4.226386887,4.226121877,4.224768834,0.001772220212,0.001772220174,0.6000110421,0.2000375431,0,0.5999673064,0.5998888376,0.5994881122,0.5999558317,0.5998498276,0.5993086103
16.52,4.226387986,4.22612503,4.224779628,4.226387986,4.22612503,4.224779628,0.001760956817,0.001760956774,0.6000109322,0.2000372278,0,0.5999676318,0.5998897711,0.5994913096,0.5999562712,0.5998510886,0.5993129278
16.54,4.226389074,4.226128157,4.22479036,4.226389074,4.226128157,4.22479036,0.001749759436,0.00174975939,0.6000108234,0.2000369152,0,0.5999679538,0.599890697,0.5994944889,0.5999567063,0.5998523394,0.5993172209
16.56,4.226390151,4.226131258,4.224801032,4.226390151,4.226131258,4.224801032,0.001738627734,0.001738627685,0.6000107157,0.200036605,0,0.5999682727,0.5998916154,0.5994976502,0.5999571371,0.59985358,0.5993214897
16.58,4.226391217,4.226134335,4.224811644,4.226391217,4.226134335,4.224811644,0.001727561374,0.001727561323,0.6000106091,0.2000362973,0,0.5999685884,0.5998925263,0.5995007935,0.5999575636,0.5998548106,0.5993257344
16.6,4.226392273,4.226137386,4.224822196,4.226392273,4.226137386,4.224822196,0.001716560024,0.001716559971,0.6000105035,0.2000359922,0,0.599968901,0.5998934299,0.5995039191,0.5999579858,0.5998560312,0.599329955
16.62,4.226393318,4.226140413,4.224832687,4.226393318,4.226140413,4.224832687,0.001705623349,0.001705623295,0.600010399,0.2000356895,0,0.5999692104,0.5998943261,0.5995070269,0.5999584039,0.5998572419,0.5993341516
16.64,4.226394353,4.226143415,4.224843119,4.226394352,4.226143415,4.224843119,0.001694751019,0.001694750963,0.6000102956,0.2000353893,0,0.5999695168,0.5998952151,0.5995101171,0.5999588178,0.5998584427,0.5993383245
16.66,4.226395377,4.226146392,4.224853492,4.226395377,4.226146393,4.224853492,0.001683942702,0.001683942647,0.6000101931,0.2000350916,0,0.5999698201,0.5998960968,0.5995131896,0.5999592275,0.5998596337,0.5993424736
16.68,4.226396391,4.226149346,4.224863806,4.226396391,4.226149346,4.224863806,0.00167319807,0.001673198015,0.6000100917,0.2000347962,0,0.5999701204,0.5998969713,0.5995162447,0.5999596332,0.5998608151,0.5993465991
16.7,4.226397395,4.226152275,4.224874061,4.226397395,4.226152275,4.224874061,0.001662516794,0.001662516741,0.6000099913,0.2000345033,0,0.5999704177,0.5998978387,0.5995192824,0.5999600349,0.5998619869,0.5993507011
16.72,4.226398389,4.226155181,4.224884257,4.226398389,4.226155181,4.224884257,0.001651898549,0.001651898497,0.6000098919,0.2000342127,0,0.5999707121,0.5998986991,0.5995223028,0.5999604325,0.5998631491,0.5993547797
16.74,4.226399374,4.226158063,4.224894396,4.226399374,4.226158063,4.224894396,0.001641343009,0.001641342959,0.6000097934,0.2000339245,0,0.5999710035,0.5998995524,0.5995253059,0.5999608262,0.5998643019,0.599358835
16.76,4.226400348,4.226160921,4.224904476,4.226400348,4.226160921,4.224904476,0.00163084985,0.001630849803,0.600009696,0.2000336387,0,0.599971292,0.5999003988,0.5995282918,0.599961216,0.5998654453,0.5993628672
16.78,4.226401313,4.226163756,4.224914499,4.226401313,4.226163756,4.224914499,0.001620418749,0.001620418705,0.6000095995,0.2000333552,0,0.5999715777,0.5999012383,0.5995312607,0.5999616019,0.5998665793,0.5993668763
16.8,4.226402268,4.226166568,4.224924464,4.226402268,4.226166569,4.224924464,0.001610049384,0.001610049345,0.600009504,0.200033074,0,0.5999718605,0.599902071,0.5995342126,0.599961984,0.5998677041,0.5993708625
16.82,4.226403214,4.226169357,4.224934373,4.226403214,4.226169358,4.224934373,0.001599741436,0.001599741401,0.6000094094,0.2000327951,0,0.5999721405,0.5999028968,0.5995371475,0.5999623623,0.5998688198,0.5993748258
16.84,4.22640415,4.226172124,4.224944224,4.22640415,4.226172124,4.224944224,0.001589494585,0.001589494555,0.6000093158,0.2000325184,0,0.5999724177,0.599903716,0.5995400656,0.5999627368,0.5998699263,0.5993787664
16.86,4.226405077,4.226174868,4.224954019,4.226405077,4.226174868,4.224954019,0.001579308513,0.001579308488,0.6000092231,0.2000322441,0,0.5999726921,0.5999045284,0.599542967,0.5999631075,0.5998710238,0.5993826844
16.88,4.226405995,4.226177589,4.224963758,4.226405995,4.226177589,4.224963758,0.001569182906,0.001569182886,0.6000091313,0.2000319719,0,0.5999729638,0.5999053342,0.5995458516,0.5999634746,0.5998721123,0.5993865799
16.9,4.226406903,4.226180288,4.224973441,4.226406903,4.226180288,4.224973441,0.001559117446,0.001559117431,0.6000090405,0.200031702,0,0.5999732328,0.5999061334,0.5995487197,0.599963838,0.599873192,0.599390453
16.92,4.226407803,4.226182965,4.224983067,4.226407803,4.226182965,4.224983067,0.001549111821,0.001549111811,0.6000089505,0.2000314343,0,0.5999734992,0.5999069261,0.5995515713,0.5999641978,0.5998742628,0.5993943037
16.94,4.226408693,4.22618562,4.224992639,4.226408693,4.22618562,4.224992639,0.001539165717,0.001539165711,0.6000088615,0.2000311688,0,0.5999737629,0.5999077123,0.5995544064,0.5999645541,0.5998753249,0.5993981323
16.96,4.226409575,4.226188254,4.225002155,4.226409575,4.226188254,4.225002155,0.001529278824,0.001529278822,0.6000087733,0.2000309054,0,0.5999740239,0.5999084921,0.5995572251,0.5999649068,0.5998763782,0.5994019389
16.98,4.226410448,4.226190866,4.225011617,4.226410448,4.226190866,4.225011617,0.001519450832,0.001519450832,0.600008686,0.2000306443,0,0.5999742824,0.5999092655,0.5995600276,0.5999652559,0.599877423,0.5994057234
17,4.226411312,4.226193456,4.225021023,4.226411312,4.226193456,4.225021023,0.001509681432,0.001509681432,0.6000085996,0.2000303852,0,0.5999745383,0.5999100325,0.5995628139,0.5999656017,0.5998784592,0.5994094861
17.02,4.226412168,4.226196025,4.225030376,4.226412168,4.226196025,4.225030376,0.001499970314,0.001499970315,0.600008514,0.2000301283,0,0.5999747916,0.5999107933,0.5995655841,0.5999659439,0.5998794869,0.599413227
17.04,4.226413015,4.226198574,4.225039674,4.226413015,4.226198574,4.225039674,0.001490317172,0.001490317173,0.6000084293,0.2000298734,0,0.5999750425,0.5999115478,0.5995683382,0.5999662828,0.5998805062,0.5994169463
17.06,4.226413854,4.226201101,4.225048918,4.226413854,4.226201101,4.225048918,0.001480721701,0.001480721703,0.6000083454,0.2000296207,0,0.5999752908,0.5999122962,0.5995710764,0.5999666183,0.5998815172,0.599420644
17.08,4.226414684,4.226203608,4.225058109,4.226414684,4.226203608,4.225058109,0.001471183596,0.001471183599,0.6000082624,0.20002937,0,0.5999755367,0.5999130384,0.5995737987,0.5999669504,0.5998825198,0.5994243203
17.1,4.226415506,4.226206094,4.225067246,4.226415506,4.226206094,4.225067246,0.001461702555,0.001461702558,0.6000081802,0.2000291214,0,0.5999757801,0.5999137746,0.5995765051,0.5999672793,0.5998835143,0.5994279752
17.12,4.22641632,4.226208559,4.22507633,4.22641632,4.226208559,4.22507633,0.001452278276,0.00145227828,0.6000080988,0.2000288749,0,0.5999760211,0.5999145047,0.5995791959,0.5999676049,0.5998845005,0.599431609
17.14,4.226417126,4.226211005,4.225085362,4.226417126,4.226211005,4.225085362,0.001442910458,0.001442910463,0.6000080182,0.2000286303,0,0.5999762597,0.5999152288,0.599581871,0.5999679272,0.5998854787,0.5994352215
17.16,4.226417924,4.22621343,4.225094341,4.226417924,4.22621343,4.225094341,0.001433598804,0.001433598808,0.6000079384,0.2000283878,0,0.5999764959,0.5999159469,0.5995845305,0.5999682463,0.5998864489,0.5994388131
17.18,4.226418714,4.226215836,4.225103267,4.226418714,4.226215836,4.225103267,0.001424343013,0.001424343018,0.6000078594,0.2000281472,0,0.5999767298,0.5999166592,0.5995871745,0.5999685623,0.5998874111,0.5994423837
17.2,4.226419496,4.226218221,4.225112142,4.226419496,4.226218221,4.225112142,0.001415142791,0.001415142795,0.6000077812,0.2000279087,0,0.5999769613,0.5999173656,0.5995898031,0.5999688751,0.5998883653,0.5994459336
17.22,4.22642027,4.226220588,4.225120965,4.22642027,4.226220588,4.225120965,0.001405997841,0.001405997845,0.6000077038,0.2000276721,0,0.5999771906,0.5999180662,0.5995924164,0.5999691848,0.5998893118,0.5994494627
17.24,4.226421037,4.226222934,4.225129736,4.226421037,4.226222934,4.225129736,0.001396907869,0.001396907873,0.6000076271,0.2000274374,0,0.5999774175,0.599918761,0.5995950143,0.5999694914,0.5998902504,0.5994529712
17.26,4.226421796,4.226225262,4.225138456,4.226421796,4.226225262,4.225138456,0.001387872583,0.001387872586,0.6000075513,0.2000272047,0,0.5999776422,0.5999194501,0.5995975971,0.599969795,0.5998911814,0.5994564592
17.28,4.226422547,4.22622757,4.225147125,4.226422547,4.22622757,4.225147125,0.001378891689,0.001378891692,0.6000074761,0.2000269738,0,0.5999778647,0.5999201336,0.5996001648,0.5999700955,0.5998921046,0.5994599268
17.3,4.226423291,4.226229859,4.225155743,4.226423291,4.226229859,4.225155743,0.001369964898,0.001369964901,0.6000074017,0.2000267449,0,0.5999780849,0.5999208114,0.5996027174,0.5999703931,0.5998930203,0.5994633741
17.32,4.226424027,4.226232129,4.225164311,4.226424027,4.226232129,4.225164311,0.001361091921,0.001361091922,0.6000073281,0.2000265179,0,0.599978303,0.5999214837,0.5996052551,0.5999706877,0.5998939284,0.5994668012
17.34,4.226424756,4.226234381,4.225172828,4.226424756,4.226234381,4.225172828,0.001352272468,0.001352272469,0.6000072552,0.2000262927,0,0.5999785189,0.5999221504,0.5996077779,0.5999709793,0.5998948291,0.5994702081
17.36,4.226425478,4.226236614,4.225181296,4.226425478,4.226236614,4.225181296,0.001343506253,0.001343506253,0.600007183,0.2000260694,0,0.5999787326,0.5999228116,0.5996102859,0.5999712681,0.5998957223,0.5994735951
17.38,4.226426193,4.226238829,4.225189714,4.226426193,4.226238829,4.225189714,0.00133479299,0.00133479299,0.6000071115,0.200025848,0,0.5999789443,0.5999234673,0.5996127791,0.599971554,0.5998966082,0.5994769622
17.4,4.226426901,4.226241025,4.225198082,4.226426901,4.226241025,4.225198082,0.001326132395,0.001326132394,0.6000070407,0.2000256283,0,0.5999791538,0.5999241177,0.5996152577,0.599971837,0.5998974868,0.5994803095
17.42,4.226427601,4.226243203,4.225206401,4.226427601,4.226243203,4.225206401,0.001317524184,0.001317524183,0.6000069707,0.2000254105,0,0.5999793612,0.5999247627,0.5996177216,0.5999721172,0.5998983581,0.5994836371
17.44,4.226428295,4.226245364,4.225214671,4.226428295,4.226245364,4.225214671,0.001308968075,0.001308968074,0.6000069013,0.2000251945,0,0.5999795666,0.5999254024,0.5996201711,0.5999723947,0.5998992222,0.5994869451
17.46,4.226428982,4.226247506,4.225222892,4.226428982,4.226247506,4.225222892,0.001300463787,0.001300463786,0.6000068327,0.2000249802,0,0.5999797699,0.5999260367,0.5996226061,0.5999726694,0.5999000792,0.5994902335
17.48,4.226429661,4.226249631,4.225231065,4.226429661,4.226249631,4.225231065,0.00129201104,0.00129201104,0.6000067647,0.2000247677,0,0.5999799712,0.5999266659,0.5996250267,0.5999729413,0.5999009291,0.5994935026
17.5,4.226430334,4.226251738,4.225239189,4.226430334,4.226251738,4.225239189,0.001283609556,0.001283609557,0.6000066974,0.200024557,0,0.5999801705,0.5999272898,0.599627433,0.5999732105,0.599901772,0.5994967524
17.52,4.226431001,4.226253828,4.225247266,4.226431001,4.226253828,4.225247266,0.001275259057,0.001275259059,0.6000066307,0.200024348,0,0.5999803678,0.5999279086,0.5996298251,0.5999734771,0.5999026079,0.599499983
17.54,4.226431661,4.2262559,4.225255294,4.226431661,4.2262559,4.225255294,0.001266959268,0.001266959271,0.6000065647,0.2000241408,0,0.5999805631,0.5999285223,0.5996322031,0.599973741,0.599903437,0.5995031944
17.56,4.226432314,4.226257956,4.225263275,4.226432314,4.226257956,4.225263275,0.001258709913,0.001258709918,0.6000064994,0.2000239352,0,0.5999807565,0.5999291309,0.5996345669,0.5999740023,0.5999042591,0.5995063869
17.58,4.226432961,4.226259994,4.225271209,4.226432961,4.226259994,4.225271209,0.001250510718,0.001250510725,0.6000064348,0.2000237314,0,0.599980948,0.5999297345,0.5996369168,0.599974261,0.5999050745,0.5995095604
17.6,4.226433601,4.226262016,4.225279096,4.226433601,4.226262016,4.225279096,0.001242361411,0.001242361421,0.6000063707,0.2000235292,0,0.5999811376,0.599930333,0.5996392527,0.5999745171,0.5999058831,0.5995127151
17.62,4.226434235,4.226264021,4.225286936,4.226434235,4.226264021,4.225286936,0.001234261721,0.001234261733,0.6000063073,0.2000233287,0,0.5999813252,0.5999309267,0.5996415747,0.5999747706,0.599906685,0.5995158511
17.64,4.226434862,4.226266009,4.225294729,4.226434862,4.226266009,4.225294729,0.001226211377,0.001226211392,0.6000062446,0.2000231299,0,0.5999815111,0.5999315154,0.599643883,0.5999750217,0.5999074803,0.5995189685
17.66,4.226435484,4.226267981,4.225302477,4.226435484,4.226267981,4.225302477,0.00121821011,0.001218210129,0.6000061824,0.2000229328,0,0.599981695,0.5999320992,0.5996461775,0.5999752702,0.599908269,0.5995220674
17.68,4.226436099,4.226269936,4.225310178,4.226436099,4.226269936,4.225310178,0.001210257653,0.001210257675,0.6000061209,0.2000227372,0,0.5999818772,0.5999326782,0.5996484584,0.5999755163,0.5999090512,0.5995251478
17.7,4.226436708,4.226271875,4.225317833,4.226436708,4.226271875,4.225317833,0.001202353738,0.001202353764,0.60000606,0.2000225433,0,0.5999820575,0.5999332524,0.5996507257,0.5999757599,0.5999098268,0.5995282099
17.72,4.226437311,4.226273798,4.225325442,4.226437311,4.226273798,4.225325442,0.001194498101,0.001194498131,0.6000059997,0.200022351,0,0.599982236,0.5999338218,0.5996529795,0.5999760011,0.5999105961,0.5995312537
17.74,4.226437908,4.226275705,4.225333007,4.226437908,4.226275705,4.225333006,0.001186690477,0.001186690511,0.60000594,0.2000221603,0,0.5999824128,0.5999343865,0.5996552198,0.5999762399,0.5999113589,0.5995342794
17.76,4.226438499,4.226277597,4.225340526,4.226438499,4.226277597,4.225340526,0.001178930602,0.001178930641,0.6000058809,0.2000219711,0,0.5999825878,0.5999349465,0.5996574468,0.5999764763,0.5999121155,0.599537287
17.78,4.226439084,4.226279472,4.225348,4.226439084,4.226279472,4.225348,0.001171218216,0.001171218259,0.6000058224,0.2000217836,0,0.599982761,0.5999355019,0.5996596604,0.5999767103,0.5999128657,0.5995402767
17.8,4.226439663,4.226281332,4.225355429,4.226439663,4.226281332,4.225355429,0.001163553056,0.001163553104,0.6000057645,0.2000215976,0,0.5999829326,0.5999360526,0.5996618608,0.5999769421,0.5999136098,0.5995432485
17.82,4.226440237,4.226283177,4.225362814,4.226440237,4.226283177,4.225362814,0.001155934864,0.001155934917,0.6000057071,0.2000214131,0,0.5999831024,0.5999365988,0.5996640481,0.5999771715,0.5999143476,0.5995462025
17.84,4.226440805,4.226285006,4.225370155,4.226440805,4.226285006,4.225370155,0.001148363381,0.001148363438,0.6000056503,0.2000212302,0,0.5999832705,0.5999371405,0.5996662223,0.5999773987,0.5999150793,0.5995491388
17.86,4.226441367,4.22628682,4.225377452,4.226441367,4.22628682,4.225377452,0.00114083835,0.001140838411,0.6000055941,0.2000210488,0,0.599983437,0.5999376776,0.5996683834,0.5999776235,0.599915805,0.5995520576
17.88,4.226441924,4.226288619,4.225384705,4.226441924,4.226288619,4.225384705,0.001133359514,0.00113335958,0.6000055385,0.2000208689,0,0.5999836018,0.5999382103,0.5996705315,0.5999778462,0.5999165246,0.5995549588
17.9,4.226442475,4.226290404,4.225391915,4.226442475,4.226290403,4.225391915,0.001125926618,0.001125926688,0.6000054833,0.2000206905,0,0.599983765,0.5999387385,0.5996726668,0.5999780666,0.5999172382,0.5995578426
17.92,4.22644302,4.226292173,4.225399081,4.22644302,4.226292173,4.225399081,0.001118539409,0.001118539483,0.6000054288,0.2000205135,0,0.5999839265,0.5999392624,0.5996747893,0.5999782849,0.5999179459,0.5995607092
17.94,4.22644356,4.226293927,4.225406204,4.226443561,4.226293927,4.225406204,0.001111197633,0.001111197712,0.6000053748,0.2000203381,0,0.5999840864,0.5999397819,0.5996768989,0.5999785009,0.5999186476,0.5995635585
17.96,4.226444095,4.226295667,4.225413285,4.226444095,4.226295667,4.225413285,0.00110390104,0.001103901122,0.6000053213,0.2000201641,0,0.5999842448,0.599940297,0.5996789959,0.5999787148,0.5999193436,0.5995663906
17.98,4.226444625,4.226297392,4.225420322,4.226444625,4.226297392,4.225420322,0.001096649379,0.001096649463,0.6000052683,0.2000199916,0,0.5999844015,0.5999408079,0.5996810803,0.5999789266,0.5999200338,0.5995692057
18,4.226445149,4.226299103,4.225427318,4.226445149,4.226299103,4.225427318,0.0010894424,0.001089442487,0.6000052159,0.2000198205,0,0.5999845567,0.5999413145,0.5996831521,0.5999791363,0.5999207182,0.5995720039
18.02,4.226445668,4.2263008,4.225434271,4.226445668,4.2263008,4.225434271,0.001082279855,0.001082279944,0.600005164,0.2000196508,0,0.5999847104,0.5999418169,0.5996852115,0.5999793439,0.5999213969,0.5995747852
18.04,4.226446182,4.226302483,4.225441182,4.226446182,4.226302483,4.225441182,0.001075161497,0.001075161588,0.6000051126,0.2000194825,0,0.5999848625,0.5999423151,0.5996872584,0.5999795494,0.5999220699,0.5995775497
18.06,4.22644669,4.226304151,4.225448052,4.226446691,4.226304151,4.225448052,0.001068087081,0.001068087173,0.6000050618,0.2000193157,0,0.5999850132,0.5999428092,0.5996892929,0.5999797529,0.5999227373,0.5995802976
18.08,4.226447194,4.226305806,4.22545488,4.226447194,4.226305806,4.22545488,0.001061056361,0.001061056454,0.6000050114,0.2000191502,0,0.5999851623,0.5999432991,0.5996913151,0.5999799544,0.5999233992,0.5995830288
18.1,4.226447693,4.226307447,4.225461667,4.226447693,4.226307447,4.225461667,0.001054069094,0.001054069186,0.6000049615,0.2000189861,0,0.5999853099,0.599943785,0.5996933251,0.5999801538,0.5999240556,0.5995857435
18.12,4.226448186,4.226309074,4.225468413,4.226448186,4.226309074,4.225468413,0.001047125036,0.001047125128,0.6000049122,0.2000188234,0,0.5999854561,0.5999442668,0.599695323,0.5999803513,0.5999247064,0.5995884418
18.14,4.226448675,4.226310688,4.225475118,4.226448675,4.226310688,4.225475117,0.001040223948,0.001040224038,0.6000048633,0.200018662,0,0.5999856008,0.5999447445,0.5996973087,0.5999805468,0.5999253519,0.5995911238
18.16,4.226449159,4.226312288,4.225481782,4.226449159,4.226312288,4.225481782,0.001033365587,0.001033365675,0.6000048149,0.200018502,0,0.5999857441,0.5999452183,0.5996992825,0.5999807404,0.5999259919,0.5995937895
18.18,4.226449638,4.226313875,4.225488406,4.226449638,4.226313875,4.225488406,0.001026549716,0.001026549801,0.600004767,0.2000183434,0,0.5999858859,0.5999456881,0.5997012442,0.599980932,0.5999266266,0.599596439
18.2,4.226450112,4.226315448,4.225494989,4.226450113,4.226315448,4.225494989,0.001019776095,0.001019776177,0.6000047196,0.200018186,0,0.5999860264,0.599946154,0.599703194,0.5999811218,0.599927256,0.5995990725
18.22,4.226450582,4.226317008,4.225501533,4.226450582,4.226317008,4.225501533,0.001013044488,0.001013044565,0.6000046726,0.20001803,0,0.5999861654,0.599946616,0.599705132,0.5999813096,0.5999278801,0.59960169
18.24,4.226451047,4.226318556,4.225508037,4.226451047,4.226318556,4.225508037,0.001006354659,0.001006354731,0.6000046261,0.2000178752,0,0.5999863031,0.5999470742,0.5997070583,0.5999814956,0.599928499,0.5996042916
18.26,4.226451507,4.22632009,4.225514501,4.226451507,4.22632009,4.225514501,0.0009997063729,0.0009997064394,0.6000045801,0.2000177218,0,0.5999864394,0.5999475285,0.5997089728,0.5999816797,0.5999291128,0.5996068773
18.28,4.226451963,4.226321612,4.225520927,4.226451963,4.226321611,4.225520926,0.0009930993957,0.0009930994558,0.6000045345,0.2000175697,0,0.5999865743,0.599947979,0.5997108756,0.599981862,0.5999297214,0.5996094474
18.3,4.226452414,4.22632312,4.225527312,4.226452414,4.22632312,4.225527312,0.000986533495,0.000986533548,0.6000044894,0.2000174188,0,0.5999867079,0.5999484257,0.5997127669,0.5999820425,0.5999303249,0.5996120018
18.32,4.226452861,4.226324616,4.22553366,4.226452861,4.226324616,4.225533659,0.0009800084389,0.0009800084843,0.6000044447,0.2000172692,0,0.5999868401,0.5999488687,0.5997146466,0.5999822212,0.5999309233,0.5996145406
18.34,4.226453303,4.2263261,4.225539968,4.226453303,4.2263261,4.225539968,0.0009735239971,0.0009735240342,0.6000044005,0.2000171208,0,0.5999869711,0.599949308,0.5997165149,0.5999823981,0.5999315168,0.5996170639
18.36,4.226453741,4.226327571,4.225546238,4.226453741,4.226327571,4.225546238,0.00096707994,0.0009670799683,0.6000043567,0.2000169737,0,0.5999871007,0.5999497436,0.5997183717,0.5999825732,0.5999321053,0.5996195718
18.38,4.226454175,4.22632903,4.225552469,4.226454175,4.22632903,4.225552469,0.0009606760393,0.0009606760583,0.6000043133,0.2000168278,0,0.5999872291,0.5999501756,0.5997202172,0.5999827466,0.5999326888,0.5996220645
18.4,4.226454604,4.226330477,4.225558663,4.226454604,4.226330477,4.225558663,0.0009543120676,0.0009543120769,0.6000042704,0.2000166831,0,0.5999873562,0.5999506039,0.5997220515,0.5999829183,0.5999332675,0.5996245418
18.42,4.226455029,4.226331911,4.225564818,4.226455029,4.226331911,4.225564818,0.0009479877986,0.0009479877979,0.6000042279,0.2000165397,0,0.599987482,0.5999510286,0.5997238745,0.5999830883,0.5999338413,0.5996270041
18.44,4.226455449,4.226333334,4.225570936,4.226455449,4.226333334,4.225570936,0.0009417030072,0.0009417029962,0.6000041859,0.2000163974,0,0.5999876065,0.5999514498,0.5997256864,0.5999832565,0.5999344102,0.5996294513
18.46,4.226455866,4.226334744,4.225577017,4.226455866,4.226334744,4.225577017,0.0009354574692,0.0009354574477,0.6000041442,0.2000162564,0,0.5999877299,0.5999518675,0.5997274871,0.5999834231,0.5999349745,0.5996318834
18.48,4.226456278,4.226336143,4.22558306,4.226456278,4.226336143,4.22558306,0.0009292509616,0.0009292509294,0.600004103,0.2000161165,0,0.599987852,0.5999522816,0.5997292768,0.5999835881,0.5999355339,0.5996343007
18.5,4.226456687,4.22633753,4.225589066,4.226456687,4.22633753,4.225589066,0.0009230832623,0.0009230832195,0.6000040622,0.2000159778,0,0.5999879728,0.5999526923,0.5997310556,0.5999837514,0.5999360887,0.5996367032
18.52,4.226457091,4.226338905,4.225595035,4.226457091,4.226338905,4.225595035,0.0009169541504,0.000916954097,0.6000040217,0.2000158403,0,0.5999880925,0.5999530995,0.5997328234,0.5999839131,0.5999366389,0.5996390909
18.54,4.226457491,4.226340269,4.225600968,4.226457491,4.226340269,4.225600968,0.0009108634059,0.0009108633421,0.6000039817,0.2000157039,0,0.599988211,0.5999535033,0.5997345804,0.5999840731,0.5999371844,0.599641464
18.56,4.226457887,4.226341621,4.225606864,4.226457887,4.226341621,4.225606864,0.0009048108101,0.0009048107362,0.6000039421,0.2000155687,0,0.5999883283,0.5999539037,0.5997363266,0.5999842316,0.5999377253,0.5996438225
18.58,4.226458279,4.226342962,4.225612724,4.226458279,4.226342962,4.225612724,0.000898796145,0.0008987960614,0.6000039029,0.2000154346,0,0.5999884444,0.5999543008,0.599738062,0.5999843885,0.5999382617,0.5996461664
18.6,4.226458668,4.226344292,4.225618548,4.226458668,4.226344292,4.225618548,0.0008928191939,0.000892819101,0.600003864,0.2000153016,0,0.5999885594,0.5999546945,0.5997397868,0.5999845439,0.5999387935,0.599648496
18.62,4.226459052,4.22634561,4.225624336,4.226459052,4.226345611,4.225624336,0.0008868797412,0.0008868796396,0.6000038256,0.2000151698,0,0.5999886733,0.5999550849,0.5997415009,0.5999846977,0.5999393209,0.5996508112
18.64,4.226459433,4.226346918,4.225630089,4.226459433,4.226346918,4.225630089,0.000880977572,0.0008809774625,0.6000037875,0.200015039,0,0.599988786,0.599955472,0.5997432045,0.5999848499,0.5999398439,0.5996531122
18.66,4.22645981,4.226348214,4.225635805,4.22645981,4.226348214,4.225635806,0.0008751124728,0.0008751123561,0.6000037498,0.2000149094,0,0.5999888976,0.5999558558,0.5997448975,0.5999850007,0.5999403625,0.599655399
18.68,4.226460183,4.2263495,4.225641487,4.226460183,4.2263495,4.225641487,0.0008692842309,0.0008692841079,0.6000037125,0.2000147808,0,0.599989008,0.5999562364,0.5997465802,0.5999851499,0.5999408767,0.5996576716
18.7,4.226460552,4.226350774,4.225647134,4.226460552,4.226350775,4.225647134,0.0008634926347,0.0008634925066,0.6000036756,0.2000146534,0,0.5999891174,0.5999566139,0.5997482524,0.5999852977,0.5999413865,0.5996599303
18.72,4.226460918,4.226352038,4.225652745,4.226460918,4.226352038,4.225652746,0.0008577374738,0.0008577373415,0.600003639,0.200014527,0,0.5999892257,0.5999569881,0.5997499143,0.599985444,0.5999418921,0.5996621749
18.74,4.22646128,4.226353292,4.225658322,4.22646128,4.226353292,4.225658323,0.0008520185386,0.0008520184033,0.6000036028,0.2000144016,0,0.5999893329,0.5999573592,0.5997515659,0.5999855888,0.5999423935,0.5996644058
18.76,4.226461639,4.226354534,4.225663865,4.226461638,4.226354535,4.225663865,0.0008463356207,0.0008463354835,0.6000035669,0.2000142774,0,0.599989439,0.5999577272,0.5997532073,0.5999857322,0.5999428905,0.5996666228
18.78,4.226461994,4.226355767,4.225669373,4.226461993,4.226355767,4.225669373,0.0008406885125,0.0008406883748,0.6000035315,0.2000141541,0,0.5999895441,0.599958092,0.5997548386,0.5999858742,0.5999433835,0.5996688261
18.8,4.226462345,4.226356989,4.225674847,4.226462345,4.226356989,4.225674848,0.0008350770076,0.0008350768708,0.6000034963,0.2000140319,0,0.5999896482,0.5999584538,0.5997564597,0.5999860147,0.5999438722,0.5996710157
18.82,4.226462693,4.2263582,4.225680288,4.226462693,4.2263582,4.225680288,0.0008295009007,0.0008295007661,0.6000034615,0.2000139108,0,0.5999897512,0.5999588125,0.5997580708,0.5999861539,0.5999443568,0.5996731918
18.84,4.226463037,4.226359402,4.225685694,4.226463037,4.226359402,4.225685694,0.0008239599874,0.0008239598564,0.6000034271,0.2000137907,0,0.5999898531,0.5999591683,0.5997596719,0.5999862917,0.5999448374,0.5996753544
18.86,4.226463378,4.226360593,4.225691067,4.226463378,4.226360593,4.225691067,0.0008184540643,0.0008184539383,0.600003393,0.2000136715,0,0.5999899541,0.599959521,0.5997612631,0.5999864281,0.5999453139,0.5996775035
18.88,4.226463716,4.226361774,4.225696407,4.226463716,4.226361774,4.225696407,0.0008129829291,0.0008129828094,0.6000033592,0.2000135534,0,0.5999900541,0.5999598707,0.5997628444,0.5999865631,0.5999457864,0.5996796394
18.9,4.22646405,4.226362945,4.225701713,4.22646405,4.226362945,4.225701713,0.0008075463806,0.0008075462684,0.6000033258,0.2000134363,0,0.599990153,0.5999602175,0.5997644158,0.5999866968,0.5999462548,0.5996817619
18.92,4.226464381,4.226364107,4.225706986,4.226464381,4.226364107,4.225706986,0.0008021442183,0.0008021441149,0.6000032927,0.2000133202,0,0.599990251,0.5999605613,0.5997659775,0.5999868292,0.5999467194,0.5996838713
18.94,4.226464709,4.226365258,4.225712227,4.226464709,4.226365258,4.225712227,0.0007967762432,0.0007967761495,0.6000032599,0.200013205,0,0.599990348,0.5999609023,0.5997675295,0.5999869602,0.59994718,0.5996859675
18.96,4.226465033,4.2263664,4.225717435,4.226465033,4.2263664,4.225717435,0.0007914422569,0.0007914421739,0.6000032275,0.2000130908,0,0.599990444,0.5999612404,0.5997690718,0.59998709,0.5999476367,0.5996880507
18.98,4.226465354,4.226367532,4.22572261,4.226465354,4.226367532,4.225722611,0.0007861420623,0.0007861419907,0.6000031954,0.2000129776,0,0.5999905391,0.5999615756,0.5997706045,0.5999872184,0.5999480896,0.5996901209
19,4.226465672,4.226368655,4.225727754,4.226465672,4.226368655,4.225727754,0.0007808754631,0.0007808754034,0.6000031636,0.2000128654,0,0.5999906333,0.599961908,0.5997721276,0.5999873456,0.5999485386,0.5996921783
19.02,4.226465987,4.226369768,4.225732865,4.226465987,4.226369768,4.225732865,0.0007756422643,0.0007756422166,0.6000031321,0.200012754,0,0.5999907265,0.5999622375,0.5997736413,0.5999874715,0.5999489838,0.5996942227
19.04,4.226466298,4.226370871,4.225737944,4.226466298,4.226370871,4.225737944,0.0007704422716,0.0007704422358,0.600003101,0.2000126437,0,0.5999908187,0.5999625643,0.5997751455,0.5999875961,0.5999494253,0.5996962545
19.06,4.226466607,4.226371966,4.225742992,4.226466607,4.226371966,4.225742992,0.000765275292,0.0007652752675,0.6000030701,0.2000125342,0,0.5999909101,0.5999628883,0.5997766403,0.5999877196,0.599949863,0.5996982735
19.08,4.226466912,4.226373051,4.225748008,4.226466912,4.226373051,4.225748008,0.0007601411333,0.0007601411193,0.6000030396,0.2000124257,0,0.5999910005,0.5999632096,0.5997781257,0.5999878418,0.5999502971,0.5997002799
19.1,4.226467215,4.226374127,4.225752993,4.226467215,4.226374127,4.225752993,0.0007550396046,0.0007550395995,0.6000030093,0.2000123181,0,0.5999910901,0.5999635282,0.5997796019,0.5999879627,0.5999507274,0.5997022738
19.12,4.226467514,4.226375193,4.225757946,4.226467514,4.226375193,4.225757946,0.0007499705158,0.0007499705175,0.6000029794,0.2000122115,0,0.5999911787,0.599963844,0.5997810688,0.5999880825,0.5999511541,0.5997042552
19.14,4.226467811,4.226376251,4.225762869,4.226467811,4.226376251,4.225762869,0.0007449336778,0.0007449336837,0.6000029497,0.2000121057,0,0.5999912665,0.5999641572,0.5997825266,0.5999882011,0.5999515772,0.5997062242
19.16,4.226468104,4.2263773,4.22576776,4.226468104,4.2263773,4.22576776,0.0007399289026,0.0007399289094,0.6000029204,0.2000120008,0,0.5999913534,0.5999644677,0.5997839752,0.5999883185,0.5999519967,0.5997081809
19.18,4.226468395,4.22637834,4.225772621,4.226468395,4.22637834,4.225772621,0.0007349560001,0.0007349560068,0.6000028913,0.2000118968,0,0.5999914394,0.5999647756,0.5997854147,0.5999884347,0.5999524127,0.5997101253
19.2,4.226468683,4.226379371,4.225777452,4.226468683,4.226379371,4.225777452,0.0007300147825,0.0007300147892,0.6000028626,0.2000117937,0,0.5999915246,0.5999650809,0.5997868452,0.5999885498,0.5999528251,0.5997120575
19.22,4.226468967,4.226380393,4.225782252,4.226468967,4.226380393,4.225782252,0.000725105064,0.0007251050708,0.6000028341,0.2000116915,0,0.5999916089,0.5999653836,0.5997882668,0.5999886637,0.5999532341,0.5997139776
19.24,4.226469249,4.226381407,4.225787022,4.226469249,4.226381407,4.225787022,0.0007202266598,0.0007202266665,0.6000028059,0.2000115901,0,0.5999916924,0.5999656838,0.5997896794,0.5999887765,0.5999536395,0.5997158856
19.26,4.226469529,4.226382412,4.225791762,4.226469529,4.226382412,4.225791762,0.0007153793858,0.0007153793925,0.600002778,0.2000114896,0,0.5999917751,0.5999659814,0.5997910831,0.5999888882,0.5999540416,0.5997177817
19.28,4.226469805,4.226383409,4.225796473,4.226469805,4.226383409,4.225796473,0.000710563059,0.0007105630657,0.6000027503,0.20001139,0,0.5999918569,0.5999662764,0.599792478,0.5999889988,0.5999544402,0.5997196658
19.3,4.226470079,4.226384397,4.225801153,4.226470079,4.226384397,4.225801153,0.0007057774973,0.000705777504,0.6000027229,0.2000112911,0,0.599991938,0.599966569,0.5997938641,0.5999891082,0.5999548354,0.5997215381
19.32,4.22647035,4.226385376,4.225805805,4.22647035,4.226385376,4.225805805,0.0007010225196,0.0007010225262,0.6000026959,0.2000111932,0,0.5999920182,0.5999668591,0.5997952415,0.5999892166,0.5999552273,0.5997233986
19.34,4.226470618,4.226386348,4.225810427,4.226470618,4.226386348,4.225810427,0.0006962979455,0.0006962979521,0.600002669,0.200011096,0,0.5999920976,0.5999671467,0.5997966103,0.5999893239,0.5999556159,0.5997252474
19.36,4.226470883,4.226387311,4.225815019,4.226470883,4.226387311,4.225815019,0.0006916035958,0.0006916036024,0.6000026425,0.2000109997,0,0.5999921762,0.5999674319,0.5997979704,0.5999894301,0.5999560011,0.5997270845
19.38,4.226471146,4.226388266,4.225819583,4.226471146,4.226388266,4.225819583,0.000686939292,0.0006869392986,0.6000026162,0.2000109042,0,0.5999922541,0.5999677146,0.5997993219,0.5999895353,0.5999563831,0.5997289101
19.4,4.226471407,4.226389213,4.225824118,4.226471407,4.226389213,4.225824118,0.0006823048567,0.0006823048632,0.6000025901,0.2000108095,0,0.5999923311,0.599967995,0.5998006649,0.5999896394,0.5999567618,0.5997307241
19.42,4.226471664,4.226390152,4.225828625,4.226471664,4.226390152,4.225828625,0.0006777001132,0.0006777001197,0.6000025644,0.2000107157,0,0.5999924075,0.5999682729,0.5998019994,0.5999897425,0.5999571374,0.5997325267
19.44,4.22647192,4.226391082,4.225833103,4.22647192,4.226391082,4.225833103,0.0006731248859,0.0006731248924,0.6000025389,0.2000106226,0,0.599992483,0.5999685485,0.5998033255,0.5999898446,0.5999575097,0.5997343179
19.46,4.226472172,4.226392005,4.225837553,4.226472172,4.226392005,4.225837553,0.000668579,0.0006685790065,0.6000025136,0.2000105303,0,0.5999925578,0.5999688218,0.5998046432,0.5999899456,0.5999578789,0.5997360978
19.48,4.226472422,4.22639292,4.225841974,4.226472422,4.22639292,4.225841974,0.0006640622816,0.0006640622881,0.6000024886,0.2000104388,0,0.5999926318,0.5999690927,0.5998059526,0.5999900457,0.5999582449,0.5997378664
19.5,4.22647267,4.226393828,4.225846368,4.22647267,4.226393828,4.225846368,0.0006595745578,0.0006595745642,0.6000024638,0.2000103481,0,0.5999927052,0.5999693613,0.5998072536,0.5999901447,0.5999586078,0.5997396239
19.52,4.226472915,4.226394727,4.225850734,4.226472915,4.226394727,4.225850734,0.0006551156564,0.0006551156628,0.6000024393,0.2000102581,0,0.5999927777,0.5999696277,0.5998085465,0.5999902428,0.5999589676,0.5997413702
19.54,4.226473158,4.226395619,4.225855072,4.226473158,4.226395619,4.225855072,0.0006506854063,0.0006506854127,0.600002415,0.2000101689,0,0.5999928496,0.5999698918,0.5998098312,0.5999903399,0.5999593244,0.5997431054
19.56,4.226473398,4.226396503,4.225859382,4.226473398,4.226396503,4.225859382,0.0006462836372,0.0006462836436,0.600002391,0.2000100805,0,0.5999929208,0.5999701536,0.5998111077,0.599990436,0.5999596781,0.5997448297
19.58,4.226473636,4.22639738,4.225863666,4.226473636,4.22639738,4.225863666,0.0006419101796,0.0006419101859,0.6000023672,0.2000099928,0,0.5999929912,0.5999704132,0.5998123761,0.5999905311,0.5999600288,0.599746543
19.6,4.226473871,4.226398249,4.225867922,4.226473872,4.226398249,4.225867922,0.000637564865,0.0006375648713,0.6000023437,0.2000099059,0,0.5999930609,0.5999706706,0.5998136365,0.5999906254,0.5999603765,0.5997482455
19.62,4.226474105,4.226399111,4.225872151,4.226474105,4.226399111,4.225872151,0.0006332475258,0.0006332475321,0.6000023203,0.2000098197,0,0.59999313,0.5999709258,0.5998148889,0.5999907186,0.5999607213,0.5997499372
19.64,4.226474336,4.226399966,4.225876353,4.226474336,4.226399966,4.225876353,0.0006289579951,0.0006289580014,0.6000022973,0.2000097342,0,0.5999931983,0.5999711788,0.5998161333,0.599990811,0.5999610631,0.5997516181
19.66,4.226474564,4.226400813,4.225880529,4.226474564,4.226400813,4.225880529,0.0006246961071,0.0006246961133,0.6000022744,0.2000096495,0,0.599993266,0.5999714297,0.5998173698,0.5999909024,0.599961402,0.5997532883
19.68,4.22647479,4.226401653,4.225884678,4.22647479,4.226401653,4.225884678,0.0006204616966,0.0006204617028,0.6000022518,0.2000095655,0,0.599993333,0.5999716784,0.5998185984,0.5999909929,0.599961738,0.5997549479
19.7,4.226475015,4.226402486,4.2258888,4.226475015,4.226402486,4.2258888,0.0006162545995,0.0006162546057,0.6000022294,0.2000094822,0,0.5999933994,0.599971925,0.5998198193,0.5999910826,0.5999620712,0.599756597
19.72,4.226475236,4.226403312,4.225892897,4.226475236,4.226403312,4.225892897,0.0006120746525,0.0006120746586,0.6000022072,0.2000093996,0,0.599993465,0.5999721695,0.5998210323,0.5999911713,0.5999624015,0.5997582355
19.74,4.226475456,4.226404131,4.225896967,4.226475456,4.226404131,4.225896967,0.0006079216931,0.0006079216992,0.6000021852,0.2000093178,0,0.5999935301,0.5999724119,0.5998222377,0.5999912591,0.599962729,0.5997598636
19.76,4.226475673,4.226404942,4.225901012,4.226475673,4.226404942,4.225901012,0.0006037955597,0.0006037955657,0.6000021635,0.2000092366,0,0.5999935944,0.5999726523,0.5998234353,0.5999913461,0.5999630537,0.5997614814
19.78,4.226475889,4.226405747,4.22590503,4.226475889,4.226405747,4.22590503,0.0005996960914,0.0005996960975,0.6000021419,0.2000091561,0,0.5999936582,0.5999728906,0.5998246253,0.5999914322,0.5999633756,0.5997630888
19.8,4.226476102,4.226406545,4.225909023,4.226476102,4.226406545,4.225909023,0.0005956231285,0.0005956231345,0.6000021206,0.2000090763,0,0.5999937213,0.5999731268,0.5998258077,0.5999915175,0.5999636948,0.599764686
19.82,4.226476313,4.226407336,4.225912991,4.226476313,4.226407336,4.225912991,0.0005915765117,0.0005915765177,0.6000020995,0.2000089972,0,0.5999937838,0.5999733611,0.5998269826,0.5999916019,0.5999640112,0.599766273
19.84,4.226476522,4.226408121,4.225916933,4.226476522,4.226408121,4.225916933,0.000587556083,0.0005875560889,0.6000020786,0.2000089188,0,0.5999938456,0.5999735933,0.59982815,0.5999916854,0.599964325,0.5997678498
19.86,4.226476729,4.226408898,4.22592085,4.226476729,4.226408898,4.22592085,0.0005835616848,0.0005835616907,0.600002058,0.200008841,0,0.5999939068,0.5999738236,0.5998293099,0.5999917682,0.5999646361,0.5997694166
19.88,4.226476933,4.226409669,4.225924741,4.226476933,4.226409669,4.225924741,0.0005795931606,0.0005795931665,0.6000020375,0.2000087639,0,0.5999939675,0.5999740518,0.5998304624,0.5999918501,0.5999649445,0.5997709734
19.9,4.226477136,4.226410434,4.225928608,4.226477136,4.226410434,4.225928608,0.0005756503547,0.0005756503605,0.6000020172,0.2000086874,0,0.5999940275,0.5999742782,0.5998316075,0.5999919312,0.5999652502,0.5997725202
19.92,4.226477337,4.226411192,4.225932451,4.226477337,4.226411192,4.225932451,0.0005717331121,0.000571733118,0.6000019971,0.2000086116,0,0.5999940869,0.5999745026,0.5998327453,0.5999920115,0.5999655534,0.5997740571
19.94,4.226477535,4.226411943,4.225936268,4.226477535,4.226411943,4.225936268,0.0005678412789,0.0005678412847,0.6000019773,0.2000085365,0,0.5999941458,0.5999747251,0.5998338758,0.5999920909,0.599965854,0.5997755841
19.96,4.226477732,4.226412688,4.225940062,4.226477732,4.226412688,4.225940062,0.0005639747016,0.0005639747074,0.6000019576,0.200008462,0,0.599994204,0.5999749456,0.599834999,0.5999921696,0.599966152,0.5997771014
19.98,4.226477927,4.226413427,4.22594383,4.226477927,4.226413427,4.22594383,0.0005601332279,0.0005601332337,0.6000019381,0.2000083881,0,0.5999942617,0.5999751643,0.5998361151,0.5999922476,0.5999664474,0.5997786089
20,4.22647812,4.226414159,4.225947575,4.22647812,4.226414159,4.225947575,0.0005563167061,0.0005563167119,0.6000019188,0.2000083149,0,0.5999943188,0.5999753812,0.599837224,0.5999923247,0.5999667403,0.5997801068
