t,n1,n2,n3,oracle_n1,oracle_n2,oracle_n3,error_norm,oracle_error_norm,r1,r2,r3,u1,u2,u3,z1,z2,z3
0,12.22649731,2.226497308,12.22649731,12.22649731,2.226497308,12.22649731,11.48912529,11.48912529,0,0.4,0,1,0,1,1.425640646,0,1.425640646
0.02,12.19796552,2.253491499,12.19796552,12.14689598,2.288639767,12.14706506,11.44470895,11.36764709,0,0.3973005809,0,1,0,1,1.427534213,0,1.427534213
0.04,12.16939609,2.280456832,12.16939609,12.06808669,2.349743582,12.06875674,11.40027875,11.24783364,0,0.3946040476,0,1,0,1,1.429405809,0,1.429405809
0.06,12.14078944,2.307393071,12.14078944,11.99006158,2.409823269,11.99155517,11.35583554,11.12966119,0,0.3919104238,0,1,0,1,1.431255309,0,1.431255309
0.08,12.11214602,2.334299978,12.11214602,11.91281282,2.468893161,11.91544343,11.3113802,11.01310633,0,0.389219733,0,1,0,1,1.433082588,0,1.433082588
0.1,12.08346628,2.361177316,12.08346628,11.8363327,2.526967403,11.84040485,11.26691358,10.89814593,0,0.3865319992,0,1,0,1,1.434887524,0,1.434887524
0.12,12.05475067,2.388024845,12.05475067,11.76061358,2.584059962,11.76642299,11.22243656,10.78475719,0,0.3838472463,0,1,0,1,1.436669995,0,1.436669995
0.14,12.02599963,2.414842325,12.02599963,11.68564787,2.640184623,11.69348168,11.17795003,10.67291762,0,0.3811654983,0,1,0,1,1.438429882,0,1.438429882
0.16,11.99721363,2.441629515,11.99721363,11.61142808,2.695354995,11.62156496,11.13345487,10.56260502,0,0.3784867793,0,1,0,1,1.440167066,0,1.440167066
0.18,11.9683931,2.468386171,11.9683931,11.53794679,2.749584513,11.55065712,11.08895197,10.45379749,0,0.3758111138,0,1,0,1,1.441881429,0,1.441881429
0.2,11.93953852,2.495112049,11.93953852,11.46519665,2.802886437,11.48074268,11.04444224,10.34647341,0,0.3731385259,0,1,0,1,1.443572855,0,1.443572855
0.22,11.91065034,2.521806906,11.91065034,11.39317039,2.855273858,11.41180638,10.9999266,10.24061147,0,0.3704690402,0,1,0,1,1.445241229,0,1.445241229
0.24,11.88172903,2.548470495,11.88172903,11.3218608,2.906759698,11.34383319,10.95540594,10.13619063,0,0.3678026813,0,1,0,1,1.446886438,0,1.446886438
0.26,11.85277504,2.575102569,11.85277504,11.25126076,2.957356712,11.2768083,10.91088121,10.03319014,0,0.3651394739,0,1,0,1,1.44850837,0,1.44850837
0.28,11.82378885,2.601702881,11.82378885,11.18136319,3.00707749,11.21071713,10.86635332,9.931589536,0,0.3624794427,0,1,0,1,1.450106914,0,1.450106914
0.3,11.79477092,2.628271181,11.79477092,11.11216112,3.05593446,11.14554531,10.82182322,9.831368612,0,0.3598226127,0,1,0,1,1.45168196,0,1.45168196
0.32,11.76572173,2.654807221,11.76572173,11.04364762,3.10393989,11.08127868,10.77729184,9.732507443,0,0.3571690087,0,1,0,1,1.453233402,0,1.453233402
0.34,11.73664174,2.681310749,11.73664174,10.97581584,3.151105889,11.01790328,10.73276015,9.634986372,0,0.3545186559,0,1,0,1,1.454761132,0,1.454761132
0.36,11.70753144,2.707781513,11.70753144,10.908659,3.197444408,10.95540537,10.68822909,9.538786005,0,0.3518715795,0,1,0,1,1.456265046,0,1.456265046
0.38,11.6783913,2.734210244,11.67840032,10.84217038,3.242967245,10.89377142,10.64370721,9.443887212,0,0.3492287064,0,1,0.004356825081,1,1.45774504,0.003085174532,1.457744585
0.4,11.6492218,2.760448057,11.64939771,10.77634333,3.287686045,10.83298809,10.59932025,9.350271119,0,0.3466049251,0,1,0.01902446886,1,1.459201012,0.01358029968,1.459192308
0.42,11.62002342,2.786443956,11.62057542,10.71117128,3.331612301,10.77304224,10.55511124,9.257919108,0,0.3440053353,0,1,0.03332826627,1,1.460632862,0.023978659,1.46060603
0.44,11.59079665,2.812200026,11.5919322,10.64664769,3.374757357,10.71392093,10.51107857,9.166812813,0,0.3414297282,0,1,0.04728210763,1,1.46204049,0.03428108706,1.461986278
0.46,11.56154196,2.837718332,11.5634668,10.58276613,3.417132412,10.65561141,10.46722067,9.076934116,0,0.3388778976,0,1,0.06089916114,1,1.4634238,0.04448840961,1.463333573
0.48,11.53225986,2.863000917,11.53517798,10.5195202,3.458748516,10.59810111,10.42353597,8.988265145,0,0.3363496391,0,1,0.07419191921,1,1.464782696,0.05460144363,1.464648428
0.5,11.50295082,2.888049802,11.50706451,10.45690357,3.499616577,10.54137767,10.38002294,8.90078827,0,0.3338447506,0,1,0.08717224143,1,1.466117083,0.06462099752,1.465931348
0.52,11.47361534,2.912866986,11.47912516,10.39490999,3.539747362,10.4854289,10.33668008,8.814486103,0,0.3313630322,0,1,0.09985139416,1,1.467426868,0.07454787109,1.467182831
0.54,11.44425391,2.937454447,11.45135871,10.33353326,3.579151497,10.4302428,10.29350592,8.729341489,0,0.3289042861,0,1,0.1122400872,1,1.46871196,0.08438285575,1.468403369
0.56,11.41486703,2.961814144,11.42376393,10.27276724,3.617839468,10.37580753,10.25049899,8.645337509,0,0.3264683164,0,1,0.1243485081,1,1.46997227,0.09412673451,1.469593444
0.58,11.38545518,2.985948013,11.39633964,10.21260585,3.655821627,10.32211145,10.20765788,8.562457475,0,0.3240549295,0,1,0.1361863532,1,1.471207709,0.1037802822,1.470753534
0.6,11.35601888,3.009857971,11.3690846,10.15304307,3.693108189,10.2691431,10.16498118,8.480684924,0,0.3216639337,0,1,0.1477628573,1,1.472418192,0.1133442653,1.47188411
0.62,11.32655862,3.033545914,11.34199764,10.09407296,3.729709236,10.21689116,10.12246752,8.400003622,0,0.3192951394,0,1,0.159086821,1,1.473603633,0.1228194424,1.472985635
0.64,11.29707491,3.057013718,11.31507756,10.0356896,3.765634719,10.1653445,10.08011555,8.320397555,0,0.316948359,0,1,0.1701666356,1,1.47476395,0.132206564,1.474058565
0.66,11.26756823,3.08026324,11.28832317,9.977887176,3.800894458,10.11449217,10.03792393,8.241850928,0,0.3146234068,0,1,0.181010307,1,1.475899062,0.1415063728,1.475103351
0.68,11.23803911,3.103296317,11.26173329,9.92065989,3.835498144,10.06432337,9.995891367,8.164348165,0,0.3123200991,0,1,0.1916254775,1,1.477008887,0.1507196035,1.476120437
0.7,11.20848805,3.126114766,11.23530674,9.864002026,3.869455343,10.01482745,9.954016583,8.087873902,0,0.3100382542,0,1,0.2020194463,1,1.47809335,0.1598469832,1.477110259
0.72,11.17891555,3.148720387,11.20904237,9.807907917,3.902775493,9.965993949,9.91229832,8.012412988,0,0.3077776921,0,1,0.2121991888,1,1.479152372,0.1688892314,1.478073248
0.74,11.14932212,3.171114958,11.182939,9.752371953,3.93546791,9.917812543,9.870735347,7.937950479,0,0.305538235,0,1,0.2221713741,1,1.48018588,0.1778470599,1.47900983
0.76,11.11970828,3.193300241,11.15699547,9.697388582,3.967541788,9.870273074,9.829326454,7.86447164,0,0.3033197067,0,1,0.2319423819,1,1.4811938,0.1867211732,1.479920422
0.78,11.09007454,3.215277978,11.13121064,9.642952304,3.999006198,9.823365532,9.788070454,7.791961938,0,0.301121933,0,1,0.2415183182,1,1.482176062,0.1955122681,1.480805437
0.8,11.06042141,3.237049894,11.10558337,9.589057676,4.029870095,9.777080064,9.746966185,7.720407042,0,0.2989447414,0,1,0.2509050295,1,1.483132596,0.2042210345,1.481665281
0.82,11.03074941,3.258617695,11.0801125,9.535699309,4.060142312,9.731406962,9.706012504,7.649792819,0,0.2967879613,0,1,0.2601081169,1,1.484063335,0.2128481548,1.482500355
0.84,11.00105905,3.279983069,11.0547969,9.482871867,4.08983157,9.686336668,9.665208292,7.580105333,0,0.2946514239,0,1,0.2691329488,1,1.484968212,0.2213943043,1.483311053
0.86,10.97135085,3.301147686,11.02963545,9.430570066,4.118946471,9.641859767,9.624552449,7.511330841,0,0.2925349622,0,1,0.2779846729,1,1.485847163,0.2298601512,1.484097763
0.88,10.94162534,3.322113201,11.00462702,9.378788677,4.147495507,9.597966988,9.5840439,7.443455794,0,0.2904384108,0,1,0.2866682273,1,1.486700126,0.238246357,1.484860868
0.9,10.91188302,3.342881248,10.9797705,9.327522521,4.175487056,9.554649203,9.543681588,7.376466829,0,0.288361606,0,1,0.2951883514,1,1.48752704,0.2465535758,1.485600747
0.92,10.88212443,3.363453446,10.95506476,9.276766472,4.202929385,9.51189742,9.503464479,7.310350773,0,0.2863043862,0,1,0.3035495958,1,1.488327847,0.2547824553,1.486317769
0.94,10.85235008,3.383831399,10.93050872,9.226515454,4.229830654,9.469702786,9.463391559,7.245094634,0,0.2842665909,0,1,0.3117563314,1,1.48910249,0.2629336363,1.487012303
0.96,10.8225605,3.40401669,10.90610125,9.176764443,4.256198911,9.428056582,9.423461833,7.180685606,0,0.2822480618,0,1,0.3198127588,1,1.489850913,0.2710077528,1.487684708
0.98,10.79275622,3.424010889,10.88184127,9.127508462,4.282042101,9.386950223,9.383674327,7.11711106,0,0.2802486419,0,1,0.3277229159,1,1.490573064,0.2790054324,1.48833534
1,10.76293776,3.443815548,10.85772769,9.078742586,4.307368063,9.346375256,9.344028088,7.054358547,0,0.278268176,0,1,0.3354906862,1,1.49126889,0.286927296,1.488964548
1.02,10.73310564,3.463432204,10.83375942,9.030461939,4.33218453,9.306323355,9.304522181,6.992415793,0,0.2763065104,0,1,0.3431198061,1,1.491938342,0.2947739584,1.489572678
1.04,10.7032604,3.482862377,10.80993539,8.982661692,4.356499135,9.266786323,9.265155691,6.931270697,0,0.2743634931,0,1,0.3506138717,1,1.492581372,0.3025460275,1.49016007
1.06,10.67340256,3.502107571,10.7862545,8.935337066,4.380319407,9.22775609,9.225927722,6.87091133,0,0.2724389737,0,1,0.3579763455,1,1.493197935,0.3102441053,1.490727058
1.08,10.64353266,3.521169277,10.76271571,8.888483327,4.403652777,9.189224708,9.186837397,6.811325931,0,0.2705328031,0,1,0.3652105628,1,1.493787986,0.3178687875,1.491273971
1.1,10.61365122,3.540048967,10.73931794,8.842095791,4.426506576,9.151184351,9.147883857,6.752502909,0,0.2686448341,0,1,0.3723197368,1,1.494351483,0.3254206635,1.491801135
1.12,10.58375878,3.5587481,10.71606014,8.796169819,4.448888037,9.113627315,9.109066262,6.694430834,0,0.2667749208,0,1,0.3793069653,1,1.494888385,0.3329003168,1.492308868
1.14,10.55385586,3.57726812,10.69294125,8.750700818,4.470804298,9.076546013,9.070383789,6.637098443,0,0.2649229188,0,1,0.3861752348,1,1.495398655,0.3403083248,1.492797486
1.16,10.52394301,3.595610455,10.66996023,8.705684241,4.492262399,9.039932977,9.031835636,6.580494632,0,0.2630886853,0,1,0.3929274263,1,1.495882256,0.3476452588,1.493267299
1.18,10.49402075,3.613776519,10.64711602,8.661115586,4.51326929,9.003780852,8.993421015,6.524608456,0,0.2612720789,0,1,0.3995663194,1,1.496339152,0.3549116846,1.493718613
1.2,10.46408962,3.631767712,10.6244076,8.616990397,4.533831824,8.968082397,8.955139157,6.469429127,0,0.2594729596,0,1,0.4060945973,1,1.496769312,0.3621081617,1.494151727
1.22,10.43415016,3.649585419,10.60183394,8.573304261,4.553956765,8.932830485,8.91698931,6.414946013,0,0.2576911889,0,1,0.4125148505,1,1.497172705,0.3692352444,1.494566939
1.24,10.40420289,3.66723101,10.57939399,8.530052809,4.573650785,8.898018097,8.878970739,6.361148635,0,0.2559266298,0,1,0.4188295812,1,1.4975493,0.3762934809,1.494964539
1.26,10.37424836,3.684705843,10.55708675,8.487231716,4.592920467,8.863638323,8.841082726,6.308026666,0,0.2541791465,0,1,0.4250412066,1,1.497899072,0.383283414,1.495344815
1.28,10.34428711,3.70201126,10.5349112,8.4448367,4.611772306,8.829684361,8.80332457,6.255569926,0,0.2524486048,0,1,0.4311520632,1,1.498221996,0.3902055809,1.49570805
1.3,10.31431966,3.719148591,10.51286632,8.402863522,4.630212709,8.796149515,8.765695585,6.203768385,0,0.2507348717,0,1,0.4371644096,1,1.498518047,0.3970605133,1.496054522
1.32,10.28434657,3.736119152,10.49095111,8.361307984,4.648247997,8.763027192,8.728195102,6.152612157,0,0.2490378156,0,1,0.4430804299,1,1.498787205,0.4038487376,1.496384505
1.34,10.25436835,3.752924245,10.46916456,8.32016593,4.665884407,8.730310902,8.690822467,6.102091502,0,0.2473573063,0,1,0.4489022371,1,1.499029451,0.4105707749,1.496698269
1.36,10.22438571,3.76956516,10.44750567,8.279433247,4.683128091,8.697994255,8.653577145,6.05219682,0.0002111594432,0.2456932148,0,1,0.4546318757,1,1.499244766,0.4172271407,1.49699608
1.38,10.19443308,3.786043171,10.42597347,8.239105861,4.699985117,8.666070963,8.616481988,6.002918652,0.003206423172,0.2440454137,0,1,0.4602713241,1,1.499432937,0.4238183451,1.497278199
1.4,10.1645368,3.802359539,10.40456695,8.199179738,4.716461475,8.634534834,8.579554204,5.954247678,0.006196051126,0.2424137769,0,1,0.4658224969,1,1.499593915,0.4303448923,1.497544884
1.42,10.1346973,3.818515512,10.38328514,8.159650888,4.732563069,8.603379774,8.542793031,5.906174714,0.009180000383,0.2407981796,0,1,0.4712872491,1,1.49972785,0.4368072815,1.497796387
1.44,10.10491502,3.834512328,10.36212706,8.120515356,4.748295726,8.572599783,8.506197714,5.858690713,0.01215822841,0.239198498,0,1,0.476667378,1,1.499834893,0.4432060081,1.49803296
1.46,10.07519038,3.850351216,10.34109174,8.081769229,4.763665196,8.542188956,8.469767504,5.811786758,0.01513069306,0.2376146092,0,1,0.4819646261,1,1.499915196,0.4495415632,1.498254846
1.48,10.04552378,3.866033393,10.32017821,8.043408632,4.778677146,8.51214148,8.433501661,5.765454067,0.01809735257,0.2360463915,0,1,0.4871806829,1,1.499968914,0.4558144339,1.498462289
1.5,10.01591565,3.881560066,10.29938551,8.00542973,4.793337171,8.482451634,8.397399451,5.719683987,0.02105816558,0.2344937242,0,1,0.492317187,1,1.4999962,0.4620251033,1.498655525
1.52,9.986366397,3.896932434,10.27871267,7.967828724,4.807650788,8.453113786,8.361460146,5.674467992,0.02401309111,0.2329564874,0,1,0.4973757283,1,1.499997212,0.4681740504,1.498834789
1.54,9.956876422,3.912151684,10.25815876,7.930601855,4.821623439,8.424122393,8.325683025,5.629797684,0.0269620886,0.2314345624,0,1,0.5023578496,1,1.499972105,0.4742617503,1.499000311
1.56,9.92744613,3.927218994,10.23772282,7.893745399,4.835260491,8.395471999,8.290067376,5.58566479,0.02990511785,0.2299278314,0,1,0.5072650484,1,1.499921039,0.4802886742,1.499152318
1.58,9.898075917,3.942135532,10.2174039,7.85725567,4.848567241,8.367157233,8.254612489,5.54206116,0.03284213909,0.2284361776,0,1,0.5120987789,1,1.499844172,0.4862552897,1.499291033
1.6,9.868766179,3.956902459,10.19720108,7.821129021,4.861548911,8.339172811,8.219317665,5.498978767,0.03577311292,0.226959485,0,1,0.5168604532,1,1.499741665,0.4921620602,1.499416676
1.62,9.839517304,3.971520922,10.17711341,7.785361838,4.874210653,8.311513531,8.184182206,5.456409704,0.03869800037,0.2254976386,0,1,0.5215514432,1,1.49961368,0.4980094455,1.499529463
1.64,9.81032968,3.985992063,10.15713997,7.749950544,4.886557548,8.284174272,8.149205425,5.414346181,0.04161676285,0.2240505245,0,1,0.5261730818,1,1.499460378,0.5037979019,1.499629605
1.66,9.781203686,4.000317012,10.13727983,7.714891599,4.898594608,8.257149997,8.114386638,5.372780528,0.04452936217,0.2226180296,0,1,0.5307266647,1,1.499281923,0.5095278817,1.499717314
1.68,9.752139702,4.014496893,10.11753208,7.680181496,4.910326777,8.230435746,8.079725167,5.331705189,0.04743576056,0.2212000415,0,1,0.5352134513,1,1.499078479,0.5151998338,1.499792793
1.7,9.723138102,4.028532816,10.09789581,7.645816764,4.921758931,8.20402664,8.04522034,5.291112723,0.05033592065,0.2197964492,0,1,0.5396346665,1,1.498850212,0.5208142033,1.499856246
1.72,9.694199253,4.042425888,10.0783701,7.611793967,4.932895878,8.177917875,8.010871489,5.250995801,0.05322980548,0.218407142,0,1,0.5439915014,1,1.498597289,0.526371432,1.499907872
1.74,9.665323523,4.056177203,10.05895405,7.578109702,4.94374236,8.152104725,7.976677955,5.211347205,0.05611737847,0.2170320105,0,1,0.548285115,1,1.498319875,0.5318719579,1.499947866
1.76,9.636511273,4.069787848,10.03964676,7.544760602,4.954303057,8.126582539,7.94263908,5.172159829,0.05899860348,0.215670946,0,1,0.552516635,1,1.498018139,0.5373162158,1.499976422
1.78,9.60776286,4.0832589,10.02044735,7.51174333,4.964582581,8.10134674,7.908754215,5.133426674,0.06187344476,0.2143238408,0,1,0.556687159,1,1.49769225,0.5427046369,1.499993729
1.8,9.579078638,4.096591431,10.00135491,7.479054586,4.974585482,8.076392823,7.875022711,5.095140846,0.06474186699,0.2129905877,0,1,0.5607977558,1,1.497342378,0.5480376491,1.499999972
1.82,9.550458956,4.1097865,9.982368559,7.4466911,4.984316247,8.051716357,7.841443929,5.057295559,0.06760383524,0.2116710808,0,1,0.5648494658,1,1.496968693,0.5533156768,1.499995337
1.84,9.521904158,4.122845161,9.963487427,7.414649637,4.993779302,8.027312979,7.808017232,5.019884132,0.07045931498,0.2103652147,0,1,0.5688433026,1,1.496571365,0.5585391413,1.499980002
1.86,9.493414587,4.135768459,9.944710634,7.382926991,5.00297901,8.003178399,7.774741988,4.982899983,0.07330827214,0.2090728849,0,1,0.5727802535,1,1.496150568,0.5637084605,1.499954146
1.88,9.464990578,4.148557431,9.92603731,7.351519991,5.011919676,7.979308393,7.74161757,4.946336634,0.07615067301,0.2077939877,0,1,0.5766612808,1,1.495706474,0.5688240491,1.499917943
1.9,9.436632465,4.161213104,9.907466591,7.320425496,5.020605543,7.955698806,7.708643355,4.910187708,0.07898648432,0.2065284204,0,1,0.580487322,1,1.495239255,0.5738863184,1.499871564
1.92,9.408340576,4.1737365,9.888997615,7.289640396,5.029040797,7.932345549,7.675818724,4.874446924,0.08181567321,0.2052760808,0,1,0.5842592914,1,1.494749087,0.5788956769,1.499815177
1.94,9.380115236,4.186128632,9.870629527,7.259161613,5.037229566,7.909244599,7.643143063,4.839108099,0.08463820723,0.2040368676,0,1,0.5879780803,1,1.494236143,0.5838525296,1.499748949
1.96,9.351956765,4.198390504,9.852361475,7.228986099,5.045175918,7.886391999,7.610615761,4.804165147,0.08745405434,0.2028106804,0,1,0.5916445579,1,1.493700599,0.5887572786,1.499673043
1.98,9.323865479,4.210523115,9.834192615,7.199110836,5.052883869,7.863783854,7.578236213,4.769612076,0.09026318294,0.2015974193,0,1,0.5952595722,1,1.493142632,0.5936103228,1.499587619
2,9.29584169,4.222527454,9.816122104,7.169532837,5.060357375,7.841416333,7.546003815,4.735442988,0.0930655618,0.2003969854,0,1,0.5988239506,1,1.492562416,0.5984120583,1.499492834
2.02,9.267885707,4.234404503,9.798149106,7.140249145,5.067600338,7.819285665,7.51391797,4.701652076,0.09586116016,0.1992092805,0,1,0.6023385003,1,1.49196013,0.603162878,1.499388843
2.04,9.239997832,4.246155237,9.780272789,7.111256829,5.074616607,7.797388141,7.481978082,4.668233626,0.09864994763,0.1980342071,0,1,0.6058040095,1,1.491335951,0.6078631717,1.499275799
2.06,9.212178366,4.257780625,9.762492325,7.082552993,5.081409976,7.775720114,7.45018356,4.63518201,0.1014318943,0.1968716683,0,1,0.6092212475,1,1.490690056,0.6125133267,1.499153852
2.08,9.184427603,4.269281625,9.744806894,7.054134764,5.087984186,7.754277992,7.418533817,4.602491692,0.1042069705,0.1957215683,0,1,0.6125909656,1,1.490022625,0.6171137269,1.499023147
2.1,9.156745836,4.280659192,9.727215676,7.025999301,5.094342926,7.733058245,7.387028267,4.570157222,0.1069751472,0.1945838116,0,1,0.6159138973,1,1.489333836,0.6216647537,1.498883831
2.12,9.129133351,4.291914271,9.70971786,6.998143791,5.100489832,7.712057399,7.35566633,4.538173234,0.1097363958,0.1934583037,0,1,0.6191907595,1,1.488623869,0.6261667854,1.498736044
2.14,9.10159043,4.303047802,9.692312637,6.970565447,5.106428491,7.691272034,7.324447429,4.50653445,0.1124906878,0.1923449506,0,1,0.6224222524,1,1.487892904,0.6306201976,1.498579927
2.16,9.074117354,4.314060716,9.674999203,6.943261513,5.112162439,7.67069879,7.293370988,4.475235672,0.1152379954,0.1912436592,0,1,0.6256090604,1,1.48714112,0.6350253632,1.498415617
2.18,9.046714396,4.324953938,9.657776761,6.916229258,5.117695161,7.650334359,7.262436435,4.444271788,0.1179782912,0.190154337,0,1,0.6287518523,1,1.486368698,0.6393826521,1.498243249
2.2,9.019381827,4.335728388,9.640644515,6.889465978,5.123030094,7.630175488,7.231643203,4.413637765,0.1207115481,0.189076892,0,1,0.631851282,1,1.48557582,0.6436924318,1.498062955
2.22,8.992119913,4.346384975,9.623601677,6.862968997,5.128170626,7.610218975,7.200990726,4.38332865,0.1234377395,0.1880112333,0,1,0.6349079888,1,1.484762666,0.6479550669,1.497874865
2.24,8.964928917,4.356924606,9.606647462,6.836735665,5.133120097,7.590461673,7.170478441,4.35333957,0.1261568391,0.1869572702,0,1,0.6379225982,1,1.483929418,0.6521709193,1.497679107
2.26,8.937809096,4.367348179,9.58978109,6.810763359,5.137881802,7.570900486,7.140105787,4.323665729,0.1288688213,0.1859149129,0,1,0.6408957216,1,1.483076257,0.6563403484,1.497475807
2.28,8.910760703,4.377656585,9.573001786,6.785049483,5.142458987,7.551532368,7.109872208,4.294302408,0.1315736605,0.1848840723,0,1,0.6438279575,1,1.482203366,0.6604637109,1.497265088
2.3,8.88378399,4.38785071,9.556308779,6.759591463,5.146854851,7.532354322,7.079777149,4.265244964,0.1342713318,0.1838646598,0,1,0.6467198915,1,1.481310927,0.6645413609,1.497047072
2.32,8.856879201,4.397931433,9.539701303,6.734386755,5.151072551,7.513363402,7.049820056,4.236488826,0.1369618107,0.1828565875,0,1,0.6495720965,1,1.480399123,0.6685736501,1.496821877
2.34,8.830046577,4.407899627,9.523178598,6.709432838,5.155115196,7.49455671,7.020000382,4.208029501,0.1396450731,0.1818597681,0,1,0.6523851336,1,1.479468135,0.6725609275,1.49658962
2.36,8.803286357,4.417756158,9.506739905,6.684727217,5.158985854,7.475931395,6.990317577,4.179862565,0.1423210951,0.1808741151,0,1,0.6551595519,1,1.478518147,0.6765035398,1.496350417
2.38,8.776598772,4.427501885,9.490384473,6.660267421,5.162687545,7.457484655,6.960771097,4.151983665,0.1449898536,0.1798995423,0,1,0.6578958892,1,1.477549342,0.6804018309,1.49610438
2.4,8.749984053,4.437137665,9.474111555,6.636051003,5.166223249,7.43921373,6.931360399,4.12438852,0.1476513255,0.1789359643,0,1,0.6605946723,1,1.476561902,0.6842561427,1.49585162
2.42,8.723442423,4.446664344,9.457920407,6.612075544,5.169595904,7.42111591,6.902084941,4.097072918,0.1503054885,0.1779832964,0,1,0.6632564171,1,1.475556011,0.6880668143,1.495592246
2.44,8.696974105,4.456082764,9.441810293,6.588338643,5.172808403,7.403188528,6.872944187,4.070032714,0.1529523203,0.1770414544,0,1,0.6658816289,1,1.474531853,0.6918341824,1.495326364
2.46,8.670579314,4.465393762,9.425780477,6.56483793,5.1758636,7.385428961,6.843937599,4.043263831,0.1555917994,0.1761103546,0,1,0.668470803,1,1.47348961,0.6955585815,1.495054079
2.48,8.644258263,4.474598167,9.40983023,6.541571052,5.178764308,7.36783463,6.815064642,4.016762259,0.1582239046,0.1751899141,0,1,0.6710244249,1,1.472429465,0.6992403436,1.494775495
2.5,8.61801116,4.483696804,9.39395883,6.518535683,5.181513298,7.350402998,6.786324784,3.990524052,0.1608486148,0.1742800504,0,1,0.6735429704,1,1.471351603,0.7028797984,1.494490711
2.52,8.591838211,4.492690492,9.378165555,6.49572952,5.184113302,7.33313157,6.757717494,3.964545329,0.1634659098,0.1733806816,0,1,0.6760269058,1,1.470256206,0.7064772734,1.494199829
2.54,8.565739614,4.501580043,9.36244969,6.473150282,5.186567012,7.316017895,6.729242243,3.938822271,0.1660757694,0.1724917265,0,1,0.6784766887,1,1.469143457,0.7100330938,1.493902944
2.56,8.539715568,4.510366264,9.346810524,6.450795712,5.188877084,7.299059559,6.700898505,3.913351122,0.168678174,0.1716131044,0,1,0.6808927676,1,1.468013541,0.7135475824,1.493600153
2.58,8.513766263,4.519049958,9.331247352,6.428663573,5.191046132,7.282254191,6.672685753,3.88812819,0.1712731045,0.1707447351,0,1,0.6832755823,1,1.466866639,0.7170210598,1.493291548
2.6,8.487891888,4.527631919,9.315759472,6.406751652,5.193076734,7.265599459,6.644603464,3.863149839,0.173860542,0.1698865389,0,1,0.6856255647,1,1.465702936,0.7204538444,1.492977223
2.62,8.462092628,4.53611294,9.300346186,6.385057759,5.19497143,7.24909307,6.616651116,3.838412495,0.176440468,0.1690384369,0,1,0.687943138,1,1.464522614,0.7238462526,1.492657268
2.64,8.436368662,4.544493804,9.285006801,6.363579724,5.196732725,7.232732768,6.588828187,3.813912644,0.1790128646,0.1682003504,0,1,0.690228718,1,1.463325856,0.7271985982,1.492331771
2.66,8.410720166,4.552775291,9.26974063,6.342315399,5.198363084,7.216516336,6.561134159,3.789646826,0.1815777142,0.1673722017,0,1,0.6924827125,1,1.462112844,0.7305111933,1.492000819
2.68,8.385147313,4.560958177,9.254546989,6.321262657,5.19986494,7.200441595,6.533568515,3.765611642,0.1841349995,0.1665539131,0,1,0.6947055219,1,1.460883762,0.7337843475,1.491664497
2.7,8.359650271,4.56904323,9.239425199,6.300419393,5.201240688,7.184506401,6.506130737,3.741803745,0.1866847037,0.1657454079,0,1,0.6968975393,1,1.459638792,0.7370183686,1.49132289
2.72,8.334229204,4.577031213,9.224374584,6.279783524,5.202492689,7.168708647,6.47882031,3.718219847,0.1892268104,0.1649466095,0,1,0.6990591507,1,1.458378115,0.740213562,1.490976078
2.74,8.308884272,4.584922886,9.209394476,6.259352985,5.20362327,7.153046261,6.451636722,3.694856712,0.1917613036,0.1641574422,0,1,0.7011907352,1,1.457101914,0.7433702313,1.490624144
2.76,8.283615631,4.592719003,9.194484207,6.239125733,5.204634722,7.137517206,6.42457946,3.671711157,0.1942881677,0.1633778305,0,1,0.7032926651,1,1.45581037,0.7464886778,1.490267165
2.78,8.258423434,4.600420311,9.179643117,6.219099745,5.205529306,7.12211948,6.397648013,3.648780054,0.1968073874,0.1626076997,0,1,0.7053653062,1,1.454503666,0.749569201,1.489905219
2.8,8.233307829,4.608027554,9.164870548,6.19927302,5.206309245,7.106851113,6.37084187,3.626060325,0.1993189479,0.1618469754,0,1,0.7074090178,1,1.453181982,0.7526120982,1.489538382
2.82,8.20826896,4.61554147,9.150165849,6.179643573,5.206976733,7.09171017,6.344160523,3.603548942,0.2018228348,0.1610955838,0,1,0.7094241531,1,1.451845498,0.7556176649,1.489166729
2.84,8.183306968,4.622962794,9.13552837,6.160209443,5.207533931,7.076694749,6.317603465,3.581242931,0.204319034,0.1603534514,0,1,0.7114110592,1,1.450494396,0.7585861944,1.488790332
2.86,8.15842199,4.630292253,9.120957469,6.140968686,5.207982968,7.061802979,6.291170188,3.559139363,0.2068075318,0.1596205055,0,1,0.7133700772,1,1.449128857,0.7615179781,1.488409263
2.88,8.133614159,4.637530572,9.106452507,6.121919378,5.20832594,7.047033021,6.264860188,3.53723536,0.2092883149,0.1588966736,0,1,0.7153015424,1,1.447749058,0.7644133055,1.488023593
2.9,8.108883603,4.644678469,9.092012847,6.103059613,5.208564914,7.032383068,6.238672959,3.515528092,0.2117613705,0.158181884,0,1,0.7172057847,1,1.446355182,0.7672724642,1.48763339
2.92,8.084230448,4.651736658,9.07763786,6.084387506,5.208701926,7.017851343,6.212607998,3.494014775,0.214226686,0.157476065,0,1,0.7190831282,1,1.444947405,0.7700957398,1.487238721
2.94,8.059654814,4.658705848,9.063326919,6.06590119,5.208738981,7.0034361,6.186664802,3.472692673,0.2166842494,0.156779146,0,1,0.7209338919,1,1.443525908,0.7728834161,1.486839653
2.96,8.03515682,4.665586746,9.049079403,6.047598815,5.208678054,6.989135622,6.160842871,3.451559093,0.2191340488,0.1560910562,0,1,0.7227583893,1,1.442090869,0.775635775,1.48643625
2.98,8.010736578,4.672380049,9.034894695,6.029478552,5.208521093,6.974948222,6.135141702,3.430611389,0.221576073,0.1554117259,0,1,0.7245569291,1,1.440642466,0.7783530965,1.486028576
3,7.9863942,4.679086455,9.02077218,6.011538589,5.208270013,6.96087224,6.109560796,3.40984696,0.2240103108,0.1547410853,0,1,0.7263298149,1,1.439180875,0.7810356587,1.485616693
3.02,7.962129791,4.685706653,9.00671125,5.993777132,5.207926704,6.946906047,6.084099654,3.389263245,0.2264367517,0.1540790655,0,1,0.7280773453,1,1.437706275,0.7836837381,1.485200662
3.04,7.937943453,4.692241331,8.992711302,5.976192404,5.207493025,6.933048041,6.058757778,3.368857728,0.2288553855,0.1534255977,0,1,0.7297998144,1,1.436218842,0.7862976091,1.484780542
3.06,7.913835285,4.698691169,8.978771733,5.958782647,5.20697081,6.919296647,6.033534669,3.348627937,0.2312662023,0.1527806139,0,1,0.7314975116,1,1.434718752,0.7888775444,1.484356392
3.08,7.889805382,4.705056846,8.964891949,5.94154612,5.206361862,6.905650316,6.008429832,3.328571437,0.2336691926,0.1521440462,0,1,0.7331707216,1,1.43320618,0.7914238151,1.48392827
3.1,7.865853835,4.711339034,8.951071358,5.924481099,5.205667961,6.892107529,5.98344277,3.308685837,0.2360643473,0.1515158274,0,1,0.7348197249,1,1.431681302,0.7939366903,1.483496231
3.12,7.841980732,4.717538402,8.937309372,5.907585878,5.204890856,6.878666789,5.958572988,3.288968785,0.2384516576,0.1508958906,0,1,0.7364447977,1,1.430144293,0.7964164375,1.483060329
3.14,7.818186157,4.723655614,8.923605409,5.890858767,5.204032272,6.865326628,5.93381999,3.269417968,0.2408311151,0.1502841694,0,1,0.7380462119,1,1.428595325,0.7988633223,1.48262062
3.16,7.79447019,4.72969133,8.909958888,5.874298094,5.203093907,6.852085602,5.909183284,3.250031113,0.2432027118,0.1496805978,0,1,0.7396242353,1,1.427034574,0.8012776088,1.482177156
3.18,7.770832907,4.735646206,8.896369236,5.857902202,5.202077435,6.838942292,5.884662375,3.230805984,0.2455664401,0.1490851102,0,1,0.7411791316,1,1.425462211,0.8036595592,1.481729987
3.2,7.747274383,4.741520894,8.882835882,5.841669452,5.200984502,6.825895304,5.860256771,3.211740383,0.2479222925,0.1484976414,0,1,0.7427111608,1,1.423878409,0.8060094342,1.481279165
3.22,7.723794685,4.74731604,8.86935826,5.825598221,5.19981673,6.812943267,5.835965979,3.192832148,0.2502702623,0.1479181268,0,1,0.7442205789,1,1.42228334,0.8083274927,1.480824739
3.24,7.700393881,4.753032288,8.855935806,5.809686901,5.198575718,6.800084834,5.811789509,3.174079154,0.2526103427,0.147346502,0,1,0.7457076383,1,1.420677175,0.8106139919,1.480366757
3.26,7.677072032,4.758670277,8.842567964,5.793933901,5.197263038,6.787318684,5.787726868,3.155479313,0.2549425276,0.1467827032,0,1,0.7471725874,1,1.419060085,0.8128691874,1.479905266
3.28,7.653829198,4.764230641,8.829254179,5.778337646,5.195880239,6.774643514,5.763777567,3.137030569,0.257266811,0.1462266667,0,1,0.7486156715,1,1.417432239,0.8150933333,1.479440313
3.3,7.630665433,4.769714012,8.815993903,5.762896577,5.194428848,6.762058049,5.739941115,3.118730904,0.2595831875,0.1456783296,0,1,0.7500371319,1,1.415793806,0.8172866817,1.478971943
3.32,7.60758079,4.775121017,8.802786588,5.747609149,5.192910364,6.749561032,5.716217023,3.100578331,0.2618916518,0.1451376291,0,1,0.7514372068,1,1.414144955,0.8194494835,1.478500201
3.34,7.584575316,4.780452277,8.789631694,5.732473833,5.191326269,6.737151231,5.692604803,3.082570897,0.2641921992,0.1446045031,0,1,0.752816131,1,1.412485854,0.8215819876,1.478025128
3.36,7.561649058,4.785708412,8.776528684,5.717489116,5.189678016,6.724827433,5.669103966,3.064706684,0.266484825,0.1440788896,0,1,0.7541741358,1,1.41081667,0.8236844417,1.477546769
3.38,7.538802056,4.790890037,8.763477024,5.7026535,5.187967041,6.712588447,5.645714024,3.046983804,0.2687695252,0.1435607271,0,1,0.7555114495,1,1.40913757,0.8257570916,1.477065164
3.4,7.516034348,4.795997762,8.750476186,5.687965501,5.186194754,6.700433104,5.62243449,3.0294004,0.271046296,0.1430499546,0,1,0.7568282974,1,1.40744872,0.8278001818,1.476580354
3.42,7.49334597,4.801032196,8.737525643,5.673423649,5.184362546,6.688360253,5.599264876,3.01195465,0.2733151338,0.1425465113,0,1,0.7581249013,1,1.405750284,0.829813955,1.476092377
3.44,7.470736952,4.805993939,8.724624876,5.659026491,5.182471783,6.676368767,5.576204697,2.994644757,0.2755760356,0.1420503369,0,1,0.7594014802,1,1.404042427,0.8317986526,1.475601274
3.46,7.448207323,4.810883594,8.711773366,5.644772588,5.180523813,6.664457535,5.553253467,2.97746896,0.2778289985,0.1415613715,0,1,0.7606582504,1,1.402325312,0.8337545142,1.475107082
3.48,7.425757107,4.815701753,8.698970602,5.630660513,5.178519961,6.652625467,5.5304107,2.960425524,0.2800740201,0.1410795555,0,1,0.761895425,1,1.400599103,0.8356817781,1.474609838
3.5,7.403386326,4.820449011,8.686216075,5.616688856,5.176461532,6.640871493,5.507675911,2.943512744,0.2823110982,0.1406048297,0,1,0.7631132142,1,1.398863961,0.8375806811,1.474109577
3.52,7.381094998,4.825125954,8.673509279,5.602856219,5.174349811,6.629194561,5.485048615,2.926728943,0.284540231,0.1401371354,0,1,0.7643118258,1,1.397120049,0.8394514582,1.473606336
3.54,7.358883138,4.829733167,8.660849714,5.589161219,5.172186062,6.617593636,5.462528329,2.910072474,0.286761417,0.1396764142,0,1,0.7654914646,1,1.395367526,0.8412943434,1.473100148
3.56,7.336750757,4.83427123,8.648236882,5.575602486,5.169971529,6.606067704,5.440114568,2.893541715,0.2889746551,0.1392226078,0,1,0.7666523328,1,1.393606552,0.8431095687,1.472591047
3.58,7.314697865,4.838740721,8.635670291,5.562178665,5.167707438,6.594615768,5.41780685,2.877135074,0.2911799444,0.1387756587,0,1,0.76779463,1,1.391837287,0.8448973651,1.472079067
3.6,7.292724465,4.843142213,8.623149452,5.548888414,5.165394993,6.583236847,5.395604692,2.860850984,0.2933772843,0.1383355095,0,1,0.7689185534,1,1.390059888,0.8466579618,1.471564239
3.62,7.270830561,4.847476275,8.61067388,5.535730403,5.163035382,6.57192998,5.37350761,2.844687905,0.2955666748,0.1379021033,0,1,0.7700242975,1,1.388274513,0.8483915868,1.471046594
3.64,7.249016151,4.851743474,8.598243093,5.522703316,5.160629771,6.560694221,5.351515124,2.828644322,0.2977481158,0.1374753834,0,1,0.7711120544,1,1.386481318,0.8500984665,1.470526164
3.66,7.227281231,4.855944373,8.585856614,5.50980585,5.15817931,6.549528642,5.329626752,2.812718746,0.2999216078,0.1370552935,0,1,0.7721820139,1,1.384680459,0.851778826,1.470002977
3.68,7.205625794,4.86007953,8.57351397,5.497036717,5.155685129,6.538432331,5.307842012,2.796909713,0.3020871515,0.1366417778,0,1,0.7732343634,1,1.382872092,0.8534328888,1.469477064
3.7,7.184049829,4.864149501,8.561214692,5.484394639,5.153148342,6.527404391,5.286160424,2.781215784,0.3042447479,0.1362347807,0,1,0.7742692879,1,1.38105637,0.8550608773,1.468948453
3.72,7.162553324,4.868154839,8.548958314,5.471878351,5.150570042,6.516443943,5.264581508,2.765635542,0.3063943984,0.1358342469,0,1,0.7752869702,1,1.379233445,0.8566630122,1.46841717
3.74,7.141136261,4.872096091,8.536744373,5.459486603,5.147951308,6.505550123,5.243104784,2.750167596,0.3085361047,0.1354401218,0,1,0.7762875909,1,1.377403472,0.858239513,1.467883245
3.76,7.119798622,4.875973802,8.524572413,5.447218154,5.145293198,6.494722082,5.221729773,2.734810578,0.3106698686,0.1350523506,0,1,0.7772713284,1,1.3755666,0.8597905977,1.467346702
3.78,7.098540384,4.879788516,8.512441979,5.435071779,5.142596757,6.483958985,5.200455995,2.719563141,0.3127956924,0.1346708792,0,1,0.778238359,1,1.373722981,0.8613164831,1.466807567
3.8,7.077361522,4.883540769,8.500352621,5.423046262,5.139863009,6.473260015,5.179282972,2.704423962,0.3149135786,0.1342956539,0,1,0.7791888568,1,1.371872765,0.8628173845,1.466265866
3.82,7.056262007,4.887231098,8.488303892,5.411140401,5.137092965,6.462624368,5.158210227,2.689391741,0.3170235301,0.133926621,0,1,0.780122994,1,1.370016099,0.8642935159,1.465721623
3.84,7.035241808,4.890860033,8.47629535,5.399353005,5.134287618,6.452051252,5.137237282,2.674465197,0.31912555,0.1335637275,0,1,0.7810409406,1,1.368153133,0.8657450898,1.465174862
3.86,7.014300892,4.894428102,8.464326556,5.387682896,5.131447943,6.441539893,5.116363659,2.659643073,0.3212196417,0.1332069206,0,1,0.7819428647,1,1.366284013,0.8671723177,1.464625606
3.88,6.99343922,4.897935832,8.452397074,5.376128906,5.128574902,6.431089529,5.095588883,2.644924131,0.3233058088,0.1328561476,0,1,0.7828289325,1,1.364408884,0.8685754095,1.464073878
3.9,6.972656755,4.901383743,8.440506473,5.364689881,5.125669441,6.420699412,5.074912477,2.630307155,0.3253840553,0.1325113565,0,1,0.7836993083,1,1.362527893,0.8699545739,1.463519699
3.92,6.951953452,4.904772353,8.428654326,5.353364675,5.122732488,6.410368807,5.054333965,2.615790948,0.3274543856,0.1321724955,0,1,0.7845541543,1,1.360641184,0.8713100181,1.462963092
3.94,6.931329267,4.908102179,8.416840208,5.342152158,5.119764958,6.400096993,5.033852873,2.601374334,0.3295168041,0.1318395129,0,1,0.7853936312,1,1.358748899,0.8726419484,1.462404076
3.96,6.910784152,4.911373732,8.4050637,5.331051207,5.11676775,6.389883261,5.013468726,2.587056156,0.3315713156,0.1315123576,0,1,0.7862178976,1,1.356851182,0.8739505694,1.461842673
3.98,6.890318055,4.91458752,8.393324384,5.320060712,5.11374175,6.379726915,4.99318105,2.572835276,0.3336179253,0.1311909788,0,1,0.7870271103,1,1.354948173,0.8752360846,1.461278902
4,6.869930924,4.917744049,8.381621849,5.309179574,5.110687825,6.369627272,4.972989371,2.558710574,0.3356566385,0.1308753259,0,1,0.7878214247,1,1.353040014,0.8764986962,1.460712782
4.02,6.849622701,4.920843821,8.369955683,5.298406705,5.107606833,6.359583662,4.952893216,2.544680951,0.3376874607,0.1305653487,0,1,0.7886009942,1,1.351126843,0.8777386051,1.460144333
4.04,6.829393328,4.923887336,8.358325483,5.287741029,5.104499613,6.349595425,4.932892114,2.530745324,0.339710398,0.1302609972,0,1,0.7893659704,1,1.3492088,0.878956011,1.459573572
4.06,6.809242744,4.926875089,8.346730845,5.277181477,5.101366993,6.339661915,4.912985592,2.516902629,0.3417254564,0.1299622219,0,1,0.7901165035,1,1.347286022,0.8801511123,1.459000517
4.08,6.789170884,4.929807573,8.335171372,5.266726995,5.098209786,6.329782497,4.893173178,2.503151819,0.3437326424,0.1296689735,0,1,0.790852742,1,1.345358646,0.8813241061,1.458425185
4.1,6.769177681,4.932685279,8.323646669,5.256376537,5.095028791,6.319956546,4.873454403,2.489491864,0.3457319627,0.1293812029,0,1,0.7915748328,1,1.343426807,0.8824751884,1.457847593
4.12,6.749263066,4.935508693,8.312156345,5.246129067,5.091824794,6.31018345,4.853828796,2.475921752,0.3477234242,0.1290988615,0,1,0.792282921,1,1.341490641,0.8836045538,1.457267757
4.14,6.729426968,4.938278298,8.300700011,5.235983562,5.088598569,6.300462609,4.834295887,2.462440486,0.349707034,0.128821901,0,1,0.7929771505,1,1.339550281,0.8847123958,1.456685693
4.16,6.709669311,4.940994575,8.289277284,5.225939006,5.085350874,6.290793431,4.814855208,2.449047087,0.3516827997,0.1285502733,0,1,0.7936576634,1,1.337605859,0.8857989066,1.456101417
4.18,6.689990019,4.943658001,8.277887784,5.215994395,5.082082456,6.281175336,4.795506291,2.435740591,0.3536507289,0.1282839307,0,1,0.7943246004,1,1.335657509,0.8868642773,1.455514943
4.2,6.670389013,4.946269052,8.266531132,5.206148734,5.078794049,6.271607757,4.776248667,2.422520051,0.3556108295,0.1280228256,0,1,0.7949781008,1,1.33370536,0.8879086977,1.454926285
4.22,6.65086621,4.948828199,8.255206956,5.19640104,5.075486374,6.262090133,4.75708187,2.409384533,0.3575631098,0.1277669109,0,1,0.7956183024,1,1.331749543,0.8889323565,1.454335459
4.24,6.631421527,4.951335911,8.243914886,5.186750336,5.072160142,6.252621915,4.738005434,2.396333122,0.3595075781,0.1275161397,0,1,0.7962453415,1,1.329790186,0.889935441,1.453742476
4.26,6.612054877,4.953792652,8.232654554,5.177195659,5.068816047,6.243202566,4.719018893,2.383364913,0.3614442431,0.1272704656,0,1,0.796859353,1,1.327827418,0.8909181377,1.453147351
4.28,6.59276617,4.956198887,8.221425599,5.167736052,5.065454775,6.233831556,4.700121782,2.370479021,0.3633731138,0.1270298421,0,1,0.7974604705,1,1.325861364,0.8918806315,1.452550096
4.3,6.573555316,4.958555074,8.210227659,5.15837057,5.062077,6.224508366,4.681313637,2.357674572,0.3652941992,0.1267942234,0,1,0.7980488262,1,1.323892152,0.8928231065,1.451950724
4.32,6.554422221,4.960861672,8.199060378,5.149098276,5.058683382,6.215232486,4.662593995,2.344950706,0.3672075087,0.1265635637,0,1,0.7986245511,1,1.321919906,0.8937457454,1.451349247
4.34,6.535366788,4.963119133,8.187923404,5.139918243,5.05527457,6.206003415,4.643962392,2.33230658,0.369113052,0.1263378175,0,1,0.7991877746,1,1.319944751,0.8946487299,1.450745676
4.36,6.51638892,4.96532791,8.176816386,5.130829553,5.051851204,6.196820662,4.625418367,2.319741361,0.3710108388,0.1261169399,0,1,0.7997386251,1,1.317966808,0.8955322406,1.450140023
4.38,6.497488515,4.96748845,8.165738979,5.121831297,5.04841391,6.187683744,4.606961458,2.307254232,0.3729008793,0.1259008858,0,1,0.8002772295,1,1.315986199,0.8963964568,1.449532298
4.4,6.478665472,4.9696012,8.154690839,5.112922575,5.044963305,6.178592188,4.588591205,2.294844387,0.3747831836,0.1256896108,0,1,0.8008037134,1,1.314003047,0.8972415566,1.448922511
4.42,6.459919685,4.9716666,8.143671628,5.104102496,5.041499993,6.169545529,4.570307149,2.282511036,0.3766577623,0.1254830708,0,1,0.8013182013,1,1.31201747,0.898067717,1.448310675
4.44,6.441251048,4.973685092,8.132681009,5.095370179,5.038024569,6.160543309,4.552108832,2.270253399,0.378524626,0.1252812216,0,1,0.8018208164,1,1.310029588,0.8988751137,1.447696797
4.46,6.42265945,4.975657112,8.12171865,5.086724749,5.034537618,6.151585081,4.533995795,2.258070709,0.3803837858,0.1250840196,0,1,0.8023116806,1,1.308039519,0.8996639217,1.447080888
4.48,6.404144781,4.977583094,8.110784221,5.078165343,5.031039712,6.142670404,4.515967582,2.245962212,0.3822352527,0.1248914214,0,1,0.8027909147,1,1.306047379,0.9004343145,1.446462956
4.5,6.385706927,4.97946347,8.099877396,5.069691105,5.027531415,6.133798847,4.498023736,2.233927165,0.3840790381,0.1247033838,0,1,0.8032586384,1,1.304053284,0.9011864648,1.445843011
4.52,6.367345772,4.981298668,8.088997852,5.061301186,5.02401328,6.124969985,4.480163802,2.221964839,0.3859151536,0.124519864,0,1,0.8037149701,1,1.302057349,0.9019205439,1.445221062
4.54,6.3490612,4.983089114,8.078145269,5.052994749,5.020485849,6.116183402,4.462387326,2.210074514,0.3877436109,0.1243408194,0,1,0.8041600272,1,1.300059688,0.9026367222,1.444597116
4.56,6.330853089,4.984835231,8.067319331,5.044770962,5.016949658,6.107438689,4.444693856,2.198255483,0.3895644219,0.1241662077,0,1,0.804593926,1,1.298060414,0.903335169,1.443971182
4.58,6.312721319,4.986537439,8.056519725,5.036629003,5.013405228,6.098735445,4.427082938,2.18650705,0.3913775989,0.1239959869,0,1,0.8050167814,1,1.296059639,0.9040160525,1.443343266
4.6,6.294665766,4.988196157,8.04574614,5.028568058,5.009853074,6.090073276,4.409554121,2.174828529,0.3931831542,0.1238301151,0,1,0.8054287076,1,1.294057473,0.9046795396,1.442713378
4.62,6.276686304,4.989811799,8.03499827,5.020587321,5.0062937,6.081451794,4.392106955,2.163219246,0.3949811004,0.1236685509,0,1,0.8058298174,1,1.292054027,0.9053257965,1.442081523
4.64,6.258782806,4.991384778,8.02427581,5.012685993,5.002727603,6.072870621,4.374740991,2.151678537,0.3967714502,0.123511253,0,1,0.8062202228,1,1.290049409,0.9059549881,1.441447709
4.66,6.240955142,4.992915504,8.013578461,5.004863285,4.999155268,6.064329383,4.35745578,2.14020575,0.3985542166,0.1233581804,0,1,0.8066000344,1,1.288043726,0.9065672783,1.440811942
4.68,6.223203181,4.994404382,8.002905925,4.997118414,4.995577172,6.055827714,4.340250876,2.128800239,0.4003294127,0.1232092926,0,1,0.8069693623,1,1.286037087,0.9071628297,1.440174229
4.7,6.205526791,4.995851819,7.992257908,4.989450606,4.991993783,6.047365255,4.323125831,2.117461374,0.4020970518,0.1230645489,0,1,0.8073283149,1,1.284029596,0.9077418043,1.439534575
4.72,6.187925834,4.997258215,7.981634118,4.981859094,4.988405562,6.038941654,4.306080201,2.10618853,0.4038571474,0.1229239093,0,1,0.8076770003,1,1.282021358,0.9083043627,1.438892987
4.74,6.170400176,4.99862397,7.971034267,4.974343118,4.98481296,6.030556564,4.289113542,2.094981093,0.4056097132,0.1227873338,0,1,0.808015525,1,1.280012478,0.9088506646,1.438249471
4.76,6.152949677,4.99994948,7.960458071,4.966901928,4.981216418,6.022209644,4.272225412,2.08383846,0.4073547631,0.1226547829,0,1,0.8083439949,1,1.278003057,0.9093808686,1.437604031
4.78,6.135574197,5.001235139,7.949905247,4.959534779,4.97761637,6.013900562,4.255415368,2.072760037,0.4090923111,0.1225262169,0,1,0.8086625148,1,1.275993198,0.9098951322,1.436956673
4.8,6.118273594,5.002481338,7.939375517,4.952240934,4.974013243,6.005628989,4.238682971,2.061745237,0.4108223714,0.122401597,0,1,0.8089711885,1,1.273983002,0.9103936121,1.436307401
4.82,6.101047724,5.003688467,7.928868604,4.945019665,4.970407455,5.997394604,4.22202778,2.050793484,0.4125449584,0.1222808841,0,1,0.809270119,1,1.271972567,0.9108764637,1.435656221
4.84,6.083896441,5.004856912,7.918384236,4.937870248,4.966799414,5.98919709,4.205449358,2.039904211,0.4142600867,0.1221640396,0,1,0.8095594081,1,1.269961994,0.9113438415,1.435003137
4.86,6.066819598,5.005987056,7.907922143,4.930791969,4.963189523,5.981036138,4.188947268,2.029076858,0.415967771,0.1220510252,0,1,0.809839157,1,1.267951379,0.9117958991,1.434348154
4.88,6.049817047,5.00707928,7.897482058,4.92378412,4.959578176,5.972911444,4.172521074,2.018310875,0.4176680261,0.1219418028,0,1,0.8101094658,1,1.26594082,0.9122327889,1.433691275
4.9,6.032888636,5.008133964,7.887063716,4.916846,4.955965759,5.964822707,4.156170343,2.007605721,0.4193608672,0.1218363344,0,1,0.8103704338,1,1.263930411,0.9126546624,1.433032504
4.92,6.016034214,5.009151483,7.876666857,4.909976916,4.952352652,5.956769636,4.13989464,1.996960861,0.4210463094,0.1217345825,0,1,0.8106221592,1,1.261920249,0.91306167,1.432371845
4.94,5.999253627,5.010132211,7.866291223,4.90317618,4.948739224,5.94875194,4.123693535,1.98637577,0.4227243681,0.1216365097,0,1,0.8108647396,1,1.259910427,0.9134539613,1.431709303
4.96,5.98254672,5.01107652,7.855936559,4.896443113,4.945125841,5.940769339,4.107566597,1.97584993,0.4243950588,0.1215420788,0,1,0.8110982715,1,1.257901037,0.9138316847,1.431044879
4.98,5.965913335,5.011984777,7.845602612,4.889777041,4.94151286,5.932821553,4.091513397,1.96538283,0.4260583973,0.1214512531,0,1,0.8113228508,1,1.255892172,0.9141949877,1.430378578
5,5.949353316,5.01285735,7.835289133,4.883177297,4.93790063,5.924908309,4.075533508,1.95497397,0.4277143992,0.1213639958,0,1,0.8115385723,1,1.253883922,0.9145440168,1.429710403
5.02,5.932866501,5.013694602,7.824995875,4.876643222,4.934289493,5.917029341,4.059626502,1.944622853,0.4293630807,0.1212802706,0,1,0.81174553,1,1.251876377,0.9148789175,1.429040356
5.04,5.91645273,5.014496894,7.814722595,4.870174162,4.930679786,5.909184385,4.043791956,1.934328993,0.4310044578,0.1212000414,0,1,0.8119438173,1,1.249869625,0.9151998344,1.42836844
5.06,5.90011184,5.015264586,7.804469051,4.86376947,4.927071839,5.901373182,4.028029445,1.924091909,0.4326385468,0.1211232722,0,1,0.8121335265,1,1.247863756,0.9155069112,1.427694658
5.08,5.883843667,5.015998034,7.794235006,4.857428506,4.923465972,5.89359548,4.012338548,1.913911129,0.4342653642,0.1210499274,0,1,0.8123147493,1,1.245858856,0.9158002903,1.427019012
5.1,5.867648045,5.016697592,7.784020224,4.851150636,4.919862502,5.885851028,3.996718845,1.903786185,0.4358849263,0.1209799716,0,1,0.8124875765,1,1.24385501,0.9160801136,1.426341504
5.12,5.851524807,5.017363612,7.773824473,4.844935232,4.916261739,5.878139582,3.981169916,1.89371662,0.4374972501,0.1209133696,0,1,0.8126520981,1,1.241852304,0.9163465216,1.425662138
5.14,5.835473786,5.017996443,7.763647523,4.838781671,4.912663985,5.870460903,3.965691344,1.88370198,0.4391023522,0.1208500865,0,1,0.8128084033,1,1.239850821,0.9165996541,1.424980914
5.16,5.819495755,5.018595804,7.753489147,4.83268934,4.909069536,5.862814754,3.950282966,1.873741821,0.4407001553,0.1207901504,0,0.9994737774,0.8129564254,1,1.237199379,0.9168393986,1.424297835
5.18,5.803645156,5.019125748,7.743349004,4.826657629,4.905478684,5.855200903,3.934958835,1.863835701,0.4422852152,0.120737156,0,0.9959542708,0.8130872906,1,1.230859139,0.9170513759,1.423612894
5.2,5.787952273,5.019566723,7.733226462,4.820685934,4.901891713,5.847619123,3.919725763,1.853983189,0.4438545035,0.1206930585,0,0.9924645632,0.8131961763,1,1.224581986,0.917227766,1.422926066
5.22,5.772415536,5.019920448,7.723120853,4.814773658,4.8983089,5.840069191,3.90458188,1.844183857,0.4454081772,0.120657686,0,0.989004375,0.813283512,1,1.218367291,0.9173692558,1.42223732
5.24,5.757033393,5.020188615,7.713031524,4.808920211,4.894730518,5.832550886,3.889525348,1.834437286,0.4469463915,0.1206308693,0,0.9855734308,0.8133497196,1,1.212214434,0.9174765226,1.421546628
5.26,5.741804304,5.020372892,7.702957838,4.803125006,4.891156835,5.825063994,3.874554368,1.82474306,0.4484693004,0.1206124417,0,0.9821714594,0.8133952138,1,1.206122798,0.9175502334,1.42085396
5.28,5.726726748,5.020474921,7.692899169,4.797387465,4.887588109,5.817608301,3.859667173,1.815100772,0.449977056,0.1206022387,0,0.9787981937,0.8134204022,1,1.200091776,0.9175910452,1.420159286
5.3,5.711799215,5.020496322,7.682854907,4.791707013,4.884024598,5.810183602,3.844862031,1.805510017,0.4514698093,0.1206000986,0,0.9754533706,0.8134256855,1,1.194120763,0.9175996056,1.419462579
5.32,5.697020214,5.020438689,7.672824453,4.786083082,4.880466549,5.80278969,3.830137246,1.795970401,0.4529477094,0.1206058619,0,0.9721367308,0.8134114574,1,1.188209163,0.9175765523,1.41876381
5.34,5.682388267,5.020303592,7.662807224,4.780515111,4.876914208,5.795426365,3.815491153,1.78648153,0.4544109041,0.1206193716,0,0.9688480188,0.8133781053,1,1.182356384,0.9175225135,1.418062949
5.36,5.66790191,5.020092578,7.652802647,4.775002541,4.873367813,5.78809343,3.800922119,1.777043019,0.4558595398,0.120640473,0,0.9655869828,0.8133260097,1,1.176561841,0.9174381082,1.417359969
5.38,5.653559695,5.019807173,7.642810165,4.769544823,4.869827598,5.780790691,3.786428546,1.767654487,0.4572937614,0.1206690135,0,0.9623533744,0.8132555448,1,1.170824955,0.917323946,1.416654841
5.4,5.639360187,5.019448877,7.632829232,4.76414141,4.866293789,5.773517958,3.772008865,1.75831556,0.4587137122,0.1207048431,0,0.9591469491,0.8131670785,1,1.165145151,0.9171806274,1.415947538
5.42,5.625301966,5.019019168,7.622859313,4.758791762,4.862766612,5.766275043,3.757661539,1.749025867,0.4601195342,0.120747814,0,0.9559674654,0.8130609726,1,1.159521863,0.9170087441,1.415238032
5.44,5.611383627,5.018519504,7.612899889,4.753495344,4.859246283,5.759061762,3.743385061,1.739785044,0.4615113681,0.1207977804,0,0.9528146854,0.8129375827,1,1.153954528,0.9168088785,1.414526296
5.46,5.597603778,5.01795132,7.602950449,4.748251625,4.855733015,5.751877935,3.729177954,1.730592731,0.462889353,0.1208545988,0,0.9496883742,0.8127972586,1,1.148442588,0.9165816046,1.413812302
5.48,5.583961041,5.017316027,7.593010497,4.743060083,4.852227016,5.744723385,3.715038773,1.721448573,0.4642536267,0.1209181281,0,0.9465883004,0.8126403443,1,1.142985493,0.9163274877,1.413096023
5.5,5.570454051,5.016615019,7.583079548,4.737920198,4.848728491,5.737597936,3.700966097,1.712352219,0.4656043257,0.1209882289,0,0.9435142353,0.8124671778,1,1.137582697,0.9160470843,1.412377433
5.52,5.557081458,5.015849665,7.573157127,4.732831455,4.845237636,5.730501417,3.686958539,1.703303326,0.466941585,0.1210647643,0,0.9404659536,0.8122780918,1,1.13223366,0.9157409428,1.411656505
5.54,5.543841924,5.015021316,7.563242773,4.727793346,4.841754645,5.72343366,3.673014735,1.694301552,0.4682655384,0.1211475992,0,0.9374432326,0.8120734133,1,1.126937847,0.9154096031,1.410933213
5.56,5.530734126,5.014131301,7.553336034,4.722805367,4.838279709,5.716394498,3.659133353,1.685346561,0.4695763182,0.1212366008,0,0.9344458528,0.811853464,1,1.121694727,0.915053597,1.410207532
5.58,5.517756753,5.013180928,7.543436471,4.717867019,4.834813011,5.709383769,3.645313084,1.676438022,0.4708740555,0.121331638,0,0.9314735972,0.8116185603,1,1.116503778,0.9146734481,1.409479434
5.6,5.504908507,5.012171489,7.533543653,4.712977809,4.831354731,5.702401313,3.631552649,1.667575609,0.4721588801,0.1214325819,0,0.9285262518,0.8113690133,1,1.11136448,0.9142696722,1.408748896
5.62,5.492188103,5.011104251,7.523657164,4.708137247,4.827905045,5.695446972,3.617850793,1.658758997,0.4734309205,0.1215393057,0,0.925603605,0.8111051289,1,1.106276318,0.9138427771,1.408015892
5.64,5.479594269,5.009980465,7.513776595,4.70334485,4.824464125,5.688520591,3.604206287,1.64998787,0.4746903039,0.1216516843,0,0.9227054481,0.8108272083,1,1.101238784,0.9133932628,1.407280398
5.66,5.467125746,5.008801362,7.503901548,4.698600137,4.821032138,5.681622018,3.590617928,1.641261913,0.4759371562,0.1217695946,0,0.9198315747,0.8105355475,1,1.096251375,0.9129216217,1.406542388
5.68,5.454781287,5.007568155,7.494031637,4.693902636,4.817609246,5.674751103,3.577084537,1.632580815,0.4771716021,0.1218929153,0,0.9169817811,0.8102304377,1,1.091313592,0.9124283387,1.405801838
5.7,5.442559657,5.006282036,7.484166484,4.689251875,4.814195608,5.667907699,3.563604961,1.623944272,0.4783937651,0.1220215272,0,0.9141558659,0.8099121653,1,1.08642494,0.9119138912,1.405058726
5.72,5.430459635,5.004944181,7.474305723,4.68464739,4.81079138,5.661091662,3.550178068,1.61535198,0.4796037673,0.1221553127,0,0.9113536301,0.8095810122,1,1.081584931,0.911378749,1.404313026
5.74,5.418480009,5.003555746,7.464448995,4.680088721,4.807396711,5.654302848,3.536802752,1.606803642,0.4808017299,0.1222941562,0,0.9085748771,0.8092372554,1,1.076793081,0.9108233751,1.403564717
5.76,5.406619583,5.002117871,7.454595955,4.675575411,4.804011748,5.647541117,3.523477929,1.598298964,0.4819877725,0.1224379437,0,0.9058194125,0.8088811677,1,1.07204891,0.910248225,1.402813774
5.78,5.394877171,5.000631676,7.444746262,4.671107009,4.800636635,5.640806332,3.510202538,1.589837655,0.4831620138,0.1225865632,0,0.903087044,0.8085130172,1,1.067351945,0.9096537473,1.402060175
5.8,5.383251597,4.999098267,7.43489959,4.666683069,4.797271511,5.634098357,3.49697554,1.581419428,0.4843245711,0.1227399041,0,0.9003775818,0.8081330679,1,1.062701715,0.9090403835,1.401303898
5.82,5.371741699,4.997518729,7.425055617,4.662303147,4.79391651,5.627417059,3.483795918,1.573044001,0.4854755609,0.1228978579,0,0.897690838,0.8077415794,1,1.058097756,0.9084085683,1.400544921
5.84,5.360346327,4.995894132,7.415214034,4.657966807,4.790571766,5.620762305,3.470662678,1.564711093,0.4866150981,0.1230603176,0,0.8950266267,0.8073388069,1,1.053539608,0.9077587297,1.399783223
5.86,5.349064341,4.99422553,7.405374538,4.653673613,4.787237405,5.614133967,3.457574845,1.556420428,0.4877432967,0.1232271778,0,0.8923847642,0.8069250018,1,1.049026813,0.9070912888,1.399018781
5.88,5.337894612,4.992513959,7.395536838,4.649423138,4.783913552,5.607531918,3.444531466,1.548171735,0.4888602696,0.1233983349,0,0.8897650688,0.8065004112,1,1.044558922,0.9064066604,1.398251575
5.9,5.326836024,4.990760439,7.385700648,4.645214956,4.780600328,5.600956032,3.431531607,1.539964743,0.4899661284,0.1235736869,0,0.8871673605,0.8060652782,1,1.040135486,0.9057052524,1.397481583
5.92,5.315887471,4.988965975,7.375865694,4.641048645,4.777297852,5.594406186,3.418574356,1.531799187,0.4910609837,0.1237531333,0,0.8845914615,0.8056198421,1,1.035756065,0.9049874667,1.396708787
5.94,5.305047858,4.987131555,7.366031708,4.636923791,4.774006236,5.587882259,3.405658819,1.523674804,0.492144945,0.1239365754,0,0.8820371958,0.8051643383,1,1.03142022,0.9042536986,1.395933166
5.96,5.294316101,4.985258151,7.35619843,4.632839979,4.770725592,5.58138413,3.392784123,1.515591334,0.4932181208,0.1241239157,0,0.879504389,0.8046989982,1,1.027127517,0.9035043372,1.395154699
5.98,5.283691126,4.983346722,7.346365611,4.628796802,4.767456027,5.574911683,3.379949412,1.507548522,0.4942806182,0.1243150586,0,0.8769928688,0.8042240498,1,1.022877527,0.9027397654,1.394373368
6,5.273171872,4.981398209,7.336533006,4.624793855,4.764197646,5.568464801,3.367153851,1.499546113,0.4953325436,0.1245099099,0,0.8745024644,0.8037397171,1,1.018669825,0.9019603602,1.393589154
6.02,5.262757286,4.979413539,7.326700382,4.620830738,4.76095055,5.562043371,3.354396621,1.491583859,0.4963740022,0.1247083769,0,0.8720330069,0.8032462206,1,1.014503991,0.9011664924,1.392802037
6.04,5.252446327,4.977393626,7.31686751,4.616907055,4.757714837,5.555647279,3.341676922,1.483661511,0.4974050981,0.1249103682,0,0.8695843289,0.8027437774,1,1.010379607,0.9003585271,1.392012001
6.06,5.242237963,4.975339366,7.30703417,4.613022413,4.754490602,5.549276415,3.328993972,1.475778825,0.4984259345,0.1251157942,0,0.8671562648,0.8022326009,1,1.006296262,0.8995368232,1.391219026
6.08,5.232131175,4.973251644,7.297200152,4.609176424,4.751277936,5.54293067,3.316347006,1.46793556,0.4994366133,0.1253245664,0,0.8647486506,0.8017129011,1,1.002253547,0.8987017343,1.390423095
6.1,5.222124951,4.971131328,7.287365249,4.605368703,4.748076929,5.536609936,3.303735277,1.460131477,0.5004372357,0.125536598,0,0.8623613237,0.8011848846,1,0.9982510571,0.897853608,1.389624191
6.12,5.21221829,4.968979274,7.277529264,4.60159887,4.744887666,5.530314107,3.291158052,1.452366341,0.5014279018,0.1257518034,0,0.8599941233,0.8006487547,1,0.9942883929,0.8969927864,1.388822296
6.14,5.202410203,4.966796324,7.267692006,4.597866547,4.741710232,5.524043078,3.278614617,1.444639918,0.5024087105,0.1259700984,0,0.8576468899,0.8001047115,1,0.9903651578,0.8961196063,1.388017395
6.16,5.192699707,4.964583305,7.257853293,4.594171361,4.738544706,5.517796747,3.266104273,1.436951978,0.5033797601,0.1261914003,0,0.8553194658,0.7995529519,1,0.9864809596,0.8952343987,1.387209472
6.18,5.183085833,4.962341032,7.248012946,4.590512943,4.735391166,5.511575012,3.253626337,1.429302293,0.5043411475,0.1264156276,0,0.8530116943,0.7989936694,1,0.9826354098,0.8943374895,1.386398509
6.2,5.173567618,4.960070306,7.238170796,4.586890927,4.732249687,5.505377772,3.241180142,1.421690638,0.505292969,0.1266427002,0,0.8507234205,0.7984270545,1,0.9788281239,0.8934291992,1.385584492
6.22,5.164144111,4.957771916,7.228326681,4.583304951,4.729120341,5.49920493,3.228765037,1.41411679,0.5062353197,0.1268725392,0,0.8484544909,0.7978532948,1,0.9750587211,0.8925098431,1.384767405
6.24,5.154814369,4.955446636,7.218480443,4.579754655,4.726003197,5.493056387,3.216380383,1.40658053,0.5071682939,0.1271050672,0,0.8462047531,0.7972725745,1,0.9713268245,0.8915797312,1.383947234
6.26,5.14557746,4.95309523,7.208631932,4.576239686,4.722898323,5.486932047,3.204025559,1.399081638,0.5080919848,0.1273402078,0,0.8439740564,0.7966850752,1,0.9676320608,0.8906391687,1.383123965
6.28,5.13643246,4.950718447,7.198781004,4.572759691,4.719805783,5.480831816,3.191699956,1.3916199,0.5090064848,0.1275778861,0,0.8417622512,0.7960909753,1,0.9639740607,0.8896884557,1.382297582
6.3,5.127378454,4.948317026,7.188927522,4.569314323,4.716725639,5.474755599,3.179402981,1.384195103,0.5099118854,0.1278180282,0,0.8395691894,0.7954904506,1,0.9603524583,0.8887278872,1.381468073
6.32,5.118414537,4.945891692,7.179071354,4.565903237,4.713657951,5.468703306,3.167134054,1.376807037,0.5108082771,0.1280605616,0,0.8373947239,0.7948836737,1,0.9567668914,0.8877577535,1.380635424
6.34,5.109539812,4.943443158,7.169212374,4.562526091,4.710602775,5.462674843,3.154892609,1.369455492,0.5116957496,0.128305415,0,0.8352387093,0.7942708147,1,0.9532170015,0.88677834,1.379799621
6.36,5.100753392,4.940972127,7.159350464,4.559182549,4.707560167,5.456670123,3.142678094,1.362140263,0.5125743916,0.1285525181,0,0.8331010009,0.7936520409,1,0.9497024336,0.8857899275,1.378960653
6.38,5.092054399,4.938479288,7.149485508,4.555872276,4.704530178,5.450689055,3.130489967,1.354861146,0.5134442909,0.128801802,0,0.8309814558,0.7930275167,1,0.9462228363,0.8847927919,1.378118507
6.4,5.083441962,4.93596532,7.1396174,4.55259494,4.701512858,5.444731552,3.118327704,1.347617939,0.5143055346,0.1290531988,0,0.8288799318,0.7923974041,1,0.9427778615,0.8837872049,1.377273171
6.42,5.07491522,4.933430891,7.129746037,4.549350214,4.698508257,5.438797527,3.10619079,1.340410443,0.5151582088,0.1293066417,0,0.8267962882,0.7917618624,1,0.9393671648,0.8827734332,1.376424633
6.44,5.066473321,4.930876656,7.119871321,4.546137774,4.695516419,5.432886895,3.094078723,1.333238459,0.5160023987,0.1295620652,0,0.8247303854,0.7911210482,1,0.9359904051,0.8817517394,1.375572882
6.46,5.05811542,4.928303261,7.109993161,4.542957298,4.692537387,5.426999571,3.081991015,1.326101793,0.5168381888,0.1298194047,0,0.8226820848,0.7904751157,1,0.9326472447,0.8807223813,1.374717907
6.48,5.049840681,4.92571134,7.100111472,4.539808469,4.689571204,5.421135472,3.069927187,1.31900025,0.5176656627,0.1300785968,0,0.8206512492,0.7898242164,1,0.9293373493,0.8796856128,1.373859698
6.5,5.041648278,4.923101516,7.090226172,4.536690971,4.686617908,5.415294516,3.057886775,1.31193364,0.518484903,0.1303395792,0,0.8186377422,0.7891684997,1,0.926060388,0.8786416832,1.372998244
6.52,5.03353739,4.920474402,7.080337185,4.533604492,4.683677536,5.40947662,3.045869325,1.304901772,0.5192959918,0.1306022906,0,0.8166414288,0.7885081121,1,0.9228160329,0.8775908376,1.372133536
6.54,5.025507207,4.917830601,7.070444441,4.530548725,4.680750125,5.403681704,3.033874394,1.29790446,0.5200990101,0.1308666707,0,0.8146621748,0.7878431982,1,0.9196039597,0.8765333171,1.371265563
6.56,5.017556926,4.915170704,7.060547874,4.527523363,4.677835706,5.397909688,3.02190155,1.290941516,0.5208940382,0.1311326604,0,0.8126998473,0.7871738998,1,0.9164238472,0.8754693585,1.370394318
6.58,5.009685751,4.912495295,7.050647423,4.524528103,4.674934311,5.392160494,3.009950373,1.284012758,0.5216811557,0.1314002013,0,0.8107543142,0.7865003567,1,0.9132753773,0.8743991946,1.369519791
6.6,5.001892896,4.909804944,7.040743032,4.521562647,4.67204597,5.386434043,2.998020453,1.277118003,0.5224604412,0.1316692364,0,0.8088254447,0.7858227063,1,0.9101582352,0.8733230543,1.368641973
6.62,4.994177581,4.907100214,7.03083465,4.518626698,4.66917071,5.380730259,2.986111392,1.270257071,0.5232319727,0.1319397094,0,0.8069131088,0.7851410836,1,0.9070721092,0.8722411624,1.367760857
6.64,4.986539035,4.904381658,7.020922229,4.515719962,4.666308557,5.375049065,2.974222799,1.263429783,0.5239958273,0.132211565,0,0.8050171777,0.7844556218,1,0.9040166906,0.87115374,1.366876435
6.66,4.978976493,4.901649819,7.011005729,4.512842149,4.663459535,5.369390386,2.962354297,1.256635963,0.5247520815,0.132484749,0,0.8031375233,0.7837664514,1,0.900991674,0.8700610042,1.365988699
6.68,4.9714892,4.898905229,7.00108511,4.50999297,4.660623665,5.363754147,2.950505516,1.249875434,0.5255008108,0.1327592079,0,0.8012740188,0.7830737012,1,0.8979967568,0.8689631684,1.365097642
6.7,4.964076407,4.896148414,6.991160339,4.507172141,4.657800968,5.358140274,2.938676097,1.243148024,0.5262420901,0.1330348894,0,0.7994265382,0.7823774976,1,0.8950316395,0.8678604422,1.364203258
6.72,4.956737372,4.893379888,6.981231388,4.50437938,4.654991462,5.352548694,2.926865692,1.236453561,0.5269759936,0.1333117421,0,0.7975949565,0.781677965,1,0.8920960256,0.8667530318,1.363305541
6.74,4.949471362,4.890600157,6.971298231,4.501614407,4.652195166,5.346979334,2.915073959,1.229791874,0.5277025946,0.1335897152,0,0.7957791495,0.7809752258,1,0.8891896216,0.8656411394,1.362404484
6.76,4.94227765,4.887809718,6.961360848,4.498876946,4.649412093,5.341432123,2.903300567,1.223162795,0.5284219658,0.133868759,0,0.7939789941,0.7802694003,1,0.8863121368,0.8645249639,1.361500082
6.78,4.935155517,4.88500906,6.951419222,4.496166723,4.646642257,5.33590699,2.891545196,1.216566157,0.5291341791,0.1341488248,0,0.792194368,0.7795606069,1,0.8834632835,0.8634047007,1.360592329
6.8,4.92810425,4.882198662,6.94147334,4.493483468,4.643885671,5.330403864,2.879807531,1.210001793,0.5298393058,0.1344298646,0,0.7904251499,0.7788489619,1,0.8806427767,0.8622805415,1.35968122
6.82,4.921123144,4.879378996,6.931523192,4.490826911,4.641142345,5.324922676,2.868087269,1.20346954,0.5305374164,0.1347118313,0,0.7886712194,0.7781345799,1,0.8778503344,0.861152675,1.358766751
6.84,4.914211502,4.876550523,6.921568775,4.488196788,4.638412289,5.319463356,2.856384114,1.196969235,0.5312285807,0.1349946785,0,0.7869324568,0.7774175733,1,0.8750856774,0.8600212861,1.357848918
6.86,4.907368631,4.873713699,6.911610087,4.485592834,4.635695509,5.314025836,2.844697779,1.190500717,0.5319128677,0.1352783609,0,0.7852087434,0.7766980529,1,0.8723485292,0.8588865565,1.356927716
6.88,4.900593848,4.87086897,6.90164713,4.483014791,4.632992012,5.308610048,2.833027984,1.184063827,0.532590346,0.1355628338,0,0.7834999615,0.7759761274,1,0.869638616,0.8577486649,1.356003142
6.9,4.893886476,4.868016774,6.891679911,4.480462399,4.630301803,5.303215925,2.821374458,1.177658404,0.5332610833,0.1358480534,0,0.7818059941,0.7752519038,1,0.866955667,0.8566077863,1.355075193
6.92,4.887245842,4.865157541,6.881708438,4.477935404,4.627624884,5.2978434,2.809736938,1.171284294,0.5339251466,0.1361339767,0,0.780126725,0.7745254874,1,0.8642994137,0.8554640931,1.354143866
6.94,4.880671285,4.862291693,6.871732725,4.475433553,4.624961258,5.292492407,2.798115169,1.164941339,0.5345826024,0.1364205615,0,0.7784620388,0.7737969816,1,0.8616695906,0.854317754,1.353209158
6.96,4.874162145,4.859419646,6.861752788,4.472956596,4.622310925,5.28716288,2.786508904,1.158629386,0.5352335163,0.1367077662,0,0.7768118212,0.773066488,1,0.8590659347,0.8531689351,1.352271067
6.98,4.867717772,4.856541806,6.851768647,4.470504285,4.619673884,5.281854754,2.7749179,1.152348282,0.5358779536,0.1369955502,0,0.7751759584,0.7723341067,1,0.8564881855,0.8520177991,1.35132959
7,4.861337522,4.853658573,6.841780324,4.468076375,4.617050134,5.276567964,2.763341927,1.146097875,0.5365159786,0.1372838735,0,0.7735543377,0.7715999359,1,0.8539360855,0.8508645059,1.350384727
7.02,4.855020756,4.850770339,6.831787847,4.465672624,4.61443967,5.271302447,2.751780757,1.139878014,0.5371476552,0.1375726969,0,0.7719468469,0.7708640722,1,0.8514093792,0.8497092123,1.349436476
7.04,4.848766843,4.847877489,6.821791244,4.463292789,4.611842488,5.266058139,2.740234172,1.13368855,0.5377730465,0.1378619819,0,0.7703533748,0.7701266107,1,0.8489078141,0.8485520725,1.348484837
7.06,4.842575158,4.844980402,6.811790548,4.460936635,4.609258583,5.260834976,2.728701961,1.127529335,0.538392215,0.1381516906,0,0.7687738109,0.7693876446,1,0.8464311399,0.8473932375,1.347529807
7.08,4.836445081,4.842079447,6.801785794,4.458603925,4.606687946,5.255632896,2.717183917,1.121400223,0.5390052227,0.1384417861,0,0.7672080456,0.7686472658,1,0.8439791091,0.8462328555,1.346571388
7.1,4.830375999,4.839174989,6.79177702,4.456294425,4.604130571,5.250451836,2.705679843,1.115301068,0.5396121309,0.138732232,0,0.7656559698,0.7679055643,1,0.8415514764,0.8450710722,1.34560958
7.12,4.824367306,4.836267384,6.781764268,4.454007906,4.601586447,5.245291735,2.694189547,1.109231724,0.5402130002,0.1390229924,0,0.7641174755,0.767162629,1,0.8391479991,0.8439080303,1.344644382
7.14,4.8184184,4.833356983,6.771747581,4.451744138,4.599055564,5.240152531,2.682712843,1.10319205,0.5408078908,0.1393140326,0,0.7625924552,0.7664185468,1,0.8367684368,0.8427438698,1.343675795
7.16,4.812528687,4.830444129,6.761727007,4.449502894,4.596537911,5.235034163,2.671249551,1.097181902,0.5413968621,0.139605318,0,0.7610808022,0.7656734033,1,0.8344125514,0.8415787282,1.34270382
7.18,4.806697577,4.827529159,6.751702594,4.447283951,4.594033474,5.229936571,2.659799499,1.09120114,0.5419799731,0.1398968149,0,0.7595824107,0.7649272828,1,0.8320801076,0.8404127403,1.341728459
7.2,4.800924488,4.824612404,6.741674396,4.445087088,4.59154224,5.224859694,2.64836252,1.085249624,0.542557282,0.1401884905,0,0.7580971754,0.7641802678,1,0.8297708719,0.8392460382,1.340749714
7.22,4.795208842,4.821694187,6.731642466,4.442912083,4.589064194,5.219803472,2.636938451,1.079327215,0.5431288466,0.1404803121,0,0.756624992,0.7634324396,1,0.8274846136,0.8380787516,1.339767585
7.24,4.789550068,4.818774827,6.721606862,4.44075872,4.586599321,5.214767845,2.625527138,1.073433774,0.543694724,0.1407722481,0,0.7551657566,0.762683878,1,0.8252211038,0.8369110077,1.338782076
7.26,4.783947599,4.815854636,6.711567643,4.438626783,4.584147603,5.209752756,2.614128432,1.067569165,0.5442549709,0.1410642672,0,0.7537193663,0.7619346613,1,0.8229801164,0.8357429311,1.33779319
7.28,4.778400876,4.812933918,6.701524872,4.43651606,4.581709024,5.204758143,2.602742187,1.061733253,0.5448096432,0.141356339,0,0.7522857188,0.7611848667,1,0.8207614271,0.8345746441,1.336800927
7.3,4.772909344,4.810012974,6.691478614,4.434426338,4.579283563,5.19978395,2.591368264,1.055925902,0.5453587964,0.1416484334,0,0.7508647125,0.7604345696,1,0.8185648142,0.8334062664,1.335805294
7.32,4.767472453,4.807092097,6.681428934,4.43235741,4.576871201,5.194830118,2.580006532,1.050146979,0.5459024855,0.1419405211,0,0.7494562465,0.7596838446,1,0.816390058,0.8322379156,1.334806291
7.34,4.76208966,4.804171575,6.671375902,4.430309068,4.574471919,5.189896588,2.56865686,1.04439635,0.5464407648,0.1422325733,0,0.7480602206,0.7589327645,1,0.8142369409,0.8310697068,1.333803924
7.36,4.756760427,4.80125169,6.661319589,4.428281107,4.572085694,5.184983304,2.557319127,1.038673884,0.5469736881,0.1425245618,0,0.7466765353,0.7581814011,1,0.8121052477,0.8299017528,1.332798197
7.38,4.751484221,4.798332719,6.651260069,4.426273324,4.569712504,5.180090207,2.545993213,1.03297945,0.5475013087,0.1428164589,0,0.7453050917,0.7574298247,1,0.8099947653,0.8287341642,1.331789113
7.4,4.746260514,4.795414932,6.641197417,4.42428552,4.567352326,5.175217242,2.534679007,1.027312918,0.5480236794,0.1431082376,0,0.7439457919,0.7566781046,1,0.8079052824,0.8275670494,1.330776678
7.42,4.741088784,4.792498595,6.63113171,4.422317494,4.565005137,5.17036435,2.523376399,1.021674159,0.5485408524,0.1433998714,0,0.7425985382,0.7559263086,1,0.8058365903,0.8264005146,1.329760897
7.44,4.735968513,4.789583967,6.621063028,4.420369051,4.56267091,5.165531475,2.512085286,1.016063045,0.5490528795,0.1436913341,0,0.741263234,0.7551745034,1,0.803788482,0.8252346637,1.328741774
7.46,4.73089919,4.786671305,6.610991453,4.418439995,4.560349621,5.160718562,2.500805569,1.010479447,0.5495598118,0.1439826003,0,0.739939783,0.7544227545,1,0.8017607528,0.8240695986,1.327719316
7.48,4.725880307,4.783760856,6.600917068,4.416530133,4.558041244,5.155925554,2.489537153,1.004923241,0.5500617001,0.1442736452,0,0.7386280898,0.7536711261,1,0.7997531997,0.8229054193,1.326693528
7.5,4.720911364,4.780852866,6.590839958,4.414639275,4.55574575,5.151152395,2.478279949,0.9993942991,0.5505585944,0.1445644442,0,0.7373280596,0.7529196814,1,0.7977656222,0.8217422232,1.325664417
7.52,4.715991862,4.777947574,6.58076021,4.412767231,4.553463113,5.146399029,2.467033871,0.993892498,0.5510505447,0.1448549734,0,0.7360395982,0.7521684822,1,0.7957978214,0.8205801063,1.324631989
7.54,4.711121309,4.775045213,6.570677912,4.410913814,4.551193304,5.141665401,2.455798838,0.9884177135,0.5515375999,0.1451452095,0,0.7347626122,0.7514175894,1,0.7938496005,0.8194191621,1.32359625
7.56,4.70629922,4.772146014,6.560593156,4.40907884,4.548936293,5.136951457,2.444574772,0.9829698223,0.5520198088,0.1454351294,0,0.7334970086,0.7506670626,1,0.7919207648,0.8182594824,1.322557208
7.58,4.701525111,4.7692502,6.550506034,4.407262123,4.54669205,5.132257141,2.4333616,0.9775487021,0.5524972197,0.1457247108,0,0.7322426953,0.7499169603,1,0.7900111212,0.8171011569,1.321514871
7.6,4.696798506,4.766357992,6.540416639,4.405463483,4.544460545,5.127582397,2.422159253,0.9721542316,0.5529698803,0.1460139316,0,0.7309995806,0.7491673401,1,0.788120479,0.8159442735,1.320469245
7.62,4.69211893,4.763469604,6.530325067,4.40368274,4.542241747,5.122927173,2.410967666,0.9667862899,0.5534378378,0.1463027704,0,0.7297675737,0.7484182582,1,0.7862486489,0.8147889182,1.319420338
7.64,4.687485918,4.760585246,6.520231415,4.401919715,4.540035624,5.118291412,2.399786778,0.961444757,0.553901139,0.1465912062,0,0.7285465841,0.74766977,1,0.7843954439,0.8136351751,1.318368159
7.66,4.682899005,4.757705125,6.510135781,4.400174233,4.537842142,5.113675062,2.38861653,0.9561295138,0.5543598303,0.1468792184,0,0.7273365221,0.7469219298,1,0.7825606786,0.8124831266,1.317312716
7.68,4.678357732,4.754829441,6.500038265,4.398446119,4.53566127,5.109078068,2.37745687,0.9508404419,0.5548139576,0.1471667867,0,0.7261372987,0.7461747907,1,0.7807441695,0.811332853,1.316254018
7.7,4.673861646,4.751958391,6.489938969,4.3967352,4.533492972,5.104500375,2.366307746,0.9455774234,0.5552635663,0.1474538917,0,0.7249488254,0.745428405,1,0.778945735,0.8101844333,1.315192073
7.72,4.669410296,4.749092169,6.479837994,4.395041304,4.531337216,5.099941931,2.355169113,0.9403403415,0.5557087012,0.1477405139,0,0.7237710143,0.7446828238,1,0.7771651952,0.8090379442,1.314126892
7.74,4.665003238,4.746230961,6.469735446,4.393364264,4.529193965,5.095402682,2.344040926,0.9351290798,0.556149407,0.1480266347,0,0.7226037782,0.7439380974,1,0.775402372,0.8078934613,1.313058483
7.76,4.660640031,4.743374953,6.459631429,4.39170391,4.527063185,5.090882574,2.332923146,0.9299435228,0.5565857277,0.1483122355,0,0.7214470305,0.743194275,1,0.7736570893,0.8067510579,1.311986856
7.78,4.656320239,4.740524323,6.449526049,4.390060076,4.524944839,5.086381554,2.321815735,0.9247835555,0.5570177069,0.1485972985,0,0.720300685,0.7424514049,1,0.7719291724,0.805610806,1.310912021
7.8,4.652043429,4.737679248,6.439419416,4.3884326,4.522838892,5.081899569,2.310718662,0.9196490639,0.5574453879,0.148881806,0,0.7191646563,0.7417095344,1,0.7702184485,0.8044727761,1.309833989
7.82,4.647809175,4.7348399,6.429311638,4.386821317,4.520745305,5.077436566,2.299631894,0.9145399343,0.5578688133,0.1491657409,0,0.7180388596,0.7409687098,1,0.7685247467,0.8033370366,1.308752769
7.84,4.643617052,4.732006445,6.419202824,4.385226066,4.518664042,5.072992491,2.288555406,0.9094560538,0.5582880256,0.1494490863,0,0.7169232106,0.7402289766,1,0.7668478974,0.8022036547,1.307668374
7.86,4.639466641,4.729179048,6.409093086,4.383646689,4.516595064,5.068567293,2.277489173,0.9043973104,0.5587030667,0.149731826,0,0.7158176257,0.7394903794,1,0.7651877331,0.801072696,1.306580813
7.88,4.635357527,4.726357869,6.398982537,4.382083026,4.514538334,5.064160918,2.266433173,0.8993635925,0.5591139781,0.1500139439,0,0.7147220217,0.7387529618,1,0.7635440877,0.7999442244,1.305490098
7.9,4.6312893,4.723543064,6.388871289,4.380534922,4.512493812,5.059773314,2.255387389,0.8943547891,0.5595208008,0.1502954244,0,0.7136363161,0.7380167666,1,0.7619167968,0.7988183023,1.304396241
7.92,4.627261553,4.720734785,6.378759457,4.379002222,4.510461459,5.055404428,2.244351805,0.8893707899,0.5599235756,0.1505762523,0,0.712560427,0.7372818357,1,0.7603056978,0.7976949909,1.303299254
7.94,4.623273882,4.717933182,6.368647157,4.377484773,4.508441235,5.051054209,2.233326408,0.8844114852,0.5603223426,0.1508564126,0,0.7114942731,0.7365482101,1,0.7587106294,0.7965743496,1.302199148
7.96,4.619325889,4.715138399,6.358534504,4.375982423,4.5064331,5.046722603,2.222311188,0.8794767661,0.5607171419,0.1511358909,0,0.7104377735,0.73581593,1,0.7571314323,0.7954564365,1.301095936
7.98,4.615417179,4.712350579,6.348421616,4.374495021,4.504437013,5.04240956,2.211306138,0.8745665239,0.5611080129,0.1514146729,0,0.709390848,0.7350850348,1,0.7555679484,0.7943413082,1.29998963
8,4.611547362,4.709569858,6.338308611,4.373022419,4.502452934,5.038115025,2.200311253,0.869680651,0.5614949946,0.151692745,0,0.708353417,0.7343555629,1,0.7540200214,0.79322902,1.298880243
8.02,4.60771605,4.706796373,6.328195607,4.37156447,4.500480821,5.033838949,2.189326531,0.8648190399,0.5618781259,0.1519700935,0,0.7073254014,0.7336275522,1,0.7524874966,0.7921196258,1.297767787
8.04,4.60392286,4.704030254,6.318082724,4.370121028,4.498520633,5.029581278,2.178351972,0.859981584,0.5622574448,0.1522467055,0,0.7063067226,0.7329010394,1,0.7509702206,0.7910131782,1.296652278
8.06,4.600167413,4.701271629,6.307970083,4.368691948,4.496572327,5.025341961,2.167387578,0.8551681772,0.5626329895,0.152522568,0,0.7052973027,0.7321760609,1,0.7494680418,0.7899097282,1.295533726
8.08,4.596449333,4.698520623,6.297857805,4.367277087,4.494635861,5.021120947,2.156433356,0.8503787138,0.5630047975,0.1527976685,0,0.7042970643,0.7314526518,1,0.74798081,0.7888093258,1.294412147
8.1,4.592768249,4.695777357,6.287746011,4.365876305,4.492711193,5.016918183,2.14548931,0.8456130889,0.5633729059,0.1530719951,0,0.7033059304,0.7307308468,1,0.7465083763,0.7877120196,1.293287555
8.12,4.589123792,4.693041951,6.277634824,4.364489461,4.490798278,5.012733618,2.134555453,0.840871198,0.5637373516,0.1533455358,0,0.7023238248,0.7300106798,1,0.7450505936,0.786617857,1.292159962
8.14,4.585515598,4.690314518,6.267524368,4.363116416,4.488897075,5.0085672,2.123631794,0.8361529371,0.564098171,0.153618279,0,0.7013506716,0.7292921837,1,0.7436073161,0.7855268839,1.291029385
8.16,4.581943307,4.687595171,6.257414766,4.361757033,4.487007539,5.004418879,2.112718348,0.831458203,0.5644554001,0.1538902137,0,0.7003863957,0.7285753911,1,0.7421783994,0.7844391453,1.289895836
8.18,4.57840656,4.68488402,6.247306142,4.360411177,4.485129626,5.000288602,2.10181513,0.8267868926,0.5648090748,0.1541613288,0,0.6994309223,0.7278603335,1,0.7407637007,0.7833546849,1.288759332
8.2,4.574905004,4.682181171,6.237198622,4.359078711,4.483263292,4.996176318,2.09092216,0.8221389038,0.5651592304,0.1544316137,0,0.6984841773,0.7271470419,1,0.7393630785,0.782273545,1.287619887
8.22,4.57143829,4.679486726,6.22709233,4.357759504,4.481408493,4.992081976,2.080039455,0.8175141345,0.5655059018,0.1547010582,0,0.6975460869,0.7264355464,1,0.7379763927,0.781195767,1.286477516
8.24,4.56800607,4.676800786,6.216987394,4.356453424,4.479565184,4.988005525,2.06916704,0.8129124836,0.5658491238,0.1549696522,0,0.6966165782,0.7257258766,1,0.7366035047,0.7801213911,1.285332234
8.26,4.564608001,4.674123448,6.206883939,4.355160339,4.477733319,4.983946914,2.058304936,0.8083338502,0.5661889307,0.155237386,0,0.6956955785,0.7250180614,1,0.7352442771,0.7790504561,1.284184058
8.28,4.561243743,4.671454808,6.196782092,4.35388012,4.475912854,4.97990609,2.04745317,0.803778134,0.5665253565,0.15550425,0,0.6947830158,0.7243121289,1,0.7338985741,0.777983,1.283033003
8.3,4.557912961,4.668794957,6.186681981,4.35261264,4.474103743,4.975883005,2.036611769,0.7992452351,0.5668584348,0.1557702351,0,0.6938788186,0.7236081066,1,0.732566261,0.7769190596,1.281879085
8.32,4.55461532,4.666143985,6.176583734,4.351357771,4.47230594,4.971877605,2.025780762,0.7947350542,0.5671881988,0.1560353323,0,0.6929829158,0.7229060214,1,0.7312472046,0.7758586707,1.280722321
8.34,4.551350491,4.663501978,6.166487478,4.350115389,4.4705194,4.967889841,2.014960181,0.7902474924,0.5675146817,0.1562995331,0,0.692095237,0.7222058995,1,0.7299412731,0.7748018678,1.279562726
8.36,4.548118148,4.66086902,6.156393342,4.348885369,4.468744076,4.963919661,2.004150057,0.7857824513,0.567837916,0.1565628289,0,0.6912157121,0.7215077664,1,0.7286483359,0.7737486846,1.278400318
8.38,4.544917967,4.658245192,6.146301456,4.347667587,4.466979922,4.959967015,1.993350425,0.781339833,0.5681579341,0.1568252116,0,0.6903442717,0.7208116472,1,0.7273682635,0.7726991537,1.277235113
8.4,4.541749628,4.655630575,6.136211947,4.346461923,4.465226891,4.956031851,1.98256132,0.7769195399,0.568474768,0.1570866733,0,0.6894808469,0.7201175661,1,0.7261009281,0.7716533067,1.276067128
8.42,4.538612815,4.653025243,6.126124946,4.345268255,4.463484937,4.952114118,1.97178278,0.7725214751,0.5687884493,0.1573472065,0,0.6886253691,0.719425547,1,0.7248462029,0.7706111742,1.274896381
8.44,4.535507214,4.650429272,6.116040582,4.344086464,4.461754013,4.948213767,1.961014844,0.768145542,0.5690990094,0.1576068036,0,0.6877777705,0.7187356129,1,0.7236039625,0.7695727857,1.273722889
8.46,4.532432514,4.647842733,6.105958985,4.342916432,4.460034072,4.944330745,1.950257551,0.7637916445,0.5694064794,0.1578654575,0,0.6869379835,0.7180477863,1,0.7223740825,0.7685381701,1.272546669
8.48,4.529388408,4.645265695,6.095880286,4.341758043,4.458325066,4.940465003,1.939510943,0.7594596869,0.56971089,0.1581231613,0,0.6861059412,0.7173620893,1,0.72115644,0.7675073549,1.271367739
8.5,4.526374591,4.642698226,6.085804613,4.340611179,4.456626949,4.93661649,1.928775063,0.7551495738,0.5700122717,0.1583799082,0,0.6852815772,0.7166785432,1,0.7199509133,0.7664803671,1.270186117
8.52,4.523390763,4.640140389,6.075732099,4.339475727,4.454939672,4.932785154,1.918049956,0.7508612106,0.5703106545,0.1586356919,0,0.6844648255,0.7159971688,1,0.7187573818,0.7654572325,1.269001822
8.54,4.520436623,4.637592248,6.065662873,4.338351573,4.453263188,4.928970945,1.907335667,0.7465945028,0.5706060685,0.158890506,0,0.6836556206,0.7153179865,1,0.7175757261,0.764437976,1.267814871
8.56,4.517511878,4.635053863,6.055597067,4.337238605,4.451597451,4.925173813,1.896632243,0.7423493564,0.570898543,0.1591443445,0,0.6828538975,0.7146410159,1,0.7164058281,0.7634226219,1.266625283
8.58,4.514616235,4.632525291,6.045534811,4.33613671,4.44994241,4.921393706,1.885939733,0.7381256779,0.5711881073,0.1593972017,0,0.6820595917,0.7139662763,1,0.7152475707,0.7624111934,1.265433076
8.6,4.511749404,4.63000659,6.035476235,4.33504578,4.448298019,4.917630575,1.875258184,0.7339233741,0.5714747904,0.1596490718,0,0.6812726391,0.7132937862,1,0.7141008383,0.7614037128,1.26423827
8.62,4.508911098,4.627497813,6.025421472,4.333965705,4.44666423,4.913884369,1.864587649,0.7297423523,0.571758621,0.1598999496,0,0.6804929763,0.7126235638,1,0.7129655159,0.7604002018,1.263040883
8.64,4.506101034,4.624999011,6.015370652,4.332896376,4.445040994,4.910155036,1.853928178,0.7255825201,0.5720396274,0.1601498297,0,0.6797205401,0.7119556267,1,0.7118414903,0.7594006811,1.261840934
8.66,4.50331893,4.622510235,6.005323905,4.331837688,4.443428264,4.906442527,1.843279825,0.7214437857,0.5723178378,0.1603987073,0,0.678955268,0.711289992,1,0.7107286488,0.7584051706,1.260638443
8.68,4.500564509,4.620031532,5.995281364,4.330789534,4.44182599,4.902746791,1.832642642,0.7173260574,0.5725932799,0.1606465776,0,0.6781970978,0.7106266764,1,0.7096268804,0.7574136896,1.25943343
8.7,4.497837495,4.617562949,5.985243159,4.329751809,4.440234124,4.899067777,1.822016685,0.7132292441,0.5728659813,0.1608934359,0,0.6774459679,0.7099656959,1,0.7085360747,0.7564262563,1.258225913
8.72,4.495137615,4.615104529,5.975209422,4.328724409,4.438652619,4.895405436,1.81140201,0.7091532551,0.5731359693,0.1611392779,0,0.6767018171,0.7093070661,1,0.7074561227,0.7554428884,1.257015912
8.74,4.492464599,4.612656315,5.965180282,4.327707233,4.437081424,4.891759715,1.800798673,0.7050979999,0.5734032709,0.1613840993,0,0.6759645847,0.7086508021,1,0.7063869164,0.7544636027,1.255803448
8.76,4.48981818,4.610218347,5.955155871,4.326700177,4.435520493,4.888130566,1.790206733,0.7010633887,0.5736679128,0.1616278962,0,0.6752342103,0.7079969188,1,0.7053283489,0.7534884154,1.25458854
8.78,4.487198094,4.607790663,5.94513632,4.325703142,4.433969775,4.884517937,1.779626246,0.6970493316,0.5739299214,0.1618706645,0,0.6745106342,0.7073454302,1,0.7042803143,0.7525173418,1.253371208
8.8,4.484604078,4.6053733,5.93512176,4.324716027,4.432429223,4.880921779,1.769057274,0.6930557396,0.574189323,0.1621124008,0,0.6737937971,0.70669635,1,0.7032427078,0.7515503967,1.252151473
8.82,4.482035872,4.602966293,5.925112321,4.323738735,4.430898787,4.87734204,1.758499877,0.6890825236,0.5744461436,0.1623531015,0,0.67308364,0.7060496917,1,0.7022154257,0.750587594,1.250929356
8.84,4.479493221,4.600569676,5.915108133,4.322771166,4.429378419,4.87377867,1.747954115,0.6851295952,0.5747004087,0.1625927633,0,0.6723801045,0.7054054681,1,0.7011983652,0.749628947,1.249704877
8.86,4.47697587,4.598183479,5.905109327,4.321813225,4.42786807,4.870231619,1.73742005,0.6811968663,0.5749521438,0.1628313829,0,0.6716831326,0.7047636915,1,0.7001914247,0.7486744683,1.248478056
8.88,4.474483567,4.595807733,5.895116033,4.320864816,4.42636769,4.866700836,1.726897746,0.677284249,0.5752013742,0.1630689575,0,0.6709926667,0.7041243739,1,0.6991945034,0.74772417,1.247248914
8.9,4.472016062,4.593442466,5.885128381,4.319925844,4.424877232,4.863186272,1.716387265,0.6733916559,0.5754481246,0.1633054842,0,0.6703086498,0.703487527,1,0.6982075016,0.7467780632,1.246017473
8.92,4.46957311,4.591087705,5.8751465,4.318996214,4.423396647,4.859687875,1.705888672,0.6695189998,0.5756924198,0.1635409603,0,0.6696310251,0.7028531619,1,0.6972303206,0.7458361588,1.244783754
8.94,4.467154465,4.588743475,5.86517052,4.318075835,4.421925884,4.856205595,1.695402032,0.6656661942,0.5759342843,0.1637753833,0,0.6689597365,0.7022212893,1,0.6962628628,0.7448984667,1.243547778
8.96,4.464759886,4.586409799,5.855200571,4.317164613,4.420464896,4.852739383,1.684927409,0.6618331524,0.5761737422,0.1640087509,0,0.6682947281,0.7015919195,1,0.6953050313,0.7439649964,1.242309565
8.98,4.462389134,4.5840867,5.84523678,4.316262459,4.419013634,4.849289187,1.674464871,0.6580197886,0.5764108174,0.1642410608,0,0.6676359447,0.7009650625,1,0.6943567304,0.7430357566,1.241069139
9,4.460041971,4.581774197,5.835279278,4.31536928,4.417572049,4.845854957,1.664014485,0.654226017,0.5766455337,0.1644723111,0,0.6669833311,0.7003407278,1,0.6934178652,0.7421107557,1.23982652
9.02,4.457718163,4.579472311,5.825328193,4.31448499,4.416140091,4.842436644,1.653576316,0.6504517523,0.5768779145,0.1647024997,0,0.6663368331,0.6997189245,1,0.6924883419,0.7411900012,1.23858173
9.04,4.455417477,4.577181059,5.81539524,4.313609497,4.414717712,4.839034196,1.64316164,0.6466969093,0.5771079831,0.1649316249,0,0.6656963964,0.6990996615,0.998563792,0.6915680675,0.7402735002,1.235559173
9.06,4.453139683,4.574900456,5.805519939,4.312742717,4.413304863,4.835647563,1.63280862,0.6429614033,0.5773357625,0.1651596852,0,0.6650619675,0.6984829471,0.9963708269,0.69065695,0.7393612593,1.231609052
9.08,4.450884554,4.572630519,5.795705195,4.311884561,4.411901496,4.832276696,1.622520024,0.6392451501,0.5775612754,0.1653866789,0,0.6644334931,0.6978687893,0.9941892755,0.6897548983,0.7384532844,1.227683155
9.1,4.448651864,4.57037126,5.785950612,4.311034943,4.41050756,4.828921543,1.612295428,0.6355480655,0.5777845445,0.1656126048,0,0.6638109203,0.6972571959,0.9920190655,0.6888618222,0.7375495809,1.223781322
9.12,4.446441389,4.568122693,5.776255795,4.31019378,4.409123009,4.825582055,1.60213441,0.6318700659,0.5780055919,0.1658374616,0,0.6631941969,0.6966481741,0.9898601258,0.6879776323,0.7366501538,1.219903395
9.14,4.444252909,4.565884826,5.766620353,4.309360986,4.407747793,4.822258182,1.592036551,0.6282110677,0.57822444,0.1660612482,0,0.6625832708,0.6960417309,0.9877123857,0.6871022402,0.7357550073,1.216049218
9.16,4.442086204,4.563657672,5.757043898,4.308536478,4.406381862,4.818949872,1.582001437,0.624570988,0.5784411104,0.1662839637,0,0.6619780905,0.6954378729,0.9855757756,0.6862355584,0.7348641454,1.212218636
9.18,4.439941059,4.561441237,5.747526045,4.307720175,4.40502517,4.815657077,1.572028654,0.6209497439,0.5786556249,0.1665056072,0,0.6613786047,0.6948366064,0.9834502266,0.6853775003,0.7339775714,1.208411495
9.2,4.437817258,4.559235529,5.738066414,4.306911994,4.403677666,4.812379745,1.562117795,0.617347253,0.578868005,0.166726178,0,0.6607847628,0.6942379373,0.9813356705,0.68452798,0.7330952882,1.204627642
9.22,4.435714589,4.557040553,5.728664626,4.306111855,4.402339303,4.809117827,1.552268455,0.6137634332,0.5790782719,0.1669456755,0,0.6601965144,0.6936418712,0.97923204,0.6836869125,0.7322172981,1.200866927
9.24,4.433632843,4.554856316,5.719320304,4.305319677,4.401010032,4.805871272,1.542480232,0.6101982026,0.5792864465,0.1671640992,0,0.6596138096,0.6930484134,0.9771392685,0.6828542138,0.7313436032,1.197129198
9.26,4.43157181,4.55268282,5.710033078,4.304535381,4.399689804,4.80264003,1.532752726,0.6066514796,0.5794925498,0.1673814488,0,0.6590365987,0.6924575688,0.9750572901,0.6820298006,0.7304742047,1.193414308
9.28,4.429531284,4.550520068,5.700802578,4.303758889,4.398378572,4.799424052,1.523085543,0.6031231832,0.5796966024,0.167597724,0,0.6584648326,0.6918693422,0.9729860397,0.6812135905,0.7296091039,1.189722108
9.3,4.427511062,4.548368061,5.691628436,4.302990124,4.397076287,4.796223286,1.51347829,0.5996132323,0.5798986246,0.1678129247,0,0.6578984627,0.6912837379,0.970925453,0.6804055017,0.7287483011,1.186052451
9.32,4.425510942,4.546226799,5.682510291,4.302229007,4.3957829,4.793037683,1.503930577,0.5961215463,0.5800986366,0.1680270509,0,0.6573374404,0.6907007598,0.9688754662,0.6796054536,0.7278917965,1.182405193
9.34,4.423530723,4.544096283,5.673447781,4.301475464,4.394498363,4.789867193,1.494442018,0.592648045,0.5802966585,0.1682401025,0,0.6567817179,0.6901204118,0.9668360164,0.6788133661,0.7270395898,1.178780189
9.36,4.421570208,4.541976509,5.664440548,4.300729419,4.39322263,4.786711765,1.48501223,0.5891926482,0.58049271,0.1684520799,0,0.6562312475,0.6895426972,0.9648070411,0.67802916,0.7261916803,1.175177296
9.38,4.4196292,4.539867475,5.655488238,4.299990797,4.39195565,4.78357135,1.475640833,0.5857552763,0.5806868108,0.1686629833,0,0.6556859821,0.6889676193,0.9627884789,0.6772527569,0.7253480668,1.171596372
9.4,4.417707506,4.537769178,5.646590499,4.299259525,4.390697377,4.780445897,1.466327449,0.5823358499,0.5808789802,0.1688728131,0,0.6551458747,0.6883951809,0.9607802686,0.6764840791,0.7245087478,1.168037276
9.42,4.415804933,4.535681611,5.637746981,4.298535529,4.389447763,4.777335357,1.457071704,0.5789342897,0.5810692375,0.1690815697,0,0.654610879,0.6878253846,0.9587823499,0.6757230498,0.7236737213,1.164499869
9.44,4.41392129,4.533604771,5.628957338,4.297818736,4.38820676,4.774239679,1.447873226,0.575550517,0.5812576018,0.1692892537,0,0.6540809489,0.6872582327,0.9567946632,0.6749695929,0.722842985,1.160984012
9.46,4.412056391,4.531538649,5.620221226,4.297109076,4.38697432,4.771158813,1.438731647,0.5721844532,0.5814440917,0.1694958659,0,0.6535560387,0.6866937273,0.9548171493,0.674223633,0.7220165362,1.157489567
9.48,4.410210047,4.529483238,5.611538304,4.296406478,4.385750396,4.76809271,1.429646601,0.56883602,0.5816287261,0.169701407,0,0.6530361031,0.6861318701,0.9528497499,0.6734850955,0.7211943719,1.154016398
9.5,4.408382075,4.52743853,5.602908233,4.29571087,4.38453494,4.76504132,1.420617725,0.5655051394,0.5818115233,0.1699058779,0,0.6525210971,0.6855726627,0.950892407,0.6727539066,0.7203764886,1.15056437
9.52,4.406572291,4.525404514,5.594330677,4.295022183,4.383327906,4.762004592,1.411644659,0.5621917338,0.5819925017,0.1701092794,0,0.6520109761,0.6850161063,0.9489450635,0.6720299932,0.7195628825,1.147133348
9.54,4.404780515,4.523381182,5.585805304,4.294340349,4.382129245,4.758982476,1.402727045,0.5588957256,0.5821716793,0.1703116127,0,0.651505696,0.684462202,0.9470076625,0.6713132828,0.7187535494,1.143723198
9.56,4.403006567,4.52136852,5.577331782,4.2936653,4.38093891,4.755974923,1.393864529,0.5556170377,0.5823490741,0.1705128788,0,0.6510052128,0.6839109505,0.9450801481,0.6706037037,0.7179484849,1.140333789
9.58,4.401250271,4.519366519,5.568909783,4.292996967,4.379756856,4.752981883,1.385056758,0.5523555933,0.5825247037,0.170713079,0,0.6505094831,0.6833623523,0.9431624648,0.6699011851,0.7171476842,1.13696499
9.6,4.39951145,4.517375163,5.560538981,4.292335284,4.378583034,4.750003306,1.376303384,0.5491113157,0.5826985858,0.1709122145,0,0.6500184637,0.6828164076,0.9412545574,0.6692056567,0.7163511421,1.133616669
9.62,4.39778993,4.515394441,5.552219054,4.291680186,4.377417397,4.747039142,1.36760406,0.5458841287,0.5828707378,0.1711102867,0,0.6495321119,0.6822731167,0.9393563718,0.6685170489,0.7155588532,1.130288698
9.64,4.39608554,4.513424337,5.543949681,4.291031605,4.3762599,4.744089342,1.35895844,0.5426739562,0.5830411768,0.1713072971,0,0.6490503852,0.6817324792,0.9374678538,0.6678352929,0.7147708116,1.126980949
9.66,4.394398109,4.511464836,5.535730543,4.290389478,4.375110496,4.741153855,1.350366185,0.5394807224,0.5832099199,0.1715032472,0,0.6485732415,0.6811944948,0.9355889503,0.6671603205,0.7139870113,1.123693294
9.68,4.392727468,4.509515923,5.527561324,4.289753741,4.373969138,4.738232631,1.341826955,0.5363043518,0.583376984,0.1716981385,0,0.6481006392,0.6806591627,0.9337196084,0.6664920641,0.713207446,1.120425607
9.7,4.391073451,4.50757758,5.519441712,4.289124328,4.372835779,4.735325622,1.333340413,0.5331447692,0.5835423858,0.1718919728,0,0.6476325368,0.6801264822,0.9318597758,0.665830457,0.7124321089,1.117177762
9.72,4.389435891,4.505649791,5.511371395,4.288501179,4.371710374,4.732432777,1.324906226,0.5300018996,0.5837061418,0.1720847517,0,0.6471688933,0.6795964522,0.9300094006,0.665175433,0.7116609931,1.113949635
9.74,4.387814625,4.503732536,5.503350064,4.28788423,4.370592877,4.729554047,1.316524063,0.5268756684,0.5838682684,0.1722764772,0,0.646709668,0.6790690714,0.9281684316,0.6645269266,0.7108940913,1.110741102
9.76,4.38620949,4.501825798,5.495377412,4.28727342,4.369483241,4.726689382,1.308193593,0.523766001,0.5840287818,0.172467151,0,0.6462548206,0.6785443383,0.9263368179,0.6638848729,0.710131396,1.107552042
9.78,4.384620328,4.499929557,5.487453136,4.286668688,4.368381422,4.723838732,1.299914491,0.5206728233,0.5841876981,0.1726567751,0,0.645804311,0.6780222511,0.9245145092,0.6632492078,0.7093728994,1.104382331
9.8,4.383046977,4.498043792,5.479576934,4.286069973,4.367287372,4.721002049,1.291686433,0.5175960614,0.5843450331,0.1728453516,0,0.6453580995,0.6775028081,0.9227014557,0.6626198676,0.7086185936,1.101231851
9.82,4.381489282,4.496168483,5.471748506,4.285477215,4.366201047,4.718179281,1.283509097,0.5145356417,0.5845008026,0.1730328825,0,0.6449161469,0.676986007,0.9208976079,0.6619967895,0.7078684701,1.098100479
9.84,4.379947086,4.494303609,5.463967555,4.284890355,4.365122401,4.71537038,1.275382163,0.5114914907,0.5846550222,0.1732193699,0,0.6444784141,0.6764718457,0.9191029169,0.6613799112,0.7071225204,1.094988099
9.86,4.378420235,4.492449147,5.456233785,4.284309334,4.364051389,4.712575297,1.267305314,0.5084635353,0.5848077073,0.1734048161,0,0.6440448623,0.6759603216,0.9173173341,0.6607691709,0.7063807358,1.091894591
9.88,4.376908577,4.490605076,5.448546904,4.283734095,4.362987966,4.709793981,1.259278236,0.5054517028,0.5849588731,0.1735892232,0,0.6436154533,0.6754514321,0.9155408116,0.6601645075,0.7056431071,1.088819838
9.9,4.37541196,4.488771371,5.440906619,4.28316458,4.361932087,4.707026384,1.251300617,0.5024559203,0.5851085348,0.1737725937,0,0.643190149,0.6749451743,0.9137733016,0.6595658607,0.7049096252,1.085763725
9.92,4.373930234,4.486948009,5.433312644,4.282600731,4.360883707,4.704272456,1.243372145,0.4994761157,0.5852567074,0.1739549299,0,0.6427689117,0.6744415452,0.9120147571,0.6589731705,0.7041802805,1.082726134
9.94,4.372463252,4.485134967,5.42576469,4.282042492,4.35984278,4.701532148,1.235492513,0.4965122167,0.5854034056,0.1741362342,0,0.6423517039,0.6739405417,0.9102651312,0.6583863776,0.7034550634,1.079706953
9.96,4.371010867,4.483332218,5.418262474,4.281489809,4.358809264,4.69880541,1.227661415,0.4935641516,0.5855486441,0.174316509,0,0.6419384886,0.6734421602,0.9085243776,0.6578054235,0.7027339638,1.076706066
9.98,4.369572933,4.481539738,5.410805713,4.280942624,4.357783113,4.696092193,1.219878548,0.4906318487,0.5856924375,0.1744957571,0,0.641529229,0.6729463974,0.9067924503,0.6572302499,0.7020169718,1.073723362
10,4.368149307,4.4797575,5.403394126,4.280400884,4.356764283,4.693392448,1.212143611,0.4877152367,0.5858348001,0.1746739808,0,0.6411238887,0.6724532495,0.9050693037,0.6566607994,0.7013040769,1.070758727
10.02,4.366739846,4.47798548,5.396027434,4.279864535,4.355752731,4.690706126,1.204456303,0.4848142445,0.5859757462,0.1748511829,0,0.6407224315,0.6719627126,0.9033548928,0.656097015,0.7005952686,1.06781205
10.04,4.365344409,4.476223648,5.388705362,4.279333522,4.354748411,4.688033177,1.196816328,0.4819288012,0.5861152899,0.175027366,0,0.6403248215,0.6714747827,0.9016491726,0.6555388404,0.6998905361,1.064883222
10.06,4.363962857,4.474471979,5.381427636,4.278807793,4.35375128,4.685373553,1.189223392,0.4790588363,0.5862534451,0.1752025329,0,0.6399310233,0.6709894556,0.899952099,0.6549862197,0.6991898685,1.061972131
10.08,4.362595052,4.472730445,5.374193981,4.278287295,4.352761295,4.682727205,1.181677201,0.4762042794,0.5863902256,0.1753766863,0,0.6395410017,0.670506727,0.8982636278,0.6544390977,0.6984932546,1.059078669
10.1,4.361240857,4.470999016,5.367004129,4.277771976,4.351778413,4.680094082,1.174177465,0.4733650603,0.5865256451,0.1755498292,0,0.6391547216,0.6700265923,0.8965837154,0.6538974196,0.6978006833,1.056202728
10.12,4.359900136,4.469277665,5.35985781,4.277261784,4.350802589,4.677474138,1.166723894,0.4705411093,0.5866597172,0.1757219643,0,0.6387721485,0.6695490471,0.8949123185,0.6533611313,0.6971121429,1.053344201
10.14,4.358572756,4.467566363,5.352754758,4.276756669,4.34983378,4.674867321,1.159316203,0.4677323567,0.5867924552,0.1758930945,0,0.638393248,0.6690740863,0.8932493943,0.6528301792,0.6964276219,1.05050298
10.16,4.357258583,4.465865079,5.345694708,4.27625658,4.348871945,4.672273585,1.151954106,0.4649387332,0.5869238725,0.1760632229,0,0.6380179861,0.6686017053,0.8915949002,0.6523045101,0.6957471084,1.04767896
10.18,4.355957487,4.464173784,5.338677397,4.275761467,4.347917039,4.669692879,1.14463732,0.4621601696,0.5870539821,0.1762323524,0,0.6376463291,0.6681318988,0.8899487938,0.6517840716,0.6950705905,1.044872036
10.2,4.354669337,4.462492448,5.331702564,4.275271281,4.34696902,4.667125155,1.137365567,0.4593965969,0.5871827971,0.176400486,0,0.6372782435,0.6676646617,0.8883110335,0.6512688114,0.694398056,1.042082102
10.22,4.353394004,4.46082104,5.324769949,4.274785971,4.346027846,4.664570364,1.130138565,0.4566479467,0.5873103304,0.1765676269,0,0.6369136962,0.6671999886,0.8866815776,0.6507586783,0.6937294926,1.039309056
10.24,4.352131361,4.459159528,5.317879296,4.274305491,4.345093474,4.662028458,1.122956039,0.4539141505,0.5874365948,0.176733778,0,0.6365526542,0.6667378742,0.8850603849,0.650253621,0.6930648878,1.036552795
10.26,4.350881281,4.457507881,5.311030348,4.273829792,4.344165863,4.659499389,1.115817714,0.4511951401,0.5875616027,0.1768989427,0,0.636195085,0.6662783128,0.8834474145,0.6497535891,0.6924042292,1.033813216
10.28,4.34964364,4.455866068,5.304222852,4.273358826,4.343244969,4.656983106,1.108723318,0.4484908475,0.5876853668,0.177063124,0,0.6358409563,0.6658212987,0.8818426259,0.6492585326,0.6917475039,1.031090218
10.3,4.348418313,4.454234056,5.297456556,4.272892546,4.342330752,4.654479562,1.101672577,0.4458012052,0.5878078995,0.1772263252,0,0.6354902361,0.6653668261,0.8802459789,0.648768402,0.6910946991,1.028383699
10.32,4.347205179,4.452611813,5.290731209,4.272430906,4.341423169,4.651988709,1.094665225,0.4431261456,0.5879292129,0.1773885495,0,0.6351428925,0.664914889,0.8786574334,0.6482831483,0.6904458019,1.02569356
10.34,4.346004116,4.450999305,5.284046563,4.271973859,4.340522179,4.649510497,1.087700993,0.4404656016,0.5880493193,0.1775498003,0,0.6347988942,0.6644654814,0.87707695,0.647802723,0.6898007989,1.023019702
10.36,4.344815003,4.449396501,5.277402371,4.271521359,4.339627741,4.64704488,1.080779616,0.4378195061,0.5881682305,0.1777100807,0,0.63445821,0.6640185971,0.8755044891,0.6473270779,0.6891596771,1.020362025
10.38,4.343637722,4.447803366,5.270798388,4.271073363,4.338739813,4.644591807,1.07390083,0.4351877924,0.5882859586,0.1778693942,0,0.6341208088,0.6635742298,0.8739400119,0.6468561656,0.6885224231,1.017720432
10.4,4.342472156,4.446219866,5.26423437,4.270629823,4.337858355,4.642151232,1.067064373,0.4325703941,0.5884025152,0.1780277442,0,0.6337866601,0.6631323731,0.8723834795,0.646389939,0.6878890233,1.015094825
10.42,4.341318187,4.444645968,5.257710075,4.270190698,4.336983326,4.639723105,1.060269986,0.4299672448,0.5885179122,0.178185134,0,0.6334557334,0.6626930205,0.8708348535,0.6459283514,0.6872594641,1.012485107
10.44,4.3401757,4.443081638,5.251225264,4.269755941,4.336114684,4.637307379,1.05351741,0.4273782785,0.5886321608,0.178341567,0,0.6331279987,0.6622561653,0.8692940958,0.6454713567,0.6866337318,1.009891182
10.46,4.339044581,4.44152684,5.244779698,4.269325511,4.33525239,4.634904006,1.046806388,0.4248034293,0.5887452727,0.1784970468,0,0.6328034261,0.661821801,0.8677611684,0.6450189091,0.6860118126,1.007312956
10.48,4.337924717,4.43998154,5.23837314,4.268899363,4.334396403,4.632512937,1.040136665,0.4222426318,0.5888572591,0.1786515768,0,0.6324819859,0.6613899206,0.8662360337,0.6445709635,0.6853936926,1.004750333
10.5,4.336815996,4.438445702,5.232005354,4.268477455,4.333546683,4.630134125,1.03350799,0.4196958205,0.5889681313,0.1788051606,0,0.632163649,0.6609605173,0.8647186544,0.644127475,0.6847793577,1.002203218
10.52,4.335718306,4.436919293,5.225676107,4.268059746,4.332703191,4.627767522,1.026920109,0.4171629304,0.5890779002,0.1789578015,0,0.6318483861,0.660533584,0.8632089934,0.6436883992,0.6841687938,0.9996715197
10.54,4.334631539,4.435402275,5.219385168,4.267646193,4.331865885,4.62541308,1.020372774,0.4146438965,0.5891865769,0.1791095033,0,0.6315361684,0.6601091137,0.8617070139,0.6432536924,0.6835619867,0.9971551438
10.56,4.333555586,4.433894613,5.213132304,4.267236754,4.331034727,4.623070751,1.013865737,0.4121386542,0.5892941723,0.1792602695,0,0.6312269675,0.6596870991,0.8602126793,0.642823311,0.6829589221,0.9946539985
10.58,4.332490338,4.432396272,5.206917288,4.26683139,4.330209678,4.620740488,1.007398751,0.4096471391,0.589400697,0.1794101036,0,0.6309207549,0.6592675331,0.8587259533,0.6423972119,0.6823595855,0.9921679921
10.6,4.33143569,4.430907214,5.200739892,4.266430059,4.329390697,4.618422242,1.000971571,0.407169287,0.5895061619,0.1795590094,0,0.6306175026,0.6588504082,0.8572467999,0.6419753526,0.6817639625,0.9896970337
10.62,4.330391535,4.429427404,5.19459989,4.266032722,4.328577746,4.616115967,0.9945839553,0.4047050338,0.5896105773,0.1797069904,0,0.6303171828,0.658435717,0.8557751832,0.6415576908,0.6811720385,0.9872410329
10.64,4.32935777,4.427956805,5.188497058,4.265639338,4.327770787,4.613821615,0.9882356614,0.4022543159,0.5897139538,0.1798540503,0,0.630019768,0.658023452,0.8543110677,0.6411441849,0.6805837989,0.9847998999
10.66,4.328334292,4.42649538,5.182431172,4.265249868,4.326969779,4.611539138,0.9819264497,0.3998170697,0.5898163016,0.1800001928,0,0.6297252308,0.6576136055,0.8528544181,0.6407347934,0.6799992289,0.9823735456
10.68,4.327320997,4.425043093,5.176402012,4.264864274,4.326174685,4.60926849,0.9756560822,0.397393232,0.5899176311,0.1801454215,0,0.629433544,0.65720617,0.8514051992,0.6403294754,0.6794183138,0.9799618814
10.7,4.326317784,4.423599905,5.170409356,4.264482516,4.325385466,4.607009622,0.9694243221,0.3949827396,0.5900179524,0.1802897403,0,0.629144681,0.6568011375,0.8499633763,0.6399281905,0.6788410388,0.9775648193
10.72,4.325324554,4.42216578,5.164452988,4.264104557,4.324602085,4.604762487,0.9632309343,0.3925855297,0.5901172754,0.1804331528,0,0.628858615,0.6563985004,0.8485289146,0.6395308983,0.6782673887,0.975182272
10.74,4.324341206,4.42074068,5.158532689,4.263730359,4.323824502,4.602527039,0.9570756854,0.3902015397,0.5902156102,0.1805756628,0,0.6285753198,0.6559982508,0.8471017797,0.6391375593,0.6776973488,0.9728141524
10.76,4.323367643,4.419324568,5.152648244,4.263359884,4.323052681,4.600303231,0.9509583434,0.3878307072,0.5903129665,0.180717274,0,0.6282947691,0.6556003805,0.8456819375,0.6387481341,0.677130904,0.9704603745
10.78,4.322403767,4.417917406,5.146799439,4.262993095,4.322286583,4.598091015,0.9448786777,0.38547297,0.5904093541,0.1808579902,0,0.6280169371,0.6552048817,0.8442693541,0.6383625838,0.6765680391,0.9681208525
10.8,4.321449482,4.416519156,5.140986061,4.262629956,4.321526171,4.595890344,0.9388364594,0.3831282662,0.5905047826,0.1809978152,0,0.6277417981,0.6548117462,0.8428639956,0.6379808697,0.676008739,0.9657955013
10.82,4.320504692,4.415129779,5.135207899,4.26227043,4.320771408,4.593701173,0.9328314611,0.380796534,0.5905992616,0.1811367529,0,0.6274693267,0.6544209658,0.8414658285,0.6376029537,0.6754529885,0.9634842362
10.84,4.319569303,4.413749239,5.129464742,4.261914481,4.320022257,4.591523453,0.9268634569,0.3784777119,0.5906928005,0.1812748069,0,0.6271994977,0.6540325324,0.8400748195,0.6372287981,0.6749007723,0.9611869734
10.86,4.318643221,4.412377496,5.123756381,4.261562075,4.31927868,4.589357138,0.9209322222,0.3761717386,0.5907854087,0.1814119812,0,0.6269322861,0.6536464377,0.8386909354,0.6368583653,0.6743520751,0.9589036293
10.88,4.317726354,4.411014512,5.118082611,4.261213174,4.318540641,4.587202182,0.9150375341,0.3738785531,0.5908770954,0.1815482796,0,0.626667667,0.6532626732,0.8373141434,0.6364916185,0.6738068816,0.956634121
10.9,4.31681861,4.409660249,5.112443223,4.260867746,4.317808104,4.585058538,0.909179171,0.3715980945,0.5909678698,0.1816837059,0,0.6264056161,0.6528812306,0.8359444108,0.6361285208,0.6732651763,0.9543783661
10.92,4.315919898,4.408314668,5.106838015,4.260525754,4.317081031,4.582926159,0.9033569128,0.3693303022,0.591057741,0.1818182641,0,0.626146109,0.6525021014,0.834581705,0.635769036,0.6727269438,0.9521362827
10.94,4.315030129,4.40697773,5.101266782,4.260187165,4.316359387,4.580805,0.8975705407,0.3670751157,0.591146718,0.1819519578,0,0.6258891215,0.6521252772,0.8332259936,0.6354131282,0.6721921686,0.9499077896
10.96,4.314149212,4.405649396,5.095729323,4.259851946,4.315643136,4.578695014,0.8918198375,0.3648324748,0.5912348096,0.1820847912,0,0.6256346298,0.6517507494,0.8318772447,0.6350607616,0.6716608353,0.9476928059
10.98,4.313277061,4.404329629,5.090225437,4.259520061,4.314932242,4.576596155,0.8861045874,0.3626023197,0.5913220247,0.1822167679,0,0.6253826103,0.6513785093,0.8305354261,0.6347119012,0.6711329282,0.9454912514
11,4.312413588,4.403018388,5.084754924,4.25919148,4.314226668,4.574508376,0.8804245757,0.3603845905,0.591408372,0.182347892,0,0.6251330394,0.6510085484,0.8292005063,0.6343665121,0.6706084318,0.9433030463
11.02,4.311558707,4.401715634,5.079317586,4.258866167,4.313526381,4.572431632,0.8747795895,0.3581792276,0.5914938601,0.1824781674,0,0.624885894,0.6506408578,0.8278724535,0.6340245595,0.6700873305,0.9411281113
11.04,4.310712332,4.40042133,5.073913227,4.258544092,4.312831343,4.570365877,0.8691694169,0.3559861718,0.5915784976,0.1826075978,0,0.624641151,0.650275429,0.8265512365,0.6336860095,0.6695696086,0.9389663676
11.06,4.309874378,4.399135434,5.068541651,4.258225221,4.31214152,4.568311064,0.8635938477,0.3538053639,0.591662293,0.1827361874,0,0.6243987876,0.6499122529,0.8252368239,0.6333508281,0.6690552505,0.9368177371
11.08,4.309044763,4.397857909,5.063202663,4.257909523,4.311456878,4.566267149,0.8580526727,0.3516367451,0.5917452545,0.1828639399,0,0.6241587812,0.649551321,0.8239291848,0.6330189818,0.6685442405,0.934682142
11.1,4.308223402,4.396588715,5.057896071,4.257596966,4.310777381,4.564234085,0.8525456843,0.3494802567,0.5918273906,0.1829908593,0,0.6239211094,0.6491926241,0.8226282884,0.6326904375,0.6680365629,0.9325595051
11.12,4.307410214,4.395327813,5.052621682,4.257287519,4.310102995,4.562211827,0.847072676,0.3473358401,0.5919087094,0.1831169495,0,0.6236857499,0.6488361536,0.8213341038,0.6323651622,0.667532202,0.9304497495
11.14,4.306605117,4.394075163,5.047379306,4.256981152,4.309433685,4.560200328,0.8416334429,0.3452034372,0.5919892191,0.1832422145,0,0.6234526809,0.6484819003,0.8200466007,0.6320431235,0.667031142,0.928352799
11.16,4.305808031,4.392830726,5.042168753,4.256677832,4.308769417,4.558199545,0.8362277812,0.3430829899,0.5920689277,0.1833666582,0,0.6232218803,0.6481298554,0.8187657487,0.6317242891,0.6665333672,0.9262685778
11.18,4.305018876,4.391594463,5.036989835,4.256377531,4.308110157,4.556209431,0.8308554884,0.3409744403,0.5921478432,0.1834902845,0,0.6229933267,0.6477800098,0.8174915175,0.6314086271,0.6660388618,0.9241970106
11.2,4.304237573,4.390366333,5.031842365,4.256080218,4.307455871,4.554229942,0.8255163633,0.338877731,0.5922259735,0.1836130975,0,0.6227669987,0.6474323544,0.8162238772,0.6310961061,0.66554761,0.9221380226
11.22,4.303464045,4.389146298,5.026726156,4.255785863,4.306806526,4.552261031,0.8202102061,0.3367928043,0.5923033263,0.183735101,0,0.622542875,0.6470868803,0.8149627979,0.6307866946,0.6650595961,0.9200915393
11.24,4.302698213,4.387934319,5.021641025,4.255494437,4.306162087,4.550302655,0.8149368181,0.3347196033,0.5923799095,0.1838562989,0,0.6223209347,0.6467435782,0.8137082499,0.6304803619,0.6645748043,0.9180574869
11.26,4.301940001,4.386730355,5.016586788,4.255205911,4.305522522,4.548354767,0.8096960019,0.3326580708,0.5924557307,0.1839766953,0,0.6221011568,0.646402439,0.8124602036,0.6301770772,0.6640932186,0.916035792
11.28,4.301189334,4.385534367,5.011563262,4.254920255,4.304887797,4.546417324,0.8044875614,0.3306081502,0.5925307974,0.1840962941,0,0.6218835207,0.6460634535,0.8112186298,0.6298768103,0.6636148234,0.9140263815
11.3,4.300446136,4.384346315,5.006570265,4.254637442,4.304257879,4.54449028,0.7993113017,0.3285697848,0.5926051172,0.1842150993,0,0.6216680061,0.6457266127,0.8099834991,0.6295795311,0.6631396029,0.9120291829
11.32,4.299710333,4.383166161,5.001607619,4.254357443,4.303632736,4.54257359,0.7941670291,0.3265429184,0.5926786975,0.1843331147,0,0.6214545926,0.6453919072,0.8087547824,0.6292852098,0.6626675411,0.9100441242
11.34,4.298981851,4.381993864,4.996675143,4.25408023,4.303012334,4.540667211,0.789054551,0.3245274947,0.5927515457,0.1844503444,0,0.6212432601,0.6450593278,0.8075324509,0.6289938171,0.6621986224,0.9080711338
11.36,4.298260618,4.380829385,4.991772659,4.253805776,4.302396642,4.538771098,0.7839736764,0.3225234579,0.5928236691,0.1845667923,0,0.6210339889,0.6447288652,0.8063164757,0.6287053238,0.6617328308,0.9061101404
11.38,4.297546561,4.379672685,4.986899991,4.253534052,4.301785627,4.536885205,0.7789242151,0.3205307522,0.5928950747,0.1846824623,0,0.6208267591,0.6444005102,0.8051068282,0.628419701,0.6612701507,0.9041610733
11.4,4.296839609,4.378523723,4.982056964,4.253265032,4.301179257,4.53500949,0.7739059782,0.3185493221,0.5929657699,0.1847973585,0,0.6206215512,0.6440742534,0.8039034799,0.6281369203,0.6608105661,0.9022238622
11.42,4.296139691,4.377382461,4.977243401,4.252998688,4.3005775,4.533143907,0.7689187781,0.3165791124,0.5930357617,0.1849114847,0,0.6204183459,0.6437500856,0.8027064024,0.6278569532,0.6603540613,0.9002984372
11.44,4.295446738,4.376248859,4.972459131,4.252734995,4.299980324,4.531288412,0.7639624282,0.3146200678,0.593105057,0.1850248449,0,0.6202171241,0.6434279973,0.8015155676,0.6275797719,0.6599006205,0.898384729
11.46,4.29476068,4.375122878,4.967703979,4.252473926,4.299387698,4.529442963,0.7590367431,0.3126721336,0.5931736629,0.185137443,0,0.6200178666,0.6431079792,0.8003309474,0.6273053486,0.6594502279,0.8964826685
11.48,4.294081448,4.374004477,4.962977776,4.252215454,4.29879959,4.527607513,0.7541415387,0.3107352551,0.593241586,0.1852492831,0,0.6198205548,0.642790022,0.7991525137,0.6270336558,0.6590028677,0.8945921871
11.5,4.293408974,4.372893619,4.95828035,4.251959554,4.298215969,4.525782021,0.7492766319,0.3088093777,0.5933088334,0.1853603689,0,0.6196251699,0.6424741163,0.7979802389,0.6267646664,0.6585585243,0.8927132167
11.52,4.292743192,4.371790263,4.953611532,4.251706201,4.297636804,4.523966442,0.7444418407,0.3068944473,0.5933754116,0.1854707045,0,0.6194316935,0.6421602526,0.7968140952,0.6264983536,0.6581171818,0.8908456895
11.54,4.292084034,4.370694369,4.948971154,4.251455368,4.297062063,4.522160732,0.7396369844,0.3049904096,0.5934413274,0.1855802939,0,0.6192401073,0.6418484216,0.7956540552,0.6262346905,0.6576788245,0.8889895382
11.56,4.291431436,4.3696059,4.944359048,4.251207031,4.296491718,4.520364849,0.7348618832,0.303097211,0.5935065872,0.1856891408,0,0.6190503931,0.6415386137,0.7945000913,0.625973651,0.6572434368,0.8871446959
11.58,4.29078533,4.368524815,4.939775048,4.250961166,4.295925735,4.518578748,0.7301163585,0.3012147977,0.5935711978,0.1857972493,0,0.618862533,0.6412308197,0.7933521763,0.6257152089,0.6568110028,0.885311096
11.6,4.290145654,4.367451076,4.935218989,4.250717746,4.295364087,4.516802386,0.7254002329,0.2993431162,0.5936351654,0.1859046232,0,0.6186765092,0.64092503,0.7922102831,0.6254593383,0.656381507,0.8834886725
11.62,4.289512342,4.366384642,4.930690707,4.250476749,4.294806741,4.515035721,0.7207133299,0.2974821134,0.5936984966,0.1860112666,0,0.618492304,0.6406212352,0.7910743846,0.6252060136,0.6559549337,0.8816773596
11.64,4.288885332,4.365325476,4.926190038,4.250238149,4.294253669,4.513278708,0.7160554743,0.2956317362,0.5937611976,0.1861171832,0,0.6183099,0.6403194258,0.789944454,0.6249552096,0.6555312672,0.879877092
11.66,4.288264561,4.364273538,4.92171682,4.250001924,4.29370484,4.511531306,0.7114264918,0.2937919317,0.5938232747,0.186222377,0,0.6181292799,0.6400195925,0.7888204644,0.6247069011,0.655110492,0.8780878049
11.68,4.287649967,4.363228789,4.917270892,4.249768049,4.293160224,4.509793471,0.7068262091,0.2919626473,0.5938847342,0.1863268519,0,0.6179504264,0.6397217256,0.7877023891,0.6244610634,0.6546925924,0.8763094336
11.7,4.287041487,4.362191191,4.912852093,4.249536501,4.292619793,4.50806516,0.7022544543,0.2901438306,0.5939455821,0.1864306118,0,0.6177733227,0.6394258158,0.7865902017,0.6242176717,0.654277553,0.8745419141
11.72,4.286439063,4.361160703,4.908460265,4.249307258,4.292083516,4.50634633,0.6977110563,0.2883354293,0.5940058245,0.1865336605,0,0.6175979518,0.6391318536,0.7854838758,0.6239767019,0.653865358,0.8727851826
11.74,4.285842632,4.360137288,4.904095248,4.249080295,4.291551365,4.50463694,0.6931958451,0.2865373914,0.5940654676,0.186636002,0,0.6174242972,0.6388398294,0.784383385,0.6237381297,0.6534559921,0.8710391759
11.76,4.285252137,4.359120907,4.899756885,4.24885559,4.291023311,4.502936947,0.6887086517,0.2847496651,0.5941245172,0.1867376401,0,0.6172523422,0.6385497339,0.7832887031,0.6235019314,0.6530494398,0.8693038308
11.78,4.284667516,4.358111522,4.89544502,4.248633122,4.290499324,4.501246308,0.6842493082,0.2829721988,0.5941829792,0.1868385786,0,0.6170820706,0.6382615575,0.7821998041,0.6232680832,0.6526456855,0.8675790848
11.8,4.284088713,4.357109093,4.891159497,4.248412867,4.289979376,4.499564981,0.6798176476,0.2812049409,0.5942408595,0.1869388216,0,0.6169134661,0.6379752907,0.7811166621,0.6230365619,0.6522447138,0.8658648757
11.82,4.283515669,4.356113582,4.886900162,4.248194803,4.289463439,4.497892924,0.6754135041,0.2794478404,0.5942981639,0.1870383727,0,0.6167465126,0.6376909242,0.7800392511,0.6228073443,0.6518465094,0.8641611417
11.84,4.282948327,4.35512495,4.882666861,4.24797891,4.288951484,4.496230096,0.6710367128,0.2777008461,0.5943548981,0.1871372358,0,0.6165811942,0.6374084483,0.7789675455,0.6225804075,0.6514510568,0.8624678212
11.86,4.28238663,4.35414316,4.878459441,4.247765164,4.288443483,4.494576453,0.6666871098,0.2759639072,0.5944110678,0.1872354148,0,0.6164174952,0.6371278537,0.7779015197,0.6223557286,0.6510583408,0.8607848531
11.88,4.281830522,4.353168173,4.87427775,4.247553545,4.287939408,4.492931954,0.6623645322,0.2742369731,0.5944666786,0.1873329135,0,0.6162554,0.6368491308,0.7768411481,0.6221332854,0.650668346,0.8591121768
11.9,4.281279947,4.352199951,4.870121637,4.247344032,4.287439232,4.491296558,0.6580688181,0.2725199933,0.5945217361,0.1874297357,0,0.616094893,0.6365722702,0.7757864053,0.6219130556,0.6502810572,0.8574497318
11.92,4.280734851,4.351238456,4.865990953,4.247136604,4.286942926,4.489670223,0.6537998066,0.2708129177,0.5945762457,0.1875258852,0,0.615935959,0.6362972625,0.7747372661,0.621695017,0.6498964591,0.855797458
11.94,4.280195178,4.350283649,4.861885548,4.246931239,4.286450463,4.488052908,0.6495573376,0.2691156961,0.594630213,0.1876213659,0,0.6157785827,0.6360240981,0.7736937052,0.621479148,0.6495145365,0.854155296
11.96,4.279660875,4.349335494,4.857805274,4.246727918,4.285961815,4.48644457,0.6453412523,0.2674282788,0.5946836433,0.1877161815,0,0.6156227491,0.6357527677,0.7726556976,0.6212654269,0.6491352742,0.8525231862
11.98,4.279131889,4.348393951,4.853749983,4.246526621,4.285476957,4.48484517,0.6411513926,0.265750616,0.5947365419,0.1878103357,0,0.6154684434,0.6354832618,0.7716232184,0.6210538324,0.6487586571,0.8509010698
12,4.278608166,4.347458984,4.849719528,4.246327326,4.284995859,4.483254665,0.6369876014,0.2640826584,0.5947889142,0.1879038324,0,0.6153156507,0.635215571,0.7705962425,0.6208443432,0.6483846702,0.8492888881
12.02,4.278089655,4.346530554,4.845713766,4.246130014,4.284518497,4.481673015,0.6328497226,0.2624243566,0.5948407654,0.1879966754,0,0.6151643565,0.6349496858,0.7695747454,0.6206369386,0.6480132984,0.847686583
12.04,4.277576302,4.345608625,4.841732549,4.245934665,4.284044842,4.480100179,0.628737601,0.2607756617,0.5948921006,0.1880888684,0,0.6150145462,0.6346855969,0.7685587022,0.6204315976,0.6476445266,0.8460940964
12.06,4.277068058,4.344693158,4.837775735,4.24574126,4.283574869,4.478536116,0.6246510824,0.2591365248,0.594942925,0.188180415,0,0.6148662055,0.6344232948,0.7675480885,0.6202282998,0.6472783399,0.8445113707
12.08,4.27656487,4.343784116,4.83384318,4.245549779,4.283108551,4.476980786,0.6205900133,0.2575068971,0.5949932438,0.1882713192,0,0.6147193202,0.6341627702,0.7665428797,0.6200270249,0.6469147233,0.8429383489
12.1,4.27606669,4.342881463,4.829934743,4.245360204,4.282645862,4.475434147,0.6165542414,0.2558867302,0.5950430618,0.1883615845,0,0.6145738762,0.6339040137,0.7655430515,0.6198277527,0.646553662,0.8413749738
12.12,4.275573466,4.341985161,4.826050281,4.245172515,4.282186776,4.47389616,0.6125436152,0.2542759759,0.5950923842,0.1884512147,0,0.6144298595,0.6336470158,0.7645485797,0.6196304632,0.6461951411,0.8398211891
12.14,4.27508515,4.341095173,4.822189654,4.244986694,4.281731266,4.472366783,0.6085579841,0.252674586,0.5951412158,0.1885402135,0,0.6142872564,0.6333917674,0.76355944,0.6194351368,0.6458391459,0.8382769384
12.16,4.274601693,4.340211462,4.818352723,4.244802721,4.281279308,4.470845978,0.6045971985,0.2510825126,0.5951895615,0.1886285846,0,0.6141460531,0.6331382589,0.7625756084,0.619241754,0.6454856614,0.8367421658
12.18,4.274123046,4.339333991,4.814539348,4.244620579,4.280830876,4.469333703,0.6006611094,0.2494997081,0.5952374262,0.1887163317,0,0.6140062362,0.6328864812,0.7615970608,0.6190502954,0.6451346731,0.8352168159
12.2,4.273649162,4.338462724,4.810749391,4.24444025,4.280385943,4.467829919,0.596749569,0.247926125,0.5952848146,0.1888034584,0,0.613867792,0.6326364248,0.7606237735,0.6188607417,0.6447861662,0.8337008332
12.22,4.273179994,4.337597624,4.806982715,4.244261715,4.279944486,4.466334586,0.5928624303,0.2463617158,0.5953317314,0.1888899685,0,0.6137307075,0.6323880805,0.7596557226,0.6186730742,0.6444401262,0.8321941629
12.24,4.272715493,4.336738654,4.803239184,4.244084956,4.279506478,4.464847665,0.5889995472,0.2448064336,0.5953781815,0.1889758654,0,0.6135949693,0.6321414391,0.7586928844,0.618487274,0.6440965383,0.8306967504
12.26,4.272255615,4.335885779,4.799518662,4.243909956,4.279071896,4.463369114,0.5851607743,0.2432602313,0.5954241694,0.189061153,0,0.6134605644,0.6318964911,0.7577352353,0.6183033226,0.6437553882,0.8292085414
12.28,4.271800312,4.335038961,4.795821013,4.243736697,4.278640713,4.461898896,0.5813459673,0.2417230622,0.5954696996,0.1891458347,0,0.6133274799,0.6316532275,0.7567827518,0.6181212015,0.6434166612,0.827729482
12.3,4.271349539,4.334198166,4.792146104,4.243565162,4.278212906,4.46043697,0.5775549825,0.2401948797,0.5955147769,0.1892299142,0,0.613195703,0.631411639,0.7558354104,0.6179408925,0.643080343,0.8262595184
12.32,4.270903252,4.333363356,4.788493802,4.243395334,4.27778845,4.458983298,0.5737876774,0.2386756376,0.5955594056,0.1893133952,0,0.613065221,0.6311717163,0.7548931879,0.6177623776,0.6427464191,0.8247985974
12.34,4.270461406,4.332534496,4.784863973,4.243227196,4.277367321,4.45753784,0.5700439101,0.2371652895,0.5956035903,0.1893962812,0,0.6129360213,0.6309334503,0.753956061,0.617585639,0.6424148753,0.8233466659
12.36,4.270023955,4.331711551,4.781256486,4.243060731,4.276949494,4.456100557,0.5663235395,0.2356637896,0.5956473353,0.1894785757,0,0.6128080915,0.6306968317,0.7530240065,0.6174106589,0.6420856971,0.8219036712
12.38,4.269590858,4.330894484,4.77767121,4.242895922,4.276534946,4.45467141,0.5626264255,0.234171092,0.595690645,0.1895602824,0,0.6126814192,0.6304618516,0.7520970014,0.61723742,0.6417588703,0.8204695608
12.4,4.26916207,4.33008326,4.774108015,4.242732753,4.276123652,4.45325036,0.5589524288,0.2326871512,0.5957335238,0.1896414048,0,0.6125559923,0.6302285006,0.7511750227,0.6170659048,0.6414343808,0.8190442827
12.42,4.268737549,4.329277844,4.770566771,4.242571208,4.275715589,4.451837369,0.5553014108,0.2312119216,0.595775976,0.1897219464,0,0.6124317987,0.6299967697,0.7502580475,0.6168960962,0.6411122143,0.8176277851
12.44,4.268317251,4.3284782,4.767047349,4.24241127,4.275310733,4.450432399,0.5516732339,0.2297453581,0.5958180057,0.1898019108,0,0.6123088262,0.6297666498,0.749346053,0.6167279772,0.6407923569,0.8162200165
12.46,4.267901136,4.327684294,4.763549622,4.242252923,4.274909062,4.44903541,0.5480677612,0.2282874156,0.5958596172,0.1898813014,0,0.6121870632,0.6295381318,0.7484390164,0.616561531,0.6404747943,0.8148209255
12.48,4.267489161,4.32689609,4.760073462,4.242096152,4.27451055,4.447646365,0.5444848566,0.2268380492,0.5959008147,0.1899601218,0,0.6120664978,0.6293112067,0.7475369152,0.6163967411,0.6401595127,0.8134304614
12.5,4.267081285,4.326113553,4.756618742,4.241940941,4.274115177,4.446265224,0.5409243848,0.2253972143,0.5959416023,0.1900383755,0,0.6119471184,0.6290858655,0.7466397268,0.6162335908,0.639846498,0.8120485735
12.52,4.266677468,4.325336649,4.753185337,4.241787274,4.273722918,4.444891951,0.5373862114,0.2239648664,0.595981984,0.1901160659,0,0.6118289134,0.6288620991,0.7457474288,0.6160720638,0.6395357364,0.8106752115
12.54,4.266277668,4.324565343,4.749773122,4.241635137,4.27333375,4.443526507,0.5338702028,0.2225409611,0.596021964,0.1901931965,0,0.6117118715,0.6286398985,0.7448599987,0.6159121442,0.6392272139,0.8093103254
12.56,4.265881847,4.323799601,4.746381971,4.241484513,4.272947651,4.442168854,0.530376226,0.2211254544,0.5960615461,0.1902697708,0,0.6115959812,0.6284192549,0.7439774142,0.6157538157,0.638920917,0.8079538653
12.58,4.265489965,4.323039387,4.743011763,4.241335388,4.272564599,4.440818955,0.5269041488,0.2197183023,0.5961007343,0.1903457921,0,0.6114812315,0.6282001592,0.7430996531,0.6155970626,0.6386168317,0.8066057818
12.6,4.265101981,4.322284669,4.739662373,4.241187746,4.272184571,4.439476772,0.5234538401,0.2183194611,0.5961395327,0.1904212639,0,0.6113676111,0.6279826026,0.7422266934,0.6154418693,0.6383149444,0.8052660258
12.62,4.264717858,4.321535412,4.736333679,4.241041574,4.271807545,4.438142268,0.5200251692,0.2169288872,0.596177945,0.1904961896,0,0.6112551092,0.6277665762,0.7413585128,0.6152882201,0.6380152415,0.8039345483
12.64,4.264337558,4.320791582,4.73302556,4.240896856,4.271433498,4.436815404,0.5166180063,0.2155465371,0.5962159751,0.1905705727,0,0.6111437147,0.6275520711,0.7404950895,0.6151360998,0.6377177094,0.8026113007
12.66,4.263961041,4.320053144,4.729737895,4.240753578,4.271062409,4.435496145,0.5132322224,0.2141723678,0.5962536267,0.1906444164,0,0.611033417,0.6273390785,0.7396364016,0.6149854931,0.6374223345,0.8012962348
12.68,4.26358827,4.319320067,4.726470564,4.240611726,4.270694255,4.434184452,0.5098676893,0.2128063362,0.5962909038,0.1907177241,0,0.6109242053,0.6271275896,0.7387824273,0.6148363849,0.6371291035,0.7999893024
12.7,4.263219209,4.318592315,4.723223447,4.240471285,4.270329016,4.432880289,0.5065242795,0.2114483994,0.5963278099,0.1907904993,0,0.610816069,0.6269175956,0.7379331448,0.6146887604,0.6368380028,0.7986904557
12.72,4.26285382,4.317869856,4.719996426,4.240332242,4.26996667,4.431583619,0.5032018663,0.2100985147,0.5963643488,0.1908627452,0,0.6107089978,0.6267090877,0.7370885325,0.6145426048,0.6365490191,0.7973996473
12.74,4.262492067,4.317152656,4.716789383,4.240194582,4.269607195,4.430294406,0.4999003235,0.2087566398,0.5964005241,0.1909344652,0,0.6106029811,0.6265020572,0.7362485688,0.6143979035,0.6362621391,0.79611683
12.76,4.262133913,4.316440682,4.7136022,4.240058292,4.269250569,4.429012612,0.496619526,0.2074227323,0.5964363395,0.1910056626,0,0.6104980087,0.6262964954,0.7354132321,0.6142546419,0.6359773495,0.7948419567
12.78,4.261779323,4.315733901,4.71043476,4.239923358,4.268896773,4.427738201,0.4933593491,0.2060967501,0.5964717985,0.1910763407,0,0.6103940704,0.6260923936,0.7345825012,0.6141128059,0.6356946372,0.7935749807
12.8,4.261428261,4.315032281,4.707286947,4.239789766,4.268545784,4.426471137,0.4901196692,0.2047786512,0.5965069047,0.1911465027,0,0.6102911562,0.6258897432,0.7337563547,0.6139723811,0.635413989,0.7923158557
12.82,4.261080692,4.314335788,4.704158647,4.239657504,4.268197583,4.425211383,0.486900363,0.203468394,0.5965416616,0.191216152,0,0.610189256,0.6256885355,0.7329347712,0.6138333536,0.6351353918,0.7910645355
12.84,4.260736582,4.31364439,4.701049744,4.239526558,4.267852147,4.423958904,0.4837013083,0.2021659367,0.5965760726,0.1912852918,0,0.6100883599,0.625488762,0.7321177296,0.6136957094,0.6348588326,0.7898209742
12.86,4.260395895,4.312958054,4.697960123,4.239396915,4.267509458,4.422713663,0.4805223834,0.2008712381,0.5966101413,0.1913539254,0,0.6099884582,0.625290414,0.7313052089,0.6135594348,0.6345842984,0.7885851261
12.88,4.260058599,4.312276749,4.694889673,4.239268562,4.267169493,4.421475625,0.4773634673,0.1995842568,0.5966438709,0.1914220559,0,0.6098895412,0.6250934832,0.7304971879,0.6134245162,0.6343117763,0.7873569459
12.9,4.259724658,4.311600442,4.691838279,4.239141485,4.266832234,4.420244753,0.4742244399,0.1983049519,0.596677265,0.1914896866,0,0.6097915991,0.6248979608,0.7296936457,0.61329094,0.6340412535,0.7861363884
12.92,4.259394041,4.310929101,4.68880583,4.239015674,4.266497659,4.419021013,0.4711051816,0.1970332825,0.5967103268,0.1915568207,0,0.6096946226,0.6247038386,0.7288945614,0.613158693,0.633772717,0.7849234088
12.94,4.259066713,4.310262694,4.685792214,4.238891114,4.266165749,4.417804368,0.4680055735,0.1957692078,0.5967430595,0.1916234614,0,0.6095986021,0.6245111079,0.7280999142,0.6130277618,0.6335061543,0.7837179625
12.96,4.258742642,4.309601189,4.682797321,4.238767794,4.265836484,4.416594783,0.4649254976,0.1945126874,0.5967754666,0.1916896119,0,0.6095035284,0.6243197605,0.7273096834,0.6128981334,0.6332415525,0.7825200051
12.98,4.258421795,4.308944556,4.67982104,4.2386457,4.265509844,4.415392223,0.4618648364,0.193263681,0.5968075513,0.1917552752,0,0.6094093922,0.6241297879,0.7265238483,0.6127697949,0.6329788991,0.7813294926
13,4.258104141,4.308292762,4.676863261,4.238524822,4.26518581,4.414196653,0.4588234732,0.1920221483,0.5968393167,0.1918204546,0,0.6093161842,0.6239411817,0.7257423884,0.6126427333,0.6327181815,0.7801463811
13.02,4.257789648,4.307645776,4.673923875,4.238405146,4.264864361,4.413008038,0.4558012918,0.1907880494,0.596870766,0.1918851532,0,0.6092238956,0.6237539336,0.724965283,0.612516936,0.6324593871,0.778970627
13.04,4.257478284,4.307003567,4.671002775,4.238286661,4.264545479,4.411826343,0.4527981768,0.1895613444,0.5969019024,0.1919493741,0,0.6091325171,0.6235680354,0.7241925119,0.6123923904,0.6322025035,0.7778021869
13.06,4.257170018,4.306366104,4.668099852,4.238169355,4.264229145,4.410651533,0.4498140136,0.1883419938,0.596932729,0.1920131204,0,0.6090420401,0.6233834787,0.7234240545,0.6122690841,0.6319475184,0.7766410177
13.08,4.25686482,4.305733356,4.665215,4.238053216,4.263915338,4.409483573,0.4468486881,0.187129958,0.5969632488,0.1920763952,0,0.6089524556,0.6232002553,0.7226598907,0.6121470046,0.6316944193,0.7754870767
13.1,4.256562658,4.305105293,4.662348111,4.237938233,4.263604041,4.408322429,0.4439020869,0.1859251977,0.596993465,0.1921392015,0,0.6088637549,0.6230183571,0.7219000002,0.6120261399,0.6314431939,0.7743403211
13.12,4.256263503,4.304481883,4.65949908,4.237824394,4.263295234,4.407168067,0.4409740972,0.1847276739,0.5970233805,0.1922015425,0,0.6087759294,0.6228377758,0.7211443628,0.6119064778,0.6311938301,0.7732007086
13.14,4.255967324,4.303863097,4.656667801,4.237711687,4.262988898,4.406020453,0.4380646069,0.1835373475,0.5970529984,0.1922634211,0,0.6086889704,0.6226585033,0.7203929584,0.6117880064,0.6309463157,0.772068197
13.16,4.255674093,4.303248904,4.653854169,4.237600102,4.262685016,4.404879551,0.4351735047,0.1823541798,0.5970823216,0.1923248404,0,0.6086028696,0.6224805314,0.7196457672,0.6116707138,0.6307006385,0.7709427445
13.18,4.255383779,4.302639274,4.651058082,4.237489628,4.262383568,4.403745329,0.4323006798,0.1811781322,0.5971113529,0.1923858034,0,0.6085176186,0.6223038522,0.718902769,0.6115545882,0.6304567865,0.7698243095
13.2,4.255096354,4.302034177,4.648279434,4.237380252,4.262084536,4.402617752,0.429446022,0.1800091663,0.5971400955,0.1924463131,0,0.6084332089,0.6221284575,0.7181639442,0.6114396182,0.6302147477,0.7687128504
13.22,4.254811788,4.301433584,4.645518123,4.237271965,4.261787902,4.401496786,0.4266094219,0.1788472437,0.597168552,0.1925063724,0,0.6083496324,0.6219543394,0.7174292727,0.6113257921,0.6299745102,0.7676083261
13.24,4.254530054,4.300837463,4.642774047,4.237164756,4.261493648,4.400382398,0.4237907705,0.1776923264,0.5971967254,0.1925659845,0,0.6082668809,0.6217814898,0.7166987351,0.6112130985,0.6297360621,0.7665106957
13.26,4.254251124,4.300245787,4.640047104,4.237058613,4.261201755,4.399274555,0.4209899598,0.1765443765,0.5972246184,0.1926251521,0,0.6081849464,0.6216099008,0.7159723115,0.6111015263,0.6294993915,0.7654199184
13.28,4.253974969,4.299658525,4.637337193,4.236953526,4.260912207,4.398173223,0.4182068819,0.1754033561,0.5972522339,0.1926838783,0,0.6081038207,0.6214395645,0.7152499824,0.6109910643,0.6292644866,0.7643359538
13.3,4.253701562,4.299075648,4.634644212,4.236849485,4.260624984,4.397078368,0.4154414301,0.1742692278,0.5972795747,0.192742166,0,0.6080234961,0.621270473,0.7145317283,0.6108817014,0.6290313359,0.7632587615
13.32,4.253430875,4.298497127,4.631968062,4.236746479,4.260340071,4.395989957,0.412693498,0.173141954,0.5973066433,0.1928000181,0,0.6079439646,0.6211026184,0.7138175298,0.6107734266,0.6287999276,0.7621883016
13.34,4.253162881,4.297922933,4.629308644,4.236644498,4.260057448,4.394907959,0.4099629798,0.1720214975,0.5973334427,0.1928574375,0,0.6078652185,0.620935993,0.7131073674,0.6106662292,0.6285702501,0.7611245342
13.36,4.252897554,4.297353038,4.626665858,4.236543532,4.259777099,4.393832338,0.4072497705,0.1709078213,0.5973599754,0.192914427,0,0.6077872501,0.6207705889,0.7124012219,0.6105600984,0.6283422919,0.7600674199
13.38,4.252634867,4.296787412,4.624039606,4.23644357,4.259499006,4.392763064,0.4045537654,0.1698008884,0.5973862441,0.1929709896,0,0.6077100518,0.6206063984,0.7116990741,0.6104550237,0.6281160415,0.7590169191
13.4,4.252374794,4.296226027,4.62142979,4.236344603,4.259223153,4.391700102,0.4018748608,0.1687006621,0.5974122514,0.1930271281,0,0.607633616,0.6204434137,0.7110009047,0.6103509945,0.6278914876,0.7579729927
13.42,4.252117309,4.295668855,4.618836313,4.236246621,4.258949521,4.390643422,0.3992129534,0.1676071057,0.5974379999,0.1930828453,0,0.6075579352,0.6202816272,0.7103066946,0.6102480003,0.6276686186,0.756935602
13.44,4.251862386,4.295115867,4.616259078,4.236149614,4.258678095,4.389592989,0.3965679404,0.1665201828,0.5974634922,0.1931381441,0,0.607483002,0.6201210312,0.7096164249,0.610146031,0.6274474235,0.7559047081
13.46,4.251609999,4.294567035,4.61369799,4.236053572,4.258408858,4.388548773,0.3939397197,0.1654398572,0.5974887309,0.1931930273,0,0.6074088091,0.6199616181,0.7089300766,0.6100450763,0.6272278908,0.7548802726
13.48,4.251360123,4.294022332,4.611152951,4.235958485,4.258141792,4.38751074,0.3913281899,0.1643660929,0.5975137185,0.1932474976,0,0.6073353493,0.6198033803,0.7082476307,0.6099451261,0.6270100094,0.7538622573
13.5,4.251112734,4.293481729,4.608623868,4.235864345,4.257876882,4.386478859,0.38873325,0.1632988537,0.5975384574,0.1933015579,0,0.6072626153,0.6196463102,0.7075690685,0.6098461705,0.6267937683,0.752850624
13.52,4.250867807,4.292945199,4.606110646,4.235771141,4.25761411,4.385453098,0.3861547997,0.1622381041,0.5975629501,0.1933552109,0,0.6071906001,0.6194904004,0.7068943712,0.6097481994,0.6265791562,0.751845335
13.54,4.250625316,4.292412714,4.60361319,4.235678865,4.257353461,4.384433425,0.3835927393,0.1611838083,0.5975871992,0.1934084594,0,0.6071192965,0.6193356433,0.70622352,0.6096512032,0.6263661623,0.7508463527
13.56,4.250385239,4.291884247,4.601131407,4.235587507,4.257094919,4.383419808,0.3810469696,0.1601359309,0.597611207,0.1934613061,0,0.6070486976,0.6191820315,0.7055564964,0.6095551722,0.6261547755,0.7498536396
13.58,4.25014755,4.29135977,4.598665204,4.235497058,4.256838466,4.382412216,0.3785173919,0.1590944367,0.5976349758,0.1935137538,0,0.6069787965,0.6190295575,0.7048932818,0.6094600966,0.6259449849,0.7488671585
13.6,4.249912226,4.290839258,4.596214489,4.235407509,4.256584087,4.381410617,0.3760039083,0.1580592906,0.5976585082,0.193565805,0,0.6069095862,0.6188782141,0.7042338577,0.6093659671,0.6257367798,0.7478868725
13.62,4.249679244,4.290322681,4.59377917,4.235318851,4.256331767,4.380414981,0.3735064212,0.1570304575,0.5976818064,0.1936174627,0,0.6068410601,0.6187279937,0.7035782057,0.6092727742,0.6255301493,0.7469127449
13.64,4.24944858,4.289810015,4.591359155,4.235231075,4.256081489,4.379425275,0.3710248338,0.1560079027,0.5977048729,0.1936687293,0,0.6067732115,0.6185788892,0.7029263074,0.6091805086,0.6253250828,0.7459447389
13.66,4.249220211,4.289301232,4.588954354,4.235144173,4.255833239,4.37844147,0.3685590498,0.1549915915,0.5977277098,0.1937196076,0,0.6067060335,0.6184308933,0.7022781445,0.609089161,0.6251215695,0.7449828183
13.68,4.248994114,4.288796305,4.586564675,4.235058135,4.255586999,4.377463534,0.3661089733,0.1539814894,0.5977503194,0.1937701003,0,0.6066395198,0.6182839986,0.7016336987,0.6089987223,0.6249195989,0.7440269469
13.7,4.248770267,4.288295209,4.58419003,4.234972954,4.255342755,4.376491435,0.3636745092,0.1529775622,0.5977727041,0.1938202099,0,0.6065736636,0.618138198,0.700992952,0.6089091835,0.6247191604,0.7430770888
13.72,4.248548647,4.287797917,4.581830329,4.23488862,4.255100492,4.375525144,0.3612555628,0.1519797757,0.5977948661,0.1938699391,0,0.6065084587,0.6179934843,0.7003558862,0.6088205357,0.6245202435,0.7421332082
13.74,4.248329233,4.287304403,4.579485482,4.234805125,4.254860194,4.374564631,0.35885204,0.1509880958,0.5978168075,0.1939192906,0,0.6064438985,0.6178498503,0.6997224833,0.6087327699,0.6243228378,0.7411952696
13.76,4.248112002,4.28681464,4.577155402,4.23472246,4.254621846,4.373609863,0.3564638471,0.1500024888,0.5978385307,0.1939682668,0,0.6063799768,0.617707289,0.6990927253,0.6086458774,0.6241269328,0.7402632375
13.78,4.247896932,4.286328604,4.574840001,4.234640619,4.254385433,4.372660812,0.3540908913,0.1490229209,0.5978600376,0.1940168704,0,0.6063166873,0.6175657932,0.6984665943,0.6085598495,0.6239325184,0.739337077
13.8,4.247684002,4.285846268,4.572539191,4.234559592,4.25415094,4.371717447,0.3517330799,0.1480493586,0.5978813306,0.194065104,0,0.6062540237,0.6174253559,0.6978440725,0.6084746775,0.6237395841,0.738416753
13.82,4.247473191,4.285367608,4.570252885,4.23447937,4.253918353,4.370779738,0.3493903211,0.1470817685,0.5979024117,0.19411297,0,0.6061919799,0.6172859702,0.6972251421,0.6083903531,0.6235481199,0.7375022307
13.84,4.247264477,4.284892597,4.567980997,4.234399948,4.253687656,4.369847655,0.3470625234,0.1461201175,0.5979232831,0.1941604711,0,0.6061305498,0.6171476289,0.6966097854,0.6083068677,0.6233581155,0.7365934757
13.86,4.247057841,4.28442121,4.565723442,4.234321315,4.253458836,4.368921168,0.3447495958,0.1451643724,0.5979439468,0.1942076098,0,0.6060697274,0.6170103253,0.6959979847,0.608224213,0.6231695608,0.7356904536
13.88,4.24685326,4.283953423,4.563480133,4.234243465,4.253231877,4.368000248,0.3424514482,0.1442145003,0.5979644048,0.1942543885,0,0.6060095067,0.6168740523,0.6953897226,0.6081423807,0.6229824458,0.7347931301
13.9,4.246650715,4.28348921,4.561250986,4.234166389,4.253006766,4.367084864,0.3401679905,0.1432704685,0.5979846593,0.1943008098,0,0.6059498818,0.6167388032,0.6947849813,0.6080613626,0.6227967606,0.7339014713
13.92,4.246450185,4.283028546,4.559035917,4.234090081,4.252783487,4.366174988,0.3378991335,0.1423322444,0.5980047123,0.1943468762,0,0.6058908468,0.616604571,0.6941837436,0.6079811507,0.6226124952,0.7330154435
13.94,4.246251651,4.282571407,4.556834841,4.234014531,4.252562027,4.365270591,0.3356447884,0.1413997955,0.5980245658,0.1943925901,0,0.6058323959,0.616471349,0.693585992,0.607901737,0.6224296397,0.732135013
13.96,4.246055092,4.282117769,4.554647674,4.233939734,4.252342371,4.364371642,0.3334048669,0.1404730895,0.5980442217,0.1944379539,0,0.6057745233,0.6163391304,0.6929917092,0.6078231134,0.6222481843,0.7312601464
13.98,4.245860488,4.281667606,4.552474334,4.23386568,4.252124507,4.363478113,0.3311792812,0.1395520944,0.598063682,0.1944829702,0,0.6057172235,0.6162079084,0.692400878,0.6077452721,0.6220681193,0.7303908106
14,4.245667821,4.281220895,4.550314739,4.233792364,4.251908419,4.362589974,0.328967944,0.138636778,0.5980829487,0.1945276413,0,0.6056604907,0.6160776765,0.6918134811,0.6076682053,0.6218894349,0.7295269724
14.02,4.245477072,4.280777612,4.548168806,4.233719777,4.251694094,4.361707198,0.3267707686,0.1377271086,0.5981020236,0.1945719696,0,0.6056043193,0.6159484278,0.6912295014,0.6075919054,0.6217121216,0.7286685991
14.04,4.24528822,4.280337732,4.546036453,4.233647912,4.251481518,4.360829755,0.3245876687,0.1368230545,0.5981209088,0.1946159576,0,0.6055487039,0.6158201558,0.6906489218,0.6075163647,0.6215361696,0.7278156579
14.06,4.245101247,4.279901232,4.543917599,4.233576762,4.251270678,4.359957617,0.3224185585,0.1359245841,0.5981396061,0.1946596076,0,0.6054936389,0.6156928539,0.6900717254,0.6074415756,0.6213615696,0.7269681165
14.08,4.244916135,4.279468088,4.541812164,4.233506321,4.251061561,4.359090755,0.3202633528,0.1350316661,0.5981581173,0.194702922,0,0.605439119,0.6155665155,0.6894978952,0.6073675307,0.6211883119,0.7261259424
14.1,4.244732865,4.279038276,4.539720067,4.23343658,4.250854152,4.35822914,0.3181219668,0.1341442691,0.5981764444,0.1947459032,0,0.6053851387,0.6154411341,0.6889274143,0.6072942226,0.6210163872,0.7252891037
14.12,4.244551418,4.278611773,4.537641229,4.233367533,4.250648438,4.357372745,0.3159943163,0.1332623622,0.598194589,0.1947885535,0,0.6053316928,0.6153167031,0.6883602659,0.6072216439,0.620845786,0.7244575684
14.14,4.244371776,4.278188556,4.53557557,4.233299173,4.250444407,4.356521542,0.3138803173,0.1323859144,0.5982125532,0.1948308752,0,0.605278776,0.6151932162,0.6877964332,0.6071497873,0.6206764992,0.7236313047
14.16,4.244193923,4.277768601,4.533523011,4.233231493,4.250242045,4.355675502,0.3117798867,0.1315148948,0.5982303386,0.1948728707,0,0.6052263831,0.6150706669,0.6872358996,0.6070786458,0.6205085174,0.722810281
14.18,4.244017838,4.277351886,4.531483473,4.233164487,4.250041339,4.354834597,0.3096929415,0.1306492729,0.598247947,0.1949145422,0,0.6051745089,0.6149490488,0.6866786484,0.6070082121,0.6203418313,0.7219944661
14.2,4.243843506,4.276938388,4.529456879,4.233098147,4.249842277,4.353998801,0.3076193995,0.1297890182,0.5982653802,0.194955892,0,0.6051231483,0.6148283556,0.6861246631,0.6069384792,0.6201764319,0.7211838285
14.22,4.243670909,4.276528083,4.527443152,4.233032468,4.249644845,4.353168084,0.3055591788,0.1289341002,0.59828264,0.1949969225,0,0.6050722963,0.6147085809,0.6855739271,0.6068694402,0.6200123101,0.7203783374
14.24,4.243500028,4.27612095,4.525442213,4.232967442,4.24944903,4.35234242,0.303512198,0.1280844888,0.598299728,0.1950376358,0,0.6050219478,0.6145897185,0.685026424,0.6068010881,0.6198494567,0.7195779618
14.26,4.243330848,4.275716965,4.523453986,4.232903063,4.249254821,4.351521781,0.3014783761,0.127240154,0.598316646,0.1950780343,0,0.6049720978,0.614471762,0.6844821375,0.6067334162,0.6196878629,0.7187826711
14.28,4.243163352,4.275316107,4.521478395,4.232839325,4.249062204,4.350706139,0.2994576327,0.1264010657,0.5983333956,0.1951181201,0,0.6049227416,0.6143547053,0.6839410512,0.6066664175,0.6195275196,0.7179924348
14.3,4.242997522,4.274918353,4.519515364,4.232776221,4.248871167,4.349895469,0.2974498879,0.1255671943,0.5983499786,0.1951578955,0,0.6048738741,0.6142385421,0.6834031488,0.6066000856,0.619368418,0.7172072224
14.32,4.242833342,4.274523681,4.517564818,4.232713745,4.248681698,4.349089741,0.2954550621,0.1247385102,0.5983663966,0.1951973627,0,0.6048254906,0.6141232664,0.6828684141,0.6065344136,0.6192105492,0.7164270039
14.34,4.242670796,4.274132069,4.515626681,4.23265189,4.248493784,4.348288931,0.2934730762,0.1239149837,0.5983826512,0.1952365239,0,0.6047775863,0.614008872,0.6823368311,0.6064693951,0.6190539045,0.7156517491
14.36,4.242509867,4.273743496,4.513700879,4.232590651,4.248307413,4.34749301,0.2915038516,0.1230965856,0.5983987441,0.1952753812,0,0.6047301565,0.6138953528,0.6818083837,0.6064050235,0.6188984751,0.7148814284
14.38,4.242350539,4.273357939,4.511787338,4.232530021,4.248122573,4.346701952,0.2895473103,0.1222832868,0.5984146769,0.1953139369,0,0.6046831965,0.6137827027,0.6812830558,0.6063412925,0.6187442524,0.714116012
14.4,4.242192797,4.272975377,4.509885984,4.232469995,4.247939253,4.345915731,0.2876033745,0.1214750581,0.5984304511,0.1953521931,0,0.6046367017,0.6136709158,0.6807608315,0.6062781956,0.6185912277,0.7133554704
14.42,4.242036624,4.272595789,4.507996744,4.232410565,4.247757439,4.34513432,0.2856719669,0.1206718706,0.5984460684,0.1953901519,0,0.6045906675,0.6135599861,0.6802416949,0.6062157265,0.6184393925,0.7125997743
14.44,4.241882005,4.272219154,4.506119544,4.232351727,4.247577121,4.344357692,0.2837530108,0.1198736956,0.5984615303,0.1954278155,0,0.6045450893,0.6134499075,0.6797256301,0.6061538789,0.6182887382,0.7118488946
14.46,4.241728925,4.271845449,4.504254313,4.232293475,4.247398286,4.343585822,0.2818464299,0.1190805044,0.5984768383,0.1954651859,0,0.6044999626,0.6133406742,0.6792126215,0.6060926468,0.6181392563,0.7111028021
14.48,4.241577368,4.271474654,4.502400979,4.232235802,4.247220923,4.342818683,0.2799521482,0.1182922686,0.598491994,0.1955022654,0,0.6044552831,0.6132322803,0.6787026533,0.6060320239,0.6179909385,0.7103614682
14.5,4.241427319,4.271106749,4.500559468,4.232178703,4.24704502,4.342056249,0.2780700902,0.1175089597,0.5985069989,0.1955390559,0,0.6044110462,0.6131247199,0.6781957099,0.6059720043,0.6178437764,0.7096248641
14.52,4.241278763,4.270741712,4.498729711,4.232122172,4.246870567,4.341298495,0.276200181,0.1167305496,0.5985218545,0.1955755596,0,0.6043672476,0.6130179872,0.6776917756,0.6059125818,0.6176977617,0.7088929613
14.54,4.241131685,4.270379523,4.496911637,4.232066204,4.24669755,4.340545394,0.274342346,0.1159570103,0.5985365623,0.1956117785,0,0.604323883,0.6129120764,0.677190835,0.6058537506,0.617552886,0.7081657314
14.56,4.24098607,4.270020161,4.495105174,4.232010793,4.246525959,4.339796921,0.272496511,0.1151883137,0.5985511238,0.1956477147,0,0.6042809481,0.6128069818,0.6766928726,0.6057955048,0.6174091413,0.7074431463
14.58,4.240841905,4.269663606,4.493310253,4.231955933,4.246355784,4.33905305,0.2706626023,0.1144244321,0.5985655404,0.1956833702,0,0.6042384387,0.6127026977,0.676197873,0.6057378386,0.6172665192,0.706725178
14.6,4.240699173,4.269309838,4.491526804,4.231901618,4.246187012,4.338313756,0.2688405466,0.1136653378,0.5985798135,0.195718747,0,0.6041963506,0.6125992183,0.6757058209,0.6056807461,0.6171250118,0.7060117985
14.62,4.240557862,4.268958836,4.489754758,4.231847845,4.246019632,4.337579014,0.2670302711,0.1129110033,0.5985939446,0.1957538473,0,0.6041546795,0.612496538,0.6752167009,0.6056242217,0.616984611,0.7053029801
14.64,4.240417958,4.26861058,4.487994047,4.231794606,4.245853634,4.336848798,0.2652317032,0.1121614012,0.5986079351,0.1957886728,0,0.6041134215,0.6123946511,0.6747304979,0.6055682598,0.6168453087,0.7045986954
14.66,4.240279445,4.26826505,4.4862446,4.231741897,4.245689006,4.336123083,0.263444771,0.1114165043,0.5986217863,0.1958232258,0,0.6040725724,0.6122935521,0.6742471967,0.6055128547,0.6167070969,0.7038989168
14.68,4.24014231,4.267922228,4.484506351,4.231689712,4.245525739,4.335401844,0.2616694028,0.1106762855,0.5986354998,0.195857508,0,0.6040321281,0.6121932355,0.6737667821,0.6054580009,0.6165699679,0.7032036172
14.7,4.24000654,4.267582092,4.482779232,4.231638047,4.24536382,4.334685057,0.2599055275,0.1099407177,0.5986490768,0.1958915216,0,0.6039920848,0.6120936956,0.6732892392,0.6054036929,0.6164339136,0.7025127695
14.72,4.239872121,4.267244624,4.481063175,4.231586896,4.245203239,4.333972696,0.2581530743,0.1092097741,0.5986625187,0.1959252684,0,0.6039524383,0.611994927,0.672814553,0.6053499252,0.6162989263,0.7018263466
14.74,4.23973904,4.266909804,4.479358113,4.231536254,4.245043987,4.333264737,0.2564119729,0.1084834281,0.5986758268,0.1959587504,0,0.6039131849,0.6118969242,0.6723427085,0.6052966926,0.6161649983,0.7011443219
14.76,4.239607282,4.266577613,4.47766398,4.231486115,4.244886051,4.332561156,0.2546821532,0.107761653,0.5986890026,0.1959919695,0,0.6038743205,0.6117996819,0.6718736908,0.6052439897,0.6160321218,0.7004666686
14.78,4.239476836,4.266248031,4.475980709,4.231436476,4.244729422,4.331861927,0.2529635458,0.1070444224,0.5987020472,0.1960249277,0,0.6038358415,0.6117031945,0.6714074852,0.6051918111,0.6159002892,0.6997933604
14.8,4.239347687,4.26592104,4.474308235,4.23138733,4.24457409,4.331167028,0.2512560814,0.1063317099,0.5987149621,0.1960576268,0,0.6037977439,0.6116074568,0.6709440769,0.6051401517,0.6157694928,0.6991243708
14.82,4.239219824,4.265596621,4.472646492,4.231338674,4.244420043,4.330476432,0.2495596914,0.1056234895,0.5987277484,0.1960900687,0,0.603760024,0.6115124634,0.6704834513,0.6050890064,0.615639725,0.6984596737
14.84,4.239093233,4.265274754,4.470995416,4.231290501,4.244267273,4.329790117,0.2478743073,0.104919735,0.5987404075,0.1961222554,0,0.6037226781,0.611418209,0.6700255936,0.6050383699,0.6155109785,0.697799243
14.86,4.238967901,4.264955422,4.46935494,4.231242808,4.244115768,4.329108059,0.2461998613,0.1042204206,0.5987529407,0.1961541886,0,0.6036857025,0.6113246883,0.6695704894,0.6049882373,0.6153832456,0.6971430529
14.88,4.238843817,4.264638606,4.467725002,4.23119559,4.243965519,4.328430233,0.2445362859,0.1035255204,0.5987653491,0.1961858703,0,0.6036490935,0.6112318961,0.6691181241,0.6049386035,0.615256519,0.6964910775
14.9,4.238720967,4.264324286,4.466105537,4.231148841,4.243816516,4.327756616,0.2428835138,0.1028350088,0.5987776341,0.1962173022,0,0.6036128474,0.6111398272,0.6686684832,0.6048894636,0.6151307912,0.6958432914
14.92,4.23859934,4.264012446,4.464496481,4.231102557,4.243668748,4.327087183,0.2412414784,0.1021488603,0.5987897968,0.1962484863,0,0.6035769608,0.6110484763,0.6682215524,0.6048408126,0.615006055,0.6951996691
14.94,4.238478922,4.263703066,4.462897771,4.231056734,4.243522206,4.326421913,0.2396101132,0.1014670495,0.5988018386,0.1962794242,0,0.6035414301,0.6109578384,0.6677773174,0.6047926457,0.614882303,0.6945601852
14.96,4.238359703,4.263396128,4.461309345,4.231011367,4.243376881,4.32576078,0.2379893523,0.1007895511,0.5988137605,0.196310118,0,0.6035062516,0.6108679084,0.6673357638,0.6047449581,0.6147595281,0.6939248146
14.98,4.238241671,4.263091616,4.459731139,4.230966452,4.243232761,4.325103763,0.2363791301,0.1001163399,0.5988255638,0.1963405693,0,0.6034714221,0.6107786811,0.6668968774,0.604697745,0.614637723,0.6932935323
15,4.238124812,4.262789509,4.458163092,4.230921983,4.243089839,4.324450837,0.2347793814,0.09944739094,0.5988372496,0.1963707799,0,0.6034369379,0.6106901514,0.6664606442,0.6046510016,0.6145168805,0.6926663134
15.02,4.238009117,4.262489792,4.456605141,4.230877957,4.242948104,4.323801979,0.2331900413,0.09878267936,0.5988488191,0.1964007516,0,0.6034027958,0.6106023145,0.6660270499,0.6046047234,0.6143969937,0.6920431331
15.04,4.237894572,4.262192447,4.455057225,4.230834369,4.242807547,4.323157167,0.2316110454,0.09812218039,0.5988602736,0.1964304862,0,0.6033689922,0.6105151652,0.6655960805,0.6045589056,0.6142780554,0.691423967
15.06,4.237781168,4.261897455,4.453519284,4.230791214,4.242668158,4.322516377,0.2300423297,0.09746586939,0.5988716141,0.1964599854,0,0.603335524,0.6104286986,0.6651677221,0.6045135438,0.6141600586,0.6908087904
15.08,4.237668891,4.261604799,4.451991256,4.230748489,4.242529929,4.321879588,0.2284838303,0.09681372185,0.5988828417,0.1964892509,0,0.6033023877,0.6103429098,0.6647419607,0.6044686333,0.6140429963,0.6901975792
15.1,4.237557732,4.261314463,4.450473081,4.230706189,4.242392849,4.321246775,0.2269354841,0.09616571338,0.5988939576,0.1965182846,0,0.60326958,0.6102577939,0.6643187825,0.6044241696,0.6139268618,0.689590309
15.12,4.237447679,4.261026428,4.448964698,4.23066431,4.242256909,4.320617917,0.225397228,0.09552181974,0.5989049629,0.196547088,0,0.6032370978,0.6101733459,0.6638981736,0.6043801484,0.613811648,0.688986956
15.14,4.237338721,4.260740678,4.447466049,4.230622848,4.242122102,4.319992992,0.2238689994,0.09488201678,0.5989158587,0.196575663,0,0.6032049378,0.6100895612,0.6634801202,0.6043365652,0.6136973481,0.6883874962
15.16,4.237230847,4.260457197,4.445977072,4.230581798,4.241988416,4.319371976,0.2223507362,0.0942462805,0.5989266461,0.1966040111,0,0.6031730968,0.6100064348,0.6630646087,0.6042934156,0.6135839554,0.6877919058
15.18,4.237124047,4.260175966,4.444497711,4.230541157,4.241855844,4.318754847,0.2208423764,0.09361458701,0.5989373261,0.1966321342,0,0.6031415717,0.6099239619,0.6626516255,0.6042506955,0.6134714632,0.6872001611
15.2,4.237018309,4.25989697,4.443027905,4.23050092,4.241724377,4.318141584,0.2193438586,0.09298691256,0.5989478999,0.1966600338,0,0.6031103593,0.6098421379,0.6622411569,0.6042084003,0.6133598647,0.6866122388
15.22,4.236913623,4.259620191,4.441567597,4.230461083,4.241594005,4.317532165,0.2178551216,0.09236323348,0.5989583685,0.1966877117,0,0.6030794565,0.6097609579,0.6618331894,0.6041665261,0.6132491533,0.6860281154
15.24,4.236809979,4.259345614,4.440116727,4.230421643,4.24146472,4.316926567,0.2163761046,0.09174352628,0.5989687329,0.1967151694,0,0.6030488603,0.6096804174,0.6614277096,0.6041250684,0.6131393224,0.6854477677
15.26,4.236707366,4.259073222,4.43867524,4.230382595,4.241336514,4.316324768,0.2149067473,0.09112776755,0.5989789942,0.1967424087,0,0.6030185677,0.6096005116,0.661024704,0.6040840233,0.6130303654,0.6848711726
15.28,4.236605775,4.258802998,4.437243076,4.230343936,4.241209377,4.315726747,0.2134469896,0.09051593401,0.5989891533,0.1967694311,0,0.6029885757,0.6095212359,0.6606241593,0.6040433866,0.6129222758,0.6842983072
15.3,4.236505194,4.258534926,4.435820179,4.230305661,4.2410833,4.315132483,0.2119967717,0.08990800251,0.5989992114,0.1967962382,0,0.6029588812,0.6094425856,0.6602260621,0.6040031543,0.6128150471,0.6837291485
15.32,4.236405614,4.258268991,4.434406493,4.230267767,4.240958276,4.314541953,0.2105560342,0.08930395001,0.5990091694,0.1968228317,0,0.6029294813,0.6093645563,0.6598303993,0.6039633222,0.612708673,0.683163674
15.34,4.236307024,4.258005176,4.433001961,4.230230251,4.240834296,4.313955137,0.2091247182,0.0887037536,0.5990190284,0.1968492133,0,0.6029003732,0.6092871434,0.6594371575,0.6039238865,0.612603147,0.682601861
15.36,4.236209416,4.257743465,4.431606526,4.230193107,4.240711352,4.313372013,0.2077027651,0.08810739048,0.5990287892,0.1968753843,0,0.6028715538,0.6092103423,0.6590463238,0.6038848432,0.6124984627,0.6820436871
15.38,4.236112779,4.257483843,4.430220133,4.230156333,4.240589434,4.312792559,0.2062901163,0.08751483796,0.5990384529,0.1969013465,0,0.6028430205,0.6091341486,0.658657885,0.6038461884,0.6123946139,0.68148913
15.4,4.236017104,4.257226294,4.428842727,4.230119926,4.240468536,4.312216756,0.2048867141,0.08692607349,0.5990480205,0.1969271014,0,0.6028147703,0.6090585578,0.6582718281,0.6038079182,0.6122915944,0.6809381675
15.42,4.23592238,4.256970802,4.427474252,4.23008388,4.240348648,4.311644581,0.2034925007,0.08634107462,0.5990574928,0.1969526506,0,0.6027868004,0.6089835654,0.6578881402,0.6037700288,0.6121893978,0.6803907776
15.44,4.235828599,4.256717353,4.426114654,4.230048193,4.240229763,4.311076014,0.2021074188,0.08575981903,0.5990668709,0.1969779955,0,0.6027591081,0.6089091671,0.6575068082,0.6037325164,0.612088018,0.6798469382
15.46,4.235735751,4.25646593,4.424763877,4.230012861,4.240111873,4.310511034,0.2007314114,0.08518228451,0.5990761557,0.1970031378,0,0.6027316906,0.6088353585,0.6571278194,0.6036953772,0.6119874488,0.6793066276
15.48,4.235643827,4.256216519,4.423421868,4.229977881,4.239994969,4.30994962,0.199364422,0.08460844897,0.5990853481,0.1970280789,0,0.6027045452,0.6087621352,0.656751161,0.6036586076,0.6118876843,0.6787698241
15.5,4.235552818,4.255969104,4.422088574,4.229943248,4.239879043,4.309391753,0.1980063942,0.08403829042,0.599094449,0.1970528204,0,0.6026776692,0.608689493,0.6563768202,0.6036222038,0.6117887183,0.6782365062
15.52,4.235462714,4.25572367,4.420763939,4.229908961,4.239764088,4.30883741,0.1966572721,0.08347178701,0.5991034594,0.1970773638,0,0.6026510599,0.6086174274,0.6560047844,0.6035861623,0.6116905448,0.6777066524
15.54,4.235373507,4.255480203,4.419447912,4.229875014,4.239650096,4.308286573,0.195317,0.08290891698,0.5991123802,0.1971017105,0,0.6026247147,0.6085459344,0.6556350408,0.6035504794,0.6115931578,0.6771802414
15.56,4.235285187,4.255238687,4.418140438,4.229841406,4.239537059,4.30773922,0.1939855225,0.0823496587,0.5991212121,0.1971258621,0,0.602598631,0.6084750095,0.6552675769,0.6035151515,0.6114965514,0.676657252
15.58,4.235197746,4.254999108,4.416841466,4.229808131,4.239424969,4.307195331,0.1926627848,0.08179399067,0.5991299562,0.1971498201,0,0.6025728062,0.6084046486,0.6549023803,0.6034801752,0.6114007198,0.6761376632
15.6,4.235111175,4.254761451,4.415550943,4.229775188,4.239313818,4.306654887,0.1913487322,0.08124189146,0.5991386133,0.1971735858,0,0.6025472377,0.6083348476,0.6545394384,0.6034455468,0.611305657,0.6756214539
15.62,4.235025466,4.254525701,4.414268817,4.229742572,4.2392036,4.306117868,0.1900433103,0.08069333978,0.5991471842,0.1971971607,0,0.6025219231,0.6082656022,0.6541787388,0.6034112631,0.6112113572,0.6751086035
15.64,4.234940609,4.254291845,4.412995036,4.229710282,4.239094306,4.305584252,0.188746465,0.08014831446,0.5991556699,0.1972205463,0,0.6024968596,0.6081969084,0.6538202691,0.6033773204,0.6111178148,0.6745990911
15.66,4.234856597,4.254059868,4.411729549,4.229678312,4.238985929,4.305054022,0.1874581428,0.07960679443,0.5991640711,0.197243744,0,0.602472045,0.608128762,0.6534640171,0.6033437155,0.6110250238,0.6740928962
15.68,4.234773421,4.253829755,4.410472304,4.22964666,4.238878462,4.304527156,0.1861782902,0.07906875872,0.5991723888,0.1972667553,0,0.6024474767,0.608061159,0.6531099705,0.603310445,0.6109329787,0.6735899983
15.7,4.234691072,4.253601493,4.409223251,4.229615324,4.238771897,4.304003636,0.1849068541,0.0785341865,0.5991806236,0.1972895815,0,0.6024231523,0.6079940952,0.652758117,0.6032775055,0.6108416738,0.6730903771
15.72,4.234609542,4.253375067,4.407982339,4.229584299,4.238666227,4.303483442,0.1836437819,0.07800305703,0.5991887766,0.1973122241,0,0.6023990694,0.6079275668,0.6524084447,0.6032448937,0.6107511035,0.6725940123
15.74,4.234528824,4.253150463,4.406749518,4.229553583,4.238561444,4.302966554,0.182389021,0.07747534968,0.5991968484,0.1973346845,0,0.6023752255,0.6078615696,0.6520609413,0.6032126065,0.6106612622,0.6721008838
15.76,4.234448909,4.252927669,4.405524737,4.229523173,4.238457542,4.302452954,0.1811425193,0.07695104394,0.5992048399,0.1973569639,0,0.6023516183,0.6077960998,0.6517155948,0.6031806405,0.6105721443,0.6716109716
15.78,4.234369789,4.252706669,4.404307948,4.229493065,4.238354513,4.301942621,0.179904225,0.0764301194,0.5992127519,0.1973790639,0,0.6023282455,0.6077311534,0.6513723932,0.6031489925,0.6104837443,0.6711242559
15.8,4.234291457,4.25248745,4.4030991,4.229463256,4.23825235,4.301435538,0.1786740866,0.07591255576,0.5992205851,0.1974009858,0,0.6023051048,0.6076667264,0.6510313247,0.6031176595,0.6103960569,0.6706407168
15.82,4.234213904,4.252269999,4.401898145,4.229433745,4.238151046,4.300931684,0.1774520528,0.07539833284,0.5992283404,0.1974227309,0,0.6022821938,0.607602815,0.6506923773,0.6030866383,0.6103090765,0.6701603348
15.84,4.234137122,4.252054302,4.400705034,4.229404527,4.238050595,4.300431041,0.1762380728,0.07488743055,0.5992360186,0.1974443006,0,0.6022595103,0.6075394153,0.6503555393,0.6030559257,0.6102227977,0.6696830902
15.86,4.234061105,4.251840346,4.399519717,4.229375599,4.237950989,4.299933591,0.175032096,0.07437982892,0.5992436203,0.1974656962,0,0.602237052,0.6074765234,0.6500207988,0.6030255187,0.6101372153,0.6692089636
15.88,4.233985844,4.251628118,4.398342147,4.22934696,4.237852221,4.299439313,0.173834072,0.07387550808,0.5992511464,0.197486919,0,0.6022148167,0.6074141357,0.6496881441,0.6029954143,0.6100523239,0.6687379357
15.9,4.233911332,4.251417604,4.397172277,4.229318605,4.237754284,4.298948191,0.1726439508,0.07337444828,0.5992585976,0.1975079705,0,0.6021928021,0.6073522481,0.6493575636,0.6029656094,0.6099681182,0.6682699874
15.92,4.233837561,4.251208791,4.396010057,4.229290533,4.237657173,4.298460205,0.1714616827,0.07287662985,0.5992659747,0.1975288518,0,0.6021710062,0.6072908571,0.6490290457,0.6029361011,0.609884593,0.6678050995
15.94,4.233764524,4.251001666,4.394855441,4.22926274,4.237560879,4.297975336,0.1702872183,0.07238203325,0.5992732784,0.1975495642,0,0.6021494267,0.6072299588,0.6487025787,0.6029068864,0.609801743,0.667343253
15.96,4.233692214,4.250796216,4.393708381,4.229235223,4.237465397,4.297493567,0.1691205085,0.07189063903,0.5992805094,0.1975701092,0,0.6021280614,0.6071695496,0.6483781513,0.6028779624,0.6097195632,0.666884429
15.98,4.233620624,4.250592429,4.39256883,4.229207981,4.23737072,4.29701488,0.1679615044,0.07140242786,0.5992876684,0.1975904879,0,0.6021069083,0.6071096257,0.6480557519,0.6028493262,0.6096380483,0.6664286089
16,4.233549746,4.250390291,4.391436743,4.229181009,4.237276841,4.296539255,0.1668101575,0.0709173805,0.5992947563,0.1976107017,0,0.6020859653,0.6070501835,0.6477353692,0.602820975,0.6095571933,0.6659757739
16.02,4.233479573,4.250189791,4.390312072,4.229154306,4.237183753,4.296066675,0.1656664195,0.07043547783,0.5993017735,0.1976307517,0,0.6020652303,0.6069912194,0.6474169917,0.6027929058,0.6094769931,0.6655259055
16.04,4.233410098,4.249990915,4.389194771,4.229127868,4.237091451,4.295597122,0.1645302425,0.0699567008,0.599308721,0.1976506393,0,0.6020447011,0.6069327297,0.6471006083,0.602765116,0.6093974427,0.6650789852
16.06,4.233341315,4.249793651,4.388084795,4.229101694,4.236999927,4.295130578,0.1634015787,0.0694810305,0.5993155993,0.1976703657,0,0.6020243758,0.6068747108,0.6467862076,0.6027376026,0.6093185371,0.6646349948
16.08,4.233273216,4.249597987,4.386982098,4.22907578,4.236909176,4.294667026,0.1622803808,0.06900844811,0.5993224092,0.1976899322,0,0.6020042524,0.6068171593,0.6464737784,0.602710363,0.6092402714,0.6641939159
16.1,4.233205794,4.249403909,4.385886634,4.229050123,4.236819192,4.294206447,0.1611666016,0.06853893491,0.5993291514,0.1977093399,0,0.6019843289,0.6067600715,0.6461633097,0.6026833945,0.6091626405,0.6637557305
16.12,4.233139044,4.249211408,4.384798359,4.229024723,4.236729967,4.293748824,0.1600601943,0.06807247227,0.5993358264,0.1977285901,0,0.6019646031,0.6067034439,0.6458547903,0.6026566943,0.6090856398,0.6633204205
16.14,4.233072957,4.249020469,4.383717228,4.228999574,4.236641495,4.293294139,0.1589611122,0.06760904167,0.5993424351,0.197747684,0,0.6019450733,0.6066472731,0.6455482091,0.6026302598,0.6090092642,0.662887968
16.16,4.233007529,4.248831081,4.382643196,4.228974676,4.236553772,4.292842376,0.1578693092,0.06714862471,0.5993489779,0.1977666228,0,0.6019257375,0.6065915555,0.6452435553,0.6026040882,0.608933509,0.6624583553
16.18,4.232942751,4.248643231,4.38157622,4.228950026,4.236466789,4.292393516,0.1567847393,0.06669120307,0.5993554557,0.1977854077,0,0.6019065936,0.6065362877,0.6449408178,0.6025781771,0.6088583694,0.6620315646
16.2,4.232878618,4.24845691,4.380516254,4.228925621,4.236380542,4.291947542,0.1557073566,0.06623675852,0.599361869,0.1978040399,0,0.60188764,0.6064814664,0.6446399858,0.6025525238,0.6087838406,0.6616075784
16.22,4.232815123,4.248272103,4.379463256,4.228901459,4.236295025,4.291504438,0.1546371157,0.06578527295,0.5993682186,0.1978225205,0,0.6018688745,0.606427088,0.6443410484,0.6025271258,0.6087099179,0.661186379
16.24,4.232752259,4.2480888,4.378417181,4.228877537,4.23621023,4.291064186,0.1535739715,0.06533672835,0.5993745049,0.1978408508,0,0.6018502955,0.6063731493,0.6440439949,0.6025019805,0.6086365967,0.6607679492
16.26,4.232690021,4.247906989,4.377377987,4.228853854,4.236126153,4.290626769,0.1525178791,0.06489110678,0.5993807287,0.1978590319,0,0.601831901,0.6063196468,0.6437488145,0.6024770854,0.6085638722,0.6603522716
16.28,4.232628403,4.247726658,4.376345631,4.228830406,4.236042788,4.290192171,0.1514687936,0.06444839044,0.5993868905,0.197877065,0,0.6018136892,0.6062665773,0.6434554966,0.6024524379,0.6084917399,0.6599393291
16.3,4.232567398,4.247547796,4.375320069,4.228807191,4.235960128,4.289760373,0.1504266709,0.06400856158,0.5993929911,0.1978949512,0,0.6017956583,0.6062139374,0.6431640304,0.6024280358,0.6084201952,0.6595291045
16.32,4.232506999,4.247370392,4.37430126,4.228784207,4.235878168,4.289331361,0.1493914667,0.0635716026,0.5993990309,0.1979126916,0,0.6017778065,0.6061617239,0.6428744055,0.6024038764,0.6083492336,0.6591215809
16.34,4.232447202,4.247194434,4.373289161,4.228761452,4.235796903,4.288905117,0.1483631372,0.06313749595,0.5994050106,0.1979302874,0,0.601760132,0.6061099334,0.6425866112,0.6023799574,0.6082788504,0.6587167413
16.36,4.232387999,4.247019911,4.372283731,4.228738924,4.235716326,4.288481624,0.1473416387,0.0627062242,0.5994109309,0.1979477397,0,0.6017426331,0.6060585628,0.6423006371,0.6023562765,0.6082090413,0.6583145691
16.38,4.232329386,4.246846812,4.371284926,4.228716619,4.235636431,4.288060867,0.1463269281,0.06227777002,0.5994167922,0.1979650496,0,0.601725308,0.6060076088,0.6420164729,0.6023328311,0.6081398017,0.6579150473
16.4,4.232271356,4.246675126,4.370292707,4.228694537,4.235557214,4.287642828,0.1453189621,0.06185211615,0.5994225952,0.1979822182,0,0.601708155,0.6059570682,0.6417341079,0.6023096191,0.6080711273,0.6575181596
16.42,4.232213903,4.246504842,4.369307031,4.228672674,4.235478668,4.287227491,0.144317698,0.06142924546,0.5994283405,0.1979992466,0,0.6016911724,0.605906938,0.6414535321,0.602286638,0.6080030137,0.6571238893
16.44,4.232157022,4.246335949,4.368327858,4.228651029,4.235400789,4.286814841,0.1433230932,0.06100914089,0.5994340286,0.1980161359,0,0.6016743586,0.6058572148,0.641174735,0.6022638855,0.6079354564,0.6567322201
16.46,4.232100707,4.246168436,4.367355147,4.228629599,4.23532357,4.286404861,0.1423351054,0.06059178547,0.5994396601,0.1980328872,0,0.6016577117,0.6058078956,0.6408977064,0.6022413595,0.6078684512,0.6563431357
16.48,4.232044952,4.246002293,4.366388858,4.228608382,4.235247006,4.285997535,0.1413536925,0.06017716235,0.5994452356,0.1980495016,0,0.6016412302,0.6057589773,0.6406224362,0.6022190576,0.6078019938,0.6559566198
16.5,4.231989752,4.245837508,4.365428949,4.228587377,4.235171092,4.285592847,0.1403788128,0.05976525474,0.5994507556,0.19806598,0,0.6016249125,0.6057104568,0.6403489141,0.6021969776,0.6077360799,0.6555726563
16.52,4.231935101,4.245674071,4.364475381,4.22856658,4.235095823,4.285190782,0.1394104247,0.05935604598,0.5994562207,0.1980823237,0,0.6016087569,0.605662331,0.6400771302,0.6021751173,0.6076707052,0.6551912293
16.54,4.231880994,4.245511972,4.363528115,4.22854599,4.235021192,4.284791323,0.1384484868,0.05894951947,0.5994616314,0.1980985336,0,0.6015927618,0.6056145969,0.6398070743,0.6021534746,0.6076058656,0.6548123227
16.56,4.231827426,4.2453512,4.36258711,4.228525606,4.234947196,4.284394454,0.1374929581,0.05854565872,0.5994669882,0.1981146108,0,0.6015769256,0.6055672515,0.6395387365,0.6021320471,0.6075415569,0.6544359207
16.58,4.23177439,4.245191745,4.361652327,4.228505424,4.234873828,4.284000161,0.1365437979,0.05814444733,0.5994722918,0.1981305563,0,0.6015612467,0.6055202917,0.6392721068,0.6021108329,0.6074777749,0.6540620076
16.6,4.231721883,4.245033597,4.360723728,4.228485443,4.234801084,4.283608428,0.1356009655,0.05774586898,0.5994775426,0.1981463711,0,0.6015457236,0.6054737147,0.6390071754,0.6020898298,0.6074145156,0.6536905678
16.62,4.231669897,4.244876745,4.359801272,4.22846566,4.234728958,4.283219239,0.1346644207,0.05734990745,0.5994827411,0.1981620563,0,0.6015303548,0.6054275173,0.6387439323,0.6020690356,0.6073517747,0.6533215856
16.64,4.231618429,4.244721179,4.358884922,4.228446075,4.234657445,4.282832578,0.1337341233,0.05695654661,0.5994878879,0.1981776129,0,0.6015151386,0.6053816968,0.6384823678,0.6020484484,0.6072895484,0.6529550457
16.66,4.231567473,4.244566889,4.35797464,4.228426684,4.23458654,4.282448432,0.1328100336,0.05656577041,0.5994929835,0.1981930419,0,0.6015000736,0.6053362502,0.6382224721,0.602028066,0.6072278325,0.6525909326
16.68,4.231517024,4.244413866,4.357070386,4.228407487,4.234516238,4.282066783,0.1318921118,0.05617756292,0.5994980284,0.1982083442,0,0.6014851583,0.6052911745,0.6379642355,0.6020078864,0.6071666231,0.652229231
16.7,4.231467077,4.244262099,4.356172123,4.22838848,4.234446535,4.281687618,0.1309803188,0.05579190826,0.5995030231,0.198223521,0,0.6014703912,0.605246467,0.6377076484,0.6019879076,0.6071059162,0.6518699258
16.72,4.231417627,4.244111578,4.355279813,4.228369663,4.234377425,4.281310921,0.1300746152,0.05540879066,0.5995079681,0.198238573,0,0.6014557708,0.6052021247,0.6374527012,0.6019681276,0.6070457078,0.6515130018
16.74,4.231368669,4.243962293,4.354393418,4.228351033,4.234308903,4.280936677,0.1291749624,0.05502819443,0.5995128639,0.1982535015,0,0.6014412958,0.6051581449,0.6371993842,0.6019485444,0.6069859941,0.6511584441
16.76,4.231320198,4.243814236,4.353512902,4.228332588,4.234240964,4.280564871,0.1282813215,0.05465010399,0.599517711,0.1982683072,0,0.6014269645,0.6051145247,0.636947688,0.6019291561,0.6069267711,0.6508062377
16.78,4.23127221,4.243667396,4.352638227,4.228314326,4.234173604,4.280195489,0.1273936542,0.05427450381,0.5995225098,0.1982829912,0,0.6014127756,0.6050712613,0.636697603,0.6019099607,0.606868035,0.6504563677
16.8,4.231224699,4.243521763,4.351769357,4.228296247,4.234106818,4.279828516,0.1265119223,0.05390137847,0.5995272609,0.1982975545,0,0.6013987277,0.6050283519,0.63644912,0.6018909563,0.606809782,0.6501088195
16.82,4.231177661,4.243377329,4.350906254,4.228278347,4.234040601,4.279463937,0.1256360879,0.05353071264,0.5995319648,0.1983119979,0,0.6013848195,0.6049857938,0.6362022294,0.601872141,0.6067520083,0.6497635783
16.84,4.23113109,4.243234083,4.350048882,4.228260625,4.233974949,4.279101738,0.1247661131,0.05316249106,0.5995366218,0.1983263225,0,0.6013710494,0.6049435843,0.635956922,0.6018535129,0.6066947101,0.6494206295
16.86,4.231084983,4.243092017,4.349197205,4.22824308,4.233909856,4.278741904,0.1239019606,0.05279669858,0.5995412325,0.1983405291,0,0.6013574161,0.6049017207,0.6357131884,0.6018350701,0.6066378837,0.6490799588
16.88,4.231039335,4.242951121,4.348351187,4.228225709,4.233845318,4.278384421,0.123043593,0.05243332011,0.5995457973,0.1983546187,0,0.6013439184,0.6048602001,0.6354710195,0.6018168109,0.6065815253,0.6487415516
16.9,4.230994141,4.242811386,4.347510792,4.228208511,4.23378133,4.278029274,0.1221909733,0.05207234066,0.5995503167,0.1983685922,0,0.6013305547,0.6048190201,0.635230406,0.6017987333,0.6065256312,0.6484053936
16.92,4.230949397,4.242672803,4.346675985,4.228191485,4.233717889,4.277676449,0.1213440647,0.05171374532,0.5995547911,0.1983824505,0,0.6013173239,0.6047781778,0.6349913389,0.6017808356,0.6064701979,0.6480714706
16.94,4.230905098,4.242535362,4.345846729,4.228174627,4.233654988,4.277325932,0.1205028305,0.05135751926,0.599559221,0.1983961946,0,0.6013042245,0.6047376708,0.6347538089,0.601763116,0.6064152217,0.6477397685
16.96,4.23086124,4.242399055,4.345022991,4.228157938,4.233592625,4.276977709,0.1196672344,0.05100364775,0.5995636068,0.1984098253,0,0.6012912554,0.6046974963,0.634517807,0.6017455727,0.6063606989,0.6474102732
16.98,4.230817818,4.242263873,4.344204735,4.228141414,4.233530794,4.276631766,0.1188372403,0.05065211612,0.599567949,0.1984233435,0,0.6012784151,0.6046576517,0.6342833243,0.6017282039,0.6063066259,0.6470829707
17,4.230774828,4.242129806,4.343391926,4.228125055,4.233469491,4.276288089,0.1180128121,0.05030290979,0.599572248,0.1984367502,0,0.6012657024,0.6046181346,0.6340503517,0.601711008,0.6062529994,0.6467578471
17.02,4.230732266,4.241996847,4.342584529,4.228108859,4.233408711,4.275946664,0.1171939142,0.04995601429,0.5995765042,0.1984500461,0,0.601253116,0.6045789422,0.6338188803,0.6016939832,0.6061998156,0.6464348885
17.04,4.230690127,4.241864986,4.341782511,4.228092824,4.233348451,4.275607477,0.116380511,0.04961141519,0.5995807181,0.1984632322,0,0.6012406547,0.6045400721,0.6335889013,0.6016771277,0.6061470711,0.6461140813
17.06,4.230648408,4.241734214,4.340985838,4.228076948,4.233288706,4.275270515,0.1155725673,0.04926909817,0.59958489,0.1984763094,0,0.6012283173,0.6045015218,0.6333604059,0.60166044,0.6060947624,0.6457954118
17.08,4.230607104,4.241604523,4.340194474,4.22806123,4.233229471,4.274935763,0.114770048,0.04892904898,0.5995890204,0.1984892785,0,0.6012161025,0.6044632887,0.6331333851,0.6016439183,0.606042886,0.6454788664
17.1,4.230566211,4.241475905,4.339408387,4.228045669,4.233170743,4.27460321,0.1139729182,0.04859125346,0.5995931097,0.1985021403,0,0.6012040091,0.6044253703,0.6329078304,0.6016275611,0.6059914387,0.6451644316
17.12,4.230525724,4.24134835,4.338627543,4.228030262,4.233112517,4.27427284,0.1131811433,0.04825569752,0.5995971584,0.1985148958,0,0.6011920358,0.6043877642,0.632683733,0.6016113665,0.6059404168,0.644852094
17.14,4.230485641,4.241221851,4.337851909,4.228015009,4.233054789,4.27394464,0.1123946888,0.04792236716,0.5996011667,0.1985275457,0,0.6011801816,0.6043504679,0.6324610842,0.6015953331,0.6058898172,0.6445418403
17.16,4.230445956,4.241096399,4.337081451,4.227999908,4.232997555,4.273618597,0.1116135205,0.04759124845,0.5996051352,0.1985400909,0,0.6011684452,0.6043134791,0.6322398754,0.6015794593,0.6058396363,0.6442336572
17.18,4.230406667,4.240971985,4.336316137,4.227984957,4.232940811,4.273294699,0.1108376043,0.04726232754,0.5996090642,0.1985525323,0,0.6011568254,0.6042767951,0.6320200981,0.6015637434,0.6057898709,0.6439275315
17.2,4.230367768,4.240848602,4.335555934,4.227970154,4.232884552,4.272972931,0.1100669066,0.04693559067,0.599612954,0.1985648706,0,0.6011453212,0.6042404138,0.6318017438,0.6015481839,0.6057405177,0.6436234502
17.22,4.230329256,4.240726242,4.334800809,4.227955499,4.232828775,4.27265328,0.1093013935,0.04661102416,0.5996168052,0.1985771066,0,0.6011339312,0.6042043326,0.6315848039,0.6015327791,0.6056915735,0.6433214003
17.24,4.230291127,4.240604895,4.33405073,4.22794099,4.232773475,4.272335734,0.1085410318,0.04628861438,0.5996206181,0.1985892413,0,0.6011226545,0.6041685492,0.6313692701,0.6015175277,0.6056430349,0.6430213687
17.26,4.230253378,4.240484555,4.333305665,4.227926625,4.232718649,4.27202028,0.1077857883,0.04596834782,0.599624393,0.1986012753,0,0.6011114899,0.6041330613,0.6311551339,0.601502428,0.6055948987,0.6427233426
17.28,4.230216005,4.240365213,4.332565581,4.227912403,4.232664293,4.271706904,0.1070356299,0.04565021102,0.5996281303,0.1986132096,0,0.6011004362,0.6040978665,0.630942387,0.6014874786,0.6055471618,0.6424273093
17.3,4.230179003,4.24024686,4.331830448,4.227898323,4.232610403,4.271395594,0.1062905238,0.0453341906,0.5996318305,0.1986250448,0,0.6010894924,0.6040629626,0.6307310211,0.6014726779,0.6054998209,0.642133256
17.32,4.230142369,4.24012949,4.331100233,4.227884383,4.232556974,4.271086337,0.1055504374,0.04502027326,0.5996354939,0.1986367818,0,0.6010786574,0.6040283471,0.6305210279,0.6014580245,0.6054528729,0.6418411701
17.34,4.2301061,4.240013095,4.330374906,4.227870581,4.232504003,4.27077912,0.1048153384,0.04470844579,0.5996391208,0.1986484213,0,0.6010679301,0.6039940179,0.6303123992,0.6014435169,0.6054063147,0.6415510391
17.36,4.230070192,4.239897666,4.329654434,4.227856917,4.232451487,4.270473931,0.1040851945,0.04439869502,0.5996427116,0.1986599642,0,0.6010573095,0.6039599727,0.6301051268,0.6014291537,0.6053601431,0.6412628504
17.38,4.230034642,4.239783196,4.328938787,4.227843388,4.232399421,4.270170757,0.1033599737,0.0440910079,0.5996462667,0.1986714112,0,0.6010467944,0.6039262092,0.6298992026,0.6014149334,0.6053143551,0.6409765916
17.4,4.229999445,4.239669677,4.328227934,4.227829995,4.232347802,4.269869585,0.1026396442,0.04378537142,0.5996497864,0.1986827631,0,0.6010363838,0.6038927253,0.6296946185,0.6014008546,0.6052689476,0.6406922505
17.42,4.229964598,4.239557102,4.327521845,4.227816734,4.232296625,4.269570404,0.1019241745,0.04348177266,0.599653271,0.1986940206,0,0.6010260767,0.6038595186,0.6294913665,0.6013869158,0.6052239176,0.6404098147
17.44,4.229930098,4.239445463,4.326820488,4.227803606,4.232245888,4.269273201,0.1012135329,0.04318019879,0.599656721,0.1987051845,0,0.6010158721,0.6038265869,0.6292894384,0.6013731158,0.605179262,0.6401292721
17.46,4.229895941,4.239334753,4.326123834,4.227790608,4.232195586,4.268977963,0.1005076885,0.04288063702,0.5996601367,0.1987162555,0,0.6010057689,0.6037939282,0.6290888264,0.6013594531,0.6051349779,0.6398506105
17.48,4.229862124,4.239224964,4.325431853,4.227777739,4.232145717,4.268684679,0.09980660996,0.04258307465,0.5996635184,0.1987272344,0,0.6009957661,0.6037615403,0.6288895226,0.6013459263,0.6050910623,0.639573818
17.5,4.229828644,4.239116089,4.324744514,4.227764999,4.232096275,4.268393335,0.09911026661,0.04228749908,0.5996668665,0.198738122,0,0.6009858628,0.6037294209,0.628691519,0.6013325342,0.6050475122,0.6392988825
17.52,4.229795496,4.23900812,4.324061788,4.227752385,4.232047258,4.268103922,0.09841862773,0.04199389773,0.5996701812,0.1987489188,0,0.600976058,0.603697568,0.6284948078,0.6013192753,0.6050043247,0.6390257921
17.54,4.229762679,4.23890105,4.323383646,4.227739897,4.231998662,4.267816425,0.09773166284,0.04170225814,0.5996734629,0.1987596258,0,0.6009663506,0.6036659794,0.6282993811,0.6013061483,0.6049614969,0.6387545351
17.56,4.229730188,4.238794873,4.322710057,4.227727533,4.231950484,4.267530833,0.09704934166,0.04141256789,0.599676712,0.1987702435,0,0.6009567397,0.6036346531,0.6281052313,0.6012931519,0.604919026,0.6384850997
17.58,4.22969802,4.238689581,4.322040993,4.227715292,4.23190272,4.267247135,0.09637163409,0.04112481466,0.5996799288,0.1987807727,0,0.6009472243,0.6036035869,0.6279123507,0.6012802849,0.6048769091,0.6382174741
17.6,4.229666173,4.238585166,4.321376425,4.227703173,4.231855366,4.266965319,0.09569851019,0.04083898617,0.5996831135,0.1987912142,0,0.6009378035,0.6035727788,0.6277207314,0.6012675458,0.6048351432,0.6379516468
17.62,4.229634642,4.238481622,4.320716324,4.227691174,4.23180842,4.266685372,0.09502994023,0.04055507025,0.5996862666,0.1988015686,0,0.6009284764,0.6035422267,0.6275303659,0.6012549335,0.6047937257,0.6376876062
17.64,4.229603425,4.238378942,4.32006066,4.227679295,4.231761878,4.266407284,0.09436589466,0.04027305476,0.5996893883,0.1988118366,0,0.600919242,0.6035119287,0.6273412466,0.6012424467,0.6047526538,0.6374253409
17.66,4.229572519,4.238277119,4.319409407,4.227667534,4.231715736,4.266131042,0.09370634414,0.03999292767,0.599692479,0.1988220189,0,0.6009100994,0.6034818826,0.6271533659,0.6012300842,0.6047119245,0.6371648394
17.68,4.22954192,4.238176146,4.318762534,4.22765589,4.23166999,4.265856635,0.09305125946,0.03971467698,0.5996955388,0.1988321162,0,0.6009010477,0.6034520864,0.6269667164,0.6012178446,0.6046715352,0.6369060905
17.7,4.229511625,4.238076016,4.318120015,4.227644362,4.231624639,4.265584052,0.09240061161,0.03943829079,0.5996985683,0.1988421292,0,0.600892086,0.6034225382,0.6267812904,0.6012057269,0.6046314832,0.6366490828
17.72,4.229481632,4.237976723,4.317481821,4.227632949,4.231579678,4.265313281,0.09175437177,0.03916375727,0.5997015676,0.1988520586,0,0.6008832134,0.603393236,0.6265970806,0.6011937297,0.6045917658,0.6363938052
17.74,4.229451938,4.237878258,4.316847924,4.227621649,4.231535104,4.26504431,0.09111251127,0.03889106463,0.599704537,0.198861905,0,0.600874429,0.6033641778,0.6264140796,0.6011818519,0.6045523801,0.6361402465
17.76,4.229422539,4.237780617,4.316218297,4.227610461,4.231490914,4.26477713,0.09047500165,0.03862020118,0.5997074769,0.1988716691,0,0.6008657319,0.6033353616,0.6262322801,0.6011700923,0.6045133237,0.6358883956
17.78,4.229393432,4.237683793,4.315592912,4.227599385,4.231447104,4.264511727,0.08984181459,0.03835115528,0.5997103876,0.1988813516,0,0.6008571213,0.6033067856,0.6260516746,0.6011584497,0.6044745938,0.6356382417
17.8,4.229364615,4.237587777,4.314971742,4.22758842,4.231403672,4.264248092,0.08921292198,0.03808391538,0.5997132693,0.1988909531,0,0.6008485962,0.6032784477,0.6258722559,0.6011469229,0.6044361877,0.6353897736
17.82,4.229336085,4.237492566,4.31435476,4.227577563,4.231360615,4.263986213,0.08858829585,0.03781846996,0.5997161223,0.1989004743,0,0.600840156,0.6032503462,0.6256940168,0.6011355108,0.604398103,0.6351429807
17.84,4.229307839,4.23739815,4.313741938,4.227566814,4.231317928,4.263726079,0.08796790842,0.03755480761,0.5997189469,0.1989099158,0,0.6008317996,0.6032224791,0.62551695,0.6011242123,0.6043603369,0.634897852
17.86,4.229279874,4.237304526,4.31313325,4.227556172,4.231275609,4.263467679,0.08735173208,0.03729291696,0.5997217435,0.1989192782,0,0.6008235264,0.6031948445,0.6253410485,0.6011130262,0.604322887,0.6346543769
17.88,4.229252187,4.237211685,4.31252867,4.227545636,4.231233655,4.263211002,0.08673973939,0.03703278671,0.5997245121,0.1989285623,0,0.6008153354,0.6031674405,0.625166305,0.6011019514,0.6042857506,0.6344125446
17.9,4.229224775,4.237119621,4.31192817,4.227535205,4.231192063,4.262956038,0.08613190309,0.03677440564,0.5997272533,0.1989377687,0,0.6008072258,0.6031402654,0.6249927124,0.6010909868,0.6042489253,0.6341723446
17.92,4.229197636,4.237028329,4.311331724,4.227524878,4.23115083,4.262702775,0.08552819606,0.03651776257,0.5997299672,0.1989468979,0,0.6007991969,0.6031133172,0.6248202638,0.6010801313,0.6042124085,0.6339337664
17.94,4.229170768,4.236937802,4.310739307,4.227514654,4.231109953,4.262451203,0.08492859137,0.03626284642,0.599732654,0.1989559506,0,0.6007912478,0.6030865942,0.6246489521,0.6010693838,0.6041761977,0.6336967994
17.96,4.229144166,4.236848034,4.310150891,4.227504531,4.231069428,4.262201311,0.08433306225,0.03600964615,0.5997353142,0.1989649274,0,0.6007833777,0.6030600945,0.6244787703,0.6010587433,0.6041402905,0.6334614333
17.98,4.22911783,4.236759019,4.309566452,4.227494509,4.231029253,4.261953089,0.0837415821,0.03575815079,0.5997379479,0.1989738289,0,0.6007755859,0.6030338163,0.6243097115,0.6010482086,0.6041046843,0.6332276577
18,4.229091755,4.23667075,4.308985964,4.227484587,4.230989425,4.261706526,0.08315412448,0.03550834945,0.5997405553,0.1989826558,0,0.6007678715,0.603007758,0.6241417688,0.6010377787,0.6040693769,0.6329954623
18.02,4.22906594,4.236583222,4.3084094,4.227474763,4.230949941,4.261461612,0.08257066312,0.03526023128,0.5997431368,0.1989914086,0,0.6007602339,0.6029819176,0.6239749353,0.6010274527,0.6040343656,0.6327648369
18.04,4.229040382,4.236496429,4.307836737,4.227465037,4.230910798,4.261218336,0.0819911719,0.03501378551,0.5997456927,0.1990000879,0,0.6007526722,0.6029562934,0.6238092042,0.6010172294,0.6039996482,0.6325357714
18.06,4.229015078,4.236410364,4.307267947,4.227455408,4.230871992,4.260976688,0.08141562487,0.03476900142,0.5997482231,0.1990086944,0,0.6007451856,0.6029308838,0.6236445687,0.6010071078,0.6039652223,0.6323082556
18.08,4.228990025,4.236325022,4.306703007,4.227445875,4.230833523,4.260736658,0.08084399624,0.03452586838,0.5997507283,0.1990172286,0,0.6007377736,0.6029056869,0.623481022,0.6009970869,0.6039310855,0.6320822796
18.1,4.228965222,4.236240397,4.306141891,4.227436436,4.230795385,4.260498234,0.08027626039,0.0342843758,0.5997532086,0.1990256911,0,0.6007304352,0.6028807011,0.6233185575,0.6009871657,0.6038972354,0.6318578332
18.12,4.228940666,4.236156483,4.305584575,4.227427092,4.230757578,4.260261409,0.07971239183,0.03404451316,0.5997556642,0.1990340826,0,0.6007231698,0.6028559246,0.6231571684,0.6009773433,0.6038636698,0.6316349067
18.14,4.228916354,4.236073274,4.305031033,4.22741784,4.230720097,4.26002617,0.07915236526,0.03380627,0.5997580954,0.1990424034,0,0.6007159766,0.6028313558,0.6229968482,0.6009676185,0.6038303863,0.6314134902
18.16,4.228892285,4.235990764,4.304481243,4.227408681,4.23068294,4.259792508,0.07859615552,0.03356963593,0.5997605024,0.1990506544,0,0.600708855,0.602806993,0.6228375901,0.6009579906,0.6037973825,0.6311935738
18.18,4.228868454,4.235908949,4.303935178,4.227399613,4.230646104,4.259560413,0.07804373761,0.0333346006,0.5997628854,0.1990588359,0,0.6007018041,0.6027828345,0.6226793877,0.6009484584,0.6037646564,0.6309751479
18.2,4.228844861,4.235827822,4.303392815,4.227390635,4.230609588,4.259329876,0.07749508668,0.03310115375,0.5997652447,0.1990669486,0,0.6006948234,0.6027588786,0.6225222344,0.6009390211,0.6037322056,0.6307582027
18.22,4.228821502,4.235747378,4.30285413,4.227381746,4.230573387,4.259100886,0.07695017805,0.03286928517,0.5997675806,0.1990749931,0,0.6006879121,0.6027351238,0.6223661237,0.6009296777,0.6037000278,0.6305427287
18.24,4.228798376,4.23566761,4.302319099,4.227372946,4.230537499,4.258873433,0.07640898718,0.0326389847,0.5997698932,0.1990829698,0,0.6006810695,0.6027115684,0.6222110491,0.6009204273,0.6036681208,0.6303287163
18.26,4.22877548,4.235588514,4.301787698,4.227364233,4.230501922,4.258647507,0.07587148968,0.03241024226,0.5997721828,0.1990908794,0,0.600674295,0.6026882108,0.6220570042,0.6009112689,0.6036364825,0.6301161561
18.28,4.228752812,4.235510085,4.301259904,4.227355607,4.230466653,4.2584231,0.07533766133,0.03218304781,0.5997744496,0.1990987223,0,0.6006675878,0.6026650494,0.6219039826,0.6009022016,0.6036051106,0.6299050384
18.3,4.22873037,4.235432316,4.300735693,4.227347067,4.23043169,4.258200201,0.07480747803,0.03195739138,0.5997766939,0.1991064992,0,0.6006609473,0.6026420826,0.621751978,0.6008932246,0.603574003,0.6296953541
18.32,4.22870815,4.235355202,4.300215042,4.227338611,4.230397029,4.257978801,0.07428091586,0.03173326307,0.5997789158,0.1991142106,0,0.6006543728,0.6026193089,0.621600984,0.6008843368,0.6035431576,0.6294870937
18.34,4.228686152,4.235278738,4.299697928,4.22733024,4.230362668,4.257758889,0.07375795105,0.03151065302,0.5997811156,0.199121857,0,0.6006478638,0.6025967265,0.6214509944,0.6008755375,0.6035125721,0.6292802481
18.36,4.228664373,4.235202919,4.299184328,4.227321952,4.230328605,4.257540458,0.07323855994,0.03128955144,0.5997832935,0.1991294389,0,0.6006414194,0.6025743341,0.6213020029,0.6008668258,0.6034822445,0.6290748079
18.38,4.22864281,4.23512774,4.298674218,4.227313747,4.230294838,4.257323497,0.07272271906,0.0310699486,0.5997854498,0.1991369568,0,0.6006350391,0.6025521301,0.6211540033,0.6008582008,0.6034521727,0.628870764
18.4,4.228621462,4.235053194,4.298167577,4.227305623,4.230261363,4.257107996,0.07221040506,0.03085183481,0.5997875846,0.1991444114,0,0.6006287223,0.6025301129,0.6210069893,0.6008496615,0.6034223545,0.6286681074
18.42,4.228600326,4.234979278,4.29766438,4.22729758,4.230228178,4.256893947,0.07170159475,0.03063520047,0.5997896982,0.199151803,0,0.6006224683,0.602508281,0.6208609549,0.6008412072,0.6033927879,0.628466829
18.44,4.228579401,4.234905985,4.297164607,4.227289618,4.230195281,4.256681341,0.07119626509,0.03042003602,0.5997917907,0.1991591323,0,0.6006162765,0.6024866329,0.620715894,0.6008328371,0.6033634709,0.6282669197
18.46,4.228558684,4.234833312,4.296668235,4.227281734,4.230162669,4.256470167,0.07069439316,0.03020633194,0.5997938624,0.1991663996,0,0.6006101462,0.6024651672,0.6205718004,0.6008245502,0.6033344014,0.6280683708
18.48,4.228538173,4.234761252,4.296175241,4.227273929,4.23013034,4.256260418,0.0701959562,0.0299940788,0.5997959135,0.1991736056,0,0.6006040769,0.6024438823,0.6204286681,0.6008163458,0.6033055774,0.6278711733
18.5,4.228517866,4.2346898,4.295685604,4.227266201,4.230098291,4.256052083,0.0697009316,0.0297832672,0.5997979442,0.1991807508,0,0.600598068,0.6024227767,0.6202864911,0.600808223,0.6032769969,0.6276753183
18.52,4.228497761,4.234618953,4.295199301,4.227258551,4.230066521,4.255845154,0.06920929687,0.02957388783,0.5997999547,0.1991878355,0,0.6005921188,0.6024018491,0.6201452634,0.6008001811,0.6032486579,0.6274807972
18.54,4.228477856,4.234548704,4.294716311,4.227250976,4.230035026,4.255639622,0.06872102967,0.02936593139,0.5998019452,0.1991948604,0,0.6005862288,0.6023810979,0.6200049791,0.6007922191,0.6032205584,0.6272876012
18.56,4.228458149,4.234479049,4.294236612,4.227243477,4.230003805,4.255435478,0.06823610782,0.02915938867,0.5998039159,0.1992018259,0,0.6005803974,0.6023605218,0.6198656322,0.6007843364,0.6031926964,0.6270957217
18.58,4.228438638,4.234409983,4.293760183,4.227236053,4.229972855,4.255232712,0.06775450924,0.0289542505,0.599805867,0.1992087325,0,0.6005746239,0.6023401192,0.6197272169,0.6007765321,0.60316507,0.6269051499
18.6,4.228419322,4.234341502,4.293287002,4.227228702,4.229942173,4.255031317,0.06727621203,0.02875050779,0.5998077986,0.1992155807,0,0.6005689078,0.6023198889,0.6195897274,0.6007688055,0.6031376774,0.6267158775
18.62,4.228400197,4.234273599,4.292817048,4.227221424,4.229911758,4.254831283,0.06680119439,0.02854815146,0.5998097111,0.1992223709,0,0.6005632486,0.6022998293,0.6194531578,0.6007611557,0.6031105165,0.6265278959
18.64,4.228381263,4.234206272,4.2923503,4.227214219,4.229881607,4.254632602,0.06632943467,0.02834717253,0.5998116045,0.1992291036,0,0.6005576457,0.6022799391,0.6193175023,0.6007535821,0.6030835854,0.6263411966
18.66,4.228362518,4.234139514,4.291886736,4.227207086,4.229851718,4.254435264,0.06586091138,0.02814756205,0.5998134791,0.1992357794,0,0.6005520985,0.6022602168,0.6191827552,0.6007460838,0.6030568823,0.6261557713
18.68,4.228343958,4.234073322,4.291426337,4.227200024,4.229822089,4.254239262,0.06539560313,0.02794931113,0.599815335,0.1992423987,0,0.6005466065,0.6022406613,0.6190489108,0.6007386601,0.6030304054,0.6259716116
18.7,4.228325584,4.23400769,4.290969081,4.227193031,4.229792718,4.254044587,0.06493348868,0.02775241093,0.5998171724,0.1992489618,0,0.6005411691,0.6022212709,0.6189159634,0.6007313103,0.6030041527,0.6257887092
18.72,4.228307392,4.233942614,4.290514948,4.227186109,4.229763601,4.253851229,0.06447454692,0.02755685267,0.5998189916,0.1992554694,0,0.6005357857,0.6022020445,0.6187839073,0.6007240336,0.6029781224,0.625607056
18.74,4.228289381,4.23387809,4.290063917,4.227179255,4.229734738,4.253659182,0.06401875688,0.02736262761,0.5998207927,0.1992619218,0,0.6005304559,0.6021829807,0.618652737,0.6007168293,0.6029523127,0.6254266436
18.76,4.22827155,4.233814112,4.289615968,4.22717247,4.229706126,4.253468436,0.06356609771,0.02716972709,0.5998225758,0.1992683196,0,0.6005251791,0.6021640781,0.6185224468,0.6007096967,0.6029267217,0.6252474639
18.78,4.228253896,4.233750677,4.289171081,4.227165752,4.229677763,4.253278982,0.0631165487,0.02697814247,0.5998243412,0.1992746631,0,0.6005199548,0.6021453355,0.6183930312,0.6007026351,0.6029013477,0.625069509
18.8,4.228236418,4.23368778,4.288729235,4.227159101,4.229649646,4.253090813,0.06267008928,0.02678786519,0.5998260891,0.1992809528,0,0.6005147824,0.6021267514,0.6182644847,0.6006956438,0.602876189,0.6248927707
18.82,4.228219113,4.233625417,4.288290411,4.227152516,4.229621775,4.252903921,0.06222669898,0.02659888673,0.5998278195,0.1992871891,0,0.6005096615,0.6021083247,0.6181368017,0.600688722,0.6028512436,0.624717241
18.84,4.228201981,4.233563583,4.287854588,4.227145996,4.229594145,4.252718296,0.06178635748,0.02641119861,0.5998295327,0.1992933725,0,0.6005045915,0.602090054,0.6180099768,0.6006818691,0.6028265099,0.624542912
18.86,4.228185019,4.233502273,4.287421748,4.227139542,4.229566757,4.252533932,0.06134904459,0.02622479242,0.5998312289,0.1992995035,0,0.6004995719,0.602071938,0.6178840047,0.6006750843,0.6028019861,0.6243697759
18.88,4.228168226,4.233441484,4.28699187,4.227133151,4.229539606,4.252350819,0.06091474024,0.02603965979,0.5998329082,0.1993055824,0,0.6004946022,0.6020539756,0.6177588797,0.6006683671,0.6027776705,0.6241978248
18.9,4.2281516,4.233381212,4.286564935,4.227126825,4.229512692,4.252168949,0.06048342449,0.02585579242,0.5998345708,0.1993116097,0,0.600489682,0.6020361653,0.6176345968,0.6006617167,0.6027535614,0.6240270509
18.92,4.228135139,4.233321451,4.286140924,4.227120561,4.229486013,4.251988316,0.06005507752,0.02567318204,0.5998362169,0.1993175857,0,0.6004848107,0.602018506,0.6175111503,0.6006551325,0.602729657,0.6238574464
18.94,4.228118843,4.233262198,4.285719817,4.227114359,4.229459566,4.25180891,0.05962967964,0.02549182043,0.5998378465,0.1993235111,0,0.6004799879,0.6020009965,0.6173885352,0.6006486139,0.6027059558,0.6236890037
18.96,4.228102708,4.233203448,4.285301596,4.22710822,4.229433349,4.251630724,0.05920721128,0.02531169943,0.59983946,0.199329386,0,0.600475213,0.6019836354,0.6172667461,0.60064216,0.6026824559,0.6235217151
18.98,4.228086734,4.233145198,4.284886241,4.227102141,4.22940736,4.251453749,0.058787653,0.02513281094,0.5998410574,0.199335211,0,0.6004704857,0.6019664217,0.6171457777,0.6006357704,0.6026591558,0.623355573
19,4.228070919,4.233087443,4.284473733,4.227096123,4.229381599,4.251277979,0.05837098549,0.02495514687,0.5998426389,0.1993409866,0,0.6004658053,0.601949354,0.6170256248,0.6006294444,0.6026360538,0.6231905699
19.02,4.228055261,4.233030179,4.284064054,4.227090164,4.229356061,4.251103405,0.05795718953,0.02477869923,0.5998442047,0.1993467129,0,0.6004611715,0.6019324312,0.6169062823,0.6006231814,0.6026131483,0.6230266982
19.04,4.22803976,4.232973402,4.283657185,4.227084265,4.229330747,4.250930019,0.05754624605,0.02460346005,0.5998457548,0.1993523906,0,0.6004565838,0.601915652,0.6167877449,0.6006169806,0.6025904376,0.6228639506
19.06,4.228024412,4.232917108,4.283253107,4.227078425,4.229305653,4.250757814,0.05713813611,0.02442942141,0.5998472896,0.19935802,0,0.6004520417,0.6018990154,0.6166700077,0.6006108416,0.6025679201,0.6227023196
19.08,4.228009217,4.232861294,4.282851803,4.227072643,4.229280778,4.250586782,0.05673284085,0.02425657544,0.5998488091,0.1993636014,0,0.6004475448,0.6018825201,0.6165530654,0.6006047636,0.6025455943,0.6225417978
19.1,4.227994173,4.232805954,4.282453253,4.227066918,4.22925612,4.250416915,0.05633034156,0.02408491432,0.5998503135,0.1993691354,0,0.6004430926,0.6018661649,0.616436913,0.6005987461,0.6025234585,0.6223823779
19.12,4.227979279,4.232751086,4.28205744,4.22706125,4.229231677,4.250248206,0.05593061965,0.02391443029,0.5998518029,0.1993746222,0,0.6004386847,0.6018499487,0.6163215455,0.6005927885,0.6025015112,0.6222240527
19.14,4.227964534,4.232696685,4.281664345,4.227055639,4.229207447,4.250080648,0.05553365662,0.02374511561,0.5998532774,0.1993800623,0,0.6004343207,0.6018338704,0.6162069578,0.6005868902,0.6024797508,0.6220668149
19.16,4.227949935,4.232642748,4.281273951,4.227050084,4.229183429,4.249914233,0.05513943412,0.02357696262,0.5998547374,0.1993854561,0,0.60043,0.6018179289,0.616093145,0.6005810506,0.6024581758,0.6219106573
19.18,4.227935481,4.23258927,4.28088624,4.227044583,4.22915962,4.249748953,0.05474793389,0.02340996368,0.5998561827,0.1993908038,0,0.6004257224,0.6018021229,0.6159801021,0.6005752691,0.6024367846,0.6217555728
19.2,4.227921171,4.232536248,4.280501194,4.227039138,4.22913602,4.249584801,0.0543591378,0.02324411122,0.5998576137,0.1993961061,0,0.6004214872,0.6017864514,0.6158678242,0.6005695451,0.6024155758,0.6216015543
19.22,4.227907003,4.232483677,4.280118795,4.227033747,4.229112625,4.24942177,0.05397302784,0.02307939769,0.5998590305,0.1994013631,0,0.6004172942,0.6017709133,0.6157563064,0.600563878,0.6023945478,0.6214485948
19.24,4.227892976,4.232431556,4.279739026,4.227028409,4.229089435,4.249259852,0.0535895861,0.0229158156,0.5998604332,0.1994065752,0,0.6004131429,0.6017555074,0.6156455439,0.6005582673,0.602373699,0.6212966873
19.26,4.227879089,4.232379878,4.27936187,4.227023125,4.229066447,4.249099041,0.05320879479,0.02275335753,0.5998618219,0.199411743,0,0.6004090329,0.6017402327,0.6155355318,0.6005527125,0.6023530281,0.6211458247
19.28,4.22786534,4.232328642,4.278987309,4.227017893,4.22904366,4.248939328,0.05283063625,0.02259201606,0.5998631968,0.1994168666,0,0.6004049637,0.6017250881,0.6154262653,0.6005472129,0.6023325336,0.6209960002
19.3,4.227851728,4.232277843,4.278615325,4.227012713,4.229021072,4.248780708,0.05245509291,0.02243178385,0.599864558,0.1994219465,0,0.600400935,0.6017100725,0.6153177396,0.600541768,0.6023122139,0.620847207
19.32,4.227838251,4.232227477,4.278245903,4.227007584,4.228998682,4.248623172,0.05208214733,0.02227265359,0.5998659057,0.1994269831,0,0.6003969464,0.6016951849,0.6152099499,0.6005363773,0.6022920677,0.6206994381
19.34,4.227824909,4.232177542,4.277879025,4.227002507,4.228976487,4.248466714,0.05171178215,0.02211461802,0.5998672399,0.1994319766,0,0.6003929975,0.6016804242,0.6151028916,0.6005310403,0.6022720934,0.6205526868
19.36,4.227811699,4.232128033,4.277514674,4.22699748,4.228954487,4.248311326,0.05134398015,0.02195766993,0.5998685609,0.1994369276,0,0.6003890878,0.6016657893,0.61499656,0.6005257564,0.6022522898,0.6204069463
19.38,4.227798621,4.232078946,4.277152833,4.226992503,4.228932678,4.248157002,0.05097872421,0.02180180215,0.5998698688,0.1994418362,0,0.6003852171,0.6016512792,0.6148909503,0.600520525,0.6022326552,0.62026221
19.4,4.227785672,4.232030279,4.276793486,4.226987576,4.228911061,4.248003734,0.05061599732,0.02164700754,0.5998711636,0.1994467029,0,0.6003813848,0.6016368928,0.614786058,0.6005153457,0.6022131885,0.6201184712
19.42,4.227772853,4.231982028,4.276436616,4.226982698,4.228889632,4.247851517,0.05025578257,0.02149327902,0.5998724455,0.199451528,0,0.6003775906,0.6016226292,0.6146818783,0.6005102179,0.602193888,0.6199757233
19.44,4.227760161,4.23193419,4.276082207,4.226977868,4.228868391,4.247700342,0.04989806318,0.02134060957,0.5998737147,0.1994563119,0,0.6003738342,0.6016084873,0.6145784069,0.6005051412,0.6021747526,0.6198339597
19.46,4.227747595,4.23188676,4.275730243,4.226973086,4.228847336,4.247550203,0.04954282245,0.02118899218,0.5998749713,0.1994610548,0,0.6003701152,0.6015944661,0.614475639,0.6005001149,0.6021557807,0.6196931738
19.48,4.227735155,4.231839736,4.275380706,4.226968352,4.228826465,4.247401094,0.0491900438,0.0210384199,0.5998762153,0.1994657572,0,0.6003664331,0.6015805647,0.6143735701,0.6004951387,0.6021369711,0.6195533592
19.5,4.227722838,4.231793114,4.275033582,4.226963665,4.228805777,4.247253007,0.04883971076,0.02088888582,0.599877447,0.1994704194,0,0.6003627877,0.6015667819,0.6142721957,0.600490212,0.6021183223,0.6194145095
19.52,4.227710644,4.231746891,4.274688853,4.226959025,4.22878527,4.247105936,0.04849180695,0.02074038308,0.5998786664,0.1994750417,0,0.6003591785,0.6015531169,0.6141715114,0.6004853343,0.6020998331,0.6192766181
19.54,4.227698571,4.231701063,4.274346505,4.226954431,4.228764942,4.246959874,0.04814631611,0.02059290486,0.5998798737,0.1994796245,0,0.6003556052,0.6015395687,0.6140715127,0.6004805051,0.6020815021,0.6191396788
19.56,4.227686618,4.231655628,4.274006521,4.226949882,4.228744792,4.246814815,0.04780322208,0.02044644437,0.599881069,0.199484168,0,0.6003520675,0.6015261362,0.6139721952,0.600475724,0.602063328,0.6190036852
19.58,4.227674784,4.231610582,4.273668886,4.226945379,4.228724819,4.246670752,0.0474625088,0.02030099488,0.5998822524,0.1994886726,0,0.600348565,0.6015128186,0.6138735545,0.6004709905,0.6020453095,0.618868631
19.6,4.227663068,4.231565921,4.273333583,4.226940921,4.228705021,4.246527678,0.04712416031,0.02015654969,0.599883424,0.1994931387,0,0.6003450973,0.6014996148,0.6137755861,0.6004663041,0.6020274453,0.61873451
19.62,4.227651469,4.231521643,4.273000598,4.226936507,4.228685396,4.246385587,0.04678816077,0.02001310215,0.5998845839,0.1994975665,0,0.6003416641,0.601486524,0.6136782858,0.6004616643,0.6020097341,0.6186013159
19.64,4.227639985,4.231477745,4.272669915,4.226932137,4.228665944,4.246244473,0.04645449441,0.01987064564,0.5998857323,0.1995019564,0,0.600338265,0.6014735451,0.6135816492,0.6004570706,0.6019921746,0.6184690426
19.66,4.227628615,4.231434222,4.272341518,4.22692781,4.228646661,4.246104328,0.04612314558,0.0197291736,0.5998868693,0.1995063086,0,0.6003348997,0.6014606773,0.613485672,0.6004525227,0.6019747656,0.618337684
19.68,4.227617358,4.231391073,4.272015393,4.226923527,4.228627548,4.245965148,0.04579409874,0.01958867949,0.599887995,0.1995106236,0,0.600331568,0.6014479196,0.61339035,0.60044802,0.6019575058,0.6182072339
19.7,4.227606213,4.231348293,4.271691524,4.226919286,4.228608602,4.245826925,0.04546733844,0.01944915682,0.5998891095,0.1995149015,0,0.6003282693,0.6014352712,0.6132956788,0.6004435621,0.6019403939,0.6180776863
19.72,4.22759518,4.23130588,4.271369896,4.226915087,4.228589823,4.245689652,0.04514284931,0.01931059915,0.5998902128,0.1995191428,0,0.6003250035,0.601422731,0.6132016544,0.6004391486,0.6019234288,0.6179490352
19.74,4.227584256,4.231263831,4.271050495,4.22691093,4.228571208,4.245553325,0.04482061611,0.01917300006,0.5998913052,0.1995233477,0,0.6003217702,0.6014102982,0.6131082724,0.600434779,0.6019066092,0.6178212746
19.76,4.22757344,4.231222143,4.270733305,4.226906814,4.228552756,4.245417937,0.04450062368,0.01903635319,0.5998923868,0.1995275165,0,0.600318569,0.601397972,0.6130155288,0.6004304529,0.6018899339,0.6176943986
19.78,4.227562733,4.231180812,4.270418311,4.22690274,4.228534467,4.24528348,0.04418285696,0.01890065221,0.5998934575,0.1995316496,0,0.6003153997,0.6013857513,0.6129234193,0.6004261698,0.6018734016,0.6175684012
19.8,4.227552131,4.231139836,4.2701055,4.226898706,4.228516337,4.24514995,0.043867301,0.01876589083,0.5998945177,0.1995357472,0,0.6003122619,0.6013736354,0.6128319398,0.6004219294,0.6018570113,0.6174432766
19.82,4.227541636,4.231099212,4.269794856,4.226894712,4.228498367,4.24501734,0.04355394091,0.0186320628,0.5998955672,0.1995398096,0,0.6003091553,0.6013616234,0.6127410864,0.6004177311,0.6018407616,0.617319019
19.84,4.227531245,4.231058937,4.269486365,4.226890757,4.228480555,4.244885645,0.04324276194,0.01849916191,0.5998966064,0.1995438371,0,0.6003060796,0.6013497144,0.6126508547,0.6004135746,0.6018246514,0.6171956226
19.86,4.227520957,4.231019007,4.269180012,4.226886842,4.228462899,4.244754857,0.0429337494,0.01836718198,0.5998976351,0.1995478301,0,0.6003030345,0.6013379075,0.6125612409,0.6004094595,0.6018086796,0.6170730816
19.88,4.227510771,4.230979421,4.268875784,4.226882967,4.228445397,4.244624971,0.04262688872,0.01823611689,0.5998986537,0.1995517887,0,0.6003000197,0.6013262019,0.612472241,0.6004053853,0.601792845,0.6169513903
19.9,4.227500687,4.230940174,4.268573666,4.226879129,4.22842805,4.244495982,0.04232216541,0.01810596055,0.5998996621,0.1995557134,0,0.6002970349,0.6013145967,0.6123838508,0.6004013516,0.6017771465,0.616830543
19.92,4.227490703,4.230901265,4.268273643,4.22687533,4.228410855,4.244367882,0.04201956507,0.01797670688,0.5999006605,0.1995596043,0,0.6002940797,0.6013030911,0.6122960664,0.6003973581,0.6017615828,0.6167105341
19.94,4.227480819,4.23086269,4.267975703,4.226871569,4.228393811,4.244240667,0.0417190734,0.01784834989,0.5999016489,0.1995634618,0,0.600291154,0.6012916843,0.612208884,0.6003934043,0.6017461529,0.6165913579
19.96,4.227471033,4.230824447,4.26767983,4.226867845,4.228376917,4.244114331,0.0414206762,0.01772088358,0.5999026275,0.1995672861,0,0.6002882574,0.6012803754,0.6121222994,0.6003894899,0.6017308557,0.6164730089
19.98,4.227461344,4.230786533,4.267386012,4.226864158,4.228360171,4.243988867,0.04112435934,0.01759430202,0.5999035964,0.1995710775,0,0.6002853896,0.6012691637,0.6120363089,0.6003856144,0.60171569,0.6163554816
20,4.227451752,4.230748945,4.267094234,4.226860508,4.228343572,4.24386427,0.0408301088,0.0174685993,0.5999045556,0.1995748363,0,0.6002825503,0.6012580483,0.6119509086,0.6003817775,0.6017006547,0.6162387704
