t,n1,n2,n3,oracle_n1,oracle_n2,oracle_n3,error_norm,oracle_error_norm,r1,r2,r3,u1,u2,u3,z1,z2,z3
0,66.16396678,69.49957919,69.49957919,66.16396678,69.49957919,69.49957919,10.77111745,10.77111745,3.918807514,4.094548515,3.294548515,0.7383926519,0.7447495594,0.7447495594,10.80596243,11.12725743,11.12725743
0.05,66.07900072,69.40654822,69.41819953,66.07900072,69.40654822,69.41819953,10.62136711,10.62136711,3.925604799,4.101990992,3.301058888,0.7364839438,0.7426628551,0.7429242557,10.771976,11.09004504,11.09470556
0.1,65.99525873,69.31494969,69.33775891,65.99525873,69.31494969,69.33775891,10.47369766,10.47369766,3.932304158,4.109318875,3.307494137,0.7346016551,0.7406072194,0.7411191984,10.73847921,11.05340563,11.06252932
0.15,65.91272241,69.22475992,69.25824993,65.91272241,69.22475992,69.25824993,10.32808002,10.32808002,3.938907064,4.116534056,3.313854856,0.7327454099,0.7385821604,0.7393342429,10.70546468,11.01732972,11.03072572
0.2,65.83137361,69.13595567,69.1796651,65.83137361,69.13595567,69.1796651,10.18448554,10.18448554,3.945414968,4.123638396,3.320141642,0.7309148383,0.7365871948,0.7375692429,10.67292516,10.98180802,10.99929179
0.25,65.75119452,69.04851413,69.1019969,65.75119452,69.04851413,69.1019969,10.042886,10.042886,3.951829295,4.13063372,3.326355098,0.729109576,0.7346218478,0.7358240509,10.64085353,10.9468314,10.96822451
0.3,65.6721676,68.96241288,69.02523774,65.6721676,68.96241288,69.02523774,9.903253559,9.903253559,3.958151448,4.13752182,3.33249583,0.7273292644,0.7326856531,0.7340985176,10.60924276,10.9123909,10.93752085
0.35,65.59427561,68.87762993,68.94938001,65.59427561,68.87762993,68.94938001,9.765560784,9.765560784,3.964382807,4.144304455,3.338564449,0.7255735505,0.7307781523,0.7323924929,10.57808596,10.87847772,10.90717775
0.4,65.51750157,68.79414368,68.87441604,65.51750157,68.79414368,68.87441604,9.629780635,9.629780635,3.97052473,4.150983355,3.344561567,0.7238420867,0.7288988953,0.7307058254,10.54737635,10.84508322,10.87719216
0.45,65.4418288,68.71193292,68.80033812,65.4418288,68.71193292,68.80033812,9.495886458,9.495886458,3.976578553,4.157560217,3.3504878,0.7221345309,0.7270474395,0.7290383626,10.51710724,10.81219892,10.847561
0.5,65.36724086,68.6309768,68.72713853,65.36724086,68.6309768,68.72713853,9.363851978,9.363851978,3.982545588,4.164036706,3.356343767,0.7204505459,0.7252233502,0.7273899512,10.48727206,10.77981647,10.81828116
0.55,65.2937216,68.55125487,68.65480952,65.2937216,68.55125487,68.65480952,9.233651294,9.233651294,3.988427128,4.17041446,3.362130089,0.7187897999,0.7234262003,0.725760437,10.45786436,10.7479277,10.78934956
0.6,65.22125512,68.47274705,68.58334329,65.22125512,68.47274705,68.58334329,9.105258875,9.105258875,3.994224447,4.176695086,3.367847387,0.7171519661,0.7216555697,0.724149665,10.42887777,10.71652457,10.76076307
0.65,65.14982578,68.39543359,68.51273206,65.14982578,68.39543359,68.51273206,8.978649552,8.978649552,3.999938794,4.182880163,3.373496285,0.7155367226,0.7199110459,0.7225574797,10.40030603,10.68559918,10.73251857
0.7,65.07941819,68.31929511,68.44296802,65.07941819,68.31929511,68.44296802,8.853798511,8.853798511,4.005571402,4.188971241,3.379077409,0.7139437524,0.7181922232,0.7209837249,10.37214299,10.65514379,10.70461296
0.75,65.01001719,68.24431257,68.37404334,65.01001719,68.24431257,68.37404334,8.730681292,8.730681292,4.011123481,4.194969844,3.384591383,0.7123727433,0.716498703,0.7194282437,10.34438259,10.62515078,10.67704309
0.8,64.94160788,68.17046729,68.3059502,64.94160788,68.17046729,68.3059502,8.609273781,8.609273781,4.016596226,4.200877467,3.390038834,0.7108233877,0.7148300933,0.7178908793,10.31701887,10.59561266,10.64980583
0.85,64.8741756,68.09774088,68.23868077,64.8741756,68.09774088,68.23868077,8.489552204,8.489552204,4.021990808,4.20669558,3.395420388,0.7092953827,0.7131860091,0.7163714739,10.29004596,10.5665221,10.62289806
0.9,64.80770592,68.0261153,68.17222722,64.80770591,68.0261153,68.17222722,8.371493122,8.371493122,4.027308383,4.212425626,3.400736672,0.7077884298,0.7115660714,0.7148698699,10.26345808,10.53787187,10.59631664
0.95,64.74218461,67.95557283,68.10658172,64.74218461,67.95557283,68.10658172,8.255073429,8.255073429,4.032550087,4.218069024,3.405988313,0.7063022351,0.7099699081,0.7133859092,10.23724956,10.50965488,10.57005844
1,64.67759771,67.88609606,68.04173645,64.67759771,67.88609605,68.04173645,8.140270344,8.140270344,4.03771704,4.223627165,3.411175934,0.7048365089,0.7083971531,0.7119194338,10.2114148,10.48186417,10.54412033
1.05,64.61393145,67.81766787,67.9776836,64.61393145,67.81766787,67.9776836,8.027061404,8.027061404,4.04281034,4.229101421,3.416300162,0.7033909659,0.7068474465,0.7104702854,10.1859483,10.4544929,10.51849919
1.1,64.55117229,67.75027146,67.91441536,64.55117229,67.75027146,67.91441537,7.915424466,7.915424466,4.047831073,4.234493133,3.421361621,0.701965325,0.7053204344,0.7090383058,10.16084463,10.42753433,10.49319189
1.15,64.4893069,67.68389031,67.85192397,64.48930689,67.68389031,67.85192397,7.805337697,7.805337697,4.052780305,4.239803625,3.426360933,0.700559309,0.7038157689,0.7076233367,10.13609848,10.40098188,10.46819534
1.2,64.42832215,67.61850821,67.79020163,64.42832214,67.61850821,67.79020164,7.696779568,7.696779568,4.057659085,4.245034193,3.431298719,0.6991726452,0.7023331077,0.7062252201,10.11170458,10.37482903,10.4435064
1.25,64.36820512,67.5541092,67.72924062,64.36820512,67.5541092,67.72924062,7.589728856,7.589728856,4.062468446,4.250186114,3.4361756,0.6978050646,0.7008721145,0.7048437978,10.08765777,10.34906943,10.419122
1.3,64.30894312,67.49067762,67.6690332,64.30894312,67.49067762,67.6690332,7.484164634,7.484164634,4.067209407,4.25526064,3.440992194,0.6964563021,0.6994324584,0.7034789122,10.06395296,10.3236968,10.39503903
1.35,64.2505236,67.42819808,67.60957167,64.25052361,67.42819808,67.60957167,7.380066267,7.380066267,4.071882968,4.260259004,3.445749116,0.6951260966,0.6980138139,0.7021304055,10.04058516,10.29870498,10.37125442
1.4,64.19293427,67.36665545,67.55084835,64.19293427,67.36665546,67.55084834,7.277413412,7.277413412,4.076490115,4.265182414,3.450446982,0.6938141909,0.696615861,0.7007981204,10.01754943,10.27408793,10.34776509
1.45,64.13616298,67.30603487,67.49285559,64.13616298,67.30603488,67.49285558,7.176186007,7.176186007,4.081031818,4.27003206,3.455086403,0.6925203312,0.6952382849,0.6994819001,9.994840909,10.2498397,10.32456799
1.5,64.08019779,67.24632173,67.43558577,64.0801978,67.24632174,67.43558576,7.076364273,7.076364273,4.085509033,4.274809112,3.459667988,0.6912442677,0.6938807762,0.6981815878,9.972454835,10.22595444,10.30166006
1.55,64.02502695,67.18750167,67.37903131,64.02502696,67.18750167,67.3790313,6.977928707,6.977928707,4.0899227,4.279514716,3.464192345,0.689985754,0.6925430301,0.6968970275,9.9503865,10.20242642,10.27903827
1.6,63.97063889,67.12956058,67.32318465,63.97063889,67.12956058,67.32318465,6.880860079,6.880860079,4.094273745,4.284150004,3.468660078,0.6887445473,0.6912247472,0.6956280634,9.928631273,10.17924998,10.25669961
1.65,63.91702219,67.07248459,67.26803827,63.91702219,67.07248459,67.26803827,6.785139425,6.785139425,4.098563081,4.288716083,3.473071788,0.6875204083,0.6899256327,0.6943745403,9.907184595,10.15641959,10.23464106
1.7,63.86416565,67.01626007,67.2135847,63.86416565,67.01626007,67.21358471,6.690748049,6.690748049,4.102791605,4.293214044,3.477428074,0.6863131012,0.6886453969,0.6931363036,9.886041977,10.13392978,10.21285963
1.75,63.81205821,66.96087362,67.15981649,63.81205821,66.96087362,67.1598165,6.597667513,6.597667513,4.1069602,4.29764496,3.48172953,0.6851223934,0.6873837545,0.691913199,9.865199001,10.1117752,10.19135235
1.8,63.76068899,66.90631208,67.10672624,63.76068899,66.90631208,67.10672624,6.505879638,6.505879638,4.111069737,4.302009884,3.485976751,0.6839480558,0.686140425,0.6907050731,9.844651314,10.08995058,10.17011625
1.85,63.71004728,66.85256249,67.05430658,63.71004728,66.85256249,67.05430658,6.415366496,6.415366496,4.115121074,4.306309851,3.490170324,0.6827898626,0.6849151324,0.6895117728,9.824394631,10.06845075,10.14914838
1.9,63.66012254,66.79961214,67.00255018,63.66012254,66.79961214,67.00255018,6.32611041,6.32611041,4.119115053,4.310545879,3.494310835,0.6816475911,0.6837076053,0.6883331461,9.804424733,10.0472706,10.12844582
1.95,63.61090437,66.74744851,66.95144978,63.61090437,66.74744851,66.95144978,6.238093951,6.238093951,4.123052507,4.314718969,3.498398868,0.6805210217,0.6825175763,0.6871690412,9.784737464,10.02640515,10.10800566
2,63.56238254,66.6960593,66.90099814,63.56238254,66.6960593,66.90099814,6.151299928,6.151299928,4.126934253,4.318830106,3.502434999,0.6794099382,0.6813447828,0.6860193073,9.765328733,10.00584947,10.087825
2.05,63.51454698,66.64543243,66.85118806,63.51454698,66.64543243,66.85118806,6.065711393,6.065711393,4.130761098,4.322880255,3.506419805,0.6783141271,0.6801889659,0.6848837944,9.746194511,9.985598723,10.06790097
2.1,63.46738777,66.59555601,66.80201241,63.46738777,66.59555601,66.80201241,5.981311632,5.981311632,4.134533834,4.326870369,3.510353857,0.6772333783,0.6790498712,0.6837623531,9.727330828,9.965648156,10.04823071
2.15,63.42089515,66.54641836,66.75346409,63.42089515,66.54641836,66.7534641,5.898084163,5.898084163,4.138253245,4.330801381,3.514237722,0.6761674843,0.6779272483,0.6826548347,9.708733777,9.945993093,10.02881139
2.2,63.37505948,66.49800798,66.70553606,63.37505947,66.49800797,66.70553607,5.816012735,5.816012735,4.141920098,4.334674212,3.518071965,0.6751162409,0.6768208507,0.6815610917,9.690399509,9.926628941,10.00964017
2.25,63.32987129,66.45031357,66.65822132,63.32987128,66.45031357,66.65822132,5.735081319,5.735081319,4.145535153,4.338489764,3.521857145,0.6740794464,0.6757304358,0.680480977,9.672324233,9.907551179,9.990714276
2.3,63.28532124,66.40332404,66.61151291,63.28532124,66.40332404,66.61151291,5.655274113,5.655274112,4.149099157,4.342248927,3.525593817,0.6730569021,0.6746557651,0.6794143447,9.654504215,9.888755365,9.972030914
2.35,63.24140015,66.35702845,66.56540394,63.24140015,66.35702845,66.56540394,5.57657553,5.57657553,4.152612844,4.345952574,3.529282535,0.6720484123,0.6735966037,0.6783610495,9.636935779,9.870237131,9.953587327
2.4,63.19809896,66.31141607,66.51988757,63.19809896,66.31141607,66.51988757,5.498970203,5.498970203,4.156076939,4.349601564,3.532923844,0.6710537838,0.6725527203,0.6773209471,9.619615304,9.851992179,9.935380778
2.45,63.15540876,66.26647634,66.47495699,63.15540876,66.26647634,66.47495699,5.422442976,5.422442976,4.159492156,4.353196743,3.536518291,0.6700728261,0.6715238875,0.6762938941,9.60253922,9.834016287,9.917408547
2.5,63.11332075,66.22219887,66.43060547,63.11332075,66.22219888,66.43060547,5.346978904,5.346978904,4.162859197,4.35673894,3.540066412,0.6691053516,0.6705098814,0.675279748,9.585704017,9.816305299,9.899667938
2.55,63.07182628,66.17857345,66.38682631,63.07182628,66.17857346,66.3868263,5.272563249,5.272563249,4.166178754,4.360228974,3.543568745,0.668151175,0.6695104816,0.6742783673,9.569106231,9.798855132,9.882156273
2.6,63.03091684,66.13559004,66.34361287,63.03091684,66.13559005,66.34361286,5.199181477,5.199181478,4.169451509,4.363667647,3.54702582,0.6672101138,0.6685254713,0.6732896115,9.552742455,9.781661767,9.864870898
2.65,62.99058403,66.09323876,66.30095857,62.99058403,66.09323876,66.30095857,5.126819257,5.126819257,4.172678134,4.367055749,3.550438164,0.666281988,0.6675546369,0.6723133408,9.53660933,9.764721253,9.847809178
2.7,62.95081957,66.05150989,66.25885688,62.95081958,66.05150989,66.25885688,5.055462455,5.055462455,4.17585929,4.370394059,3.5538063,0.6653666202,0.6665977682,0.6713494166,9.520703548,9.748029706,9.830968502
2.75,62.91161533,66.01039388,66.21730133,62.91161533,66.01039388,66.21730133,4.985097132,4.985097132,4.17899563,4.37368334,3.557130744,0.6644638352,0.6656546585,0.6703977013,9.50502185,9.731583302,9.81434628
2.8,62.87296327,65.96988133,66.17628549,62.87296327,65.96988133,66.17628549,4.915709545,4.915709545,4.182087795,4.376924344,3.560412011,0.6635734605,0.6647251039,0.6694580584,9.489561027,9.715378282,9.797939944
2.85,62.83485549,65.929963,66.13580299,62.83485549,65.929963,66.13580299,4.847286138,4.847286138,4.185136417,4.38011781,3.563650611,0.662695326,0.6638089042,0.668530352,9.474317916,9.69941095,9.781746946
2.9,62.79728421,65.8906298,66.09584753,62.79728421,65.8906298,66.09584753,4.779813546,4.779813546,4.18814212,4.383264466,3.566847048,0.6618292637,0.6629058619,0.6676144477,9.459289401,9.683677669,9.765764762
2.95,62.76024174,65.85187278,66.05641285,62.76024174,65.85187278,66.05641285,4.713278588,4.713278588,4.191105517,4.386365028,3.570001822,0.6609751082,0.6620157828,0.6667102117,9.444472415,9.668174862,9.749990889
3,62.72372054,65.81368315,66.01749274,62.72372054,65.81368315,66.01749274,4.647668263,4.647668263,4.194027213,4.389420198,3.573115431,0.6601326963,0.6611384758,0.6658175115,9.429863933,9.652899012,9.734422847
3.05,62.68771315,65.77605226,65.97908107,62.68771315,65.77605226,65.97908107,4.582969753,4.582969753,4.196907805,4.392430669,3.576188364,0.659301867,0.6602737524,0.6649362157,9.415460977,9.637846656,9.719058178
3.1,62.65221223,65.7389716,65.94117174,62.65221223,65.7389716,65.94117174,4.519170417,4.519170417,4.199747878,4.395397122,3.579221111,0.6584824617,0.6594214274,0.6640661936,9.401260612,9.62301439,9.703894446
3.15,62.61721057,65.70243279,65.90375872,62.61721057,65.70243279,65.90375872,4.456257788,4.456257788,4.202548011,4.398320227,3.582214153,0.6576743237,0.6585813182,0.663207316,9.387259947,9.608398865,9.688929237
3.2,62.58270104,65.66642759,65.86683603,62.58270104,65.66642759,65.86683603,4.394219572,4.394219572,4.205308773,4.401200643,3.585167968,0.6568772987,0.6577532453,0.6623594544,9.373456133,9.593996786,9.67416016
3.25,62.54867661,65.6309479,65.83039774,62.54867661,65.6309479,65.83039775,4.333043644,4.333043644,4.208030727,4.404039018,3.58808303,0.6560912346,0.6569370317,0.6615224815,9.359846364,9.579804911,9.659584848
3.3,62.51513039,65.59598575,65.79443801,62.51513039,65.59598575,65.79443801,4.272718049,4.272718049,4.210714425,4.40683599,3.59095981,0.655315981,0.6561325032,0.6606962712,9.346427874,9.565820051,9.645200952
3.35,62.48205555,65.5615333,65.758951,62.48205555,65.5615333,65.75895101,4.213230996,4.213230996,4.213360412,4.409592186,3.59379877,0.6545513901,0.6553394883,0.6598806982,9.33319794,9.55203907,9.631006151
3.4,62.44944539,65.52758282,65.72393098,62.44944539,65.52758282,65.72393098,4.154570857,4.154570857,4.215969225,4.412308224,3.596600372,0.6537973157,0.6545578183,0.6590756385,9.320153875,9.538458879,9.616998141
3.45,62.4172933,65.49412673,65.68937224,62.41729329,65.49412673,65.68937224,4.096726165,4.096726165,4.218541393,4.414984712,3.599365071,0.6530536139,0.6537873267,0.6582809692,9.307293036,9.525076442,9.603174644
3.5,62.38559274,65.46115755,65.65526913,62.38559274,65.46115755,65.65526914,4.039685613,4.039685613,4.221077437,4.417622246,3.602093319,0.6523201426,0.65302785,0.6574965682,9.294612816,9.511888771,9.589533403
3.55,62.35433732,65.42866794,65.62161608,62.35433732,65.42866793,65.62161609,3.983438048,3.983438048,4.223577871,4.420221415,3.604785563,0.6515967616,0.6522792269,0.6567223148,9.282110647,9.498892924,9.576072183
3.6,62.3235207,65.39665065,65.58840756,62.3235207,65.39665065,65.58840756,3.927972473,3.927972473,4.2260432,4.422782798,3.607442246,0.650883333,0.6515412987,0.6559580891,9.269783998,9.48608601,9.562788772
3.65,62.29313664,65.36509858,65.55563807,62.29313664,65.36509858,65.55563807,3.873278042,3.873278042,4.228473925,4.425306964,3.610063804,0.6501797203,0.650813909,0.6552037726,9.257630376,9.473465182,9.549680979
3.7,62.26317901,65.33400472,65.52330222,62.26317902,65.33400472,65.52330221,3.819344061,3.819344061,4.230870535,4.427794473,3.612650673,0.6494857893,0.6500969039,0.6544592475,9.245647323,9.461027637,9.536746637
3.75,62.23364175,65.30336218,65.49139462,62.23364176,65.30336218,65.49139461,3.766159981,3.766159982,4.233233516,4.430245876,3.61520328,0.6488014074,0.6493901319,0.6537243975,9.23383242,9.448770621,9.523983598
3.8,62.2045189,65.27316418,65.45990997,62.20451891,65.27316418,65.45990997,3.713715402,3.713715402,4.235563344,4.432661716,3.617722052,0.6481264438,0.6486934436,0.652999107,9.22218328,9.43669142,9.511389739
3.85,62.17580458,65.24340404,65.42884302,62.17580459,65.24340404,65.42884301,3.662000065,3.662000065,4.23786049,4.435042527,3.620207409,0.6474607696,0.6480066921,0.6522832617,9.210697551,9.424787366,9.498962957
3.9,62.147493,65.2140752,65.39818856,62.147493,65.2140752,65.39818855,3.611003855,3.611003855,4.240125416,4.437388834,3.622659766,0.6468042577,0.6473297325,0.6515767483,9.199372918,9.41305583,9.486701172
3.95,62.11957845,65.1851712,65.36794144,62.11957845,65.1851712,65.36794144,3.560716795,3.560716795,4.242358581,4.439701154,3.625079535,0.6461567827,0.6466624223,0.6508794547,9.188207097,9.401494229,9.474602326
4,62.0920553,65.15668567,65.33809658,62.0920553,65.15668567,65.33809658,3.511129048,3.511129048,4.244560433,4.441979997,3.627467124,0.6455182207,0.6460046211,0.6501912699,9.177197837,9.390100017,9.462664382
4.05,62.06491801,65.12861235,65.30864894,62.06491801,65.12861235,65.30864894,3.462230912,3.462230912,4.246731416,4.444225862,3.629822935,0.6448884498,0.6453561904,0.6495120837,9.166342922,9.37887069,9.450885325
4.1,62.03816112,65.10094508,65.27959353,62.03816112,65.10094508,65.27959353,3.414012818,3.414012818,4.248871967,4.446439243,3.632147368,0.6442673496,0.6447169942,0.6488417872,9.155640165,9.367803784,9.439263161
4.15,62.01177924,65.07367781,65.25092542,62.01177924,65.07367781,65.25092542,3.366465333,3.366465333,4.250982517,4.448620625,3.634440816,0.6436548014,0.6440868982,0.6481802726,9.145087415,9.356896873,9.427795918
4.2,61.98576708,65.04680455,65.22263973,61.98576707,65.04680455,65.22263973,3.319579149,3.319579149,4.25306349,4.450770486,3.636703671,0.6430506882,0.6434657704,0.647527433,9.134682548,9.346147571,9.416481643
4.25,61.96011939,65.02031944,65.19473164,61.96011939,65.02031944,65.19473164,3.273345093,3.273345093,4.255115305,4.452889295,3.638936319,0.6424548945,0.6428534805,0.6468831627,9.124423473,9.335553527,9.405318406
4.3,61.93483103,64.9942167,65.16719637,61.93483103,64.9942167,65.16719637,3.227754113,3.227754113,4.257138374,4.454977514,3.64113914,0.6418673064,0.6422499004,0.6462473569,9.114308129,9.325112429,9.394304299
4.35,61.90989692,64.96849063,65.14002921,61.90989692,64.96849063,65.14002921,3.182797286,3.182797286,4.259133103,4.4570356,3.643312513,0.6412878114,0.6416549039,0.6456199121,9.104334485,9.314822001,9.383437433
4.4,61.88531205,64.94313563,65.11322548,61.88531205,64.94313563,65.11322548,3.138465812,3.138465812,4.261099893,4.459064,3.645456812,0.6407162989,0.6410683665,0.6450007256,9.094500537,9.304680001,9.372715941
4.45,61.86107149,64.91814619,65.08678056,61.86107149,64.91814619,65.08678056,3.094751011,3.094751011,4.263039137,4.461063155,3.647572405,0.6401526596,0.6404901658,0.6443896959,9.084804313,9.294684225,9.362137974
4.5,61.83717038,64.89351688,65.0606899,61.83717038,64.89351687,65.0606899,3.051644325,3.051644324,4.264951226,4.4630335,3.649659658,0.6395967855,0.6399201812,0.6437867225,9.075243869,9.2848325,9.351701708
4.55,61.81360392,64.86924235,65.03494897,61.81360392,64.86924235,65.03494897,3.009137312,3.009137312,4.266836543,4.464975462,3.651718933,0.6390485704,0.6393582937,0.6431917061,9.065817286,9.275122691,9.341405336
4.6,61.7903674,64.84531735,65.0095533,61.7903674,64.84531735,65.00955331,2.96722165,2.967221649,4.268695465,4.466889462,3.653750586,0.6385079094,0.6388043863,0.6426045481,9.056522677,9.265552691,9.331247072
4.65,61.76745615,64.82173671,64.9844985,61.76745615,64.8217367,64.98449851,2.925889129,2.925889128,4.270528364,4.468775914,3.65575497,0.637974699,0.6382583437,0.6420251512,9.047358179,9.256120432,9.32122515
4.7,61.7448656,64.79849531,64.95978019,61.7448656,64.7984953,64.95978019,2.885131654,2.885131654,4.272335609,4.470635225,3.657732435,0.6374488372,0.6377200523,0.641453419,9.038321957,9.246823873,9.311337826
4.75,61.72259121,64.77558814,64.93539406,61.72259121,64.77558814,64.93539406,2.844941243,2.844941242,4.27411756,4.472467799,3.659683326,0.6369302233,0.6371894001,0.6408892562,9.029412202,9.237661007,9.301583372
4.8,61.70062853,64.75301027,64.91133583,61.70062853,64.75301027,64.91133584,2.805310023,2.805310022,4.275874574,4.474274028,3.661607983,0.636418758,0.6366662769,0.6403325685,9.020627131,9.228629859,9.291960083
4.85,61.67897317,64.73075683,64.8876013,61.67897317,64.73075683,64.88760131,2.766230229,2.766230229,4.277607002,4.476054304,3.663506746,0.6359143435,0.6361505741,0.6397832626,9.011964988,9.219728482,9.282466271
4.9,61.6576208,64.70882303,64.8641863,61.6576208,64.70882303,64.8641863,2.727694207,2.727694207,4.279315192,4.477809008,3.665379946,0.6354168832,0.6356421847,0.6392412461,9.003424039,9.210954962,9.273100271
4.95,61.63656715,64.68720416,64.84108671,61.63656715,64.68720416,64.8410867,2.689694405,2.689694405,4.280999485,4.479538518,3.667227914,0.6349262816,0.6351410034,0.6387064276,8.995002577,9.202307412,9.263860432
5,61.61580801,64.66589557,64.81829844,61.61580801,64.66589557,64.81829844,2.652223378,2.652223379,4.282660216,4.481243205,3.669050975,0.634442445,0.6346469263,0.638178717,8.986698921,9.193783977,9.254745126
5.05,61.59533923,64.64489269,64.79581748,61.59533924,64.6448927,64.79581748,2.615273783,2.615273784,4.284297718,4.482923434,3.670849451,0.6339652805,0.6341598512,0.6376580248,8.978511412,9.185382828,9.245752743
5.1,61.57515674,64.62419104,64.77363985,61.57515674,64.62419104,64.77363985,2.578838379,2.57883838,4.285912317,4.484579567,3.672623662,0.6334946968,0.6336796772,0.6371442626,8.970438414,9.177102165,9.236881691
5.15,61.55525649,64.60378617,64.75176162,61.5552565,64.60378618,64.75176161,2.542910026,2.542910027,4.287504337,4.486211956,3.67437392,0.6330306037,0.6332063051,0.636637343,8.962478316,9.168940218,9.228130398
5.2,61.53563453,64.58367372,64.7301789,61.53563453,64.58367373,64.73017889,2.50748168,2.507481681,4.289074094,4.487820952,3.676100538,0.6325729122,0.6327396371,0.6361371797,8.95462953,9.16089524,9.219497308
5.25,61.51628693,64.56384941,64.70888784,61.51628693,64.56384941,64.70888784,2.472546398,2.472546399,4.290621902,4.489406897,3.677803823,0.6321215346,0.6322795768,0.6356436871,8.94689049,9.152965514,9.210980886
5.3,61.49720984,64.544309,64.68788466,61.49720984,64.544309,64.68788466,2.438097331,2.438097331,4.29214807,4.49097013,3.679484077,0.6316763842,0.6318260294,0.6351567806,8.939259652,9.145149348,9.202579614
5.35,61.47839944,64.52504832,64.6671656,61.47839945,64.52504832,64.6671656,2.404127725,2.404127725,4.293652901,4.492510985,3.681141602,0.6312373758,0.6313789012,0.6346763768,8.931735496,9.137445076,9.194291992
5.4,61.45985201,64.50606327,64.64672697,61.45985201,64.50606327,64.64672697,2.37063092,2.37063092,4.295136696,4.494029788,3.682776692,0.6308044252,0.6309381001,0.6342023931,8.924316521,9.129851058,9.186116538
5.45,61.44156382,64.48734982,64.6265651,61.44156382,64.48734982,64.6265651,2.337600348,2.337600348,4.29659975,4.495526864,3.684389642,0.6303774491,0.6305035353,0.6337347476,8.917001248,9.122365678,9.178051788
5.5,61.42353126,64.46890399,64.60667637,61.42353126,64.46890399,64.60667637,2.305029533,2.305029533,4.298042356,4.497002531,3.685980741,0.6299563658,0.6300751174,0.6332733596,8.909788221,9.114987346,9.170096296
5.55,61.40575071,64.45072186,64.5870572,61.40575071,64.45072186,64.5870572,2.272912086,2.272912086,4.299464799,4.498457101,3.687550274,0.6295410944,0.6296527581,0.6328181493,8.902676003,9.107714496,9.16224863
5.6,61.38821865,64.43279959,64.56770408,61.38821865,64.43279959,64.56770408,2.241241709,2.241241709,4.300867364,4.499890883,3.689098524,0.6291315552,0.6292363708,0.6323690376,8.895663179,9.100545585,9.15450738
5.65,61.37093158,64.41513336,64.5486135,61.37093158,64.41513336,64.5486135,2.21001219,2.21001219,4.30225033,4.501304181,3.69062577,0.6287276696,0.6288258697,0.6319259465,8.888748352,9.093479094,9.146871149
5.7,61.35388607,64.39771944,64.52978202,61.35388607,64.39771944,64.52978202,2.179217404,2.179217404,4.303613971,4.502697295,3.692132288,0.6283293599,0.6284211706,0.6314887989,8.881930146,9.086513527,9.139338559
5.75,61.33707872,64.38055416,64.51120625,61.33707872,64.38055416,64.51120625,2.148851311,2.148851311,4.304958559,4.504070518,3.69361835,0.6279365498,0.6280221905,0.6310575185,8.875207206,9.079647412,9.131908248
5.8,61.32050619,64.36363387,64.4928828,61.32050619,64.36363387,64.4928828,2.118907952,2.118907952,4.306284361,4.50542414,3.695084226,0.6275491637,0.6276288475,0.6306320298,8.868578193,9.072879298,9.124578871
5.85,61.30416518,64.34695502,64.47480837,61.30416518,64.34695501,64.47480837,2.089381454,2.089381454,4.307591642,4.506758449,3.69653018,0.6271671272,0.6272410609,0.6302122583,8.86204179,9.066207756,9.117349099
5.9,61.28805245,64.33051407,64.45697968,61.28805245,64.33051407,64.45697968,2.060266023,2.060266022,4.308880661,4.508073724,3.697956476,0.6267903669,0.6268587512,0.6297981305,8.855596697,9.059631378,9.11021762
5.95,61.27216479,64.31430757,64.43939347,61.27216479,64.31430757,64.43939347,2.031555946,2.031555945,4.310151673,4.509370244,3.699363373,0.6264188104,0.6264818402,0.6293895735,8.849241633,9.05314878,9.103183137
6,61.25649904,64.29833211,64.42204655,61.25649904,64.29833211,64.42204655,2.00324559,2.003245589,4.311404933,4.510648281,3.700751126,0.6260523862,0.6261102508,0.6289865153,8.842975335,9.046758595,9.096244369
6.05,61.2410521,64.28258432,64.40493575,61.2410521,64.28258432,64.40493576,1.975329399,1.975329398,4.312640688,4.511908104,3.70211999,0.6256910239,0.6257439067,0.6285888849,8.836796559,9.04045948,9.089400052
6.1,61.2258209,64.2670609,64.38805796,61.22582089,64.2670609,64.38805797,1.947801893,1.947801892,4.313859185,4.513149978,3.703470213,0.6253346539,0.6253827333,0.628196612,8.830704077,9.03425011,9.082648936
6.15,61.2108024,64.25175858,64.37141009,61.2108024,64.25175858,64.3714101,1.920657672,1.92065767,4.315060664,4.514374164,3.704802043,0.6249832078,0.6250266565,0.6278096271,8.824696679,9.028129182,9.075989787
6.2,61.19599363,64.23667415,64.3549891,61.19599363,64.23667415,64.3549891,1.893891405,1.893891404,4.316245366,4.515580918,3.706115722,0.6246366179,0.6246756037,0.6274278617,8.818773172,9.02209541,9.069421388
6.25,61.18139166,64.22180445,64.33879196,61.18139165,64.22180445,64.33879197,1.86749784,1.867497838,4.317413524,4.516770494,3.707411493,0.6242948175,0.6243295032,0.627051248,8.812932381,9.016147531,9.062942534
6.3,61.16699357,64.20714637,64.32281572,61.16699357,64.20714637,64.32281572,1.841471794,1.841471793,4.318565371,4.517943141,3.708689592,0.6239577407,0.6239882844,0.6266797189,8.807173146,9.010284297,9.056552038
6.35,61.15279652,64.19269683,64.30705744,61.15279652,64.19269683,64.30705744,1.815808159,1.815808159,4.319701135,4.519099104,3.709950255,0.6236253228,0.6236518775,0.6263132083,8.801494325,9.004504482,9.050248725
6.4,61.13879768,64.17845282,64.29151422,61.13879768,64.17845281,64.29151422,1.790501896,1.790501896,4.320821042,4.520238625,3.711193713,0.6232974998,0.6233202141,0.6259516508,8.79589479,8.998806876,9.044031437
6.45,61.12499429,64.16441135,64.2761832,61.12499429,64.16441135,64.2761832,1.765548037,1.765548037,4.321925314,4.521361942,3.712420194,0.6229742084,0.6229932265,0.6255949817,8.790373432,8.993190289,9.037899029
6.5,61.11138359,64.15056949,64.26106155,61.11138359,64.1505695,64.26106155,1.74094168,1.740941681,4.323014169,4.522469291,3.713629926,0.6226553864,0.6226708482,0.6252431373,8.784929155,8.987653547,9.031850371
6.55,61.09796291,64.13692436,64.24614649,61.09796291,64.13692437,64.24614649,1.716677996,1.716677997,4.324087824,4.523560901,3.714823131,0.6223409724,0.6223530134,0.6248960544,8.77956088,8.982195495,9.025884346
6.6,61.08472956,64.12347311,64.23143526,61.08472956,64.12347312,64.23143525,1.692752218,1.69275222,4.325146491,4.524637001,3.716000029,0.6220309057,0.6220396575,0.6245536707,8.774267543,8.976814996,9.019999853
6.65,61.07168094,64.11021294,64.21692514,61.07168094,64.11021295,64.21692513,1.669159648,1.66915965,4.326190381,4.525697815,3.717160839,0.6217251268,0.6217307167,0.6242159247,8.769048094,8.971510927,9.014195804
6.7,61.05881445,64.09714109,64.20261344,61.05881445,64.0971411,64.20261343,1.645895652,1.645895654,4.3272197,4.526743563,3.718305775,0.6214235765,0.6214261282,0.6238827555,8.763901498,8.966282185,9.008471125
6.75,61.04612755,64.08425483,64.18849751,61.04612755,64.08425484,64.18849751,1.622955661,1.622955663,4.328234653,4.527774464,3.719435049,0.6211261967,0.6211258302,0.6235541031,8.758826737,8.961127682,9.002824754
6.8,61.03361772,64.07155149,64.17457474,61.03361772,64.07155149,64.17457473,1.600335169,1.600335171,4.329235439,4.528790731,3.720548871,0.6208329302,0.6208297615,0.6232299082,8.753822805,8.956046345,8.997255645
6.85,61.02128248,64.05902842,64.16084253,61.02128248,64.05902843,64.16084253,1.578029733,1.578029733,4.330222258,4.529792576,3.721647447,0.6205437203,0.620537862,0.6229101122,8.74888871,8.95103712,8.991762763
6.9,61.00911939,64.04668304,64.14729835,61.00911939,64.04668304,64.14729835,1.556034969,1.556034969,4.331195305,4.530780207,3.722730982,0.6202585112,0.6202500725,0.6225946571,8.744023475,8.946098964,8.986345089
6.95,60.99712604,64.03451276,64.13393966,60.99712604,64.03451276,64.13393966,1.534346557,1.534346557,4.332154773,4.531753829,3.723799677,0.6199772479,0.6199663345,0.6222834859,8.739226136,8.941230854,8.981001614
7,60.98530006,64.02251508,64.12076398,60.98530006,64.02251508,64.12076398,1.512960236,1.512960235,4.333100851,4.532713644,3.724853731,0.6196998761,0.6196865904,0.621976542,8.734495744,8.936431781,8.975731343
7.05,60.97363911,64.0106875,64.10776886,60.97363911,64.0106875,64.10776886,1.491871803,1.491871803,4.334033728,4.53365985,3.725893341,0.6194263423,0.6194107836,0.6216737696,8.729831361,8.931700749,8.970533295
7.1,60.96214087,63.99902757,64.09495187,60.96214087,63.99902757,64.09495187,1.471077115,1.471077115,4.334953587,4.534592644,3.7269187,0.6191565936,0.6191388582,0.6213751137,8.725232066,8.927036779,8.965406499
7.15,60.95080307,63.98753289,64.08231062,60.95080307,63.98753289,64.08231062,1.450572087,1.450572086,4.335860611,4.535512219,3.72793,0.6188905779,0.618870759,0.6210805198,8.720696947,8.922438906,8.960349998
7.2,60.93962347,63.97620107,64.06984274,60.93962347,63.97620107,64.06984274,1.430352687,1.430352687,4.336754979,4.536418764,3.728927431,0.618628244,0.6186064317,0.6207899343,8.716225106,8.917906179,8.955362847
7.25,60.92859985,63.96502978,64.05754591,60.92859985,63.96502978,64.05754591,1.410414943,1.410414943,4.337636868,4.537312468,3.729911177,0.618369541,0.6183458228,0.620503304,8.71181566,8.913437661,8.950444113
7.3,60.91773004,63.9540167,64.04541782,60.91773004,63.9540167,64.04541782,1.390754936,1.390754936,4.338506453,4.538193514,3.730881425,0.6181144191,0.6180888795,0.6202205765,8.707467735,8.90903243,8.945592876
7.35,60.90701188,63.94315956,64.03345619,60.90701188,63.94315956,64.03345619,1.371368802,1.371368802,4.339363906,4.539062085,3.731838355,0.6178628288,0.61783555,0.6199417002,8.703180471,8.904689575,8.940808227
7.4,60.89644326,63.93245613,64.02165879,60.89644326,63.93245613,64.02165879,1.352252731,1.35225273,4.340209396,4.53991836,3.732782146,0.6176147217,0.6175857828,0.6196666238,8.698953021,8.900408201,8.936089268
7.45,60.88602207,63.92190419,64.01002341,60.88602207,63.92190419,64.01002341,1.333402964,1.333402964,4.34104309,4.540762515,3.733712977,0.6173700497,0.6173395276,0.6193952969,8.694784548,8.896187425,8.931435113
7.5,60.87574627,63.91150157,63.99854785,60.87574627,63.91150157,63.99854785,1.314815797,1.314815797,4.341865154,4.541594725,3.734631022,0.6171287654,0.6170967345,0.6191276697,8.690674228,8.892026377,8.926844889
7.55,60.86561382,63.90124613,63.98722996,60.86561382,63.90124613,63.98722996,1.296487576,1.296487575,4.34267575,4.54241516,3.735536454,0.6168908223,0.6168573545,0.618863693,8.686621248,8.887924201,8.922317732
7.6,60.85562272,63.89113575,63.97606761,60.85562272,63.89113575,63.97606761,1.278414697,1.278414696,4.343475039,4.54322399,3.736429442,0.6166561743,0.6166213392,0.6186033182,8.682624806,8.883880052,8.917852792
7.65,60.84577099,63.88116837,63.96505869,60.84577099,63.88116837,63.9650587,1.260593608,1.260593606,4.344263177,4.54402138,3.737310155,0.616424776,0.616388641,0.6183464973,8.678684113,8.879893098,8.913449227
7.7,60.83605668,63.87134192,63.95420115,60.83605668,63.87134192,63.95420115,1.243020803,1.243020801,4.345040322,4.544807496,3.738178758,0.6161965827,0.6161592129,0.618093183,8.67479839,8.875962519,8.909106208
7.75,60.82647787,63.8616544,63.94349291,60.82647787,63.86165439,63.94349292,1.225692828,1.225692826,4.345806626,4.545582498,3.739035417,0.6159715501,0.6159330086,0.6178433284,8.670966868,8.872087508,8.904822916
7.8,60.81703268,63.8521038,63.93293198,60.81703268,63.85210379,63.93293198,1.208606276,1.208606273,4.346562242,4.546346546,3.739880292,0.6157496347,0.6157099825,0.6175968875,8.66718879,8.868267269,8.900598542
7.85,60.80771923,63.84268817,63.92251635,60.80771923,63.84268817,63.92251635,1.191757786,1.191757784,4.347307318,4.547099796,3.740713542,0.6155307936,0.6154900895,0.6173538145,8.663463409,8.864501019,8.89643229
7.9,60.79853568,63.83340558,63.91224405,60.79853568,63.83340558,63.91224406,1.175144045,1.175144043,4.348042002,4.547842403,3.741535326,0.6153149843,0.6152732854,0.6171140646,8.65978999,8.860787983,8.892323371
7.95,60.78948022,63.82425413,63.90211315,60.78948022,63.82425413,63.90211315,1.158761787,1.158761785,4.348766439,4.54857452,3.742345798,0.6151021651,0.6150595264,0.6168775932,8.656167806,8.857127401,8.88827101
8,60.78055106,63.81523193,63.89212172,60.78055106,63.81523193,63.89212172,1.142607788,1.142607788,4.349480772,4.549296295,3.743145112,0.6148922947,0.6148487696,0.6166443565,8.652596142,8.853518523,8.884274439
8.05,60.77174644,63.80633715,63.88226788,60.77174644,63.80633715,63.88226788,1.126678873,1.126678873,4.350185141,4.550007878,3.74393342,0.6146853325,0.6146409723,0.6164143111,8.649074293,8.84996061,8.880332901
8.1,60.76306461,63.79756796,63.87254975,60.76306461,63.79756796,63.87254975,1.110971908,1.110971909,4.350879688,4.550709413,3.74471087,0.6144812384,0.6144360929,0.6161874144,8.645601562,8.846452933,8.87644565
8.15,60.75450386,63.78892256,63.8629655,60.75450386,63.78892257,63.8629655,1.095483804,1.095483805,4.351564547,4.551401045,3.74547761,0.6142799727,0.6142340899,0.6159636241,8.642177263,8.842994776,8.872611949
8.2,60.74606251,63.7803992,63.8535133,60.74606251,63.7803992,63.8535133,1.080211513,1.080211516,4.352239856,4.552082914,3.746233786,0.6140814966,0.6140349229,0.6157428984,8.638800721,8.839585429,8.86883107
8.25,60.73773887,63.77199612,63.84419136,60.73773888,63.77199613,63.84419136,1.065152033,1.065152036,4.352905746,4.55275516,3.746979541,0.6138857715,0.6138385518,0.6155251964,8.635471268,8.836224198,8.865102295
8.3,60.72953132,63.76371161,63.83499792,60.72953133,63.76371162,63.83499791,1.050302401,1.050302404,4.353562351,4.553417921,3.747715017,0.6136927595,0.6136449369,0.6153104773,8.632188247,8.832910394,8.861424917
8.35,60.72143823,63.75554398,63.82593122,60.72143823,63.75554399,63.82593121,1.035659694,1.035659698,4.354209798,4.554071332,3.748440353,0.6135024231,0.6134540395,0.6150987011,8.628951011,8.829643342,8.857798236
8.4,60.713458,63.74749156,63.81698953,60.713458,63.74749157,63.81698953,1.021221034,1.021221037,4.354848216,4.554715525,3.749155687,0.6133147254,0.6132658211,0.6148898281,8.625758918,8.826422374,8.854221563
8.45,60.70558906,63.73955271,63.80817117,60.70558906,63.73955272,63.80817117,1.006983579,1.006983581,4.355477732,4.555350633,3.749861157,0.61312963,0.6130802439,0.6146838194,8.62261134,8.823246834,8.850694217
8.5,60.69782984,63.73172581,63.79947444,60.69782984,63.73172581,63.79947444,0.992944527,0.9929445287,4.356098469,4.555976785,3.750556895,0.612947101,0.6128972706,0.6144806364,8.619507655,8.820116074,8.847215527
8.55,60.69017883,63.72400926,63.7908977,60.69017883,63.72400927,63.7908977,0.9791011165,0.9791011173,4.35671055,4.556594109,3.751243034,0.612767103,0.6127168644,0.6142802411,8.61644725,8.817029455,8.843784829
8.6,60.68263451,63.7164015,63.7824393,60.68263451,63.7164015,63.7824393,0.965450623,0.9654506231,4.357314096,4.55720273,3.751919706,0.6125896009,0.6125389892,0.6140825958,8.613429521,8.813986349,8.84040147
8.65,60.67519539,63.70890096,63.77409764,60.67519538,63.70890096,63.77409764,0.9519903602,0.9519903601,4.357909226,4.557802773,3.752587039,0.6124145604,0.6123636091,0.6138876635,8.610453872,8.810986135,8.837064805
8.7,60.66785999,63.70150613,63.76587112,60.66785999,63.70150613,63.76587112,0.9387176797,0.9387176795,4.358496057,4.558394359,3.753245161,0.6122419475,0.6121906891,0.6136954075,8.607519716,8.808028203,8.833774197
8.75,60.66062689,63.6942155,63.75775817,60.66062689,63.6942155,63.75775817,0.9256299697,0.9256299695,4.359074705,4.55897761,3.753894196,0.6120717286,0.6120201943,0.6135057919,8.604626474,8.805111951,8.830529018
8.8,60.65349464,63.68702759,63.74975725,60.65349464,63.68702759,63.74975725,0.9127246546,0.9127246544,4.359645285,4.559552643,3.75453427,0.6119038707,0.6118520906,0.6133187809,8.601773574,8.802236786,8.827328648
8.85,60.64646184,63.67994093,63.74186681,60.64646184,63.67994093,63.74186681,0.8999991947,0.8999991945,4.360207909,4.560119575,3.755165505,0.6117383411,0.6116863443,0.6131343393,8.598960455,8.799402124,8.824172475
8.9,60.6395271,63.67295409,63.73408537,60.6395271,63.67295409,63.73408537,0.8874510854,0.8874510853,4.360762688,4.560678522,3.755788021,0.6115751078,0.6115229221,0.6129524324,8.59618656,8.796607388,8.821059896
8.95,60.63268906,63.66606565,63.72641141,60.63268906,63.66606565,63.72641141,0.8750778571,0.875077857,4.361309732,4.561229598,3.756401937,0.6114141389,0.6113617913,0.6127730259,8.593451342,8.79385201,8.817990315
9,60.62594636,63.65927421,63.71884349,60.62594636,63.6592742,63.71884349,0.8628770745,0.8628770744,4.361849148,4.561772914,3.757007371,0.6112554033,0.6112029196,0.612596086,8.590754262,8.791135432,8.814963144
9.05,60.61929767,63.65257838,63.71138014,60.61929767,63.65257838,63.71138014,0.8508463361,0.8508463361,4.362381042,4.56230858,3.757604439,0.6110988699,0.6110462751,0.6124215793,8.588094788,8.788457101,8.811977805
9.1,60.61274169,63.64597681,63.70401994,60.61274169,63.64597681,63.70401994,0.838983274,0.8389832738,4.362905521,4.562836705,3.758193255,0.6109445085,0.6108918265,0.6122494729,8.585472394,8.785816475,8.809033724
9.15,60.60627712,63.63946817,63.69676147,60.60627712,63.63946817,63.69676147,0.8272855528,0.8272855525,4.363422687,4.563357396,3.758773932,0.6107922891,0.6107395428,0.6120797342,8.582886564,8.783213018,8.806130338
9.2,60.59990267,63.63305113,63.68960335,60.59990267,63.63305113,63.68960335,0.8157508701,0.8157508694,4.363932642,4.56387076,3.759346582,0.6106421819,0.6105893935,0.6119123312,8.580336788,8.780646201,8.803267091
9.25,60.59361711,63.62672439,63.6825442,60.59361711,63.62672439,63.6825442,0.804376955,0.8043769539,4.364435488,4.564376899,3.759911314,0.6104941578,0.6104413485,0.6117472321,8.577822561,8.778115506,8.800443431
9.3,60.58741918,63.62048667,63.67558267,60.58741918,63.62048667,63.67558267,0.7931615684,0.793161567,4.364931322,4.564875916,3.760468236,0.610348188,0.6102953783,0.6115844057,8.575343389,8.775620418,8.797658818
9.35,60.58130766,63.61433671,63.66871742,60.58130766,63.6143367,63.66871742,0.7821025025,0.7821025006,4.365420243,4.565367913,3.761017457,0.6102042441,0.6101514536,0.6114238213,8.572898783,8.773160433,8.794912717
9.4,60.57528135,63.60827326,63.66194713,60.57528135,63.60827325,63.66194713,0.7711975799,0.7711975776,4.365902348,4.56585299,3.76155908,0.6100622981,0.6100095456,0.6112654482,8.57048826,8.770735052,8.792204601
9.45,60.56933906,63.60229509,63.6552705,60.56933906,63.60229508,63.6552705,0.7604446535,0.7604446509,4.366377731,4.566331243,3.76209321,0.6099223224,0.6098696259,0.6111092566,8.568111344,8.768343785,8.789533948
9.5,60.56347962,63.596401,63.64868624,60.56347962,63.59640099,63.64868624,0.7498416064,0.7498416035,4.366846487,4.56680277,3.762619951,0.6097842896,0.6097316666,0.6109552167,8.565767567,8.765986148,8.786900246
9.55,60.55770187,63.59058979,63.64219309,60.55770187,63.59058978,63.64219309,0.7393863507,0.7393863478,4.367308707,4.567267667,3.763139403,0.6096481731,0.6095956399,0.6108032993,8.563456467,8.763661665,8.784302987
9.6,60.55200467,63.58486029,63.63578981,60.55200467,63.58486028,63.63578981,0.7290768279,0.729076825,4.367764482,4.567726027,3.763651665,0.6095139462,0.6094615189,0.6106534756,8.561177588,8.761369864,8.781741673
9.65,60.5463869,63.57921133,63.62947515,60.5463869,63.57921133,63.62947515,0.7189110079,0.7189110052,4.368213904,4.568177943,3.764156838,0.6093815828,0.6093292765,0.610505717,8.55893048,8.759110283,8.779215809
9.7,60.54084745,63.57364179,63.6232479,60.54084745,63.57364179,63.6232479,0.7088868889,0.7088868868,4.36865706,4.568623507,3.764655018,0.6092510571,0.6091988864,0.6103599955,8.5567147,8.756882466,8.77672491
9.75,60.53538523,63.56815053,63.61710687,60.53538523,63.56815053,63.61710687,0.6990024972,0.6990024957,4.369094038,4.569062807,3.765146301,0.6091223438,0.6090703226,0.6102162834,8.554529812,8.754685963,8.774268496
9.8,60.52999916,63.56273645,63.61105086,60.52999916,63.56273645,63.61105086,0.6892558863,0.6892558856,4.369524923,4.569495934,3.765630781,0.6089954177,0.6089435593,0.6100745532,8.552375384,8.75252033,8.771846093
9.85,60.52468818,63.55739845,63.60507871,60.52468818,63.55739845,63.60507871,0.6796451369,0.6796451371,4.369949802,4.569922974,3.766108553,0.608870254,0.6088185713,0.6099347779,8.550250992,8.750385129,8.769457235
9.9,60.51945125,63.55213545,63.59918927,60.51945125,63.55213545,63.59918927,0.6701683564,0.6701683575,4.370368757,4.570344014,3.766579708,0.6087468285,0.6086953335,0.609796931,8.548156216,8.748279931,8.76710146
9.95,60.51428732,63.5469464,63.59338141,60.51428732,63.5469464,63.59338141,0.6608236785,0.6608236806,4.370781871,4.570759138,3.767044337,0.6086251171,0.6085738214,0.6096609861,8.546090645,8.74620431,8.764778314
10,60.50919538,63.54183025,63.587654,60.50919538,63.54183025,63.58765399,0.651609263,0.651609266,4.371189226,4.57116843,3.76750253,0.608505096,0.6084540107,0.6095269173,8.54405387,8.744157849,8.762487348
10.05,60.50417443,63.53678596,63.58200593,60.50417443,63.53678597,63.58200593,0.6425232952,0.642523299,4.371590902,4.571571973,3.767954376,0.6083867419,0.6083358774,0.609394699,8.54204549,8.742140134,8.760228121
10.1,60.49922348,63.53181252,63.57643611,60.49922348,63.53181253,63.57643611,0.6335639858,0.63356399,4.371986978,4.571969848,3.768399961,0.6082700316,0.6082193981,0.6092643059,8.540065109,8.74015076,8.758000196
10.15,60.49434155,63.52690894,63.57094348,60.49434155,63.52690894,63.57094348,0.6247295701,0.6247295745,4.372377533,4.572362135,3.768839372,0.6081549425,0.6081045495,0.6091357131,8.538112336,8.738189324,8.755803142
10.2,60.48952767,63.52207421,63.56552696,60.48952768,63.52207421,63.56552696,0.6160183083,0.6160183125,4.372762642,4.572748913,3.769272693,0.608041452,0.6079913087,0.6090088961,8.536186788,8.736255433,8.753636535
10.25,60.48478091,63.51730737,63.56018551,60.48478091,63.51730737,63.56018551,0.6074284844,0.607428488,4.373142383,4.573130261,3.769700009,0.6079295381,0.607879653,0.6088838305,8.534288083,8.734348697,8.751499956
10.3,60.48010032,63.51260746,63.5549181,60.48010033,63.51260746,63.5549181,0.5989584066,0.5989584093,4.37351683,4.573506254,3.770121402,0.6078191789,0.6077695602,0.6087604925,8.532415848,8.732468732,8.749392991
10.35,60.47548499,63.50797352,63.54972371,60.47548499,63.50797353,63.54972371,0.5906064062,0.5906064078,4.373886057,4.573876968,3.770536953,0.6077103529,0.6076610083,0.6086388584,8.530569714,8.73061516,8.747315234
10.4,60.47093399,63.50340464,63.54460133,60.47093399,63.50340464,63.54460133,0.5823708379,0.5823708385,4.374250137,4.574242479,3.770946743,0.6076030389,0.6075539758,0.6085189049,8.528749316,8.728787607,8.745266283
10.45,60.46644644,63.49889989,63.53954997,60.46644644,63.49889989,63.53954997,0.574250079,0.5742500789,4.374609141,4.574602859,3.771350852,0.6074972158,0.6074484411,0.6084006091,8.526954296,8.726985706,8.743245739
10.5,60.46202145,63.49445836,63.53456866,60.46202145,63.49445836,63.53456866,0.5662425297,0.5662425296,4.37496314,4.574958181,3.771749357,0.6073928631,0.6073443834,0.6082839482,8.525184299,8.725209094,8.741253213
10.55,60.45765815,63.49007916,63.52965642,60.45765815,63.49007916,63.52965642,0.5583466131,0.5583466129,4.375312204,4.575308517,3.772142336,0.6072899603,0.6072417819,0.6081689,8.523438978,8.723457416,8.739288319
10.6,60.45335567,63.48576142,63.52481231,60.45335567,63.48576142,63.52481231,0.5505607737,0.5505607735,4.375656403,4.575653937,3.772529865,0.6071884875,0.607140616,0.6080554422,8.521717987,8.721730317,8.737350675
10.65,60.44911318,63.48150426,63.52003539,60.44911318,63.48150426,63.52003539,0.5428834777,0.5428834774,4.375995802,4.575994509,3.772912019,0.6070884247,0.6070408658,0.6079435532,8.520020988,8.720027453,8.735439906
10.7,60.44492982,63.47730682,63.51532473,60.44492982,63.47730682,63.51532473,0.5353132126,0.5353132123,4.376330471,4.576330304,3.773288872,0.6069897525,0.6069425112,0.6078332114,8.518347647,8.71834848,8.733555642
10.75,60.44080479,63.47316828,63.51067942,60.44080479,63.47316828,63.51067942,0.5278484869,0.5278484867,4.376660473,4.576661388,3.773660497,0.6068924516,0.6068455328,0.6077243956,8.516697633,8.716693061,8.731697517
10.8,60.43673726,63.46908779,63.50609855,60.43673726,63.46908779,63.50609855,0.5204878301,0.52048783,4.376985876,4.576987827,3.774026966,0.606796503,0.6067499111,0.607617085,8.51507062,8.715060865,8.729865171
10.85,60.43272643,63.46506453,63.50158125,60.43272643,63.46506453,63.50158125,0.513229792,0.513229792,4.377306742,4.577309688,3.77438835,0.6067018879,0.6066556272,0.6075112589,8.51346629,8.713451562,8.728058249
10.9,60.42877152,63.46109771,63.49712662,60.42877152,63.46109771,63.49712662,0.5060729427,0.5060729426,4.377623135,4.577627034,3.77474472,0.6066085879,0.6065626623,0.6074068969,8.511884324,8.711864832,8.726276399
10.95,60.42487174,63.45718651,63.49273382,60.42487174,63.45718651,63.49273382,0.499015872,0.4990158718,4.377935118,4.577939929,3.775096145,0.6065165847,0.6064709979,0.607303979,8.510324412,8.710300355,8.724519277
11,60.42102632,63.45333017,63.48840197,60.42102632,63.45333017,63.48840197,0.4920571895,0.4920571891,4.378242751,4.578248437,3.775442692,0.6064258604,0.6063806156,0.6072024854,8.508786246,8.708757817,8.72278654
11.05,60.41723451,63.4495279,63.48413025,60.41723451,63.4495279,63.48413026,0.4851955241,0.4851955235,4.378546095,4.578552618,3.77578443,0.6063363972,0.6062914976,0.6071023964,8.507269523,8.707236909,8.721077852
11.1,60.41349557,63.44577894,63.47991783,60.41349556,63.44577894,63.47991783,0.4784295238,0.4784295229,4.378845211,4.578852535,3.776121424,0.6062481777,0.6062036262,0.6070036929,8.505773944,8.705737326,8.719392881
11.15,60.40980874,63.44208255,63.47576388,60.40980874,63.44208254,63.47576388,0.4717578555,0.4717578541,4.379140157,4.579148246,3.77645374,0.6061611845,0.6061169837,0.6069063558,8.504299214,8.704258768,8.7177313
11.2,60.40617331,63.43843797,63.47166759,60.40617331,63.43843797,63.47166759,0.4651792043,0.4651792026,4.379430992,4.579439812,3.776781443,0.6060754008,0.606031553,0.6068103663,8.502845042,8.702800939,8.716092786
11.25,60.40258856,63.43484449,63.46762818,60.40258856,63.43484449,63.46762818,0.4586922741,0.4586922719,4.379717771,4.579727291,3.777104596,0.6059908097,0.6059473171,0.606715706,8.501411143,8.701363545,8.714477021
11.3,60.39905378,63.43130138,63.46364485,60.39905378,63.43130137,63.46364485,0.4522957866,0.4522957839,4.380000554,4.58001074,3.777423262,0.6059073948,0.6058642592,0.6066223565,8.499997232,8.6999463,8.712883689
11.35,60.39556828,63.42780792,63.45971683,60.39556828,63.42780792,63.45971683,0.4459884811,0.4459884781,4.380279394,4.580290216,3.777737504,0.6058251396,0.6057823628,0.6065302999,8.498603032,8.698548919,8.711312482
11.4,60.39213137,63.42436343,63.45584336,60.39213137,63.42436343,63.45584336,0.4397691148,0.4397691116,4.380554346,4.580565775,3.778047381,0.6057440281,0.6057016116,0.6064395184,8.497228268,8.697171123,8.709763093
11.45,60.38874238,63.42096722,63.45202368,60.38874237,63.42096721,63.45202368,0.433636462,0.4336364587,4.380825466,4.580837473,3.778352956,0.6056640445,0.6056219896,0.6063499944,8.495872669,8.695812636,8.708235221
11.5,60.38540062,63.41761859,63.44825705,60.38540062,63.41761859,63.44825705,0.4275893141,0.4275893109,4.381092807,4.581105363,3.778654286,0.605585173,0.6055434809,0.6062617107,8.494535967,8.694473186,8.706728569
11.55,60.38210545,63.41431689,63.44454274,60.38210545,63.41431688,63.44454274,0.4216264795,0.4216264765,4.38135642,4.581369499,3.778951431,0.6055073983,0.6054660699,0.6061746502,8.493217899,8.693152505,8.705242844
11.6,60.37885622,63.41106145,63.44088001,60.37885622,63.41106144,63.44088001,0.415746783,0.4157467804,4.381616359,4.581629934,3.779244449,0.6054307052,0.6053897413,0.606088796,8.491918207,8.691850328,8.703777756
11.65,60.37565228,63.40785161,63.43726817,60.37565228,63.40785161,63.43726817,0.4099490659,0.4099490639,4.381872674,4.581886721,3.779533396,0.6053550787,0.6053144798,0.6060041317,8.490636632,8.690566396,8.702333019
11.7,60.37249301,63.40468675,63.43370651,60.37249301,63.40468675,63.43370651,0.4042321855,0.4042321843,4.382125415,4.58213991,3.779818329,0.6052805039,0.6052402705,0.6059206407,8.489372923,8.689300451,8.700908353
11.75,60.36937778,63.40156623,63.43019432,60.36937778,63.40156623,63.43019432,0.3985950153,0.398595015,4.382374634,4.582389552,3.780099304,0.6052069662,0.6051670987,0.605838307,8.488126831,8.68805224,8.699503479
11.8,60.36630598,63.39848941,63.42673094,60.36630598,63.39848941,63.42673094,0.3930364442,0.3930364449,4.382620378,4.582635697,3.780376375,0.6051344514,0.6050949499,0.6057571146,8.48689811,8.686821515,8.698118125
11.85,60.363277,63.3954557,63.42331567,60.363277,63.3954557,63.42331568,0.3875553768,0.3875553785,4.382862696,4.582878394,3.780649596,0.6050629451,0.6050238096,0.6056770479,8.485686518,8.685608028,8.69675202
11.9,60.36029025,63.39246447,63.41994787,60.36029025,63.39246447,63.41994787,0.3821507329,0.3821507356,4.383101637,4.583117692,3.780919021,0.6049924334,0.6049536637,0.6055980912,8.484491817,8.684411538,8.695404897
11.95,60.35734513,63.38951514,63.41662686,60.35734513,63.38951514,63.41662686,0.3768214473,0.3768214508,4.383337246,4.583353639,3.781184701,0.6049229025,0.6048844984,0.6055202293,8.48331377,8.683231805,8.694076495
12,60.35444107,63.38660711,63.41335201,60.35444107,63.38660711,63.41335201,0.3715664697,0.371566474,4.383569571,4.583586281,3.781446689,0.6048543388,0.6048162999,0.6054434472,8.482152146,8.682068594,8.692766553
12.05,60.35157749,63.38373981,63.41012267,60.3515775,63.38373981,63.41012267,0.3663847645,0.3663847691,4.383798657,4.583815665,3.781705037,0.6047867288,0.6047490546,0.6053677298,8.481006716,8.680921673,8.691474817
12.1,60.34875384,63.38091265,63.40693821,60.34875384,63.38091266,63.40693821,0.3612753103,0.3612753151,4.384024549,4.584041838,3.781959793,0.6047200594,0.6046827492,0.6052930627,8.479877254,8.679790812,8.690201035
12.15,60.34596955,63.37812509,63.40379802,60.34596955,63.37812509,63.40379802,0.3562371001,0.3562371047,4.384247292,4.584264843,3.782211009,0.6046543174,0.6046173706,0.6052194312,8.478763538,8.678675785,8.688944957
12.2,60.34322407,63.37537655,63.40070147,60.34322408,63.37537656,63.40070147,0.3512691409,0.3512691448,4.384466931,4.584484726,3.782458732,0.60458949,0.6045529057,0.6051468212,8.477665347,8.677576371,8.687706339
12.25,60.34051687,63.3726665,63.39764798,60.34051687,63.3726665,63.39764798,0.3463704532,0.3463704563,4.384683507,4.58470153,3.782703012,0.6045255645,0.6044893418,0.6050752184,8.476582466,8.67649235,8.68648494
12.3,60.33784741,63.36999439,63.39463693,60.33784741,63.36999439,63.39463693,0.3415400716,0.3415400735,4.384897064,4.584915299,3.782943896,0.6044625284,0.6044266662,0.6050046091,8.475514682,8.675423505,8.68528052
12.35,60.33521516,63.36735968,63.39166774,60.33521516,63.36735968,63.39166774,0.3367770435,0.3367770443,4.385107643,4.585126076,3.783181431,0.6044003693,0.6043648665,0.6049349795,8.474461783,8.674369622,8.684092844
12.4,60.33261961,63.36476186,63.38873983,60.33261961,63.36476186,63.38873983,0.3320804298,0.3320804298,4.385315288,4.585333901,3.783415664,0.604339075,0.6043039304,0.6048663162,8.473423562,8.673330493,8.682921681
12.45,60.33006024,63.3622004,63.38585263,60.33006024,63.3622004,63.38585263,0.3274493044,0.3274493042,4.385520037,4.585538818,3.78364664,0.6042786335,0.6042438458,0.6047986056,8.472399815,8.672305909,8.681766802
12.5,60.32753655,63.35967479,63.38300558,60.32753655,63.35967479,63.38300558,0.3228827549,0.3228827546,4.385721932,4.585740867,3.783874404,0.6042190331,0.6041846009,0.6047318348,8.47139034,8.671295665,8.68062798
12.55,60.32504805,63.35718453,63.38019811,60.32504805,63.35718453,63.38019811,0.3183798811,0.3183798808,4.385921012,4.585940088,3.784099001,0.604160262,0.6041261837,0.6046659908,8.470394938,8.670299562,8.679504995
12.6,60.32259423,63.35472912,63.37742969,60.32259423,63.35472912,63.37742969,0.3139397955,0.3139397952,4.386117318,4.58613652,3.784320475,0.6041023086,0.6040685829,0.6046010606,8.469413412,8.669317399,8.678397625
12.65,60.32017463,63.35230808,63.37469976,60.32017463,63.35230808,63.37469976,0.3095616227,0.3095616224,4.386310886,4.586330204,3.784538869,0.6040451617,0.6040117869,0.6045370319,8.46844557,8.668348982,8.677305655
12.7,60.31778876,63.34992092,63.37200781,60.31778875,63.34992092,63.37200781,0.3052444997,0.3052444994,4.386501756,4.586521177,3.784754226,0.6039888101,0.6039557844,0.604473892,8.46749122,8.667394117,8.676228872
12.75,60.31543614,63.34756716,63.36935329,60.31543614,63.34756716,63.36935329,0.3009875754,0.3009875752,4.386689965,4.586709477,3.784966587,0.6039332426,0.6039005644,0.6044116286,8.466550175,8.666452614,8.675167064
12.8,60.31311633,63.34524634,63.36673569,60.31311633,63.34524634,63.36673569,0.2967900106,0.2967900105,4.38687555,4.586895143,3.785175995,0.6038784485,0.603846116,0.6043502298,8.465622249,8.665524286,8.674120025
12.85,60.31082885,63.34295799,63.3641545,60.31082885,63.34295799,63.3641545,0.2926509779,0.2926509778,4.387058548,4.587078211,3.78538249,0.6038244169,0.6037924282,0.6042896836,8.464707259,8.664608947,8.673087549
12.9,60.30857327,63.34070166,63.36160921,60.30857327,63.34070166,63.36160921,0.2885696613,0.2885696612,4.387238995,4.587258717,3.785586113,0.6037711373,0.6037394905,0.6042299781,8.463805026,8.663706415,8.672069434
12.95,60.30634913,63.3384769,63.35909933,60.30634913,63.3384769,63.35909933,0.2845452562,0.284545256,4.387416926,4.587436698,3.785786904,0.6037185992,0.6036872924,0.6041711017,8.46291537,8.66281651,8.671065482
13,60.304156,63.33628327,63.35662436,60.304156,63.33628327,63.35662436,0.2805769692,0.2805769688,4.387592377,4.587612189,3.785984901,0.6036667923,0.6036358235,0.604113043,8.462038117,8.661939056,8.670075495
13.05,60.30199344,63.33412032,63.35418383,60.30199344,63.33412032,63.35418383,0.2766640179,0.2766640173,4.387765381,4.587785225,3.786180144,0.6036157065,0.6035850736,0.6040557907,8.461173094,8.661073877,8.669099281
13.1,60.29986103,63.33198763,63.35177725,60.29986103,63.33198763,63.35177725,0.272805631,0.2728056301,4.387935974,4.58795584,3.78637267,0.6035653317,0.6035350327,0.6039993337,8.460320131,8.660220801,8.668136648
13.15,60.29775835,63.32988477,63.34940415,60.29775835,63.32988477,63.34940415,0.2690010477,0.2690010464,4.388104188,4.588124068,3.786562518,0.6035156581,0.6034856908,0.6039436609,8.459479059,8.659379659,8.667187408
13.2,60.29568499,63.32781133,63.34706406,60.29568499,63.32781133,63.34706406,0.2652495178,0.2652495162,4.388270057,4.588289943,3.786749725,0.603466676,0.6034370381,0.6038887614,8.458649713,8.658550283,8.666251375
13.25,60.29364053,63.32576689,63.34475654,60.29364052,63.32576689,63.34475654,0.2615503018,0.2615502998,4.388433614,4.588453499,3.786934327,0.6034183756,0.6033890651,0.6038346247,8.457831928,8.657732507,8.665328366
13.3,60.29162457,63.32375105,63.34248112,60.29162457,63.32375105,63.34248112,0.2579026703,0.2579026678,4.388594891,4.588614766,3.78711636,0.6033707476,0.6033417621,0.6037812401,8.457025545,8.65692617,8.664418199
13.35,60.28963671,63.3217634,63.34023737,60.28963671,63.3217634,63.34023737,0.2543059041,0.2543059012,4.388753919,4.588773778,3.78729586,0.6033237826,0.6032951199,0.6037285972,8.456230404,8.65613111,8.663520698
13.4,60.28767658,63.31980355,63.33802484,60.28767657,63.31980355,63.33802484,0.2507592939,0.2507592908,4.38891073,4.588930566,3.787472863,0.6032774713,0.6032491292,0.6036766858,8.455446348,8.65534717,8.662635685
13.45,60.28574376,63.31787111,63.3358431,60.28574376,63.3178711,63.3358431,0.2472621405,0.2472621372,4.389065355,4.589085161,3.787647402,0.6032318048,0.6032037808,0.6036254957,8.454673223,8.654574193,8.661762988
13.5,60.2838379,63.31596569,63.33369172,60.28383789,63.31596569,63.33369171,0.2438137544,0.243813751,4.389217825,4.589237595,3.787819513,0.603186774,0.6031590658,0.603575017,8.453910877,8.653812026,8.660902436
13.55,60.2819586,63.31408692,63.33157028,60.2819586,63.31408692,63.33157027,0.2404134555,0.2404134523,4.389368168,4.589387897,3.787989228,0.6031423701,0.6031149754,0.6035252399,8.453159158,8.653060517,8.66005386
13.6,60.28010551,63.31223442,63.32947836,60.2801055,63.31223442,63.32947836,0.2370605736,0.2370605706,4.389516416,4.589536097,3.788156581,0.6030985843,0.6030715007,0.6034761545,8.45241792,8.652319517,8.659217094
13.65,60.27827824,63.31040782,63.32741556,60.27827824,63.31040782,63.32741556,0.2337544474,0.2337544448,4.389662597,4.589682224,3.788321605,0.6030554082,0.6030286332,0.6034277513,8.451687016,8.651588879,8.658391974
13.7,60.27647646,63.30860677,63.32538147,60.27647646,63.30860676,63.32538147,0.230494425,0.230494423,4.38980674,4.589826309,3.788484332,0.6030128332,0.6029863644,0.603380021,8.450966302,8.650868456,8.657578338
13.75,60.27469979,63.30683089,63.32337569,60.27469979,63.30683089,63.32337569,0.2272798638,0.2272798625,4.389948873,4.589968379,3.788644795,0.6029708509,0.6029446859,0.6033329541,8.450255635,8.650158107,8.656776027
13.8,60.2729479,63.30507985,63.32139783,60.2729479,63.30507985,63.32139783,0.2241101299,0.2241101294,4.390089025,4.590108462,3.788803023,0.6029294532,0.6029035894,0.6032865414,8.449554877,8.649457689,8.655984884
13.85,60.27122042,63.30335329,63.31944751,60.27122043,63.30335329,63.31944751,0.2209845982,0.2209845987,4.390227222,4.590246587,3.78895905,0.6028886319,0.6028630669,0.603240774,8.448863888,8.648767064,8.655204752
13.9,60.26951704,63.30165086,63.31752433,60.26951704,63.30165086,63.31752433,0.2179026527,0.2179026541,4.390363493,4.590382781,3.789112904,0.6028483789,0.6028231103,0.6031956429,8.448182533,8.648086095,8.654435481
13.95,60.2678374,63.29997224,63.31562792,60.2678374,63.29997224,63.31562792,0.2148636856,0.2148636879,4.390497865,4.590517071,3.789264616,0.6028086865,0.6027837116,0.6031511392,8.447510677,8.647414645,8.653676918
14,60.26618118,63.29831708,63.31375791,60.26618118,63.29831708,63.31375791,0.2118670977,0.2118671009,4.390630362,4.590649484,3.789414217,0.6027695467,0.6027448631,0.6031072543,8.446848188,8.646752582,8.652928915
14.05,60.26454804,63.29668506,63.31191394,60.26454805,63.29668507,63.31191394,0.2089122982,0.2089123022,4.390761013,4.590780045,3.789561735,0.6027309519,0.6027065571,0.6030639796,8.446194936,8.646099775,8.652191325
14.1,60.26293768,63.29507586,63.31009564,60.26293768,63.29507586,63.31009564,0.2059987046,0.2059987091,4.390889842,4.590908781,3.789707199,0.6026928946,0.6026687861,0.6030213066,8.445550791,8.645456093,8.651464004
14.15,60.26134977,63.29348915,63.30830265,60.26134977,63.29348915,63.30830265,0.2031257424,0.2031257471,4.391016875,4.591035718,3.789850638,0.6026553672,0.6026315424,0.602979227,8.444915626,8.644821408,8.650746809
14.2,60.259784,63.29192461,63.30653462,60.259784,63.29192462,63.30653463,0.200292845,0.2002928497,4.391142136,4.591160881,3.78999208,0.6026183624,0.6025948188,0.6029377326,8.444289318,8.644195595,8.650039599
14.25,60.25824006,63.29038195,63.30479122,60.25824006,63.29038195,63.30479122,0.1974994539,0.1974994583,4.391265652,4.591284294,3.790131553,0.6025818729,0.602558608,0.6028968152,8.443671741,8.64357853,8.649342236
14.3,60.25671764,63.28886085,63.30307208,60.25671764,63.28886085,63.30307208,0.1947450183,0.194745022,4.391387445,4.591405982,3.790269083,0.6025458916,0.6025229028,0.6028564669,8.443062775,8.642970089,8.648654583
14.35,60.25521645,63.28736101,63.30137689,60.25521645,63.28736101,63.30137689,0.1920289948,0.1920289977,4.39150754,4.591525969,3.790404699,0.6025104114,0.6024876961,0.6028166798,8.442462299,8.642370153,8.647976504
14.4,60.25373619,63.28588213,63.29970529,60.25373619,63.28588213,63.29970529,0.1893508479,0.1893508497,4.391625961,4.59164428,3.790538427,0.6024754252,0.6024529811,0.6027774461,8.441870195,8.641778601,8.647307867
14.45,60.25227657,63.28442392,63.29805698,60.25227657,63.28442392,63.29805698,0.1867100493,0.18671005,4.391742731,4.591760937,3.790670292,0.6024409263,0.6024187507,0.6027387581,8.441286346,8.641195317,8.64664854
14.5,60.2508373,63.28298608,63.29643161,60.2508373,63.28298608,63.29643161,0.1841060779,0.1841060778,4.391857872,4.591875963,3.790800321,0.6024069079,0.6023849982,0.6027006082,8.440710638,8.640620184,8.645998395
14.55,60.24941809,63.28156835,63.29482888,60.24941809,63.28156835,63.29482888,0.1815384199,0.1815384197,4.391971409,4.591989382,3.790928539,0.6023733633,0.602351717,0.602662989,8.440142956,8.640053088,8.645357303
14.6,60.24801868,63.28017042,63.29324847,60.24801868,63.28017042,63.29324847,0.1790065694,0.1790065691,4.392083362,4.592101216,3.791054972,0.6023402858,0.6023189005,0.6026258932,8.439583188,8.639493918,8.644725138
14.65,60.24663877,63.27879203,63.29169007,60.24663877,63.27879203,63.29169007,0.1765100273,0.1765100269,4.392193755,4.592211488,3.791179645,0.6023076691,0.6022865421,0.6025893134,8.439031225,8.638942561,8.644101777
14.7,60.2452781,63.2774329,63.29015337,60.2452781,63.2774329,63.29015337,0.1740483012,0.1740483008,4.392302608,4.592320218,3.791302581,0.6022755066,0.6022546354,0.6025532425,8.438486958,8.638398909,8.643487097
14.75,60.2439364,63.27609276,63.28863807,60.2439364,63.27609276,63.28863807,0.1716209056,0.1716209052,4.392409944,4.592427429,3.791423804,0.602243792,0.6022231743,0.6025176734,8.437950279,8.637862854,8.642880978
14.8,60.24261341,63.27477135,63.28714387,60.24261341,63.27477135,63.28714387,0.1692273619,0.1692273615,4.392515783,4.592533142,3.79154334,0.6022125193,0.6021921523,0.6024825992,8.437421083,8.637334289,8.6422833
14.85,60.24130887,63.2734684,63.28567049,60.24130887,63.2734684,63.28567049,0.166867198,0.1668671977,4.392620147,4.592637378,3.791661211,0.6021816821,0.6021615634,0.602448013,8.436899265,8.636813109,8.641693946
14.9,60.24002251,63.27218365,63.28421763,60.24002251,63.27218365,63.28421763,0.1645399485,0.1645399483,4.392723055,4.592740158,3.79177744,0.6021512744,0.6021314016,0.6024139081,8.436384723,8.636299212,8.6411128
14.95,60.23875409,63.27091686,63.282785,60.23875409,63.27091686,63.282785,0.1622451544,0.1622451543,4.392824529,4.592841501,3.79189205,0.6021212903,0.6021016608,0.6023802777,8.435877354,8.635792494,8.640539749
15,60.23750336,63.26966777,63.28137232,60.23750336,63.26966777,63.28137232,0.1599823633,0.1599823632,4.392924588,4.592941429,3.792005064,0.6020917238,0.6020723352,0.6023471153,8.43537706,8.635292857,8.639974679
15.05,60.23627006,63.26843612,63.27997932,60.23627006,63.26843612,63.27997932,0.1577511289,0.1577511287,4.393023252,4.59303996,3.792116504,0.6020625692,0.602043419,0.6023144144,8.434883741,8.6348002,8.63941748
15.1,60.23505396,63.26722169,63.27860573,60.23505396,63.26722169,63.27860573,0.1555510112,0.1555510109,4.39312054,4.593137115,3.792226392,0.6020338207,0.6020149065,0.6022821686,8.434397301,8.634314425,8.638868042
15.15,60.23385481,63.26602422,63.27725127,60.23385481,63.26602422,63.27725127,0.1533815762,0.1533815758,4.393216472,4.593232912,3.792334749,0.6020054727,0.601986792,0.6022503715,8.433917642,8.633835438,8.638326257
15.2,60.23267238,63.26484348,63.27591567,60.23267238,63.26484348,63.27591567,0.1512423961,0.1512423955,4.393311066,4.593327372,3.792441596,0.6019775195,0.6019590699,0.6022190169,8.433444672,8.633363142,8.637792019
15.25,60.23150644,63.26367924,63.27459868,60.23150644,63.26367923,63.27459868,0.1491330491,0.1491330482,4.393404341,4.593420511,3.792546955,0.6019499558,0.6019317348,0.6021880987,8.432978296,8.632897444,8.637265223
15.3,60.23035676,63.26253125,63.27330004,60.23035676,63.26253125,63.27330004,0.1470531192,0.147053118,4.393496316,4.59351235,3.792650847,0.601922776,0.6019047813,0.6021576109,8.432518422,8.632438252,8.636745765
15.35,60.22922311,63.26139931,63.27201948,60.22922311,63.26139931,63.27201948,0.145002196,0.1450021945,4.393587008,4.593602905,3.792753291,0.6018959749,0.6018782041,0.6021275473,8.432064961,8.631985474,8.636233543
15.4,60.22810526,63.26028318,63.27075677,60.22810526,63.26028318,63.27075677,0.1429798752,0.1429798733,4.393676436,4.593692196,3.792854309,0.6018695472,0.6018519978,0.6020979023,8.431617822,8.631539021,8.635728457
15.45,60.227003,63.25918264,63.26951164,60.227003,63.25918264,63.26951164,0.1409857579,0.1409857556,4.393764617,4.593780239,3.792953919,0.6018434876,0.6018261573,0.6020686698,8.431176917,8.631098805,8.635230407
15.5,60.22591611,63.25809747,63.26828387,60.2259161,63.25809747,63.26828386,0.1390194506,0.139019448,4.393851568,4.593867053,3.793052141,0.6018177911,0.6018006775,0.6020398443,8.43074216,8.630664737,8.634739296
15.55,60.22484437,63.25702746,63.26707319,60.22484437,63.25702746,63.26707319,0.1370805657,0.1370805628,4.393937307,4.593952653,3.793148995,0.6017924525,0.6017755534,0.6020114201,8.430313465,8.630236733,8.634255027
15.6,60.22378757,63.25597239,63.26587938,60.22378757,63.25597239,63.26587938,0.1351687208,0.1351687176,4.39402185,4.594037059,3.793244499,0.601767467,0.6017507799,0.6019833915,8.429890748,8.629814707,8.633777504
15.65,60.22274551,63.25493206,63.26470221,60.22274551,63.25493206,63.26470221,0.1332835386,0.1332835354,4.394105215,4.594120285,3.793338673,0.6017428296,0.6017263522,0.6019557531,8.429473924,8.629398575,8.633306634
15.7,60.22171798,63.25390627,63.26354144,60.22171798,63.25390626,63.26354143,0.1314246474,0.1314246442,4.394187418,4.594202349,3.793431535,0.6017185354,0.6017022655,0.6019284994,8.429062912,8.628988256,8.632842324
15.75,60.22070478,63.25289479,63.26239683,60.22070478,63.25289479,63.26239683,0.1295916806,0.1295916776,4.394268474,4.594283266,3.793523103,0.6016945797,0.601678515,0.6019016252,8.428657631,8.628583668,8.632384483
15.8,60.21970571,63.25189745,63.26126818,60.2197057,63.25189745,63.26126818,0.1277842767,0.1277842739,4.3943484,4.594363054,3.793613396,0.6016709577,0.6016550959,0.6018751252,8.428258,8.62818473,8.631933021
15.85,60.21872056,63.25091404,63.26015525,60.21872056,63.25091403,63.26015525,0.1260020791,0.1260020767,4.394427212,4.594441727,3.79370243,0.6016476649,0.6016320037,0.601848994,8.427863942,8.627791364,8.631487849
15.9,60.21774915,63.24994435,63.25905783,60.21774915,63.24994435,63.25905782,0.1242447364,0.1242447345,4.394504924,4.594519302,3.793790224,0.6016246966,0.6016092339,0.6018232267,8.427475378,8.627403492,8.63104888
15.95,60.21679129,63.24898822,63.25797569,60.21679128,63.24898822,63.25797569,0.122511902,0.1225119008,4.394581554,4.594595793,3.793876795,0.6016020484,0.6015867818,0.6017978182,8.427092232,8.627021036,8.630616027
16,60.21584678,63.24804543,63.25690864,60.21584678,63.24804543,63.25690864,0.1208032341,0.1208032337,4.394657114,4.594671216,3.793962159,0.6015797157,0.601564643,0.6017727635,8.426714429,8.626643922,8.630189205
16.05,60.21491544,63.24711581,63.25585645,60.21491544,63.24711581,63.25585645,0.1191183958,0.1191183962,4.394731621,4.594745585,3.794046334,0.6015576941,0.6015428133,0.6017480576,8.426341893,8.626272075,8.629768331
16.1,60.21399708,63.24619918,63.25481893,60.21399708,63.24619918,63.25481893,0.1174570548,0.117457056,4.39480509,4.594818916,3.794129336,0.6015359794,0.6015212882,0.6017236957,8.425974552,8.62590542,8.629353321
16.15,60.21309154,63.24529534,63.25379586,60.21309154,63.24529534,63.25379586,0.1158188835,0.1158188856,4.394877534,4.594891223,3.794211181,0.6015145673,0.6015000635,0.601699673,8.425612332,8.625543885,8.628944094
16.2,60.21219861,63.24440412,63.25278705,60.21219862,63.24440413,63.25278705,0.1142035587,0.1142035616,4.394948967,4.59496252,3.794291886,0.6014934536,0.6014791351,0.6016759849,8.425255163,8.625187399,8.628540569
16.25,60.21131814,63.24352535,63.25179229,60.21131814,63.24352536,63.2517923,0.1126107621,0.1126107656,4.395019405,4.595032822,3.794371467,0.601472634,0.6014584987,0.6016526267,8.424902975,8.624835892,8.628142667
16.3,60.21044995,63.24265886,63.2508114,60.21044995,63.24265886,63.2508114,0.1110401794,0.1110401835,4.395088861,4.595102142,3.794449938,0.6014521045,0.6014381504,0.6016295937,8.424555697,8.624489292,8.62775031
16.35,60.20959386,63.24180446,63.24984418,60.20959386,63.24180446,63.24984418,0.1094915009,0.1094915053,4.395157348,4.595170493,3.794527316,0.6014318612,0.601418086,0.6016068815,8.424213262,8.624147533,8.627363421
16.4,60.20874971,63.24096199,63.24889043,60.20874971,63.24096199,63.24889043,0.1079644212,0.1079644257,4.39522488,4.595237891,3.794603615,0.6014118999,0.6013983016,0.6015844856,8.423875601,8.623810546,8.626981923
16.45,60.20791733,63.24013129,63.24794998,60.20791733,63.24013129,63.24794998,0.1064586392,0.1064586435,4.39529147,4.595304347,3.794678852,0.6013922167,0.6013787934,0.6015624016,8.423542649,8.623478265,8.626605741
16.5,60.20709655,63.23931218,63.24702263,60.20709656,63.23931219,63.24702263,0.1049738577,0.1049738617,4.395357132,4.595369875,3.79475304,0.6013728079,0.6013595574,0.6015406251,8.42321434,8.623150623,8.626234802
16.55,60.20628722,63.23850452,63.24610821,60.20628723,63.23850452,63.24610821,0.1035097841,0.1035097874,4.395421878,4.595434489,3.794826194,0.6013536695,0.6013405898,0.601519152,8.422890608,8.622827556,8.625869032
16.6,60.20548918,63.23770813,63.24520652,60.20548918,63.23770813,63.24520653,0.1020661293,0.1020661318,4.395485722,4.5954982,3.794898328,0.6013347978,0.601321887,0.6014979779,8.42257139,8.622509,8.62550836
16.65,60.20470226,63.23692286,63.24431741,60.20470227,63.23692286,63.24431741,0.1006426087,0.1006426102,4.395548675,4.595561022,3.794969457,0.6013161891,0.6013034451,0.6014770988,8.422256624,8.622194892,8.625152714
16.7,60.20392632,63.23614855,63.24344069,60.20392632,63.23614855,63.24344069,0.09923894121,0.09923894181,4.395610751,4.595622966,3.795039595,0.6012978398,0.6012852606,0.6014565104,8.421946247,8.621885169,8.624802024
16.75,60.2031612,63.23538505,63.24257618,60.2031612,63.23538505,63.24257618,0.09785484985,0.09785484978,4.395671961,4.595684046,3.795108756,0.6012797461,0.6012673299,0.6014362088,8.421640197,8.621579771,8.624456222
16.8,60.20240674,63.23463222,63.24172372,60.20240674,63.23463222,63.24172372,0.09649006135,0.0964900611,4.395732317,4.595744273,3.795176952,0.6012619046,0.6012496494,0.60141619,8.421338415,8.621278637,8.624115239
16.85,60.20166281,63.23388989,63.24088315,60.20166281,63.23388989,63.24088315,0.09514430685,0.09514430658,4.395791832,4.595803659,3.795244198,0.6012443117,0.6012322156,0.6013964501,8.421040841,8.620981707,8.623779009
16.9,60.20092925,63.23315793,63.24005429,60.20092924,63.23315793,63.24005429,0.09381732108,0.09381732076,4.395850517,4.595862216,3.795310507,0.601226964,0.6012150251,0.6013769851,8.420747416,8.620688922,8.623447464
16.95,60.20020591,63.23243619,63.23923698,60.20020591,63.23243619,63.23923698,0.09250884226,0.09250884192,4.395908383,4.595919955,3.795375892,0.6012098581,0.6011980745,0.6013577912,8.420458083,8.620400226,8.62312054
17,60.19949267,63.23172452,63.23843106,60.19949266,63.23172452,63.23843106,0.0912186123,0.09121861195,4.395965443,4.595976888,3.795440365,0.6011929905,0.6011813604,0.6013388647,8.420172784,8.620115559,8.622798173
17.05,60.19878936,63.23102279,63.23763637,60.19878936,63.23102279,63.23763637,0.0899463767,0.08994637637,4.396021707,4.596033027,3.79550394,0.6011763581,0.6011648795,0.6013202019,8.419891464,8.619834867,8.622480299
17.1,60.19809587,63.23033086,63.23685276,60.19809587,63.23033086,63.23685276,0.08869188452,0.08869188423,4.396077187,4.596088381,3.795566629,0.6011599574,0.6011486286,0.601301799,8.419614066,8.619558093,8.622166855
17.15,60.19741205,63.22964859,63.23608008,60.19741204,63.22964858,63.23608008,0.08745488832,0.08745488809,4.396131893,4.596142963,3.795628444,0.6011437853,0.6011326045,0.6012836525,8.419340536,8.619285184,8.62185778
17.2,60.19673776,63.22897584,63.23531816,60.19673776,63.22897584,63.23531816,0.08623514414,0.08623514395,4.396185836,4.596196783,3.795689397,0.6011278386,0.601116804,0.6012657588,8.419070821,8.619016084,8.621553013
17.25,60.19607287,63.22831248,63.23456686,60.19607287,63.22831248,63.23456686,0.08503241138,0.08503241121,4.396239027,4.596249852,3.795749501,0.6011121142,0.601101224,0.6012481144,8.418804866,8.618750741,8.621252494
17.3,60.19541725,63.22765838,63.23382603,60.19541725,63.22765838,63.23382603,0.08384645281,0.08384645265,4.396291476,4.59630218,3.795808767,0.6010966089,0.6010858614,0.6012307158,8.41854262,8.618489102,8.620956163
17.35,60.19477078,63.22701341,63.23309553,60.19477078,63.22701341,63.23309553,0.08267703453,0.08267703433,4.396343194,4.596353777,3.795867207,0.6010813197,0.6010707131,0.6012135596,8.418284031,8.618231115,8.620663963
17.4,60.19413332,63.22637745,63.23237522,60.19413332,63.22637745,63.23237522,0.08152392587,0.08152392559,4.396394191,4.596404654,3.795924833,0.6010662436,0.6010557762,0.6011966425,8.418029047,8.61797673,8.620375836
17.45,60.19350475,63.22575037,63.23166494,60.19350475,63.22575037,63.23166494,0.08038689939,0.08038689896,4.396444476,4.596454821,3.795981655,0.6010513776,0.6010410477,0.601179961,8.41777762,8.617725896,8.620091725
17.5,60.19288495,63.22513203,63.23096456,60.19288495,63.22513203,63.23096456,0.07926573079,0.07926573018,4.39649406,4.596504287,3.796037685,0.6010367189,0.6010265248,0.6011635119,8.417529698,8.617478563,8.619811574
17.55,60.19227379,63.22452233,63.23027395,60.19227379,63.22452233,63.23027395,0.07816019893,0.07816019808,4.396542953,4.596553063,3.796092934,0.6010222644,0.6010122045,0.601147292,8.417285233,8.617234683,8.619535329
17.6,60.19167115,63.22392114,63.22959296,60.19167115,63.22392114,63.22959296,0.07707008573,0.07707008461,4.396591164,4.596601158,3.796147413,0.6010080114,0.600998084,0.6011312981,8.417044178,8.616994208,8.619262934
17.65,60.19107691,63.22332835,63.22892146,60.19107691,63.22332835,63.22892146,0.07599517616,0.07599517473,4.396638703,4.596648582,3.796201133,0.6009939571,0.6009841605,0.601115527,8.416806483,8.616757088,8.618994336
17.7,60.19049096,63.22274382,63.22825933,60.19049096,63.22274382,63.22825933,0.07493525816,0.07493525642,4.396685579,4.596695344,3.796254104,0.6009800987,0.6009704313,0.6010999757,8.416572104,8.616523279,8.618729482
17.75,60.18991319,63.22216746,63.22760643,60.18991318,63.22216746,63.22760642,0.07389012265,0.07389012059,4.396731802,4.596741453,3.796306336,0.6009664334,0.6009568937,0.6010846411,8.416340992,8.616292734,8.61846832
17.8,60.18934346,63.22159914,63.22696262,60.18934346,63.22159914,63.22696262,0.07285956346,0.0728595611,4.396777379,4.596786919,3.79635784,0.6009529586,0.6009435449,0.6010695201,8.416113104,8.616065406,8.618210799
17.85,60.18878169,63.22103875,63.22632779,60.18878168,63.22103875,63.22632779,0.07184337729,0.07184337465,4.396822321,4.59683175,3.796408627,0.6009396716,0.6009303825,0.6010546099,8.415888393,8.615841251,8.617956867
17.9,60.18822774,63.22048619,63.22570181,60.18822774,63.22048619,63.22570181,0.07084136366,0.07084136081,4.396866637,4.596875955,3.796458705,0.6009265698,0.6009174036,0.6010399074,8.415666815,8.615620225,8.617706475
17.95,60.18768152,63.21994134,63.22508456,60.18768152,63.21994134,63.22508456,0.06985332491,0.06985332192,4.396910334,4.596919543,3.796508085,0.6009136507,0.6009046059,0.6010254097,8.415448328,8.615402285,8.617459574
18,60.18714292,63.21940409,63.22447591,60.18714292,63.21940409,63.22447591,0.06887906613,0.06887906308,4.396953423,4.596962523,3.796556777,0.6009009116,0.6008919867,0.6010111141,8.415232887,8.615187386,8.617216114
18.05,60.18661183,63.21887434,63.22387575,60.18661183,63.21887434,63.22387575,0.06791839513,0.06791839212,4.39699591,4.597004903,3.79660479,0.6008883501,0.6008795436,0.6009970177,8.41502045,8.614975486,8.616976049
18.1,60.18608814,63.21835199,63.22328395,60.18608814,63.21835198,63.22328395,0.06697112239,0.06697111953,4.397037805,4.597046691,3.796652134,0.6008759637,0.6008672741,0.6009831177,8.414810976,8.614766544,8.61673933
18.15,60.18557176,63.21783692,63.2227004,60.18557176,63.21783692,63.2227004,0.06603706107,0.06603705846,4.397079115,4.597087896,3.796698818,0.6008637499,0.6008551758,0.6009694114,8.414604423,8.614560518,8.616505911
18.2,60.18506258,63.21732905,63.22212499,60.18506258,63.21732904,63.22212499,0.06511602689,0.06511602466,4.39711985,4.597128526,3.796744851,0.6008517064,0.6008432462,0.6009558962,8.41440075,8.614357368,8.616275746
18.25,60.1845605,63.21682826,63.2215576,60.1845605,63.21682826,63.2215576,0.0642078382,0.06420783644,4.397160017,4.597168589,3.796790242,0.6008398308,0.6008314832,0.6009425692,8.414199917,8.614157053,8.61604879
18.3,60.18406542,63.21633446,63.22099812,60.18406542,63.21633446,63.22099812,0.06331231585,0.06331231466,4.397199623,4.597208093,3.796835001,0.6008281207,0.6008198842,0.600929428,8.414001885,8.613959534,8.615824997
18.35,60.18357724,63.21584755,63.22044644,60.18357724,63.21584755,63.22044644,0.06242928321,0.06242928267,4.397238677,4.597247046,3.796879135,0.6008165738,0.6008084471,0.6009164699,8.413806614,8.613764771,8.615604325
18.4,60.18309587,63.21536744,63.21990245,60.18309587,63.21536744,63.21990245,0.06155856611,0.06155856627,4.397277187,4.597285455,3.796922654,0.600805188,0.6007971695,0.6009036924,8.413614066,8.613572727,8.615386729
18.45,60.18262121,63.21489403,63.21936604,60.18262121,63.21489403,63.21936604,0.06069999282,0.06069999373,4.397315159,4.597323327,3.796965567,0.6007939608,0.6007860493,0.600891093,8.413424204,8.613383363,8.615172166
18.5,60.18215318,63.21442723,63.21883711,60.18215318,63.21442723,63.21883711,0.05985339401,0.05985339566,4.397352602,4.597360672,3.797007881,0.6007828901,0.6007750842,0.6008786691,8.413236989,8.613196641,8.614960595
18.55,60.18169167,63.21396694,63.21831556,60.18169167,63.21396694,63.21831556,0.05901860271,0.05901860508,4.397389523,4.597397495,3.797049605,0.6007719738,0.6007642721,0.6008664184,8.413052384,8.613012526,8.614751973
18.6,60.18123659,63.21351307,63.21780128,60.18123659,63.21351308,63.21780128,0.05819545429,0.05819545731,4.397425929,4.597433804,3.797090748,0.6007612096,0.6007536109,0.6008543385,8.412870354,8.61283098,8.61454626
18.65,60.18078786,63.21306554,63.21729416,60.18078786,63.21306555,63.21729416,0.05738378641,0.05738378997,4.397461827,4.597469607,3.797131317,0.6007505955,0.6007430984,0.6008424269,8.412690863,8.612651967,8.614343415
18.7,60.18034539,63.21262426,63.21679412,60.18034539,63.21262426,63.21679412,0.05658343899,0.05658344295,4.397497225,4.597504909,3.79717132,0.6007401293,0.6007327326,0.6008306813,8.412513874,8.612475453,8.614143398
18.75,60.17990909,63.21218913,63.21630105,60.17990909,63.21218914,63.21630105,0.05579425419,0.05579425838,4.397532129,4.597539719,3.797210766,0.6007298091,0.6007225114,0.6008190994,8.412339354,8.612301403,8.613946169
18.8,60.17947887,63.21176008,63.21581485,60.17947888,63.21176008,63.21581485,0.05501607636,0.05501608058,4.397566547,4.597574044,3.797249662,0.6007196327,0.6007124328,0.6008076789,8.412167267,8.612129781,8.613751691
18.85,60.17905466,63.21133701,63.21533543,60.17905466,63.21133702,63.21533544,0.05424875199,0.05424875604,4.397600484,4.597607889,3.797288015,0.6007095982,0.6007024948,0.6007964177,8.41199758,8.611960555,8.613559924
18.9,60.17863635,63.21091985,63.2148627,60.17863636,63.21091985,63.2148627,0.05349212974,0.0534921334,4.397633948,4.597641262,3.797325834,0.6006997036,0.6006926954,0.6007853133,8.41183026,8.61179369,8.61337083
18.95,60.17822389,63.21050851,63.21439656,60.17822389,63.21050851,63.21439656,0.05274606033,0.0527460634,4.397666945,4.597674169,3.797363125,0.6006899469,0.6006830328,0.6007743638,8.411665273,8.611629154,8.613184373
19,60.17781717,63.21010291,63.21393691,60.17781717,63.21010291,63.21393692,0.05201039654,0.05201039888,4.397699483,4.597706617,3.797399897,0.6006803263,0.600673505,0.6007635668,8.411502587,8.611466914,8.613000516
19.05,60.17741613,63.20970297,63.21348368,60.17741613,63.20970297,63.21348368,0.0512849932,0.0512849947,4.397731566,4.597738612,3.797436156,0.6006708397,0.6006641101,0.6007529204,8.411342169,8.611306938,8.612819222
19.1,60.17702068,63.20930861,63.21303676,60.17702068,63.20930861,63.21303676,0.05056970709,0.05056970779,4.397763202,4.597770161,3.797471909,0.6006614855,0.6006548463,0.6007424223,8.411183989,8.611149194,8.612640455
19.15,60.17663074,63.20891976,63.21259608,60.17663074,63.20891976,63.21259608,0.04986439697,0.04986439702,4.397794397,4.59780127,3.797507164,0.6006522616,0.6006457117,0.6007320706,8.411028014,8.610993652,8.612464181
19.2,60.17624624,63.20853633,63.21216154,60.17624624,63.20853633,63.21216154,0.04916892352,0.04916892328,4.397825157,4.597831944,3.797541927,0.6006431663,0.6006367046,0.6007218632,8.410874214,8.61084028,8.612290365
19.25,60.1758671,63.20815825,63.21173306,60.1758671,63.20815825,63.21173306,0.04848314962,0.04848314936,4.397855488,4.59786219,3.797576206,0.6006341978,0.6006278231,0.600711798,8.410722559,8.610689049,8.612118972
19.3,60.17549325,63.20778544,63.21131055,60.17549325,63.20778544,63.21131055,0.04780694029,0.04780693999,4.397885396,4.597892015,3.797610006,0.6006253544,0.6006190655,0.6007018731,8.410573019,8.610539927,8.611949969
19.35,60.17512462,63.20741784,63.21089393,60.17512462,63.20741784,63.21089393,0.0471401621,0.04714016178,4.397914887,4.597921423,3.797643336,0.6006166342,0.6006104301,0.6006920866,8.410425565,8.610392887,8.611783322
19.4,60.17476112,63.20705537,63.21048312,60.17476112,63.20705537,63.21048312,0.04648268353,0.04648268319,4.397943967,4.59795042,3.7976762,0.6006080356,0.6006019152,0.6006824365,8.410280166,8.610247898,8.611618999
19.45,60.17440269,63.20669796,63.21007804,60.17440269,63.20669796,63.21007804,0.04583437486,0.04583437452,4.397972641,4.597979013,3.797708607,0.6005995569,0.600593519,0.6006729209,8.410136796,8.610104933,8.611456967
19.5,60.17404927,63.20634553,63.20967861,60.17404927,63.20634553,63.20967861,0.0451951082,0.04519510789,4.398000915,4.598007208,3.797740561,0.6005911964,0.60058524,0.6006635379,8.409995424,8.609963962,8.611297194
19.55,60.17370077,63.20599802,63.20928475,60.17370077,63.20599802,63.20928475,0.04456475745,0.04456475718,4.398028795,4.598035008,3.79777207,0.6005829524,0.6005770765,0.6006542857,8.409856024,8.609824959,8.611139649
19.6,60.17335713,63.20565536,63.20889638,60.17335713,63.20565536,63.20889638,0.04394319828,0.04394319806,4.398056286,4.598062421,3.79780314,0.6005748234,0.6005690269,0.6006451625,8.409718569,8.609687895,8.610984301
19.65,60.17301828,63.20531749,63.20851342,60.17301828,63.20531749,63.20851342,0.04333030808,0.0433303079,4.398083394,4.598089451,3.797833776,0.6005668077,0.6005610895,0.6006361665,8.40958303,8.609552744,8.610831118
19.7,60.17268416,63.20498432,63.2081358,60.17268416,63.20498432,63.2081358,0.04272596596,0.0427259658,4.398110124,4.598116104,3.797863986,0.6005589038,0.6005532629,0.6006272959,8.409449381,8.609419479,8.610680072
19.75,60.17235469,63.20465581,63.20776345,60.17235469,63.20465581,63.20776345,0.0421300527,0.04213005255,4.398136481,4.598142385,3.797893774,0.6005511101,0.6005455455,0.600618549,8.409317596,8.609288073,8.610531131
19.8,60.17202983,63.20433188,63.20739629,60.17202983,63.20433188,63.20739629,0.04154245077,0.04154245059,4.39816247,4.5981683,3.797923146,0.600543425,0.6005379358,0.6006099239,8.409187649,8.609158501,8.610384268
19.85,60.17170949,63.20401247,63.20703425,60.17170949,63.20401247,63.20703425,0.04096304425,0.040963044,4.398188097,4.598193853,3.79795211,0.6005358471,0.6005304322,0.6006014191,8.409059514,8.609030736,8.610239452
19.9,60.17139362,63.20369751,63.20667726,60.17139362,63.20369751,63.20667726,0.04039171884,0.04039171849,4.398213367,4.598219049,3.797980669,0.6005283748,0.6005230332,0.6005930329,8.408933166,8.608904755,8.610096655
19.95,60.17108215,63.20338695,63.20632525,60.17108215,63.20338695,63.20632525,0.03982836184,0.03982836135,4.398238284,4.598243894,3.79800883,0.6005210067,0.6005157375,0.6005847636,8.40880858,8.608780531,8.60995585
20,60.17077503,63.20308073,63.20597814,60.17077503,63.20308073,63.20597814,0.03927286212,0.03927286144,4.398262854,4.598268392,3.798036598,0.6005137414,0.6005085436,0.6005766095,8.408685731,8.608658041,8.609817008
20.05,60.17047219,63.20277877,63.20563588,60.17047219,63.20277877,63.20563588,0.03872511009,0.03872510919,4.398287081,4.598292548,3.79806398,0.6005065773,0.6005014501,0.6005685692,8.408564596,8.60853726,8.609680102
20.1,60.17017358,63.20248103,63.20529839,60.17017358,63.20248103,63.20529839,0.03818499768,0.03818499654,4.39831097,4.598316367,3.798090979,0.6004995131,0.6004944555,0.6005606409,8.40844515,8.608418164,8.609545104
20.15,60.16987913,63.20218745,63.2049656,60.16987913,63.20218745,63.2049656,0.03765241835,0.03765241694,4.398334526,4.598339854,3.798117602,0.6004925475,0.6004875584,0.6005528231,8.408327369,8.608300729,8.60941199
20.2,60.16958878,63.20189796,63.20463745,60.16958878,63.20189796,63.20463745,0.03712726701,0.03712726533,4.398357754,4.598363013,3.798143854,0.6004856789,0.6004807576,0.6005451143,8.408211231,8.608184934,8.609280731
20.25,60.16930249,63.20161251,63.20431388,60.16930249,63.20161251,63.20431388,0.03660944007,0.03660943811,4.398380657,4.598385849,3.798169739,0.6004789061,0.6004740517,0.600537513,8.408096713,8.608070754,8.609151303
20.3,60.16902019,63.20133104,63.20399482,60.16902018,63.20133104,63.20399482,0.03609883535,0.03609883314,4.398403242,4.598408367,3.798195264,0.6004722277,0.6004674393,0.6005300177,8.407983792,8.607958167,8.609023679
20.35,60.16874182,63.2010535,63.20368021,60.16874182,63.2010535,63.20368021,0.03559535211,0.03559534967,4.398425511,4.59843057,3.798220433,0.6004656425,0.6004609191,0.6005226269,8.407872446,8.607847151,8.608897835
20.4,60.16846734,63.20077983,63.20336999,60.16846733,63.20077983,63.20336999,0.03509889101,0.03509888839,4.39844747,4.598452463,3.798245251,0.6004591491,0.6004544899,0.6005153391,8.407762652,8.607737684,8.608773746
20.45,60.16819668,63.20050999,63.20306409,60.16819668,63.20050998,63.20306409,0.03460935412,0.03460935137,4.398469122,4.598474051,3.798269723,0.6004527462,0.6004481504,0.6005081529,8.40765439,8.607629744,8.608651387
20.5,60.1679298,63.2002439,63.20276246,60.1679298,63.2002439,63.20276246,0.03412664484,0.03412664202,4.398490473,4.598495338,3.798293853,0.6004464325,0.6004418993,0.6005010669,8.407547637,8.60752331,8.608530735
20.55,60.16766664,63.19998153,63.20246504,60.16766664,63.19998153,63.20246504,0.03365066794,0.03365066513,4.398511525,4.598516328,3.798317647,0.6004402069,0.6004357354,0.6004940796,8.407442374,8.607418361,8.608411765
20.6,60.16740715,63.19972282,63.20217176,60.16740715,63.19972282,63.20217176,0.03318132951,0.0331813268,4.398532284,4.598537025,3.798341109,0.6004340682,0.6004296575,0.6004871898,8.407338578,8.607314877,8.608294453
20.65,60.16715128,63.19946772,63.20188257,60.16715128,63.19946771,63.20188257,0.03271853697,0.03271853443,4.398552754,4.598557433,3.798364244,0.600428015,0.6004236644,0.6004803961,8.407236229,8.607212836,8.608178778
20.7,60.16689898,63.19921617,63.20159741,60.16689897,63.19921617,63.20159741,0.03226219901,0.03226219674,4.398572938,4.598577556,3.798387057,0.6004220462,0.6004177549,0.600473697,8.407135308,8.607112219,8.608064715
20.75,60.16665019,63.19896814,63.20131623,60.16665019,63.19896814,63.20131623,0.03181222562,0.03181222371,4.398592841,4.598597399,3.798409551,0.6004161606,0.6004119278,0.6004670914,8.407035795,8.607013006,8.607952244
20.8,60.16640488,63.19872357,63.20103898,60.16640488,63.19872357,63.20103897,0.03136852803,0.03136852655,4.398612466,4.598616965,3.798431732,0.6004103571,0.6004061821,0.6004605778,8.406937669,8.606915177,8.60784134
20.85,60.16616298,63.19848241,63.20076558,60.16616298,63.19848241,63.20076558,0.03093101872,0.03093101775,4.398631818,4.598636258,3.798453603,0.6004046345,0.6004005164,0.6004541551,8.406840911,8.606818712,8.607731983
20.9,60.16592446,63.19824461,63.200496,60.16592446,63.19824461,63.200496,0.0304996114,0.030499611,4.398650899,4.598655281,3.79847517,0.6003989917,0.6003949298,0.6004478219,8.406745503,8.606723594,8.607624151
20.95,60.16568927,63.19801013,63.20023018,60.16568927,63.19801013,63.20023018,0.03007422097,0.03007422119,4.398669715,4.598674039,3.798496436,0.6003934276,0.6003894211,0.600441577,8.406651426,8.606629803,8.607517822
21,60.16545736,63.19777893,63.19996807,60.16545736,63.19777893,63.19996807,0.02965476355,0.0296547644,4.398688268,4.598692536,3.798517405,0.600387941,0.6003839893,0.6004354192,8.40655866,8.60653732,8.607412977
21.05,60.16522868,63.19755094,63.19970961,60.16522868,63.19755095,63.19970961,0.02924115639,0.02924115788,4.398706562,4.598710774,3.798538081,0.600382531,0.6003786332,0.6004293472,8.406467189,8.606446128,8.607309593
21.1,60.16500319,63.19732614,63.19945475,60.16500319,63.19732615,63.19945475,0.02883331794,0.02883332004,4.398724602,4.598728759,3.79855847,0.6003771964,0.6003733519,0.6004233599,8.406376992,8.606356207,8.607207651
21.15,60.16478084,63.19710448,63.19920345,60.16478084,63.19710448,63.19920345,0.02843116777,0.02843117043,4.398742389,4.598746492,3.798578574,0.6003719362,0.6003681442,0.6004174561,8.406288054,8.606267542,8.60710713
21.2,60.1645616,63.19688591,63.19895566,60.1645616,63.19688591,63.19895566,0.02803462656,0.02803462971,4.398759929,4.598763977,3.798598398,0.6003667493,0.6003630092,0.6004116345,8.406200356,8.606180113,8.607008012
21.25,60.16434541,63.19667039,63.19871131,60.16434541,63.19667039,63.19871132,0.02764361612,0.02764361966,4.398777224,4.598781219,3.798617945,0.6003616348,0.6003579458,0.6004058942,8.406113882,8.606093904,8.606910275
21.3,60.16413224,63.19645787,63.19847038,60.16413224,63.19645787,63.19847038,0.02725805934,0.02725806313,4.398794277,4.59879822,3.79863722,0.6003565916,0.600352953,0.6004002339,8.406028613,8.606008898,8.606813902
21.35,60.16392204,63.19624832,63.19823281,60.16392204,63.19624832,63.19823281,0.02687788017,0.02687788407,4.398811093,4.598814984,3.798656225,0.6003516187,0.6003480299,0.6003946525,8.405944533,8.605925078,8.606718873
21.4,60.16371477,63.19604169,63.19799855,60.16371477,63.1960417,63.19799855,0.02650300363,0.02650300747,4.398827675,4.598831515,3.798674966,0.6003467151,0.6003431755,0.6003891489,8.405861626,8.605842427,8.606625168
21.45,60.16351039,63.19583795,63.19776755,60.1635104,63.19583795,63.19776755,0.02613335578,0.02613335939,4.398844025,4.598847814,3.798693446,0.6003418799,0.6003383887,0.6003837221,8.405779876,8.60576093,8.606532771
21.5,60.16330887,63.19563705,63.19753978,60.16330887,63.19563705,63.19753978,0.02576886368,0.0257688669,4.398860147,4.598863886,3.798711668,0.6003371122,0.6003336688,0.600378371,8.405699265,8.605680569,8.606441662
21.55,60.16311015,63.19543895,63.19731518,60.16311015,63.19543895,63.19731519,0.02540945541,0.02540945809,4.398876044,4.598879734,3.798729635,0.6003324109,0.6003290147,0.6003730944,8.405619779,8.60560133,8.606351824
21.6,60.16291421,63.19524361,63.19709372,60.16291421,63.19524362,63.19709372,0.02505506004,0.02505506207,4.39889172,4.598895361,3.798747352,0.6003277752,0.6003244255,0.6003678914,8.405541401,8.605523196,8.606263238
21.65,60.162721,63.19505101,63.19687535,60.162721,63.19505101,63.19687535,0.02470560759,0.02470560892,4.398907177,4.59891077,3.798764822,0.6003232041,0.6003199003,0.600362761,8.405464116,8.605446152,8.606175888
21.7,60.16253048,63.19486108,63.19666002,60.16253048,63.19486108,63.19666002,0.02436102906,0.0243610297,4.398922418,4.598925963,3.798782049,0.6003186968,0.6003154383,0.6003577021,8.405387909,8.605370183,8.606089756
21.75,60.16234262,63.19467381,63.19644769,60.16234262,63.19467381,63.19644769,0.02402125635,0.02402125643,4.398937447,4.598940945,3.798799035,0.6003142523,0.6003110385,0.6003527138,8.405312765,8.605295274,8.606004825
21.8,60.16215738,63.19448915,63.19623832,60.16215738,63.19448915,63.19623832,0.02368622231,0.02368622209,4.398952266,4.598955718,3.798815784,0.6003098698,0.6003067,0.600347795,8.405238669,8.605221409,8.605921078
21.85,60.16197472,63.19430706,63.19603187,60.16197472,63.19430706,63.19603187,0.02335586081,0.02335586057,4.398966879,4.598970285,3.7988323,0.6003055484,0.6003024221,0.6003429448,8.405165606,8.605148576,8.6058385
21.9,60.16179461,63.19412752,63.19582831,60.16179461,63.19412752,63.19582831,0.02303010698,0.02303010672,4.398981288,4.598984648,3.798848586,0.6003012873,0.6002982039,0.6003381622,8.405093562,8.605076758,8.605757072
21.95,60.16161701,63.19395048,63.19562758,60.16161701,63.19395048,63.19562758,0.02270889655,0.02270889625,4.398995495,4.598998812,3.798864644,0.6002970855,0.6002940445,0.6003334463,8.405022523,8.605005942,8.605676781
22,60.16144189,63.19377591,63.19542965,60.16144189,63.19377591,63.19542965,0.02239216613,0.02239216582,4.399009505,4.599012777,3.798880478,0.6002929424,0.6002899431,0.6003287962,8.404952475,8.604936114,8.605597609
22.05,60.16126921,63.19360378,63.19523448,60.16126921,63.19360378,63.19523448,0.02207985324,0.02207985293,4.399023319,4.599026548,3.798896092,0.6002888571,0.6002858989,0.6003242109,8.404883403,8.60486726,8.605519541
22.1,60.16109894,63.19343404,63.19504203,60.16109894,63.19343404,63.19504203,0.02177189627,0.02177189596,4.399036941,4.599040127,3.798911488,0.6002848287,0.6002819111,0.6003196895,8.404815295,8.604799367,8.605442562
22.15,60.16093105,63.19326668,63.19485227,60.16093105,63.19326668,63.19485227,0.02146823446,0.02146823418,4.399050373,4.599053516,3.798926669,0.6002808564,0.600277979,0.6003152312,8.404748137,8.604732421,8.605366657
22.2,60.16076549,63.19310165,63.19466515,60.16076549,63.19310165,63.19466515,0.02116880791,0.02116880767,4.399063617,4.599066718,3.798941638,0.6002769396,0.6002741017,0.600310835,8.404681915,8.604666409,8.605291809
22.25,60.16060225,63.19293892,63.19448064,60.16060225,63.19293892,63.19448064,0.02087355757,0.02087355737,4.399076677,4.599079736,3.798956399,0.6002730774,0.6002702785,0.6003065002,8.404616617,8.604601318,8.605218006
22.3,60.16044128,63.19277846,63.19429871,60.16044128,63.19277846,63.19429871,0.02058242519,0.02058242502,4.399089554,4.599092573,3.798970954,0.6002692691,0.6002665086,0.6003022257,8.404552229,8.604537134,8.605145232
22.35,60.16028255,63.19262024,63.19411931,60.16028255,63.19262024,63.19411931,0.02029535334,0.02029535319,4.399102252,4.599105231,3.798985305,0.6002655138,0.6002627913,0.6002980109,8.40448874,8.604473846,8.605073473
22.4,60.16012604,63.19246423,63.19394241,60.16012604,63.19246423,63.19394241,0.0200122854,0.02001228525,4.399114773,4.599117712,3.798999457,0.6002618109,0.6002591258,0.6002938549,8.404426136,8.604411442,8.605002715
22.45,60.15997172,63.19231039,63.19376798,60.15997172,63.19231039,63.19376798,0.01973316553,0.01973316536,4.399127119,4.599130019,3.799013411,0.6002581597,0.6002555115,0.6002897568,8.404364405,8.604349907,8.604932943
22.5,60.15981954,63.1921587,63.19359599,60.15981954,63.1921587,63.19359599,0.01945793867,0.01945793846,4.399139293,4.599142154,3.799027171,0.6002545594,0.6002519476,0.6002857159,8.404303535,8.604289231,8.604864145
22.55,60.15966949,63.19200913,63.19342639,60.15966949,63.19200913,63.19342639,0.01918655052,0.01918655024,4.399151297,4.59915412,3.799040739,0.6002510092,0.6002484334,0.6002817313,8.404243514,8.604229402,8.604796306
22.6,60.15952153,63.19186164,63.19325916,60.15952153,63.19186164,63.19325916,0.01891894756,0.01891894716,4.399163134,4.599165919,3.799054117,0.6002475086,0.6002449683,0.6002778023,8.40418433,8.604170407,8.604729413
22.65,60.15937563,63.19171621,63.19309426,60.15937563,63.19171621,63.19309426,0.01865507698,0.01865507645,4.399174806,4.599177553,3.799067309,0.6002440568,0.6002415514,0.600273928,8.404125971,8.604112235,8.604663453
22.7,60.15923177,63.19157281,63.19293166,60.15923177,63.19157281,63.19293166,0.01839488673,0.01839488603,4.399186315,4.599189025,3.799080318,0.6002406532,0.6002381823,0.6002701078,8.404068426,8.604054874,8.604598412
22.75,60.15908992,63.19143141,63.19277132,60.15908992,63.19143141,63.19277132,0.01813832548,0.01813832458,4.399197663,4.599200337,3.799093144,0.600237297,0.6002348601,0.6002663409,8.404011684,8.603998314,8.604534279
22.8,60.15895004,63.19129198,63.19261323,60.15895004,63.19129198,63.19261323,0.0178853426,0.01788534149,4.399208853,4.599211491,3.799105792,0.6002339876,0.6002315843,0.6002626265,8.403955734,8.603942543,8.60447104
22.85,60.15881211,63.1911545,63.19245733,60.15881211,63.1911545,63.19245733,0.01763588819,0.01763588685,4.399219887,4.59922249,3.799118263,0.6002307243,0.6002283541,0.6002589639,8.403900563,8.60388755,8.604408684
22.9,60.15867611,63.19101894,63.19230362,60.15867611,63.19101893,63.19230362,0.01738991301,0.01738991144,4.399230768,4.599233335,3.799130561,0.6002275066,0.600225169,0.6002553523,8.403846162,8.603833324,8.604347196
22.95,60.158542,63.19088526,63.19215204,60.158542,63.19088526,63.19215204,0.01714736854,0.01714736675,4.399241496,4.599244029,3.799142687,0.6002243337,0.6002220284,0.6002517911,8.40379252,8.603779854,8.604286567
23,60.15840977,63.19075345,63.19200258,60.15840977,63.19075345,63.19200258,0.01690820692,0.01690820491,4.399252075,4.599254574,3.799154643,0.6002212051,0.6002189315,0.6002482796,8.403739626,8.603727131,8.604226783
23.05,60.15827938,63.19062348,63.19185521,60.15827938,63.19062348,63.1918552,0.01667238096,0.01667237875,4.399262506,4.599264972,3.799166434,0.6002181201,0.6002158779,0.6002448171,8.403687469,8.603675142,8.604167832
23.1,60.1581508,63.19049532,63.19170989,60.1581508,63.19049532,63.19170988,0.01643984412,0.01643984175,4.399272792,4.599275224,3.799178059,0.6002150782,0.6002128668,0.6002414028,8.40363604,8.603623879,8.604109704
23.15,60.15802402,63.19036895,63.19156659,60.15802402,63.19036895,63.19156659,0.01621055052,0.01621054804,4.399282934,4.599285334,3.799189523,0.6002120786,0.6002098978,0.6002380361,8.403585328,8.603573332,8.604052386
23.2,60.15789901,63.19024435,63.1914253,60.15789901,63.19024435,63.19142529,0.01598445492,0.01598445236,4.399292935,4.599295302,3.799200826,0.6002091209,0.6002069701,0.6002347164,8.403535323,8.603523489,8.603995868
23.25,60.15777575,63.19012148,63.19128597,60.15777574,63.19012148,63.19128597,0.01576151271,0.01576151014,4.399302797,4.599305132,3.799211972,0.6002062044,0.6002040833,0.600231443,8.403486016,8.603474341,8.603940138
23.3,60.1576542,63.19000032,63.19114859,60.1576542,63.19000032,63.19114859,0.0155416799,0.01554167737,4.399312521,4.599314824,3.799222963,0.6002033286,0.6002012367,0.6002282152,8.403437397,8.603425879,8.603885185
23.35,60.15753434,63.18988086,63.19101312,60.15753434,63.18988086,63.19101312,0.01532491311,0.01532491069,4.399322109,4.599324381,3.7992338,0.6002004929,0.6001984299,0.6002250325,8.403389455,8.603378093,8.603830999
23.4,60.15741616,63.18976306,63.19087955,60.15741616,63.18976306,63.19087954,0.01511116959,0.01511116734,4.399331564,4.599333805,3.799244486,0.6001976967,0.6001956622,0.6002218941,8.403342182,8.603330974,8.603777568
23.45,60.15729963,63.18964691,63.19074783,60.15729963,63.1896469,63.19074783,0.01490040715,0.01490040516,4.399340886,4.599343098,3.799255024,0.6001949396,0.6001929331,0.6002187995,8.403295569,8.603284512,8.603724882
23.5,60.15718472,63.18953237,63.19061795,60.15718472,63.18953237,63.19061795,0.01469258424,0.01469258256,4.399350079,4.59935226,3.799265414,0.6001922209,0.6001902421,0.600215748,8.403249605,8.603238698,8.603672932
23.55,60.15707141,63.18941943,63.19048989,60.15707141,63.18941943,63.19048989,0.01448765984,0.01448765854,4.399359143,4.599361295,3.799275659,0.6001895401,0.6001875886,0.6002127391,8.403204283,8.603193523,8.603621705
23.6,60.15695969,63.18930807,63.19036361,60.15695968,63.18930807,63.19036361,0.01428559355,0.01428559267,4.399368082,4.599370204,3.799285761,0.6001868966,0.6001849721,0.6002097722,8.403159592,8.603148978,8.603571193
23.65,60.15684952,63.18919826,63.19023909,60.15684952,63.18919826,63.19023909,0.0140863455,0.0140863451,4.399376895,4.599378989,3.799295723,0.6001842901,0.6001823922,0.6002068466,8.403115525,8.603105055,8.603521386
23.7,60.15674089,63.18908999,63.19011631,60.15674089,63.18908999,63.19011631,0.01388987641,0.01388987652,4.399385585,4.599387651,3.799305545,0.6001817199,0.6001798482,0.6002039618,8.403072073,8.603061744,8.603472273
23.75,60.15663377,63.18898322,63.18999524,60.15663377,63.18898322,63.18999524,0.01369614751,0.01369614816,4.399394155,4.599396192,3.799315231,0.6001791855,0.6001773397,0.6002011173,8.403029226,8.603019038,8.603423845
23.8,60.15652815,63.18887794,63.18987586,60.15652815,63.18887794,63.18987586,0.01350512063,0.0135051218,4.399402605,4.599404615,3.799324782,0.6001766865,0.6001748661,0.6001983124,8.402986977,8.602976927,8.603376092
23.85,60.156424,63.18877413,63.18975814,60.156424,63.18877414,63.18975814,0.01331675807,0.01331675977,4.399410937,4.599412919,3.799334199,0.6001742223,0.6001724271,0.6001955466,8.402945317,8.602935404,8.603329006
23.9,60.1563213,63.18867177,63.18964207,60.1563213,63.18867178,63.18964207,0.01313102271,0.0131310249,4.399419152,4.599421108,3.799343485,0.6001717925,0.6001700221,0.6001928194,8.402904239,8.602894459,8.603282576
23.95,60.15622004,63.18857084,63.18952761,60.15622004,63.18857084,63.18952761,0.01294787791,0.01294788055,4.399427253,4.599429183,3.799352641,0.6001693966,0.6001676507,0.6001901302,8.402863733,8.602854086,8.603236794
24,60.15612018,63.18847132,63.18941475,60.15612019,63.18847132,63.18941475,0.01276728758,0.01276729059,4.399435242,4.599437145,3.79936167,0.6001670341,0.6001653123,0.6001874786,8.402823792,8.602814277,8.60319165
24.05,60.15602172,63.18837318,63.18930346,60.15602173,63.18837318,63.18930347,0.0125892161,0.01258921939,4.399443118,4.599444996,3.799370573,0.6001647045,0.6001630065,0.6001848639,8.402784408,8.602775022,8.603147136
24.1,60.15592464,63.18827641,63.18919373,60.15592464,63.18827642,63.18919373,0.01241362835,0.01241363182,4.399450885,4.599452737,3.799379352,0.6001624075,0.6001607329,0.6001822857,8.402745574,8.602736315,8.603103242
24.15,60.15582891,63.188181,63.18908553,60.15582891,63.188181,63.18908553,0.01224048971,0.01224049324,4.399458544,4.59946037,3.799388008,0.6001601424,0.600158491,0.6001797434,8.402707281,8.602698148,8.603059961
24.2,60.15573451,63.18808691,63.18897883,60.15573451,63.18808691,63.18897884,0.01206976603,0.0120697695,4.399466096,4.599467897,3.799396543,0.600157909,0.6001562804,0.6001772366,8.402669522,8.602660514,8.603017283
24.25,60.15564143,63.18799414,63.18887363,60.15564143,63.18799414,63.18887363,0.01190142364,0.01190142692,4.399473542,4.599475319,3.79940496,0.6001557067,0.6001541007,0.6001747648,8.40263229,8.602623404,8.602975201
24.3,60.15554965,63.18790266,63.18876989,60.15554965,63.18790266,63.18876989,0.01173542932,0.01173543227,4.399480885,4.599482638,3.799413259,0.6001535351,0.6001519513,0.6001723274,8.402595577,8.602586812,8.602933706
24.35,60.15545915,63.18781245,63.1886676,60.15545915,63.18781245,63.1886676,0.01157175031,0.01157175283,4.399488125,4.599489854,3.799421442,0.6001513938,0.6001498319,0.600169924,8.402559376,8.602550731,8.602892789
24.4,60.15536991,63.18772351,63.18856673,60.15536991,63.18772351,63.18856674,0.0114103543,0.01141035628,4.399495264,4.599496969,3.799429511,0.6001492824,0.6001477421,0.6001675541,8.40252368,8.602515153,8.602852443
24.45,60.15528191,63.1876358,63.18846728,60.15528191,63.1876358,63.18846728,0.01125120941,0.01125121081,4.399502304,4.599503986,3.799437468,0.6001472004,0.6001456814,0.6001652173,8.402488482,8.602480071,8.60281266
24.5,60.15519514,63.18754932,63.18836921,60.15519514,63.18754932,63.18836921,0.01109428419,0.011094285,4.399509245,4.599510904,3.799445314,0.6001451474,0.6001436495,0.6001629131,8.402453775,8.602445479,8.602773432
24.55,60.15510959,63.18746405,63.1882725,60.15510959,63.18746405,63.1882725,0.01093954762,0.0109395479,4.39951609,4.599517726,3.79945305,0.6001431231,0.6001416459,0.600160641,8.402419552,8.602411369,8.602734751
24.6,60.15502522,63.18737996,63.18817715,60.15502522,63.18737996,63.18817715,0.01078696909,0.01078696899,4.399522839,4.599524453,3.799460678,0.600141127,0.6001396703,0.6001584006,8.402385806,8.602377735,8.602696609
24.65,60.15494203,63.18729705,63.18808312,60.15494203,63.18729705,63.18808312,0.01063651838,0.01063651816,4.399529494,4.599531086,3.7994682,0.6001391588,0.6001377222,0.6001561915,8.402352531,8.602344569,8.602658999
24.7,60.15486001,63.18721529,63.18799041,60.15486,63.18721529,63.18799041,0.01048816596,0.01048816573,4.399536056,4.599537627,3.799475617,0.600137218,0.6001358012,0.6001540131,8.40231972,8.602311867,8.602621913
24.75,60.15477912,63.18713468,63.18789899,60.15477912,63.18713468,63.18789899,0.01034188268,0.01034188244,4.399542527,4.599544076,3.799482931,0.6001353042,0.6001339071,0.6001518651,8.402287367,8.602279621,8.602585345
24.8,60.15469937,63.18705519,63.18780884,60.15469937,63.18705519,63.18780884,0.01019763969,0.01019763942,4.399548907,4.599550435,3.799490143,0.6001334172,0.6001320394,0.6001497471,8.402255464,8.602247824,8.602549287
24.85,60.15462072,63.1869768,63.18771995,60.15462072,63.1869768,63.18771995,0.0100554085,0.01005540822,4.399555199,4.599556706,3.799497254,0.6001315564,0.6001301978,0.6001476586,8.402224007,8.602216471,8.602513732
24.9,60.15454318,63.18689951,63.18763231,60.15454318,63.18689951,63.18763231,0.009915161061,0.009915160776,4.399561402,4.599562889,3.799504266,0.6001297216,0.6001283818,0.6001455993,8.402192988,8.602185556,8.602478672
24.95,60.15446671,63.1868233,63.18754588,60.15446671,63.1868233,63.18754588,0.009776869702,0.009776869427,4.39956752,4.599568986,3.79951118,0.6001279124,0.6001265911,0.6001435686,8.402162402,8.602155071,8.602444102
25,60.15439131,63.18674816,63.18746066,60.15439131,63.18674816,63.18746066,0.009640507141,0.009640506886,4.399573551,4.599574998,3.799517997,0.6001261285,0.6001248255,0.6001415663,8.402132243,8.602125012,8.602410013
25.05,60.15431696,63.18667406,63.18737663,60.15431696,63.18667406,63.18737663,0.009506046481,0.009506046253,4.399579499,4.599580926,3.79952472,0.6001243694,0.6001230844,0.6001395919,8.402102504,8.602095372,8.6023764
25.1,60.15424365,63.18660099,63.18729377,60.15424365,63.18660099,63.18729377,0.009373461198,0.009373461001,4.399585364,4.599586771,3.799531349,0.6001226348,0.6001213677,0.600137645,8.40207318,8.602066146,8.602343256
25.15,60.15417137,63.18652894,63.18721206,60.15417137,63.18652894,63.18721206,0.00924272514,0.009242724973,4.399591147,4.599592535,3.799537885,0.6001209245,0.6001196749,0.6001357253,8.402044265,8.602037327,8.602310575
25.2,60.15410009,63.1864579,63.1871315,60.15410009,63.1864579,63.1871315,0.00911381252,0.009113812377,4.399596849,4.599598218,3.79954433,0.6001192379,0.6001180057,0.6001338324,8.402015753,8.60200891,8.602278348
25.25,60.1540298,63.18638785,63.18705206,60.1540298,63.18638785,63.18705206,0.008986697912,0.008986697781,4.399602472,4.599603822,3.799550686,0.600117575,0.6001163598,0.6001319658,8.401987639,8.60198089,8.602246572
25.3,60.1539605,63.18631878,63.18697372,60.1539605,63.18631878,63.18697372,0.008861356241,0.008861356108,4.399608017,4.599609348,3.799556952,0.6001159352,0.6001147368,0.6001301253,8.401959917,8.60195326,8.602215238
25.35,60.15389216,63.18625067,63.18689648,60.15389216,63.18625067,63.18689648,0.008737762784,0.00873776263,4.399613484,4.599614797,3.799563132,0.6001143182,0.6001131365,0.6001283105,8.401932582,8.601926016,8.602184342
25.4,60.15382477,63.18618351,63.18682032,60.15382477,63.1861835,63.18682032,0.00861589316,0.008615892964,4.399618874,4.59962017,3.799569225,0.6001127238,0.6001115585,0.600126521,8.401905628,8.601899152,8.602153877
25.45,60.15375833,63.18611728,63.18674522,60.15375833,63.18611728,63.18674522,0.008495723329,0.008495723068,4.39962419,4.599625468,3.799575233,0.6001111517,0.6001100025,0.6001247564,8.401879049,8.601872662,8.602123836
25.5,60.15369281,63.18605198,63.18667116,60.15369281,63.18605198,63.18667116,0.008377229585,0.008377229235,4.399629432,4.599630692,3.799581157,0.6001096015,0.6001084682,0.6001230164,8.401852842,8.601846542,8.602094214
25.55,60.1536282,63.18598759,63.18659814,60.1536282,63.18598759,63.18659814,0.008260388549,0.008260388087,4.3996346,4.599635843,3.799586999,0.6001080729,0.6001069554,0.6001213007,8.401827,8.601820787,8.602065006
25.6,60.1535645,63.1859241,63.18652614,60.1535645,63.1859241,63.18652614,0.008145177171,0.008145176575,4.399639696,4.599640922,3.799592759,0.6001065656,0.6001054636,0.600119609,8.401801518,8.601795391,8.602036205
25.65,60.15350169,63.1858615,63.18645514,60.15350168,63.1858615,63.18645514,0.008031572718,0.008031571969,4.399644722,4.59964593,3.799598439,0.6001050793,0.6001039926,0.6001179408,8.401776392,8.601770348,8.602007805
25.7,60.15343975,63.18579976,63.18638513,60.15343975,63.18579976,63.18638513,0.007919552775,0.007919551856,4.399649677,4.599650869,3.79960404,0.6001036138,0.6001025421,0.6001162959,8.401751616,8.601745656,8.601979802
25.75,60.15337867,63.18573889,63.1863161,60.15337867,63.18573889,63.1863161,0.007809095238,0.007809094138,4.399654563,4.599655739,3.799609562,0.6001021687,0.6001011119,0.6001146739,8.401727186,8.601721307,8.601952189
25.8,60.15331845,63.18567887,63.18624803,60.15331845,63.18567887,63.18624803,0.00770017831,0.007700177023,4.399659381,4.59966054,3.799615008,0.6001007438,0.6000997016,0.6001130746,8.401703097,8.601697299,8.601924962
25.85,60.15325906,63.18561969,63.18618091,60.15325906,63.18561969,63.18618091,0.0075927805,0.007592779023,4.399664131,4.599665275,3.799620377,0.6000993387,0.600098311,0.6001114975,8.401679343,8.601673625,8.601898114
25.9,60.15320051,63.18556133,63.18611473,60.15320051,63.18556133,63.18611473,0.007486880613,0.007486878951,4.399668816,4.599669944,3.799625672,0.6000979533,0.6000969398,0.6001099425,8.401655921,8.601650281,8.60187164
25.95,60.15314277,63.18550378,63.18604947,60.15314277,63.18550378,63.18604946,0.00738245775,0.007382455915,4.399673435,4.599674547,3.799630893,0.6000965871,0.6000955877,0.6001084091,8.401632826,8.601627263,8.601845536
26,60.15308584,63.18544704,63.18598512,60.15308583,63.18544704,63.18598511,0.007279491304,0.007279489314,4.39967799,4.599679087,3.799636041,0.60009524,0.6000942545,0.6001068972,8.401610052,8.601604566,8.601819796
26.05,60.1530297,63.18539109,63.18592166,60.15302969,63.18539109,63.18592166,0.007177960956,0.007177958834,4.399682481,4.599683563,3.799641117,0.6000939117,0.6000929399,0.6001054063,8.401587597,8.601582186,8.601794415
26.1,60.15297434,63.18533592,63.18585909,60.15297434,63.18533592,63.18585909,0.007077846668,0.007077844446,4.399686909,4.599687976,3.799646122,0.6000926019,0.6000916436,0.6001039362,8.401565454,8.601560118,8.601769388
26.15,60.15291976,63.18528152,63.1857974,60.15291975,63.18528152,63.1857974,0.006979128686,0.006979126398,4.399691276,4.599692329,3.799651058,0.6000913104,0.6000903654,0.6001024866,8.40154362,8.601538357,8.60174471
26.2,60.15286593,63.18522788,63.18573656,60.15286593,63.18522788,63.18573656,0.006881787527,0.006881785215,4.399695582,4.59969662,3.799655925,0.6000900369,0.600089105,0.6001010572,8.401522091,8.6015169,8.601720376
26.25,60.15281286,63.18517498,63.18567658,60.15281286,63.18517498,63.18567658,0.006785803984,0.006785801694,4.399699828,4.599700851,3.799660724,0.6000887812,0.6000878622,0.6000996477,8.401500862,8.601495743,8.601696381
26.3,60.15276053,63.18512283,63.18561743,60.15276053,63.18512282,63.18561743,0.006691159119,0.006691156898,4.399704014,4.599705024,3.799665456,0.6000875429,0.6000866367,0.600098258,8.401479929,8.60147488,8.601672721
26.35,60.15270892,63.1850714,63.1855591,60.15270892,63.1850714,63.1855591,0.006597834257,0.006597832157,4.399708142,4.599709138,3.799670122,0.600086322,0.6000854283,0.6000968875,8.401459288,8.601454309,8.601649391
26.4,60.15265804,63.18502069,63.18550159,60.15265804,63.18502068,63.18550159,0.006505810986,0.006505809057,4.399712213,4.599713195,3.799674723,0.600085118,0.6000842368,0.6000955363,8.401438935,8.601434024,8.601626387
26.45,60.15260787,63.18497068,63.18544488,60.15260787,63.18497068,63.18544488,0.006415071152,0.006415069446,4.399716227,4.599717195,3.799679259,0.6000839309,0.6000830619,0.6000942038,8.401418866,8.601414023,8.601603703
26.5,60.1525584,63.18492138,63.18538896,60.15255839,63.18492137,63.18538896,0.006325596855,0.006325595421,4.399720185,4.59972114,3.799683733,0.6000827603,0.6000819034,0.6000928899,8.401399076,8.6013943,8.601581335
26.55,60.15250961,63.18487276,63.18533383,60.15250961,63.18487276,63.18533382,0.006237370448,0.006237369332,4.399724087,4.59972503,3.799688144,0.600081606,0.600080761,0.6000915944,8.401379563,8.601374852,8.60155928
26.6,60.15246151,63.18482482,63.18527946,60.15246151,63.18482481,63.18527946,0.006150374531,0.006150373772,4.399727936,4.599728865,3.799692494,0.6000804679,0.6000796346,0.6000903169,8.401360322,8.601355676,8.601537532
26.65,60.15241408,63.18477754,63.18522584,60.15241408,63.18477754,63.18522584,0.006064591946,0.006064591579,4.39973173,4.599732647,3.799696782,0.6000793456,0.6000785239,0.6000890572,8.401341349,8.601336767,8.601516088
26.7,60.15236731,63.18473093,63.18517298,60.15236731,63.18473093,63.18517298,0.005980005778,0.005980005829,4.399735472,4.599736376,3.799701012,0.6000782389,0.6000774286,0.6000878152,8.40132264,8.601318122,8.601494942
26.75,60.15232119,63.18468497,63.18512085,60.15232119,63.18468497,63.18512085,0.00589659935,0.005896599835,4.399739161,4.599740053,3.799705182,0.6000771477,0.6000763487,0.6000865904,8.401304193,8.601299737,8.601474092
26.8,60.15227571,63.18463965,63.18506946,60.15227571,63.18463965,63.18506946,0.005814356219,0.005814357144,4.399742799,4.599743678,3.799709294,0.6000760717,0.6000752838,0.6000853827,8.401286003,8.601281608,8.601453532
26.85,60.15223087,63.18459496,63.18501877,60.15223087,63.18459496,63.18501877,0.00573326017,0.005733261528,4.399746387,4.599747254,3.799713348,0.6000750108,0.6000742337,0.6000841918,8.401268067,8.601263732,8.601433259
26.9,60.15218666,63.18455089,63.1849688,60.15218666,63.18455089,63.1849688,0.005653295217,0.005653296991,4.399749924,4.599750779,3.799717346,0.6000739646,0.6000731984,0.6000830176,8.40125038,8.601246106,8.601413269
26.95,60.15214306,63.18450744,63.18491952,60.15214306,63.18450744,63.18491952,0.005574445598,0.005574447756,4.399753412,4.599754255,3.799721289,0.600072933,0.6000721774,0.6000818597,8.401232941,8.601228725,8.601393557
27,60.15210007,63.18446459,63.18487093,60.15210007,63.18446459,63.18487093,0.00549669577,0.005496698267,4.399756851,4.599757683,3.799725176,0.6000719158,0.6000711707,0.600080718,8.401215745,8.601211587,8.601374121
27.05,60.15205768,63.18442235,63.18482301,60.15205768,63.18442235,63.18482302,0.005420030408,0.005420033187,4.399760242,4.599761062,3.799729009,0.6000709128,0.600070178,0.6000795922,8.401198788,8.601194688,8.601354955
27.1,60.15201588,63.18438069,63.18477577,60.15201588,63.18438069,63.18477577,0.0053444344,0.00534443739,4.399763586,4.599764395,3.799732789,0.6000699237,0.6000691992,0.6000784822,8.401182068,8.601178025,8.601336057
27.15,60.15197466,63.18433961,63.18472918,60.15197466,63.18433961,63.18472918,0.005269892841,0.005269895962,4.399766884,4.599767681,3.799736515,0.6000689485,0.600068234,0.6000773876,8.401165582,8.601161594,8.601317423
27.2,60.15193402,63.18429911,63.18468325,60.15193402,63.18429911,63.18468325,0.005196391036,0.005196394198,4.399770135,4.599770922,3.79974019,0.6000679869,0.6000672823,0.6000763082,8.401149325,8.601145392,8.601299048
27.25,60.15189394,63.18425917,63.18463795,60.15189394,63.18425917,63.18463795,0.00512391449,0.005123917597,4.399773341,4.599774117,3.799743814,0.6000670386,0.6000663439,0.6000752439,8.401133295,8.601129416,8.60128093
27.3,60.15185443,63.18421978,63.18459329,60.15185443,63.18421979,63.18459329,0.005052448907,0.005052451861,4.399776502,4.599777267,3.799747387,0.6000661036,0.6000654186,0.6000741945,8.401117488,8.601113664,8.601263064
27.35,60.15181546,63.18418095,63.18454925,60.15181546,63.18418095,63.18454925,0.004981980185,0.004981982891,4.39977962,4.599780374,3.79975091,0.6000651817,0.6000645061,0.6000731597,8.401101902,8.60109813,8.601245448
27.4,60.15177704,63.18414266,63.18450582,60.15177704,63.18414266,63.18450582,0.004912494416,0.004912496785,4.399782693,4.599783437,3.799754385,0.6000642726,0.6000636064,0.6000721393,8.401086534,8.601082814,8.601228077
27.45,60.15173915,63.1841049,63.184463,60.15173916,63.1841049,63.184463,0.004843977877,0.004843979833,4.399785724,4.599786458,3.79975781,0.6000633762,0.6000627193,0.6000711332,8.40107138,8.601067711,8.601210949
27.5,60.1517018,63.18406767,63.18442077,60.1517018,63.18406767,63.18442078,0.00477641703,0.004776418519,4.399788713,4.599789436,3.799761188,0.6000624923,0.6000618445,0.6000701411,8.401056437,8.601052819,8.60119406
27.55,60.15166496,63.18403096,63.18437914,60.15166496,63.18403096,63.18437914,0.004709798514,0.004709799515,4.399791659,4.599792373,3.799764519,0.6000616207,0.6000609819,0.6000691628,8.401041703,8.601038135,8.601177406
27.6,60.15162864,63.18399476,63.18433809,60.15162864,63.18399476,63.18433809,0.004644109147,0.004644109677,4.399794565,4.599795269,3.799767803,0.6000607613,0.6000601314,0.6000681982,8.401027174,8.601023655,8.601160984
27.65,60.15159282,63.18395907,63.1842976,60.15159282,63.18395907,63.1842976,0.004579335916,0.004579336045,4.399797431,4.599798124,3.799771042,0.6000599138,0.6000592927,0.6000672471,8.401012847,8.601009378,8.601144792
27.7,60.15155751,63.18392387,63.18425769,60.15155751,63.18392387,63.18425769,0.004515465976,0.004515465842,4.399800256,4.59980094,3.799774235,0.6000590782,0.6000584657,0.6000663092,8.400998721,8.600995299,8.601128825
27.75,60.15152268,63.18388917,63.18421833,60.15152268,63.18388917,63.18421833,0.004452486661,0.004452486466,4.399803042,4.599803717,3.799777384,0.6000582542,0.6000576503,0.6000653843,8.400984792,8.600981417,8.601113081
27.8,60.15148835,63.18385495,63.18417952,60.15148835,63.18385495,63.18417952,0.004390385698,0.004390385494,4.399805789,4.599806454,3.799780489,0.6000574417,0.6000568462,0.6000644724,8.400971056,8.600967728,8.601097556
27.85,60.15145449,63.1838212,63.18414125,60.15145449,63.1838212,63.18414125,0.004329150894,0.004329150672,4.399808497,4.599809154,3.79978355,0.6000566406,0.6000560533,0.6000635732,8.400957513,8.600954231,8.601082248
27.9,60.1514211,63.18378793,63.18410351,60.1514211,63.18378793,63.18410351,0.00426877016,0.004268769922,4.399811168,4.599811816,3.799786569,0.6000558506,0.6000552715,0.6000626865,8.400944158,8.600940921,8.601067154
27.95,60.15138818,63.18375512,63.1840663,60.15138818,63.18375512,63.1840663,0.00420923158,0.00420923133,4.399813802,4.59981444,3.799789546,0.6000550717,0.6000545006,0.6000618122,8.400930989,8.600927798,8.60105227
28,60.15135572,63.18372277,63.18402961,60.15135572,63.18372277,63.18402961,0.004150523404,0.004150523151,4.399816399,4.599817029,3.799792481,0.6000543036,0.6000537404,0.6000609501,8.400918005,8.600914857,8.601037593
28.05,60.15132371,63.18369087,63.18399343,60.15132371,63.18369087,63.18399343,0.004092634051,0.004092633802,4.39981896,4.599819581,3.799795376,0.6000535462,0.6000529909,0.6000601,8.400905201,8.600902097,8.601023121
28.1,60.15129214,63.18365941,63.18395775,60.15129214,63.18365941,63.18395775,0.004035552099,0.004035551863,4.399821485,4.599822097,3.79979823,0.6000527994,0.6000522518,0.6000592618,8.400892576,8.600889515,8.601008852
28.15,60.15126102,63.18362839,63.18392258,60.15126102,63.18362839,63.18392258,0.003979266289,0.003979266074,4.399823975,4.599824578,3.799801044,0.600052063,0.600051523,0.6000584353,8.400880127,8.600877108,8.600994781
28.2,60.15123033,63.18359781,63.18388789,60.15123033,63.18359781,63.18388789,0.00392376552,0.003923765328,4.39982643,4.599827025,3.799803819,0.6000513368,0.6000508044,0.6000576203,8.400867851,8.600864874,8.600980906
28.25,60.15120007,63.18356765,63.18385369,60.15120007,63.18356765,63.18385369,0.003869038845,0.003869038678,4.399828851,4.599829438,3.799806555,0.6000506208,0.6000500958,0.6000568166,8.400855747,8.600852811,8.600967225
28.3,60.15117023,63.18353792,63.18381996,60.15117023,63.18353792,63.18381996,0.00381507547,0.003815075326,4.399831238,4.599831817,3.799809253,0.6000499148,0.6000493971,0.6000560242,8.400843811,8.600840916,8.600953735
28.35,60.15114081,63.18350859,63.18378671,60.15114081,63.18350859,63.18378671,0.003761864752,0.003761864626,4.399833591,4.599834163,3.799811913,0.6000492186,0.6000487081,0.6000552428,8.400832043,8.600829187,8.600940433
28.4,60.1511118,63.18347968,63.18375392,60.1511118,63.18347968,63.18375392,0.003709396197,0.003709396081,4.399835912,4.599836476,3.799814537,0.6000485322,0.6000480287,0.6000544723,8.400820438,8.600817622,8.600927316
28.45,60.15108319,63.18345117,63.18372158,60.15108319,63.18345117,63.18372158,0.003657659456,0.00365765934,4.399838201,4.599838756,3.799817124,0.6000478553,0.6000473589,0.6000537126,8.400808995,8.600806218,8.600914382
28.5,60.15105498,63.18342306,63.1836897,60.15105498,63.18342306,63.1836897,0.003606644325,0.003606644196,4.399840458,4.599841005,3.799819674,0.6000471878,0.6000466983,0.6000529634,8.400797711,8.600794973,8.600901629
28.55,60.15102717,63.18339534,63.18365826,60.15102717,63.18339534,63.18365826,0.003556340742,0.003556340584,4.399842683,4.599843223,3.799822189,0.6000465297,0.600046047,0.6000522247,8.400786585,8.600783885,8.600889054
28.6,60.15099974,63.18336801,63.18362726,60.15099974,63.18336801,63.18362726,0.003506738783,0.00350673858,4.399844877,4.59984541,3.799824669,0.6000458807,0.6000454047,0.6000514963,8.400775615,8.600772952,8.600876654
28.65,60.1509727,63.18334105,63.18359669,60.1509727,63.18334105,63.18359669,0.003457828664,0.003457828399,4.399847041,4.599847566,3.799827115,0.6000452408,0.6000447715,0.6000507781,8.400764797,8.600762171,8.600864427
28.7,60.15094603,63.18331448,63.18356655,60.15094603,63.18331448,63.18356655,0.003409600736,0.003409600392,4.399849174,4.599849692,3.799829526,0.6000446098,0.600044147,0.6000500699,8.40075413,8.60075154,8.60085237
28.75,60.15091973,63.18328827,63.18353683,60.15091973,63.18328827,63.18353683,0.003362045483,0.003362045043,4.399851278,4.599851788,3.799831904,0.6000439877,0.6000435313,0.6000493716,8.400743612,8.600741058,8.600840482
28.8,60.15089381,63.18326243,63.18350752,60.15089381,63.18326243,63.18350752,0.003315153523,0.003315152972,4.399853352,4.599853856,3.799834248,0.6000433742,0.6000429241,0.600048683,8.400733241,8.600730722,8.600828759
28.85,60.15086824,63.18323695,63.18347863,60.15086824,63.18323695,63.18347863,0.003268915602,0.003268914927,4.399855397,4.599855894,3.79983656,0.6000427692,0.6000423254,0.600048004,8.400723014,8.60072053,8.6008172
28.9,60.15084303,63.18321183,63.18345013,60.15084303,63.18321183,63.18345013,0.003223322597,0.003223321785,4.399857414,4.599857904,3.799838839,0.6000421727,0.6000417351,0.6000473344,8.40071293,8.600710481,8.600805803
28.95,60.15081817,63.18318705,63.18342204,60.15081817,63.18318705,63.18342203,0.003178365509,0.003178364553,4.399859403,4.599859886,3.799841087,0.6000415845,0.600041153,0.6000466743,8.400702986,8.600700571,8.600794564
29,60.15079366,63.18316263,63.18339433,60.15079366,63.18316262,63.18339433,0.003134035467,0.003134034361,4.399861364,4.59986184,3.799843304,0.6000410045,0.600040579,0.6000460233,8.400693181,8.6006908,8.600783482
29.05,60.15076949,63.18313854,63.18336701,60.15076949,63.18313854,63.18336701,0.003090323721,0.003090322463,4.399863297,4.599863767,3.799845489,0.6000404326,0.600040013,0.6000453814,8.400683513,8.600681165,8.600772554
29.1,60.15074566,63.18311479,63.18334007,60.15074565,63.18311479,63.18334007,0.003047221643,0.003047220236,4.399865204,4.599865667,3.799847644,0.6000398687,0.6000394549,0.6000447484,8.40067398,8.600671664,8.600761779
29.15,60.15072215,63.18309137,63.18331351,60.15072215,63.18309136,63.18331351,0.003004720725,0.003004719176,4.399867084,4.599867541,3.799849769,0.6000393126,0.6000389046,0.6000441243,8.40066458,8.600662296,8.600751154
29.2,60.15069898,63.18306827,63.18328732,60.15069898,63.18306827,63.18328732,0.002962812579,0.002962810898,4.399868938,4.599869388,3.799851864,0.6000387643,0.600038362,0.6000435089,8.400655311,8.600653059,8.600740678
29.25,60.15067613,63.1830455,63.18326149,60.15067613,63.1830455,63.18326149,0.002921488933,0.002921487136,4.399870766,4.59987121,3.799853931,0.6000382237,0.600037827,0.6000429021,8.400646171,8.60064395,8.600730347
29.3,60.1506536,63.18302305,63.18323603,60.1506536,63.18302305,63.18323603,0.00288074163,0.002880739736,4.399872568,4.599873006,3.799855968,0.6000376906,0.6000372994,0.6000423037,8.400637159,8.600634968,8.600720161
29.35,60.15063138,63.18300091,63.18321092,60.15063138,63.1830009,63.18321092,0.002840562627,0.002840560659,4.399874346,4.599874778,3.799857977,0.6000371649,0.6000367791,0.6000417137,8.400628272,8.600626112,8.600710116
29.4,60.15060948,63.18297907,63.18318616,60.15060948,63.18297907,63.18318615,0.002800943995,0.002800941979,4.399876098,4.599876524,3.799859958,0.6000366465,0.6000362662,0.6000411319,8.400619509,8.600617379,8.600700212
29.45,60.15058788,63.18295755,63.18316174,60.15058788,63.18295755,63.18316174,0.002761877912,0.002761875879,4.399877826,4.599878246,3.799861911,0.6000361354,0.6000357603,0.6000405582,8.400610869,8.600608768,8.600690446
29.5,60.15056658,63.18293632,63.18313767,60.15056658,63.18293632,63.18313766,0.002723356671,0.002723354654,4.39987953,4.599879945,3.799863837,0.6000356314,0.6000352616,0.6000399925,8.400602349,8.600600277,8.600680816
29.55,60.15054557,63.18291539,63.18311393,60.15054557,63.18291539,63.18311393,0.002685372668,0.002685370702,4.399881211,4.599881619,3.799865736,0.6000351345,0.6000347698,0.6000394348,8.400593947,8.600591905,8.60067132
29.6,60.15052486,63.18289475,63.18309052,60.15052486,63.18289475,63.18309052,0.002647918409,0.002647916531,4.399882867,4.59988327,3.799867609,0.6000346444,0.6000342848,0.6000388847,8.400585663,8.600583649,8.600661957
29.65,60.15050444,63.1828744,63.18306744,60.15050444,63.1828744,63.18306744,0.002610986504,0.002610984751,4.399884501,4.599884898,3.799869455,0.6000341612,0.6000338066,0.6000383424,8.400577495,8.600575509,8.600652725
29.7,60.15048431,63.18285433,63.18304468,60.1504843,63.18285433,63.18304468,0.002574569668,0.002574568076,4.399886112,4.599886504,3.799871276,0.6000336848,0.6000333351,0.6000378076,8.40056944,8.600567482,8.600643621
29.75,60.15046445,63.18283454,63.18302224,60.15046445,63.18283454,63.18302223,0.002538660715,0.002538659322,4.3998877,4.599888087,3.799873071,0.600033215,0.6000328701,0.6000372803,8.400561498,8.600559567,8.600634644
29.8,60.15044487,63.18281503,63.18300011,60.15044487,63.18281503,63.18300011,0.002503252565,0.002503251405,4.399889267,4.599889648,3.799874842,0.6000327517,0.6000324117,0.6000367603,8.400553667,8.600551762,8.600625792
29.85,60.15042557,63.18279579,63.18297829,60.15042557,63.18279579,63.18297828,0.002468338235,0.002468337338,4.399890811,4.599891187,3.799876587,0.6000322949,0.6000319596,0.6000362476,8.400545944,8.600544066,8.600617064
29.9,60.15040653,63.18277682,63.18295677,60.15040653,63.18277682,63.18295677,0.002433910839,0.002433910236,4.399892334,4.599892704,3.799878309,0.6000318445,0.6000315139,0.6000357421,8.40053833,8.600536478,8.600608457
29.95,60.15038776,63.18275811,63.18293555,60.15038776,63.18275811,63.18293555,0.002399963592,0.002399963304,4.399893836,4.599894201,3.799880006,0.6000314003,0.6000310743,0.6000352436,8.400530821,8.600528995,8.600599971
30,60.15036925,63.18273967,63.18291463,60.15036925,63.18273967,63.18291463,0.0023664898,0.002366489847,4.399895316,4.599895677,3.799881679,0.6000309624,0.6000306409,0.600034752,8.400523418,8.600521617,8.600591603
30.05,60.150351,63.18272148,63.182894,60.150351,63.18272148,63.182894,0.002333482867,0.00233348326,4.399896777,4.599897132,3.79988333,0.6000305305,0.6000302135,0.6000342673,8.400516117,8.600514341,8.600583351
30.1,60.150333,63.18270354,63.18287366,60.150333,63.18270354,63.18287366,0.002300936288,0.002300937032,4.399898216,4.599898567,3.799884957,0.6000301047,0.6000297921,0.6000337894,8.400508919,8.600507167,8.600575215
30.15,60.15031526,63.18268586,63.18285361,60.15031526,63.18268586,63.18285361,0.00226884365,0.002268844742,4.399899636,4.599899981,3.799886562,0.6000296848,0.6000293766,0.6000333181,8.400501821,8.600500094,8.600567192
30.2,60.15029776,63.18266842,63.18283383,60.15029776,63.18266842,63.18283383,0.00223719863,0.002237200058,4.399901036,4.599901376,3.799888144,0.6000292708,0.6000289669,0.6000328534,8.400494821,8.600493118,8.600559281
30.25,60.1502805,63.18265123,63.18281433,60.15028051,63.18265123,63.18281433,0.002205994992,0.002205996738,4.399902416,4.599902752,3.799889704,0.6000288625,0.6000285628,0.6000323952,8.40048792,8.60048624,8.60055148
30.3,60.15026349,63.18263427,63.1827951,60.15026349,63.18263427,63.1827951,0.002175226591,0.002175228626,4.399903777,4.599904108,3.799891242,0.60002846,0.6000281644,0.6000319433,8.400481115,8.600479458,8.600543789
30.35,60.15024672,63.18261755,63.18277614,60.15024672,63.18261755,63.18277614,0.002144887365,0.002144889652,4.399905119,4.599905446,3.799892759,0.600028063,0.6000277716,0.6000314978,8.400474404,8.600472771,8.600536204
30.4,60.15023017,63.18260107,63.18275744,60.15023017,63.18260107,63.18275744,0.002114971336,0.002114973829,4.399906443,4.599906765,3.799894255,0.6000276716,0.6000273843,0.6000310585,8.400467787,8.600466177,8.600528725
30.45,60.15021386,63.18258481,63.182739,60.15021386,63.18258481,63.182739,0.00208547261,0.002085475258,4.399907747,4.599908065,3.79989573,0.6000272857,0.6000270023,0.6000306253,8.400461263,8.600459675,8.600521351
30.5,60.15019778,63.18256878,63.18272082,60.15019778,63.18256879,63.18272083,0.002056385375,0.002056388117,4.399909034,4.599909347,3.799897184,0.6000269051,0.6000266257,0.6000301981,8.400454829,8.600453264,8.600514079
30.55,60.15018192,63.18255298,63.1827029,60.15018192,63.18255298,63.1827029,0.002027703898,0.002027706668,4.399910303,4.599910612,3.799898618,0.6000265299,0.6000262543,0.600029777,8.400448486,8.600446942,8.600506909
30.6,60.15016628,63.1825374,63.18268522,60.15016628,63.1825374,63.18268523,0.001999422525,0.001999425254,4.399911554,4.599911858,3.799900032,0.6000261598,0.6000258882,0.6000293617,8.400442231,8.600440708,8.600499839
30.65,60.15015086,63.18252203,63.18266779,60.15015086,63.18252203,63.1826678,0.001971535677,0.001971538294,4.399912787,4.599913088,3.799901426,0.600025795,0.6000255271,0.6000289521,8.400436063,8.600434561,8.600492868
30.7,60.15013566,63.18250688,63.18265061,60.15013566,63.18250688,63.18265061,0.001944037852,0.001944040287,4.399914004,4.5999143,3.799902801,0.6000254352,0.600025171,0.6000285483,8.400429981,8.6004285,8.600485994
30.75,60.15012066,63.18249193,63.18263366,60.15012066,63.18249194,63.18263366,0.001916923621,0.001916925808,4.399915203,4.599915495,3.799904157,0.6000250805,0.60002482,0.6000281502,8.400423984,8.600422523,8.600479215
30.8,60.15010588,63.1824772,63.18261695,60.15010588,63.1824772,63.18261696,0.001890187627,0.001890189507,4.399916386,4.599916674,3.799905494,0.6000247307,0.6000244738,0.6000277575,8.40041807,8.60041663,8.600472531
30.85,60.1500913,63.18246267,63.18260048,60.1500913,63.18246267,63.18260048,0.001863824584,0.001863826111,4.399917552,4.599917836,3.799906812,0.6000243857,0.6000241325,0.6000273704,8.400412239,8.600410819,8.600465941
30.9,60.15007693,63.18244835,63.18258423,60.15007693,63.18244835,63.18258423,0.001837829274,0.001837830418,4.399918702,4.599918982,3.799908112,0.6000240456,0.6000237959,0.6000269887,8.40040649,8.60040509,8.600459442
30.95,60.15006276,63.18243422,63.18256821,60.15006276,63.18243422,63.18256821,0.001812196544,0.001812197299,4.399919836,4.599920112,3.799909393,0.6000237103,0.600023464,0.6000266122,8.40040082,8.60039944,8.600453034
31,60.15004878,63.1824203,63.18255241,60.15004878,63.1824203,63.18255242,0.001786921309,0.001786921698,4.399920954,4.599921226,3.799910657,0.6000233796,0.6000231367,0.6000262411,8.40039523,8.600393868,8.600446716
31.05,60.150035,63.18240656,63.18253684,60.150035,63.18240656,63.18253684,0.001761998546,0.001761998628,4.399922056,4.599922325,3.799911903,0.6000230535,0.600022814,0.6000258751,8.400389718,8.600388375,8.600440485
31.1,60.15002141,63.18239302,63.18252148,60.15002141,63.18239302,63.18252148,0.001737423292,0.001737423172,4.399923144,4.599923408,3.799913132,0.600022732,0.6000224958,0.6000255142,8.400384282,8.600382958,8.600434342
31.15,60.15000801,63.18237967,63.18250633,60.15000801,63.18237967,63.18250633,0.001713190653,0.001713190482,4.399924216,4.599924477,3.799914343,0.6000224149,0.6000221821,0.6000251583,8.400378922,8.600377617,8.600428284
31.2,60.1499948,63.1823665,63.1824914,60.1499948,63.1823665,63.1824914,0.001689295954,0.001689295777,4.399925273,4.59992553,3.799915538,0.6000221023,0.6000218727,0.6000248075,8.400373637,8.60037235,8.60042231
31.25,60.14998177,63.18235352,63.18247668,60.14998177,63.18235352,63.18247668,0.001665734532,0.001665734343,4.399926315,4.599926569,3.799916716,0.600021794,0.6000215676,0.6000244615,8.400368426,8.600367157,8.60041642
31.3,60.14996892,63.18234071,63.18246216,60.14996892,63.18234071,63.18246216,0.001642501734,0.001642501532,4.399927343,4.599927593,3.799917878,0.60002149,0.6000212668,0.6000241203,8.400363287,8.600362036,8.600410612
31.35,60.14995626,63.18232809,63.18244784,60.14995626,63.18232809,63.18244784,0.001619592972,0.00161959276,4.399928356,4.599928603,3.799919023,0.6000211903,0.6000209702,0.6000237839,8.400358221,8.600356986,8.600404885
31.4,60.14994377,63.18231564,63.18243372,60.14994377,63.18231564,63.18243372,0.001597003726,0.001597003508,4.399929355,4.599929599,3.799920152,0.6000208948,0.6000206777,0.6000234521,8.400353224,8.600352007,8.600399238
31.45,60.14993145,63.18230337,63.1824198,60.14993145,63.18230337,63.1824198,0.001574729537,0.001574729319,4.39993034,4.599930581,3.799921266,0.6000206033,0.6000203893,0.600023125,8.400348298,8.600347097,8.60039367
31.5,60.1499193,63.18229127,63.18240607,60.1499193,63.18229127,63.18240607,0.001552766011,0.001552765799,4.399931312,4.599931549,3.799922364,0.600020316,0.6000201049,0.6000228025,8.40034344,8.600342256,8.600388179
31.55,60.14990733,63.18227933,63.18239254,60.14990733,63.18227933,63.18239254,0.001531108815,0.001531108615,4.39993227,4.599932503,3.799923447,0.6000200326,0.6000198245,0.6000224845,8.40033865,8.600337483,8.600382765
31.6,60.14989552,63.18226756,63.18237919,60.14989552,63.18226756,63.18237919,0.001509753678,0.001509753494,4.399933215,4.599933445,3.799924515,0.6000197532,0.600019548,0.6000221709,8.400333926,8.600332776,8.600377426
31.65,60.14988388,63.18225596,63.18236603,60.14988388,63.18225596,63.18236603,0.001488696389,0.001488696223,4.399934146,4.599934373,3.799925568,0.6000194777,0.6000192754,0.6000218617,8.400329269,8.600328134,8.600372162
31.7,60.1498724,63.18224452,63.18235305,60.1498724,63.18224452,63.18235305,0.001467932795,0.001467932648,4.399935065,4.599935289,3.799926606,0.600019206,0.6000190065,0.6000215567,8.400324677,8.600323557,8.600366971
31.75,60.14986108,63.18223324,63.18234026,60.14986107,63.18223324,63.18234026,0.001447458801,0.001447458673,4.39993597,4.599936191,3.799927629,0.6000189382,0.6000187414,0.6000212561,8.400320148,8.600319045,8.600361853
31.8,60.14984991,63.18222211,63.18232764,60.14984991,63.18222211,63.18232764,0.001427270371,0.001427270259,4.399936863,4.599937081,3.799928639,0.600018674,0.60001848,0.6000209596,8.400315683,8.600314595,8.600356806
31.85,60.1498389,63.18221114,63.1823152,60.1498389,63.18221114,63.1823152,0.001407363523,0.001407363422,4.399937744,4.599937959,3.799929634,0.6000184136,0.6000182223,0.6000206673,8.40031128,8.600310207,8.60035183
31.9,60.14982805,63.18220033,63.18230293,60.14982805,63.18220033,63.18230293,0.001387734332,0.001387734235,4.399938612,4.599938824,3.799930616,0.6000181568,0.6000179681,0.600020379,8.400306938,8.60030588,8.600346922
31.95,60.14981735,63.18218966,63.18229083,60.14981735,63.18218966,63.18229083,0.001368378927,0.001368378827,4.399939469,4.599939677,3.799931583,0.6000179035,0.6000177175,0.6000200948,8.400302657,8.600301614,8.600342084
32,60.14980679,63.18217914,63.18227891,60.14980679,63.18217914,63.18227891,0.001349293491,0.001349293377,4.399940313,4.599940519,3.799932537,0.6000176538,0.6000174704,0.6000198145,8.400298436,8.600297407,8.600337313
32.05,60.14979639,63.18216877,63.18226715,60.14979639,63.18216877,63.18226715,0.00133047426,0.001330474122,4.399941145,4.599941348,3.799933478,0.6000174076,0.6000172267,0.6000195382,8.400294274,8.600293259,8.600332608
32.1,60.14978613,63.18215855,63.18225555,60.14978613,63.18215855,63.18225555,0.001311917522,0.001311917348,4.399941966,4.599942166,3.799934406,0.6000171648,0.6000169865,0.6000192657,8.400290169,8.600289169,8.600327969
32.15,60.14977601,63.18214846,63.18224411,60.14977601,63.18214846,63.18224411,0.001293619616,0.001293619394,4.399942776,4.599942973,3.799935321,0.6000169254,0.6000167495,0.6000189969,8.400286122,8.600285136,8.600323395
32.2,60.14976603,63.18213852,63.18223284,60.14976603,63.18213852,63.18223284,0.001275576932,0.001275576651,4.399943574,4.599943768,3.799936223,0.6000166893,0.6000165159,0.600018732,8.400282132,8.600281159,8.600318884
32.25,60.1497562,63.18212872,63.18222172,60.1497562,63.18212872,63.18222172,0.001257785912,0.001257785559,4.399944361,4.599944553,3.799937113,0.6000164566,0.6000162856,0.6000184707,8.400278197,8.600277237,8.600314436
32.3,60.1497465,63.18211905,63.18221075,60.1497465,63.18211905,63.18221075,0.001240243043,0.001240242607,4.399945137,4.599945326,3.79993799,0.600016227,0.6000160584,0.6000182131,8.400274316,8.60027337,8.600310051
32.35,60.14973693,63.18210952,63.18219994,60.14973693,63.18210952,63.18219994,0.001222944864,0.001222944336,4.399945902,4.599946088,3.799938855,0.6000160007,0.6000158344,0.6000179591,8.40027049,8.600269558,8.600305726
32.4,60.1497275,63.18210012,63.18218928,60.1497275,63.18210012,63.18218928,0.001205887961,0.001205887333,4.399946656,4.59994684,3.799939708,0.6000157775,0.6000156136,0.6000177086,8.400266718,8.600265798,8.600301462
32.45,60.1497182,63.18209085,63.18217877,60.1497182,63.18209085,63.18217877,0.001189068968,0.001189068231,4.3999474,4.599947582,3.799940548,0.6000155575,0.6000153958,0.6000174616,8.400262998,8.600262091,8.600297258
32.5,60.14970903,63.18208171,63.18216841,60.14970903,63.18208171,63.1821684,0.001172484564,0.001172483714,4.399948134,4.599948313,3.799941378,0.6000153405,0.6000151811,0.6000172181,8.40025933,8.600258435,8.600293112
32.55,60.14969999,63.1820727,63.18215818,60.14969999,63.1820727,63.18215818,0.001156131475,0.001156130509,4.399948857,4.599949034,3.799942195,0.6000151265,0.6000149694,0.6000169779,8.400255713,8.600254831,8.600289024
32.6,60.14969107,63.18206382,63.18214811,60.14969107,63.18206382,63.18214811,0.001140006474,0.00114000539,4.399949571,4.599949745,3.799943001,0.6000149156,0.6000147606,0.6000167411,8.400252146,8.600251277,8.600284993
32.65,60.14968228,63.18205506,63.18213817,60.14968228,63.18205505,63.18213817,0.001124106375,0.001124105176,4.399950274,4.599950446,3.799943796,0.6000147075,0.6000145547,0.6000165076,8.400248629,8.600247772,8.600281018
32.7,60.14967361,63.18204642,63.18212837,60.14967361,63.18204641,63.18212837,0.00110842804,0.001108426731,4.399950968,4.599951137,3.79994458,0.6000145024,0.6000143517,0.6000162774,8.400245162,8.600244316,8.600277098
32.75,60.14966506,63.1820379,63.18211871,60.14966506,63.1820379,63.18211871,0.001092968373,0.00109296696,4.399951652,4.599951818,3.799945353,0.6000143001,0.6000141515,0.6000160504,8.400241742,8.600240908,8.600273233
32.8,60.14965663,63.1820295,63.18210918,60.14965663,63.1820295,63.18210918,0.001077724321,0.001077722814,4.399952326,4.59995249,3.799946115,0.6000141007,0.6000139542,0.6000158265,8.400238371,8.600237548,8.600269423
32.85,60.14964832,63.18202121,63.18209979,60.14964832,63.18202121,63.18209979,0.001062692874,0.001062691285,4.399952991,4.599953153,3.799946867,0.600013904,0.6000137595,0.6000156058,8.400235046,8.600234235,8.600265665
32.9,60.14964012,63.18201305,63.18209052,60.14964012,63.18201305,63.18209052,0.001047871064,0.001047869409,4.399953646,4.599953806,3.799947608,0.6000137101,0.6000135676,0.6000153881,8.400231768,8.600230968,8.600261959
32.95,60.14963204,63.18200499,63.18208139,60.14963204,63.18200499,63.18208139,0.001033255965,0.001033254261,4.399954293,4.599954451,3.799948339,0.6000135189,0.6000133784,0.6000151735,8.400228535,8.600227747,8.600258306
33,60.14962407,63.18199705,63.18207238,60.14962407,63.18199705,63.18207238,0.001018844692,0.001018842957,4.39995493,4.599955086,3.799949059,0.6000133303,0.6000131918,0.6000149619,8.400225348,8.60022457,8.600254703
33.05,60.14961622,63.18198922,63.1820635,60.14961622,63.18198922,63.1820635,0.001004634398,0.001004632655,4.399955559,4.599955712,3.79994977,0.6000131444,0.6000130078,0.6000147532,8.400222205,8.600221438,8.600251151
33.1,60.14960847,63.1819815,63.18205474,60.14960847,63.1819815,63.18205474,0.0009906222787,0.0009906205505,4.399956179,4.59995633,3.79995047,0.6000129611,0.6000128264,0.6000145474,8.400219106,8.60021835,8.600247648
33.15,60.14960083,63.18197389,63.18204611,60.14960083,63.18197389,63.18204611,0.000976805569,0.0009768038799,4.39995679,4.599956939,3.799951161,0.6000127803,0.6000126475,0.6000143445,8.40021605,8.600215304,8.600244194
33.2,60.1495933,63.18196638,63.18203759,60.14959329,63.18196638,63.18203759,0.0009631815418,0.0009631799172,4.399957393,4.59995754,3.799951842,0.600012602,0.6000124711,0.6000141444,8.400213036,8.600212301,8.600240788
33.25,60.14958587,63.18195898,63.1820292,60.14958587,63.18195897,63.1820292,0.0009497475088,0.0009497459745,4.399957987,4.599958132,3.799952514,0.6000124263,0.6000122971,0.6000139472,8.400210065,8.60020934,8.600237429
33.3,60.14957854,63.18195168,63.18202092,60.14957854,63.18195168,63.18202092,0.0009365008197,0.0009364994016,4.399958573,4.599958716,3.799953176,0.600012253,0.6000121256,0.6000137526,8.400207135,8.60020642,8.600234118
33.35,60.14957132,63.18194448,63.18201276,60.14957132,63.18194448,63.18201276,0.0009234388614,0.0009234375851,4.399959151,4.599959292,3.79995383,0.6000120821,0.6000119565,0.6000135608,8.400204246,8.600203541,8.600230852
33.4,60.1495642,63.18193738,63.18200471,60.1495642,63.18193738,63.18200471,0.000910559058,0.0009105579482,4.399959721,4.59995986,3.799954473,0.6000119136,0.6000117897,0.6000133717,8.400201397,8.600200702,8.600227633
33.45,60.14955718,63.18193038,63.18199677,60.14955717,63.18193038,63.18199677,0.0008978588701,0.0008978579498,4.399960282,4.599960419,3.799955108,0.6000117474,0.6000116253,0.6000131852,8.400198588,8.600197903,8.600224458
33.5,60.14955025,63.18192348,63.18198894,60.14955025,63.18192348,63.18198894,0.000885335794,0.0008853350846,4.399960836,4.599960971,3.799955735,0.6000115835,0.6000114631,0.6000130013,8.400195818,8.600195143,8.600221327
33.55,60.14954342,63.18191668,63.18198123,60.14954342,63.18191668,63.18198123,0.0008729873616,0.0008729868818,4.399961383,4.599961516,3.799956352,0.600011422,0.6000113033,0.6000128199,8.400193087,8.600192421,8.60021824
33.6,60.14953669,63.18190997,63.18197362,60.14953669,63.18190997,63.18197362,0.0008608111399,0.0008608109055,4.399961921,4.599962053,3.799956961,0.6000112627,0.6000111456,0.6000126411,8.400190394,8.600189737,8.600215196
33.65,60.14953005,63.18190335,63.18196611,60.14953005,63.18190335,63.18196611,0.0008488047302,0.0008488047535,4.399962452,4.599962582,3.799957561,0.6000111056,0.6000109901,0.6000124648,8.400187738,8.600187091,8.600212195
33.7,60.1495235,63.18189683,63.18195871,60.1495235,63.18189683,63.18195871,0.0008369657677,0.0008369660571,4.399962976,4.599963104,3.799958153,0.6000109507,0.6000108369,0.600012291,8.40018512,8.600184481,8.600209235
33.75,60.14951705,63.1818904,63.18195142,60.14951705,63.1818904,63.18195142,0.0008252919213,0.0008252924808,4.399963492,4.599963618,3.799958737,0.6000107979,0.6000106857,0.6000121195,8.400182538,8.600181908,8.600206317
33.8,60.14951068,63.18188405,63.18194422,60.14951068,63.18188405,63.18194422,0.0008137808926,0.0008137817216,4.399964002,4.599964126,3.799959312,0.6000106473,0.6000105367,0.6000119505,8.400179992,8.600179371,8.600203439
33.85,60.14950441,63.1818778,63.18193713,60.14950441,63.1818778,63.18193713,0.0008024304158,0.0008024315086,4.399964504,4.599964626,3.79995988,0.6000104988,0.6000103897,0.6000117838,8.400177481,8.600176869,8.600200601
33.9,60.14949822,63.18187163,63.18193013,60.14949822,63.18187163,63.18193013,0.000791238257,0.0007912396026,4.399964999,4.59996512,3.799960439,0.6000103524,0.6000102448,0.6000116194,8.400175006,8.600174402,8.600197803
33.95,60.14949212,63.18186555,63.18192324,60.14949212,63.18186555,63.18192324,0.0007802022136,0.0007802037956,4.399965487,4.599965606,3.799960991,0.600010208,0.6000101019,0.6000114574,8.400172565,8.600171969,8.600195044
34,60.1494861,63.18185955,63.18191644,60.1494861,63.18185955,63.18191644,0.0007693201137,0.0007693219103,4.399965968,4.599966086,3.799961535,0.6000100656,0.600009961,0.6000112976,8.400170158,8.600169571,8.600192324
34.05,60.14948017,63.18185364,63.18190973,60.14948017,63.18185364,63.18190973,0.0007585898161,0.0007585918001,4.399966443,4.599966559,3.799962072,0.6000099252,0.6000098221,0.60001114,8.400167785,8.600167206,8.600189642
34.1,60.14947432,63.18184781,63.18190312,60.14947432,63.18184781,63.18190312,0.0007480092089,0.0007480113479,4.399966911,4.599967025,3.799962601,0.6000097868,0.6000096851,0.6000109846,8.400165445,8.600164873,8.600186996
34.15,60.14946855,63.18184206,63.1818966,60.14946855,63.18184206,63.1818966,0.0007375762096,0.0007375784665,4.399967373,4.599967485,3.799963122,0.6000096503,0.60000955,0.6000108314,8.400163137,8.600162574,8.600184388
34.2,60.14946286,63.18183639,63.18189017,60.14946286,63.18183639,63.18189017,0.0007272887643,0.0007272910976,4.399967828,4.599967939,3.799963637,0.6000095157,0.6000094168,0.6000106803,8.400160862,8.600160306,8.600181817
34.25,60.14945725,63.1818308,63.18188383,60.14945725,63.1818308,63.18188383,0.0007171448469,0.0007171472116,4.399968276,4.599968386,3.799964144,0.600009383,0.6000092854,0.6000105314,8.400158618,8.60015807,8.600179281
34.3,60.14945172,63.18182529,63.18187758,60.14945172,63.18182529,63.18187758,0.0007071424588,0.0007071448074,4.399968719,4.599968827,3.799964644,0.6000092521,0.6000091559,0.6000103845,8.400156406,8.600155866,8.60017678
34.35,60.14944627,63.18181986,63.18187141,60.14944627,63.18181986,63.18187141,0.0006972796283,0.0006972819116,4.399969155,4.599969262,3.799965137,0.6000091231,0.6000090282,0.6000102397,8.400154224,8.600153692,8.600174314
34.4,60.14944089,63.1818145,63.18186533,60.14944089,63.1818145,63.18186533,0.0006875544096,0.0006875565785,4.399969585,4.59996969,3.799965623,0.6000089958,0.6000089023,0.6000100968,8.400152073,8.600151548,8.600171883
34.45,60.14943559,63.18180921,63.18185934,60.14943559,63.18180921,63.18185934,0.0006779648827,0.0006779668894,4.39997001,4.599970113,3.799966103,0.6000088704,0.6000087781,0.600009956,8.400149952,8.600149435,8.600169486
34.5,60.14943036,63.181804,63.18185343,60.14943036,63.181804,63.18185343,0.0006685091522,0.0006685109523,4.399970428,4.59997053,3.799966576,0.6000087466,0.6000086557,0.6000098172,8.400147861,8.60014735,8.600167122
34.55,60.1494252,63.18179886,63.1818476,60.1494252,63.18179886,63.1818476,0.0006591853469,0.0006591869018,4.39997084,4.599970941,3.799967042,0.6000086246,0.600008535,0.6000096802,8.400145799,8.600145295,8.600164791
34.6,60.14942012,63.1817938,63.18184186,60.14942012,63.1817938,63.18184186,0.0006499916191,0.0006499928984,4.399971247,4.599971346,3.799967501,0.6000085044,0.600008416,0.6000095452,8.400143765,8.600143269,8.600162493
34.65,60.1494151,63.1817888,63.18183619,60.14941511,63.1817888,63.18183619,0.000640926144,0.0006409271283,4.399971648,4.599971746,3.799967955,0.6000083857,0.6000082986,0.6000094121,8.40014176,8.600141271,8.600160227
34.7,60.14941016,63.18178388,63.18183061,60.14941016,63.18178388,63.18183061,0.0006319871186,0.000631987803,4.399972043,4.59997214,3.799968402,0.6000082688,0.6000081828,0.6000092808,8.400139783,8.6001393,8.600157992
34.75,60.14940529,63.18177902,63.1818251,60.14940529,63.18177902,63.1818251,0.0006231727613,0.0006231731587,4.399972433,4.599972529,3.799968842,0.6000081535,0.6000080687,0.6000091514,8.400137833,8.600137357,8.600155788
34.8,60.14940048,63.18177423,63.18181966,60.14940048,63.18177423,63.18181966,0.000614481311,0.0006144814567,4.399972818,4.599972912,3.799969277,0.6000080397,0.6000079562,0.6000090237,8.400135911,8.600135442,8.600153616
34.85,60.14939574,63.18176951,63.18181431,60.14939574,63.18176951,63.18181431,0.0006059110262,0.000605910982,4.399973197,4.599973289,3.799969705,0.6000079276,0.6000078452,0.6000088979,8.400134015,8.600133553,8.600151473
34.9,60.14939107,63.18176485,63.18180903,60.14939107,63.18176485,63.18180903,0.0005974601846,0.000597460044,4.399973571,4.599973662,3.799970128,0.600007817,0.6000077358,0.6000087738,8.400132146,8.60013169,8.60014936
34.95,60.14938646,63.18176026,63.18180382,60.14938646,63.18176026,63.18180382,0.0005891271219,0.0005891269754,4.399973939,4.599974029,3.799970545,0.600007708,0.6000076279,0.6000086514,8.400130303,8.600129853,8.600147277
35,60.14938192,63.18175573,63.18179868,60.14938192,63.18175573,63.18179868,0.0005809102848,0.0005809101321,4.399974303,4.599974392,3.799970955,0.6000076005,0.6000075215,0.6000085308,8.400128486,8.600128042,8.600145223
35.05,60.14937744,63.18175127,63.18179362,60.14937744,63.18175127,63.18179362,0.0005728080549,0.0005728078932,4.399974661,4.599974749,3.79997136,0.6000074945,0.6000074166,0.6000084118,8.400126694,8.600126256,8.600143198
35.1,60.14937302,63.18174686,63.18178863,60.14937302,63.18174686,63.18178863,0.0005648188309,0.0005648186602,4.399975015,4.599975101,3.79997176,0.60000739,0.6000073132,0.6000082945,8.400124927,8.600124495,8.6001412
35.15,60.14936867,63.18174252,63.1817837,60.14936867,63.18174252,63.1817837,0.0005569410349,0.0005569408569,4.399975363,4.599975448,3.799972154,0.6000072869,0.6000072112,0.6000081788,8.400123184,8.600122759,8.600139231
35.2,60.14936437,63.18173824,63.18177885,60.14936437,63.18173824,63.18177885,0.0005491731115,0.0005491729292,4.399975707,4.599975791,3.799972542,0.6000071853,0.6000071106,0.6000080647,8.400121466,8.600121047,8.600137289
35.25,60.14936013,63.18173402,63.18177406,60.14936013,63.18173402,63.18177406,0.0005415135273,0.0005415133446,4.399976046,4.599976128,3.799972925,0.6000070851,0.6000070114,0.6000079522,8.400119772,8.600119358,8.600135374
35.3,60.14935596,63.18172986,63.18176934,60.14935596,63.18172986,63.18176934,0.0005339607712,0.000533960592,4.39997638,4.599976461,3.799973303,0.6000069862,0.6000069136,0.6000078413,8.400118101,8.600117694,8.600133486
35.35,60.14935184,63.18172576,63.18176469,60.14935184,63.18172576,63.18176469,0.0005265133533,0.0005265131813,4.399976709,4.59997679,3.799973675,0.6000068888,0.6000068172,0.6000077319,8.400116454,8.600116052,8.600131624
35.4,60.14934778,63.18172171,63.1817601,60.14934778,63.18172171,63.1817601,0.0005191698048,0.0005191696434,4.399977034,4.599977113,3.799974042,0.6000067927,0.6000067221,0.6000076241,8.40011483,8.600114433,8.600129788
35.45,60.14934378,63.18171772,63.18175557,60.14934378,63.18171772,63.18175557,0.0005119286779,0.0005119285293,4.399977354,4.599977433,3.799974404,0.600006698,0.6000066283,0.6000075178,8.400113228,8.600112837,8.600127978
35.5,60.14933983,63.18171378,63.18175111,60.14933983,63.18171378,63.18175111,0.0005047885448,0.0005047884106,4.39997767,4.599977747,3.799974761,0.6000066046,0.6000065359,0.6000074129,8.400111649,8.600111264,8.600126193
35.55,60.14933593,63.1817099,63.18174671,60.14933593,63.1817099,63.18174671,0.0004977479981,0.0004977478787,4.399977982,4.599978058,3.799975113,0.6000065124,0.6000064447,0.6000073095,8.400110092,8.600109712,8.600124433
35.6,60.1493321,63.18170608,63.18174237,60.1493321,63.18170608,63.18174237,0.0004908056498,0.0004908055445,4.399978289,4.599978364,3.79997546,0.6000064216,0.6000063548,0.6000072076,8.400108556,8.600108182,8.600122698
35.65,60.14932831,63.18170231,63.18173809,60.14932831,63.18170231,63.18173809,0.0004839601317,0.0004839600384,4.399978592,4.599978665,3.799975803,0.600006332,0.6000062662,0.600007107,8.400107042,8.600106673,8.600120986
35.7,60.14932458,63.18169859,63.18173387,60.14932458,63.18169859,63.18173387,0.0004772100942,0.00047721001,4.39997889,4.599978963,3.79997614,0.6000062437,0.6000061788,0.6000070079,8.400105549,8.600105185,8.600119299
35.75,60.1493209,63.18169492,63.18172971,60.1493209,63.18169492,63.18172971,0.0004705542068,0.0004705541275,4.399979185,4.599979256,3.799976473,0.6000061566,0.6000060926,0.6000069102,8.400104077,8.600103718,8.600117635
35.8,60.14931727,63.1816913,63.18172561,60.14931727,63.1816913,63.18172561,0.0004639911574,0.0004639910779,4.399979475,4.599979546,3.799976801,0.6000060708,0.6000060077,0.6000068138,8.400102626,8.600102271,8.600115994
35.85,60.14931369,63.18168774,63.18172157,60.14931369,63.18168774,63.18172157,0.0004575196521,0.0004575195664,4.399979761,4.599979831,3.799977125,0.6000059861,0.6000059239,0.6000067187,8.400101194,8.600100845,8.600114376
35.9,60.14931016,63.18168422,63.18171758,60.14931016,63.18168422,63.18171758,0.0004511384148,0.0004511383162,4.399980043,4.599980112,3.799977444,0.6000059026,0.6000058412,0.600006625,8.400099783,8.600099438,8.600112781
35.95,60.14930668,63.18168075,63.18171365,60.14930668,63.18168075,63.18171365,0.0004448461873,0.0004448460685,4.399980322,4.59998039,3.799977758,0.6000058203,0.6000057598,0.6000065326,8.400098391,8.600098051,8.600111208
36,60.14930325,63.18167733,63.18170977,60.14930325,63.18167733,63.18170977,0.0004386417284,0.0004386415818,4.399980596,4.599980663,3.799978069,0.6000057391,0.6000056794,0.6000064415,8.400097019,8.600096684,8.600109657
36.05,60.14929987,63.18167396,63.18170594,60.14929987,63.18167396,63.18170594,0.0004325238145,0.0004325236321,4.399980867,4.599980933,3.799978374,0.6000056591,0.6000056002,0.6000063517,8.400095666,8.600095335,8.600108128
36.1,60.14929653,63.18167064,63.18170217,60.14929653,63.18167064,63.18170217,0.0004264912386,0.0004264910125,4.399981134,4.599981199,3.799978676,0.6000055801,0.6000055221,0.6000062631,8.400094331,8.600094006,8.60010662
36.15,60.14929324,63.18166736,63.18169846,60.14929324,63.18166736,63.18169846,0.0004205428103,0.0004205425327,4.399981397,4.599981461,3.799978974,0.6000055023,0.6000054451,0.6000061757,8.400093016,8.600092694,8.600105132
36.2,60.14929,63.18166413,63.18169479,60.14929,63.18166413,63.18169479,0.0004146773557,0.0004146770194,4.399981656,4.59998172,3.799979267,0.6000054256,0.6000053692,0.6000060896,8.400091718,8.600091402,8.600103666
36.25,60.1492868,63.18166094,63.18169118,60.1492868,63.18166094,63.18169118,0.0004088937172,0.0004088933152,4.399981912,4.599981975,3.799979556,0.6000053499,0.6000052943,0.6000060047,8.400090439,8.600090127,8.60010222
36.3,60.14928365,63.1816578,63.18168761,60.14928365,63.1816578,63.18168761,0.0004031907531,0.0004031902792,4.399982164,4.599982226,3.799979841,0.6000052753,0.6000052204,0.6000059209,8.400089178,8.60008887,8.600100795
36.35,60.14928054,63.1816547,63.1816841,60.14928054,63.1816547,63.1816841,0.0003975673372,0.0003975667863,4.399982413,4.599982474,3.799980122,0.6000052017,0.6000051476,0.6000058383,8.400087934,8.60008763,8.600099389
36.4,60.14927747,63.18165165,63.18168063,60.14927747,63.18165165,63.18168063,0.0003920223592,0.0003920217269,4.399982658,4.599982718,3.799980399,0.6000051291,0.6000050758,0.6000057569,8.400086708,8.600086408,8.600098003
36.45,60.14927445,63.18164863,63.18167721,60.14927445,63.18164863,63.18167721,0.000386554724,0.0003865540072,4.3999829,4.599982959,3.799980673,0.6000050576,0.600005005,0.6000056766,8.400085498,8.600085203,8.600096636
36.5,60.14927147,63.18164566,63.18167385,60.14927147,63.18164566,63.18167384,0.0003811633515,0.0003811625485,4.399983139,4.599983197,3.799980942,0.6000049871,0.6000049352,0.6000055974,8.400084306,8.600084015,8.600095288
36.55,60.14926853,63.18164273,63.18167052,60.14926853,63.18164273,63.18167052,0.0003758471768,0.0003758462871,4.399983374,4.599983431,3.799981208,0.6000049175,0.6000048664,0.6000055194,8.40008313,8.600082843,8.600093959
36.6,60.14926563,63.18163984,63.18166725,60.14926563,63.18163984,63.18166725,0.0003706051495,0.0003706041742,4.399983606,4.599983663,3.79998147,0.6000048489,0.6000047985,0.6000054424,8.40008197,8.600081687,8.600092648
36.65,60.14926277,63.181637,63.18166402,60.14926277,63.18163699,63.18166402,0.000365436234,0.0003654351757,4.399983835,4.59998389,3.799981729,0.6000047813,0.6000047316,0.6000053665,8.400080827,8.600080548,8.600091356
36.7,60.14925995,63.18163419,63.18166083,60.14925995,63.18163419,63.18166083,0.0003603394089,0.0003603382717,4.39998406,4.599984115,3.799981984,0.6000047146,0.6000046656,0.6000052916,8.4000797,8.600079425,8.600090082
36.75,60.14925718,63.18163142,63.18165769,60.14925717,63.18163142,63.18165769,0.0003553136672,0.0003553124567,4.399984282,4.599984337,3.799982235,0.6000046489,0.6000046005,0.6000052178,8.400078588,8.600078317,8.600088826
36.8,60.14925444,63.18162869,63.18165459,60.14925443,63.18162869,63.18165459,0.0003503580157,0.0003503567392,4.399984502,4.599984555,3.799982483,0.600004584,0.6000045364,0.6000051451,8.400077492,8.600077225,8.600087587
36.85,60.14925173,63.18162599,63.18165154,60.14925173,63.18162599,63.18165154,0.0003454714752,0.0003454701416,4.399984718,4.599984771,3.799982727,0.6000045201,0.6000044731,0.6000050733,8.400076411,8.600076147,8.600086365
36.9,60.14924907,63.18162334,63.18164853,60.14924907,63.18162334,63.18164853,0.0003406530803,0.0003406516997,4.399984931,4.599984983,3.799982968,0.600004457,0.6000044107,0.6000050025,8.400075346,8.600075085,8.600085161
36.95,60.14924644,63.18162072,63.18164556,60.14924644,63.18162072,63.18164556,0.0003359018789,0.000335900463,4.399985141,4.599985192,3.799983205,0.6000043949,0.6000043492,0.6000049328,8.400074295,8.600074038,8.600083973
37,60.14924385,63.18161814,63.18164263,60.14924385,63.18161814,63.18164263,0.0003312169325,0.0003312154942,4.399985348,4.599985399,3.79998344,0.6000043336,0.6000042885,0.600004864,8.400073259,8.600073006,8.600082802
37.05,60.1492413,63.18161559,63.18163974,60.1492413,63.18161559,63.18163974,0.0003265973155,0.0003265958689,4.399985553,4.599985603,3.799983671,0.6000042731,0.6000042287,0.6000047961,8.400072237,8.600071987,8.600081647
37.1,60.14923878,63.18161308,63.1816369,60.14923878,63.18161308,63.18163689,0.0003220421157,0.0003220406758,4.399985754,4.599985803,3.799983898,0.6000042135,0.6000041697,0.6000047292,8.400071229,8.600070983,8.600080508
37.15,60.14923629,63.18161061,63.18163409,60.14923629,63.18161061,63.18163409,0.0003175504335,0.0003175490162,4.399985953,4.599986001,3.799984123,0.6000041548,0.6000041116,0.6000046633,8.400070236,8.600069993,8.600079385
37.2,60.14923385,63.18160817,63.18163132,60.14923384,63.18160817,63.18163132,0.0003131213822,0.0003131200039,4.399986149,4.599986197,3.799984344,0.6000040968,0.6000040542,0.6000045982,8.400069256,8.600069017,8.600078278
37.25,60.14923143,63.18160576,63.18162859,60.14923143,63.18160576,63.18162859,0.0003087540876,0.0003087527653,4.399986342,4.599986389,3.799984563,0.6000040397,0.6000039977,0.6000045341,8.40006829,8.600068054,8.600077186
37.3,60.14922905,63.18160339,63.1816259,60.14922905,63.18160339,63.1816259,0.0003044476879,0.0003044464387,4.399986532,4.599986579,3.799984778,0.6000039833,0.6000039419,0.6000044709,8.400067338,8.600067105,8.60007611
37.35,60.1492267,63.18160105,63.18162325,60.1492267,63.18160105,63.18162324,0.0003002013337,0.0003002001746,4.39998672,4.599986766,3.79998499,0.6000039278,0.6000038869,0.6000044085,8.400066399,8.600066169,8.600075048
37.4,60.14922439,63.18159874,63.18162063,60.14922439,63.18159874,63.18162063,0.0002960141875,0.0002960131352,4.399986906,4.599986951,3.7999852,0.600003873,0.6000038327,0.600004347,8.400065472,8.600065246,8.600074001
37.45,60.1492221,63.18159647,63.18161805,60.1492221,63.18159647,63.18161805,0.0002918854237,0.0002918844945,4.399987088,4.599987133,3.799985406,0.600003819,0.6000037793,0.6000042864,8.400064559,8.600064336,8.600072969
37.5,60.14921985,63.18159422,63.1816155,60.14921985,63.18159422,63.1816155,0.0002878142289,0.000287813438,4.399987268,4.599987312,3.79998561,0.6000037657,0.6000037266,0.6000042266,8.400063659,8.600063439,8.600071951
37.55,60.14921763,63.18159201,63.18161299,60.14921763,63.18159201,63.18161299,0.0002837998009,0.0002837991625,4.399987446,4.599987489,3.79998581,0.6000037132,0.6000036746,0.6000041676,8.400062771,8.600062554,8.600070948
37.6,60.14921544,63.18158983,63.18161052,60.14921544,63.18158983,63.18161052,0.0002798413491,0.000279840876,4.399987621,4.599987664,3.799986008,0.6000036614,0.6000036233,0.6000041095,8.400061895,8.600061682,8.600069958
37.65,60.14921328,63.18158768,63.18160808,60.14921328,63.18158768,63.18160808,0.0002759380943,0.0002759377978,4.399987794,4.599987836,3.799986204,0.6000036103,0.6000035728,0.6000040522,8.400061032,8.600060821,8.600068982
37.7,60.14921116,63.18158556,63.18160568,60.14921116,63.18158556,63.18160568,0.0002720892685,0.0002720891576,4.399987964,4.599988005,3.799986396,0.60000356,0.600003523,0.6000039957,8.400060181,8.600059973,8.60006802
37.75,60.14920906,63.18158347,63.1816033,60.14920906,63.18158347,63.1816033,0.0002682941144,0.0002682941964,4.399988132,4.599988173,3.799986586,0.6000035103,0.6000034738,0.6000039399,8.400059341,8.600059136,8.600067071
37.8,60.14920699,63.1815814,63.18160097,60.14920699,63.1815814,63.18160097,0.0002645518859,0.0002645521653,4.399988297,4.599988338,3.799986773,0.6000034614,0.6000034254,0.600003885,8.400058514,8.600058311,8.600066136
37.85,60.14920495,63.18157937,63.18159866,60.14920495,63.18157937,63.18159866,0.0002608618472,0.0002608623262,4.399988461,4.5999885,3.799986957,0.6000034131,0.6000033776,0.6000038308,8.400057697,8.600057498,8.600065213
37.9,60.14920294,63.18157737,63.18159639,60.14920294,63.18157737,63.18159639,0.0002572232733,0.0002572239511,4.399988621,4.599988661,3.799987139,0.6000033655,0.6000033305,0.6000037774,8.400056893,8.600056696,8.600064304
37.95,60.14920095,63.18157539,63.18159414,60.14920095,63.18157539,63.18159414,0.0002536354493,0.0002536363222,4.39998878,4.599988819,3.799987319,0.6000033185,0.600003284,0.6000037247,8.400056099,8.600055905,8.600063407
38,60.149199,63.18157344,63.18159193,60.149199,63.18157344,63.18159193,0.0002500976705,0.0002500987317,4.399988937,4.599988975,3.799987496,0.6000032722,0.6000032382,0.6000036727,8.400055317,8.600055126,8.600062522
38.05,60.14919707,63.18157152,63.18158975,60.14919707,63.18157152,63.18158975,0.0002466092421,0.0002466104818,4.399989091,4.599989129,3.79998767,0.6000032266,0.600003193,0.6000036215,8.400054545,8.600054357,8.60006165
38.1,60.14919517,63.18156962,63.1815876,60.14919517,63.18156962,63.1815876,0.0002431694793,0.0002431708841,4.399989243,4.59998928,3.799987842,0.6000031816,0.6000031485,0.600003571,8.400053784,8.600053598,8.60006079
38.15,60.14919329,63.18156775,63.18158548,60.14919329,63.18156775,63.18158548,0.0002397777065,0.0002397792603,4.399989393,4.59998943,3.799988011,0.6000031372,0.6000031046,0.6000035212,8.400053034,8.600052851,8.600059943
38.2,60.14919144,63.18156591,63.18158339,60.14919144,63.18156591,63.18158339,0.0002364332577,0.000236434941,4.399989541,4.599989577,3.799988179,0.6000030935,0.6000030613,0.6000034721,8.400052294,8.600052114,8.600059106
38.25,60.14918962,63.18156409,63.18158133,60.14918962,63.18156409,63.18158133,0.0002331354763,0.0002331372667,4.399989687,4.599989723,3.799988344,0.6000030503,0.6000030186,0.6000034236,8.400051565,8.600051387,8.600058282
38.3,60.14918782,63.1815623,63.1815793,60.14918782,63.1815623,63.1815793,0.0002298837142,0.0002298855866,4.399989831,4.599989866,3.799988506,0.6000030078,0.6000029765,0.6000033759,8.400050846,8.60005067,8.600057469
38.35,60.14918605,63.18156053,63.18157729,60.14918605,63.18156053,63.1815773,0.0002266773324,0.0002266792593,4.399989973,4.599990007,3.799988666,0.6000029658,0.600002935,0.6000033288,8.400050137,8.600049963,8.600056668
38.4,60.1491843,63.18155879,63.18157532,60.1491843,63.18155879,63.18157532,0.0002235157005,0.0002235176522,4.399990113,4.599990147,3.799988825,0.6000029244,0.600002894,0.6000032824,8.400049437,8.600049266,8.600055877
38.45,60.14918257,63.18155707,63.18157337,60.14918258,63.18155707,63.18157337,0.0002203981962,0.0002204001416,4.39999025,4.599990284,3.79998898,0.6000028837,0.6000028537,0.6000032366,8.400048748,8.600048579,8.600055098
38.5,60.14918087,63.18155538,63.18157145,60.14918088,63.18155538,63.18157145,0.0002173242056,0.0002173261125,4.399990386,4.59999042,3.799989134,0.6000028434,0.6000028139,0.6000031914,8.400048068,8.600047902,8.600054329
38.55,60.1491792,63.18155371,63.18156955,60.1491792,63.18155371,63.18156956,0.0002142931224,0.0002142949583,4.399990521,4.599990553,3.799989286,0.6000028038,0.6000027746,0.6000031469,8.400047397,8.600047234,8.600053572
38.6,60.14917755,63.18155206,63.18156769,60.14917755,63.18155206,63.18156769,0.0002113043482,0.0002113060812,4.399990653,4.599990685,3.799989435,0.6000027647,0.6000027359,0.600003103,8.400046736,8.600046575,8.600052824
38.65,60.14917592,63.18155044,63.18156584,60.14917592,63.18155044,63.18156585,0.0002083572919,0.0002083588914,4.399990783,4.599990815,3.799989582,0.6000027261,0.6000026978,0.6000030598,8.400046085,8.600045925,8.600052088
38.7,60.14917431,63.18154884,63.18156403,60.14917431,63.18154884,63.18156403,0.0002054513694,0.0002054528075,4.399990912,4.599990943,3.799989728,0.6000026881,0.6000026601,0.6000030171,8.400045442,8.600045285,8.600051361
38.75,60.14917272,63.18154726,63.18156224,60.14917273,63.18154726,63.18156224,0.0002025860037,0.0002025872561,4.399991038,4.599991069,3.799989871,0.6000026506,0.600002623,0.600002975,8.400044808,8.600044653,8.600050645
38.8,60.14917116,63.1815457,63.18156047,60.14917116,63.1815457,63.18156047,0.0001997606244,0.0001997616721,4.399991163,4.599991194,3.799990012,0.6000026136,0.6000025865,0.6000029335,8.400044183,8.60004403,8.600049939
38.85,60.14916962,63.18154417,63.18155873,60.14916962,63.18154417,63.18155873,0.0001969746674,0.0001969754978,4.399991287,4.599991317,3.799990152,0.6000025772,0.6000025504,0.6000028926,8.400043567,8.600043416,8.600049242
38.9,60.1491681,63.18154265,63.18155701,60.1491681,63.18154265,63.18155701,0.0001942275745,0.0001942281837,4.399991408,4.599991438,3.799990289,0.6000025412,0.6000025148,0.6000028523,8.400042959,8.600042811,8.600048555
38.95,60.14916661,63.18154116,63.18155532,60.14916661,63.18154116,63.18155532,0.0001915187935,0.0001915191877,4.399991528,4.599991557,3.799990424,0.6000025058,0.6000024797,0.6000028125,8.40004236,8.600042214,8.600047878
39,60.14916513,63.18153969,63.18155365,60.14916513,63.18153969,63.18155365,0.0001888477775,0.0001888479754,4.399991646,4.599991675,3.799990558,0.6000024709,0.6000024452,0.6000027733,8.400041769,8.600041625,8.60004721
39.05,60.14916367,63.18153824,63.18155201,60.14916367,63.18153824,63.18155201,0.000186213985,0.0001862140198,4.399991763,4.599991791,3.79999069,0.6000024364,0.6000024111,0.6000027346,8.400041187,8.600041045,8.600046552
39.1,60.14916224,63.18153681,63.18155038,60.14916224,63.18153681,63.18155038,0.0001836168789,0.0001836168013,4.399991878,4.599991906,3.799990819,0.6000024024,0.6000023774,0.6000026964,8.400040612,8.600040472,8.600045903
39.15,60.14916082,63.18153539,63.18154878,60.14916082,63.18153539,63.18154878,0.0001810559271,0.0001810558075,4.399991991,4.599992018,3.799990947,0.6000023689,0.6000023443,0.6000026588,8.400040046,8.600039908,8.600045263
39.2,60.14915942,63.181534,63.1815472,60.14915942,63.181534,63.1815472,0.0001785306535,0.0001785305331,4.399992103,4.59999213,3.799991074,0.6000023359,0.6000023116,0.6000026218,8.400039487,8.600039351,8.600044631
39.25,60.14915805,63.18153263,63.18154565,60.14915805,63.18153263,63.18154565,0.0001760406046,0.00017604048,4.399992213,4.59999224,3.799991198,0.6000023033,0.6000022793,0.6000025852,8.400038937,8.600038802,8.600044009
39.3,60.14915669,63.18153128,63.18154411,60.14915669,63.18153128,63.18154411,0.0001735852874,0.0001735851569,4.399992321,4.599992348,3.799991321,0.6000022712,0.6000022475,0.6000025491,8.400038394,8.600038261,8.600043395
39.35,60.14915535,63.18152994,63.1815426,60.14915535,63.18152994,63.1815426,0.0001711642159,0.0001711640793,4.399992428,4.599992455,3.799991442,0.6000022395,0.6000022162,0.6000025136,8.400037858,8.600037727,8.60004279
39.4,60.14915403,63.18152863,63.18154111,60.14915403,63.18152863,63.18154111,0.0001687769114,0.0001687767697,4.399992534,4.59999256,3.799991561,0.6000022082,0.6000021853,0.6000024785,8.40003733,8.600037201,8.600042193
39.45,60.14915273,63.18152733,63.18153964,60.14915273,63.18152733,63.18153964,0.0001664229022,0.0001664227571,4.399992638,4.599992664,3.799991679,0.6000021774,0.6000021548,0.6000024439,8.400036809,8.600036682,8.600041604
39.5,60.14915144,63.18152605,63.18153819,60.14915144,63.18152605,63.18153819,0.0001641017234,0.0001641015771,4.399992741,4.599992766,3.799991795,0.6000021471,0.6000021248,0.6000024099,8.400036296,8.600036171,8.600041024
39.55,60.14915018,63.18152479,63.18153676,60.14915018,63.18152479,63.18153676,0.0001618129169,0.0001618127717,4.399992842,4.599992867,3.79999191,0.6000021171,0.6000020951,0.6000023763,8.40003579,8.600035666,8.600040452
39.6,60.14914893,63.18152355,63.18153534,60.14914893,63.18152355,63.18153534,0.000159556031,0.0001595558894,4.399992942,4.599992966,3.799992022,0.6000020876,0.6000020659,0.6000023431,8.400035291,8.600035169,8.600039888
39.65,60.1491477,63.18152232,63.18153395,60.1491477,63.18152232,63.18153395,0.0001573306208,0.000157330485,4.39999304,4.599993064,3.799992134,0.6000020585,0.6000020371,0.6000023104,8.400034798,8.600034678,8.600039331
39.7,60.14914649,63.18152111,63.18153258,60.14914649,63.18152111,63.18153258,0.0001551362474,0.0001551361193,4.399993137,4.599993161,3.799992243,0.6000020298,0.6000020087,0.6000022782,8.400034313,8.600034194,8.600038783
39.75,60.14914529,63.18151992,63.18153123,60.14914529,63.18151992,63.18153123,0.0001529724785,0.0001529723596,4.399993233,4.599993256,3.799992352,0.6000020015,0.6000019807,0.6000022464,8.400033834,8.600033718,8.600038242
39.8,60.14914411,63.18151874,63.1815299,60.14914411,63.18151874,63.1815299,0.0001508388876,0.0001508387789,4.399993327,4.599993351,3.799992458,0.6000019736,0.600001953,0.6000022151,8.400033363,8.600033247,8.600037709
39.85,60.14914295,63.18151758,63.18152858,60.14914295,63.18151758,63.18152858,0.0001487350544,0.0001487349562,4.399993421,4.599993443,3.799992563,0.600001946,0.6000019258,0.6000021842,8.400032897,8.600032784,8.600037183
39.9,60.1491418,63.18151644,63.18152729,60.1491418,63.18151644,63.18152729,0.0001466605645,0.0001466604767,4.399993512,4.599993535,3.799992667,0.6000019189,0.6000018989,0.6000021537,8.400032438,8.600032326,8.600036664
39.95,60.14914067,63.18151531,63.18152601,60.14914067,63.18151531,63.18152601,0.0001446150093,0.0001446149309,4.399993603,4.599993625,3.799992769,0.6000018921,0.6000018724,0.6000021237,8.400031986,8.600031875,8.600036153
40,60.14913955,63.1815142,63.18152475,60.14913955,63.1815142,63.18152475,0.0001425979857,0.0001425979153,4.399993692,4.599993714,3.79999287,0.6000018657,0.6000018463,0.6000020941,8.40003154,8.600031431,8.600035648
40.05,60.14913845,63.18151311,63.1815235,60.14913845,63.18151311,63.1815235,0.0001406090966,0.0001406090321,4.39999378,4.599993802,3.79999297,0.6000018397,0.6000018206,0.6000020649,8.4000311,8.600030992,8.600035151
40.1,60.14913737,63.18151203,63.18152228,60.14913737,63.18151203,63.18152228,0.00013864795,0.0001386478888,4.399993867,4.599993888,3.799993068,0.600001814,0.6000017952,0.6000020361,8.400030666,8.60003056,8.600034661
40.15,60.1491363,63.18151096,63.18152107,60.1491363,63.18151096,63.18152107,0.0001367141597,0.0001367140985,4.399993952,4.599993973,3.799993165,0.6000017887,0.6000017701,0.6000020077,8.400030238,8.600030134,8.600034177
40.2,60.14913525,63.18150991,63.18151988,60.14913525,63.18150991,63.18151988,0.0001348073445,0.0001348072797,4.399994037,4.599994057,3.79999326,0.6000017638,0.6000017455,0.6000019797,8.400029817,8.600029714,8.600033701
40.25,60.14913421,63.18150887,63.1815187,60.14913421,63.18150887,63.1815187,0.0001329271288,0.0001329270563,4.39999412,4.59999414,3.799993354,0.6000017392,0.6000017211,0.6000019521,8.400029401,8.600029299,8.600033231
40.3,60.14913318,63.18150785,63.18151754,60.14913318,63.18150785,63.18151754,0.0001310731418,0.0001310730573,4.399994202,4.599994222,3.799993447,0.6000017149,0.6000016971,0.6000019248,8.400028991,8.600028891,8.600032767
40.35,60.14913217,63.18150684,63.1815164,60.14913217,63.18150684,63.1815164,0.0001292450182,0.0001292449169,4.399994283,4.599994302,3.799993538,0.600001691,0.6000016734,0.600001898,8.400028586,8.600028488,8.60003231
40.4,60.14913117,63.18150585,63.18151527,60.14913117,63.18150585,63.18151527,0.0001274423973,0.0001274422745,4.399994362,4.599994382,3.799993628,0.6000016674,0.6000016501,0.6000018715,8.400028188,8.60002809,8.60003186
40.45,60.14913019,63.18150487,63.18151416,60.14913019,63.18150487,63.18151416,0.0001256649236,0.0001256647744,4.399994441,4.59999446,3.799993717,0.6000016442,0.6000016271,0.6000018454,8.400027795,8.600027699,8.600031415
40.5,60.14912922,63.18150391,63.18151307,60.14912922,63.18150391,63.18151307,0.0001239122465,0.000123912066,4.399994519,4.599994538,3.799993805,0.6000016212,0.6000016044,0.6000018197,8.400027407,8.600027312,8.600030977
40.55,60.14912827,63.18150295,63.18151199,60.14912827,63.18150295,63.18151199,0.0001221840201,0.0001221838035,4.399994595,4.599994614,3.799993891,0.6000015986,0.600001582,0.6000017943,8.400027025,8.600026931,8.600030545
40.6,60.14912732,63.18150201,63.18151092,60.14912732,63.18150201,63.18151092,0.0001204799031,0.0001204796459,4.39999467,4.599994689,3.799993976,0.6000015763,0.6000015599,0.6000017693,8.400026648,8.600026556,8.600030119
40.65,60.14912639,63.18150109,63.18150987,60.14912639,63.18150109,63.18150987,0.0001187995592,0.000118799257,4.399994745,4.599994763,3.79999406,0.6000015544,0.6000015382,0.6000017446,8.400026276,8.600026185,8.600029699
40.7,60.14912548,63.18150018,63.18150884,60.14912548,63.18150018,63.18150884,0.0001171426564,0.0001171423053,4.399994818,4.599994836,3.799994143,0.6000015327,0.6000015167,0.6000017203,8.40002591,8.60002582,8.600029285
40.75,60.14912458,63.18149928,63.18150782,60.14912458,63.18149928,63.18150782,0.0001155088674,0.000115508464,4.39999489,4.599994908,3.799994225,0.6000015113,0.6000014956,0.6000016963,8.400025548,8.60002546,8.600028876
40.8,60.14912368,63.18149839,63.18150681,60.14912368,63.18149839,63.18150681,0.0001138978694,0.0001138974106,4.399994962,4.599994979,3.799994305,0.6000014902,0.6000014747,0.6000016726,8.400025192,8.600025105,8.600028474
40.85,60.14912281,63.18149751,63.18150582,60.14912281,63.18149751,63.18150582,0.0001123093439,0.0001123088274,4.399995032,4.599995049,3.799994385,0.6000014694,0.6000014542,0.6000016493,8.400024841,8.600024755,8.600028076
40.9,60.14912194,63.18149665,63.18150484,60.14912194,63.18149665,63.18150484,0.0001107429769,0.000110742401,4.399995101,4.599995118,3.799994463,0.6000014489,0.6000014339,0.6000016263,8.400024494,8.60002441,8.600027685
40.95,60.14912109,63.1814958,63.18150387,60.14912109,63.1814958,63.18150387,0.0001091984586,0.0001091978223,4.399995169,4.599995186,3.79999454,0.6000014287,0.6000014139,0.6000016036,8.400024153,8.600024069,8.600027299
41,60.14912024,63.18149496,63.18150292,60.14912024,63.18149496,63.18150292,0.0001076754836,0.0001076747865,4.399995237,4.599995253,3.799994616,0.6000014088,0.6000013942,0.6000015812,8.400023816,8.600023733,8.600026918
41.05,60.14911941,63.18149413,63.18150198,60.14911941,63.18149413,63.18150198,0.0001061737506,0.0001061729933,4.399995303,4.59999532,3.799994691,0.6000013892,0.6000013747,0.6000015592,8.400023484,8.600023402,8.600026543
41.1,60.14911859,63.18149332,63.18150106,60.14911859,63.18149332,63.18150106,0.0001046929625,0.0001046921464,4.399995369,4.599995385,3.799994766,0.6000013698,0.6000013555,0.6000015374,8.400023156,8.600023076,8.600026172
41.15,60.14911779,63.18149251,63.18150014,60.14911779,63.18149251,63.18150014,0.0001032328263,0.0001032319535,4.399995433,4.599995449,3.799994839,0.6000013507,0.6000013366,0.600001516,8.400022833,8.600022754,8.600025807
41.2,60.14911699,63.18149172,63.18149924,60.14911699,63.18149172,63.18149924,0.0001017930531,0.0001017921267,4.399995497,4.599995513,3.799994911,0.6000013318,0.600001318,0.6000014948,8.400022515,8.600022437,8.600025447
41.25,60.14911621,63.18149094,63.18149836,60.14911621,63.18149093,63.18149836,0.000100373358,0.0001003723818,4.39999556,4.599995575,3.799994981,0.6000013133,0.6000012996,0.600001474,8.400022201,8.600022124,8.600025093
41.3,60.14911543,63.18149016,63.18149748,60.14911543,63.18149016,63.18149748,9.897346003e-05,9.897243886e-05,4.399995622,4.599995637,3.799995051,0.600001295,0.6000012815,0.6000014534,8.400021891,8.600021815,8.600024743
41.35,60.14911467,63.1814894,63.18149662,60.14911467,63.1814894,63.18149662,9.759308222e-05,9.759202158e-05,4.399995683,4.599995698,3.79999512,0.6000012769,0.6000012636,0.6000014332,8.400021586,8.600021511,8.600024398
41.4,60.14911392,63.18148865,63.18149577,60.14911392,63.18148865,63.18149577,9.623195143e-05,9.623085766e-05,4.399995743,4.599995758,3.799995189,0.6000012591,0.600001246,0.6000014132,8.400021285,8.600021211,8.600024057
41.45,60.14911317,63.18148791,63.18149493,60.14911317,63.18148791,63.18149493,9.488979837e-05,9.488867857e-05,4.399995802,4.599995817,3.799995256,0.6000012415,0.6000012286,0.6000013935,8.400020988,8.600020915,8.600023722
41.5,60.14911244,63.18148718,63.1814941,60.14911244,63.18148718,63.1814941,9.356635756e-05,9.35652195e-05,4.399995861,4.599995875,3.799995322,0.6000012242,0.6000012115,0.600001374,8.400020695,8.600020624,8.600023391
41.55,60.14911172,63.18148647,63.18149329,60.14911172,63.18148646,63.18149329,9.226136724e-05,9.226021936e-05,4.399995919,4.599995933,3.799995387,0.6000012071,0.6000011946,0.6000013549,8.400020406,8.600020336,8.600023065
41.6,60.14911101,63.18148576,63.18149248,60.14911101,63.18148576,63.18149248,9.097456941e-05,9.097342071e-05,4.399995976,4.59999599,3.799995451,0.6000011903,0.6000011779,0.600001336,8.400020122,8.600020052,8.600022743
41.65,60.14911031,63.18148506,63.18149169,60.14911031,63.18148506,63.18149169,8.970570971e-05,8.970456967e-05,4.399996032,4.599996045,3.799995515,0.6000011737,0.6000011615,0.6000013173,8.400019841,8.600019773,8.600022426
41.7,60.14910962,63.18148437,63.18149091,60.14910962,63.18148437,63.18149091,8.845453739e-05,8.845341592e-05,4.399996087,4.599996101,3.799995577,0.6000011573,0.6000011453,0.600001299,8.400019564,8.600019497,8.600022113
41.75,60.14910893,63.18148369,63.18149014,60.14910893,63.18148369,63.18149014,8.722080532e-05,8.721971263e-05,4.399996142,4.599996155,3.799995639,0.6000011412,0.6000011293,0.6000012809,8.400019292,8.600019225,8.600021805
41.8,60.14910826,63.18148302,63.18148938,60.14910826,63.18148302,63.18148938,8.60042699e-05,8.60032164e-05,4.399996196,4.599996209,3.7999957,0.6000011253,0.6000011136,0.600001263,8.400019022,8.600018957,8.6000215
41.85,60.1491076,63.18148236,63.18148863,60.1491076,63.18148236,63.18148863,8.480469105e-05,8.480368724e-05,4.399996249,4.599996262,3.79999576,0.6000011096,0.600001098,0.6000012454,8.400018757,8.600018692,8.600021201
41.9,60.14910694,63.1814817,63.18148789,60.14910694,63.1814817,63.18148789,8.362183212e-05,8.362088851e-05,4.399996301,4.599996314,3.799995819,0.6000010941,0.6000010827,0.600001228,8.400018495,8.600018432,8.600020905
41.95,60.1491063,63.18148106,63.18148716,60.1491063,63.18148106,63.18148716,8.245545991e-05,8.245458685e-05,4.399996352,4.599996365,3.799995877,0.6000010788,0.6000010676,0.6000012109,8.400018238,8.600018174,8.600020613
42,60.14910566,63.18148043,63.18148644,60.14910566,63.18148043,63.18148644,8.130534459e-05,8.130455218e-05,4.399996403,4.599996416,3.799995935,0.6000010638,0.6000010527,0.600001194,8.400017983,8.600017921,8.600020326
42.05,60.14910504,63.1814798,63.18148573,60.14910504,63.1814798,63.18148573,8.017125967e-05,8.01705576e-05,4.399996454,4.599996466,3.799995992,0.6000010489,0.600001038,0.6000011773,8.400017732,8.600017671,8.600020042
42.1,60.14910442,63.18147919,63.18148503,60.14910442,63.18147919,63.18148503,7.905298193e-05,7.90523794e-05,4.399996503,4.599996515,3.799996047,0.6000010343,0.6000010236,0.6000011609,8.400017485,8.600017425,8.600019763
42.15,60.14910381,63.18147858,63.18148434,60.14910381,63.18147858,63.18148434,7.795029144e-05,7.794979699e-05,4.399996552,4.599996564,3.799996103,0.6000010199,0.6000010093,0.6000011447,8.400017241,8.600017181,8.600019487
42.2,60.14910321,63.18147798,63.18148366,60.14910321,63.18147798,63.18148366,7.686297145e-05,7.686259283e-05,4.3999966,4.599996612,3.799996157,0.6000010057,0.6000009952,0.6000011287,8.400017001,8.600016942,8.600019215
42.25,60.14910261,63.18147739,63.18148299,60.14910261,63.18147739,63.18148299,7.579080837e-05,7.579055244e-05,4.399996647,4.599996659,3.799996211,0.6000009916,0.6000009813,0.600001113,8.400016763,8.600016705,8.600018947
42.3,60.14910203,63.18147681,63.18148233,60.14910203,63.18147681,63.18148233,7.473359174e-05,7.473346433e-05,4.399996694,4.599996706,3.799996263,0.6000009778,0.6000009676,0.6000010975,8.40001653,8.600016472,8.600018683
42.35,60.14910145,63.18147623,63.18148168,60.14910145,63.18147623,63.18148168,7.369111418e-05,7.369111996e-05,4.39999674,4.599996751,3.799996316,0.6000009642,0.6000009541,0.6000010822,8.400016299,8.600016243,8.600018422
42.4,60.14910088,63.18147567,63.18148104,60.14910088,63.18147567,63.18148104,7.266317128e-05,7.266331366e-05,4.399996786,4.599996797,3.799996367,0.6000009507,0.6000009408,0.6000010671,8.400016072,8.600016016,8.600018165
42.45,60.14910032,63.18147511,63.18148041,60.14910032,63.18147511,63.18148041,7.164956167e-05,7.164984269e-05,4.399996831,4.599996841,3.799996418,0.6000009375,0.6000009277,0.6000010522,8.400015847,8.600015793,8.600017912
42.5,60.14909977,63.18147456,63.18147978,60.14909977,63.18147456,63.18147978,7.065008686e-05,7.065050709e-05,4.399996875,4.599996886,3.799996468,0.6000009244,0.6000009148,0.6000010375,8.400015626,8.600015572,8.600017662
42.55,60.14909923,63.18147401,63.18147916,60.14909923,63.18147401,63.18147916,6.966455124e-05,6.966510972e-05,4.399996918,4.599996929,3.799996517,0.6000009115,0.600000902,0.600001023,8.400015408,8.600015355,8.600017416
42.6,60.14909869,63.18147348,63.18147856,60.14909869,63.18147348,63.18147856,6.869276204e-05,6.869345617e-05,4.399996961,4.599996972,3.799996565,0.6000008988,0.6000008894,0.6000010088,8.400015193,8.600015141,8.600017173
42.65,60.14909816,63.18147295,63.18147796,60.14909816,63.18147295,63.18147796,6.773452923e-05,6.773535475e-05,4.399997004,4.599997014,3.799996613,0.6000008862,0.600000877,0.6000009947,8.400014982,8.60001493,8.600016933
42.7,60.14909764,63.18147243,63.18147737,60.14909764,63.18147243,63.18147737,6.678966552e-05,6.679061645e-05,4.399997045,4.599997056,3.799996661,0.6000008739,0.6000008648,0.6000009808,8.400014773,8.600014722,8.600016697
42.75,60.14909712,63.18147192,63.18147679,60.14909712,63.18147192,63.18147679,6.585798623e-05,6.585905487e-05,4.399997087,4.599997097,3.799996707,0.6000008617,0.6000008527,0.6000009671,8.400014566,8.600014516,8.600016464
42.8,60.14909661,63.18147141,63.18147621,60.14909661,63.18147141,63.18147621,6.493930933e-05,6.494048624e-05,4.399997127,4.599997137,3.799996753,0.6000008497,0.6000008408,0.6000009536,8.400014363,8.600014314,8.600016234
42.85,60.14909611,63.18147091,63.18147565,60.14909611,63.18147091,63.18147565,6.403345528e-05,6.403472934e-05,4.399997167,4.599997177,3.799996798,0.6000008378,0.6000008291,0.6000009403,8.400014163,8.600014114,8.600016008
42.9,60.14909562,63.18147042,63.18147509,60.14909562,63.18147042,63.18147509,6.314024702e-05,6.314160548e-05,4.399997207,4.599997217,3.799996843,0.6000008261,0.6000008175,0.6000009272,8.400013965,8.600013917,8.600015785
42.95,60.14909513,63.18146993,63.18147454,60.14909513,63.18146993,63.18147454,6.225950994e-05,6.226093845e-05,4.399997246,4.599997255,3.799996887,0.6000008146,0.6000008061,0.6000009143,8.400013771,8.600013723,8.600015564
43,60.14909465,63.18146945,63.18147399,60.14909465,63.18146946,63.18147399,6.139107171e-05,6.139255452e-05,4.399997284,4.599997294,3.799996931,0.6000008032,0.6000007949,0.6000009015,8.400013578,8.600013532,8.600015347
43.05,60.14909418,63.18146898,63.18147346,60.14909418,63.18146898,63.18147346,6.053476232e-05,6.053628236e-05,4.399997322,4.599997331,3.799996973,0.600000792,0.6000007838,0.600000889,8.400013389,8.600013343,8.600015133
43.1,60.14909371,63.18146852,63.18147293,60.14909371,63.18146852,63.18147293,5.969041392e-05,5.969195306e-05,4.39999736,4.599997369,3.799997016,0.600000781,0.6000007729,0.6000008766,8.400013202,8.600013157,8.600014922
43.15,60.14909325,63.18146806,63.18147241,60.14909325,63.18146806,63.18147241,5.885786083e-05,5.885940004e-05,4.399997396,4.599997405,3.799997057,0.6000007701,0.6000007621,0.6000008643,8.400013018,8.600012973,8.600014714
43.2,60.1490928,63.18146761,63.1814719,60.1490928,63.18146761,63.1814719,5.803693939e-05,5.803845904e-05,4.399997433,4.599997442,3.799997098,0.6000007593,0.6000007514,0.6000008523,8.400012837,8.600012792,8.600014509
43.25,60.14909235,63.18146716,63.18147139,60.14909235,63.18146716,63.18147139,5.722748794e-05,5.72289681e-05,4.399997468,4.599997477,3.799997139,0.6000007488,0.600000741,0.6000008404,8.400012658,8.600012614,8.600014306
43.3,60.14909191,63.18146672,63.18147089,60.14909191,63.18146672,63.18147089,5.642934669e-05,5.643076754e-05,4.399997504,4.599997512,3.799997179,0.6000007383,0.6000007306,0.6000008287,8.400012481,8.600012438,8.600014107
43.35,60.14909147,63.18146629,63.1814704,60.14909147,63.18146629,63.1814704,5.564235768e-05,5.564369987e-05,4.399997539,4.599997547,3.799997218,0.600000728,0.6000007204,0.6000008171,8.400012307,8.600012264,8.60001391
43.4,60.14909104,63.18146586,63.18146992,60.14909104,63.18146586,63.18146992,5.486636468e-05,5.486760982e-05,4.399997573,4.599997581,3.799997257,0.6000007179,0.6000007104,0.6000008057,8.400012135,8.600012093,8.600013716
43.45,60.14909062,63.18146544,63.18146944,60.14909062,63.18146544,63.18146944,5.410121305e-05,5.410234428e-05,4.399997607,4.599997615,3.799997295,0.6000007079,0.6000007005,0.6000007945,8.400011966,8.600011925,8.600013525
43.5,60.1490902,63.18146502,63.18146897,60.1490902,63.18146502,63.18146897,5.334674974e-05,5.334775227e-05,4.39999764,4.599997648,3.799997333,0.600000698,0.6000006907,0.6000007834,8.400011799,8.600011758,8.600013336
43.55,60.14908979,63.18146461,63.1814685,60.14908979,63.18146461,63.1814685,5.260282313e-05,5.260368493e-05,4.399997673,4.599997681,3.79999737,0.6000006882,0.6000006811,0.6000007725,8.400011635,8.600011594,8.60001315
43.6,60.14908939,63.18146421,63.18146804,60.14908939,63.18146421,63.18146804,5.186928296e-05,5.186999546e-05,4.399997706,4.599997713,3.799997407,0.6000006786,0.6000006716,0.6000007617,8.400011472,8.600011433,8.600012967
43.65,60.14908899,63.18146381,63.18146759,60.14908899,63.18146381,63.18146759,5.114598018e-05,5.114653913e-05,4.399997738,4.599997745,3.799997443,0.6000006692,0.6000006622,0.6000007511,8.400011312,8.600011273,8.600012786
43.7,60.14908859,63.18146342,63.18146715,60.14908859,63.18146342,63.18146715,5.043276692e-05,5.043317319e-05,4.399997769,4.599997777,3.799997478,0.6000006599,0.600000653,0.6000007406,8.400011155,8.600011116,8.600012608
43.75,60.1490882,63.18146303,63.18146671,60.1490882,63.18146303,63.18146671,4.972949635e-05,4.972975692e-05,4.3999978,4.599997808,3.799997514,0.6000006507,0.6000006439,0.6000007303,8.400010999,8.600010961,8.600012432
43.8,60.14908782,63.18146265,63.18146627,60.14908782,63.18146265,63.18146627,4.903602253e-05,4.903615154e-05,4.399997831,4.599997838,3.799997548,0.6000006416,0.6000006349,0.6000007201,8.400010846,8.600010808,8.600012259
43.85,60.14908744,63.18146227,63.18146584,60.14908744,63.18146227,63.18146584,4.835220034e-05,4.835222022e-05,4.399997861,4.599997868,3.799997582,0.6000006326,0.6000006261,0.6000007101,8.400010695,8.600010658,8.600012088
43.9,60.14908707,63.1814619,63.18146542,60.14908707,63.1814619,63.18146542,4.767788537e-05,4.767782802e-05,4.399997891,4.599997898,3.799997616,0.6000006238,0.6000006173,0.6000007002,8.400010545,8.600010509,8.600011919
43.95,60.1490867,63.18146153,63.18146501,60.1490867,63.18146153,63.18146501,4.701293375e-05,4.70128419e-05,4.39999792,4.599997928,3.799997649,0.6000006151,0.6000006087,0.6000006904,8.400010398,8.600010362,8.600011753
44,60.14908634,63.18146117,63.1814646,60.14908634,63.18146117,63.1814646,4.635722316e-05,4.635713067e-05,4.399997949,4.599997956,3.799997682,0.6000006065,0.6000006002,0.6000006808,8.400010253,8.600010218,8.600011589
44.05,60.14908598,63.18146081,63.18146419,60.14908598,63.18146081,63.18146419,4.571065934e-05,4.571056497e-05,4.399997978,4.599997985,3.799997715,0.6000005981,0.6000005919,0.6000006713,8.40001011,8.600010075,8.600011427
44.1,60.14908563,63.18146046,63.1814638,60.14908563,63.18146046,63.1814638,4.507311477e-05,4.507301724e-05,4.399998006,4.599998013,3.799997746,0.6000005897,0.6000005836,0.6000006619,8.400009969,8.600009935,8.600011268
44.15,60.14908528,63.18146012,63.1814634,60.14908528,63.18146012,63.1814634,4.444446287e-05,4.44443617e-05,4.399998034,4.599998041,3.799997778,0.6000005815,0.6000005755,0.6000006527,8.40000983,8.600009796,8.600011111
44.2,60.14908494,63.18145977,63.18146302,60.14908494,63.18145977,63.18146301,4.382457899e-05,4.382447433e-05,4.399998061,4.599998068,3.799997809,0.6000005734,0.6000005674,0.6000006436,8.400009693,8.60000966,8.600010956
44.25,60.1490846,63.18145944,63.18146263,60.1490846,63.18145944,63.18146263,4.321334035e-05,4.321323283e-05,4.399998088,4.599998095,3.799997839,0.6000005654,0.6000005595,0.6000006346,8.400009558,8.600009525,8.600010803
44.3,60.14908427,63.18145911,63.18146226,60.14908427,63.18145911,63.18146226,4.261062601e-05,4.261051662e-05,4.399998115,4.599998122,3.79999787,0.6000005575,0.6000005517,0.6000006257,8.400009425,8.600009392,8.600010652
44.35,60.14908394,63.18145878,63.18146188,60.14908394,63.18145878,63.18146188,4.201631684e-05,4.201620679e-05,4.399998141,4.599998148,3.799997899,0.6000005497,0.600000544,0.600000617,8.400009293,8.600009261,8.600010504
44.4,60.14908361,63.18145846,63.18146152,60.14908361,63.18145846,63.18146152,4.143029549e-05,4.143018608e-05,4.399998167,4.599998174,3.799997929,0.6000005421,0.6000005364,0.6000006084,8.400009164,8.600009132,8.600010357
44.45,60.14908329,63.18145814,63.18146116,60.14908329,63.18145814,63.18146116,4.085244631e-05,4.08523389e-05,4.399998193,4.599998199,3.799997957,0.6000005345,0.6000005289,0.6000005999,8.400009036,8.600009005,8.600010213
44.5,60.14908298,63.18145782,63.1814608,60.14908298,63.18145782,63.1814608,4.028265535e-05,4.028255124e-05,4.399998218,4.599998224,3.799997986,0.6000005271,0.6000005216,0.6000005916,8.40000891,8.600008879,8.60001007
44.55,60.14908267,63.18145751,63.18146045,60.14908267,63.18145751,63.18146045,3.972081033e-05,3.972071068e-05,4.399998243,4.599998249,3.799998014,0.6000005197,0.6000005143,0.6000005833,8.400008785,8.600008755,8.60000993
44.6,60.14908236,63.18145721,63.1814601,60.14908236,63.18145721,63.1814601,3.916680058e-05,3.916670639e-05,4.399998267,4.599998273,3.799998042,0.6000005125,0.6000005071,0.6000005752,8.400008663,8.600008633,8.600009791
44.65,60.14908206,63.18145691,63.18145976,60.14908206,63.18145691,63.18145976,3.862051702e-05,3.862042908e-05,4.399998292,4.599998297,3.799998069,0.6000005053,0.6000005001,0.6000005671,8.400008542,8.600008513,8.600009655
44.7,60.14908176,63.18145661,63.18145943,60.14908176,63.18145661,63.18145943,3.808185214e-05,3.808177096e-05,4.399998315,4.599998321,3.799998096,0.6000004983,0.6000004931,0.6000005592,8.400008423,8.600008394,8.60000952
44.75,60.14908147,63.18145632,63.18145909,60.14908147,63.18145632,63.18145909,3.755069995e-05,3.755062577e-05,4.399998339,4.599998345,3.799998123,0.6000004913,0.6000004862,0.6000005514,8.400008305,8.600008277,8.600009387
44.8,60.14908118,63.18145603,63.18145877,60.14908118,63.18145603,63.18145877,3.702695596e-05,3.702688872e-05,4.399998362,4.599998368,3.799998149,0.6000004845,0.6000004794,0.6000005437,8.40000819,8.600008161,8.600009256
44.85,60.14908089,63.18145574,63.18145844,60.14908089,63.18145574,63.18145844,3.651051714e-05,3.651045649e-05,4.399998385,4.599998391,3.799998175,0.6000004777,0.6000004727,0.6000005362,8.400008075,8.600008047,8.600009127
44.9,60.14908061,63.18145546,63.18145813,60.14908061,63.18145546,63.18145813,3.600128193e-05,3.60012272e-05,4.399998407,4.599998413,3.7999982,0.600000471,0.6000004661,0.6000005287,8.400007963,8.600007935,8.600009
44.95,60.14908033,63.18145519,63.18145781,60.14908033,63.18145519,63.18145781,3.549915016e-05,3.549910038e-05,4.39999843,4.599998435,3.799998225,0.6000004645,0.6000004596,0.6000005213,8.400007852,8.600007825,8.600008875
45,60.14908006,63.18145491,63.1814575,60.14908006,63.18145491,63.1814575,3.500402307e-05,3.500397696e-05,4.399998452,4.599998457,3.79999825,0.600000458,0.6000004532,0.600000514,8.400007742,8.600007715,8.600008751
45.05,60.14907979,63.18145465,63.1814572,60.14907979,63.18145465,63.1814572,3.451580325e-05,3.451575928e-05,4.399998473,4.599998478,3.799998274,0.6000004516,0.6000004469,0.6000005069,8.400007634,8.600007608,8.600008629
45.1,60.14907952,63.18145438,63.1814569,60.14907952,63.18145438,63.1814569,3.403439464e-05,3.403435101e-05,4.399998494,4.5999985,3.799998298,0.6000004453,0.6000004407,0.6000004998,8.400007528,8.600007502,8.600008508
45.15,60.14907926,63.18145412,63.1814566,60.14907926,63.18145412,63.1814566,3.355970251e-05,3.355965718e-05,4.399998515,4.599998521,3.799998322,0.6000004391,0.6000004345,0.6000004928,8.400007423,8.600007397,8.60000839
45.2,60.149079,63.18145386,63.18145631,60.149079,63.18145386,63.18145631,3.30916334e-05,3.309158413e-05,4.399998536,4.599998541,3.799998345,0.600000433,0.6000004285,0.600000486,8.400007319,8.600007294,8.600008273
45.25,60.14907875,63.18145361,63.18145602,60.14907875,63.18145361,63.18145602,3.263009515e-05,3.263003953e-05,4.399998557,4.599998562,3.799998369,0.6000004269,0.6000004225,0.6000004792,8.400007217,8.600007192,8.600008157
45.3,60.1490785,63.18145336,63.18145573,60.1490785,63.18145336,63.18145573,3.217499684e-05,3.217493232e-05,4.399998577,4.599998582,3.799998391,0.600000421,0.6000004166,0.6000004725,8.400007116,8.600007092,8.600008044
45.35,60.14907825,63.18145311,63.18145545,60.14907825,63.18145311,63.18145545,3.172624879e-05,3.172617272e-05,4.399998597,4.599998601,3.799998414,0.6000004151,0.6000004108,0.6000004659,8.400007017,8.600006993,8.600007931
45.4,60.149078,63.18145286,63.18145518,60.149078,63.18145286,63.18145518,3.128376255e-05,3.128367218e-05,4.399998616,4.599998621,3.799998436,0.6000004093,0.6000004051,0.6000004594,8.400006919,8.600006895,8.600007821
45.45,60.14907776,63.18145262,63.1814549,60.14907776,63.18145262,63.1814549,3.084745083e-05,3.084734342e-05,4.399998635,4.59999864,3.799998458,0.6000004036,0.6000003994,0.600000453,8.400006823,8.600006799,8.600007712
45.5,60.14907752,63.18145239,63.18145464,60.14907752,63.18145239,63.18145464,3.041722757e-05,3.041710035e-05,4.399998654,4.599998659,3.799998479,0.600000398,0.6000003938,0.6000004467,8.400006728,8.600006704,8.600007604
45.55,60.14907729,63.18145215,63.18145437,60.14907729,63.18145215,63.18145437,2.999300783e-05,2.999285809e-05,4.399998673,4.599998678,3.7999985,0.6000003924,0.6000003883,0.6000004405,8.400006634,8.600006611,8.600007498
45.6,60.14907706,63.18145192,63.18145411,60.14907706,63.18145192,63.18145411,2.957470784e-05,2.957453294e-05,4.399998692,4.599998696,3.799998521,0.600000387,0.6000003829,0.6000004343,8.400006541,8.600006519,8.600007393
45.65,60.14907683,63.1814517,63.18145385,60.14907683,63.18145169,63.18145385,2.916224494e-05,2.916204239e-05,4.39999871,4.599998714,3.799998542,0.6000003816,0.6000003776,0.6000004283,8.40000645,8.600006428,8.60000729
45.7,60.14907661,63.18145147,63.1814536,60.1490766,63.18145147,63.1814536,2.875553761e-05,2.875530504e-05,4.399998728,4.599998732,3.799998562,0.6000003762,0.6000003723,0.6000004223,8.40000636,8.600006338,8.600007189
45.75,60.14907638,63.18145125,63.18145335,60.14907638,63.18145125,63.18145335,2.835450541e-05,2.835424066e-05,4.399998746,4.59999875,3.799998582,0.600000371,0.6000003671,0.6000004164,8.400006271,8.60000625,8.600007088
45.8,60.14907616,63.18145103,63.1814531,60.14907616,63.18145103,63.1814531,2.7959069e-05,2.795877012e-05,4.399998763,4.599998767,3.799998602,0.6000003658,0.600000362,0.6000004106,8.400006184,8.600006163,8.60000699
45.85,60.14907595,63.18145082,63.18145286,60.14907595,63.18145082,63.18145286,2.75691501e-05,2.75688154e-05,4.39999878,4.599998785,3.799998622,0.6000003607,0.600000357,0.6000004049,8.400006098,8.600006077,8.600006892
45.9,60.14907574,63.18145061,63.18145262,60.14907574,63.18145061,63.18145262,2.718467149e-05,2.718429956e-05,4.399998797,4.599998802,3.799998641,0.6000003557,0.600000352,0.6000003992,8.400006013,8.600005992,8.600006796
45.95,60.14907553,63.1814504,63.18145238,60.14907553,63.1814504,63.18145238,2.6805557e-05,2.680514677e-05,4.399998814,4.599998818,3.79999866,0.6000003507,0.6000003471,0.6000003936,8.400005929,8.600005908,8.600006701
46,60.14907532,63.18145019,63.18145214,60.14907532,63.18145019,63.18145214,2.64317315e-05,2.643128221e-05,4.399998831,4.599998835,3.799998678,0.6000003458,0.6000003422,0.6000003882,8.400005846,8.600005826,8.600006608
46.05,60.14907512,63.18144999,63.18145191,60.14907512,63.18144999,63.18145191,2.606312087e-05,2.606263211e-05,4.399998847,4.599998851,3.799998697,0.600000341,0.6000003375,0.6000003827,8.400005765,8.600005745,8.600006516
46.1,60.14907492,63.18144979,63.18145169,60.14907492,63.18144979,63.18145169,2.569965201e-05,2.569912377e-05,4.399998863,4.599998867,3.799998715,0.6000003363,0.6000003328,0.6000003774,8.400005684,8.600005665,8.600006425
46.15,60.14907472,63.18144959,63.18145146,60.14907472,63.18144959,63.18145146,2.534125282e-05,2.534068544e-05,4.399998879,4.599998883,3.799998733,0.6000003316,0.6000003281,0.6000003721,8.400005605,8.600005586,8.600006335
46.2,60.14907452,63.18144939,63.18145124,60.14907452,63.18144939,63.18145124,2.498785218e-05,2.498724644e-05,4.399998895,4.599998898,3.799998751,0.6000003269,0.6000003235,0.600000367,8.400005527,8.600005508,8.600006247
46.25,60.14907433,63.1814492,63.18145102,60.14907433,63.1814492,63.18145102,2.463937994e-05,2.463873702e-05,4.39999891,4.599998914,3.799998768,0.6000003224,0.600000319,0.6000003618,8.40000545,8.600005431,8.60000616
46.3,60.14907414,63.18144901,63.18145081,60.14907414,63.18144901,63.18145081,2.429576695e-05,2.429508844e-05,4.399998925,4.599998929,3.799998785,0.6000003179,0.6000003146,0.6000003568,8.400005374,8.600005355,8.600006074
46.35,60.14907395,63.18144883,63.1814506,60.14907395,63.18144883,63.1814506,2.395694499e-05,2.395623289e-05,4.39999894,4.599998944,3.799998802,0.6000003134,0.6000003102,0.6000003518,8.400005299,8.60000528,8.600005989
46.4,60.14907377,63.18144864,63.18145039,60.14907377,63.18144864,63.18145039,2.362284679e-05,2.362210353e-05,4.399998955,4.599998959,3.799998819,0.6000003091,0.6000003059,0.6000003469,8.400005225,8.600005207,8.600005906
46.45,60.14907358,63.18144846,63.18145018,60.14907358,63.18144846,63.18145018,2.329340603e-05,2.329263443e-05,4.39999897,4.599998973,3.799998835,0.6000003048,0.6000003016,0.6000003421,8.400005152,8.600005134,8.600005823
46.5,60.14907341,63.18144828,63.18144998,60.1490734,63.18144828,63.18144998,2.296855732e-05,2.29677606e-05,4.399998984,4.599998987,3.799998852,0.6000003005,0.6000002974,0.6000003373,8.40000508,8.600005063,8.600005742
46.55,60.14907323,63.18144811,63.18144978,60.14907323,63.18144811,63.18144978,2.264823617e-05,2.264741796e-05,4.399998998,4.599999002,3.799998868,0.6000002963,0.6000002932,0.6000003326,8.400005009,8.600004992,8.600005662
46.6,60.14907305,63.18144793,63.18144958,60.14907305,63.18144793,63.18144958,2.233237902e-05,2.233154327e-05,4.399999012,4.599999016,3.799998883,0.6000002922,0.6000002892,0.600000328,8.400004939,8.600004922,8.600005583
46.65,60.14907288,63.18144776,63.18144939,60.14907288,63.18144776,63.18144939,2.202092322e-05,2.202007425e-05,4.399999026,4.599999029,3.799998899,0.6000002881,0.6000002851,0.6000003234,8.400004871,8.600004854,8.600005505
46.7,60.14907271,63.18144759,63.1814492,60.14907271,63.18144759,63.1814492,2.1713807e-05,2.171294945e-05,4.399999039,4.599999043,3.799998914,0.6000002841,0.6000002811,0.6000003189,8.400004803,8.600004786,8.600005428
46.75,60.14907254,63.18144742,63.18144901,60.14907254,63.18144742,63.18144901,2.141096947e-05,2.141010827e-05,4.399999053,4.599999056,3.799998929,0.6000002801,0.6000002772,0.6000003144,8.400004736,8.600004719,8.600005353
46.8,60.14907238,63.18144726,63.18144882,60.14907238,63.18144726,63.18144882,2.111235062e-05,2.111149095e-05,4.399999066,4.599999069,3.799998944,0.6000002762,0.6000002734,0.60000031,8.40000467,8.600004653,8.600005278
46.85,60.14907222,63.1814471,63.18144864,60.14907222,63.1814471,63.18144864,2.081789133e-05,2.08170386e-05,4.399999079,4.599999082,3.799998959,0.6000002724,0.6000002695,0.6000003057,8.400004605,8.600004589,8.600005204
46.9,60.14907206,63.18144694,63.18144845,60.14907205,63.18144694,63.18144845,2.052753331e-05,2.052669313e-05,4.399999092,4.599999095,3.799998974,0.6000002686,0.6000002658,0.6000003015,8.40000454,8.600004525,8.600005132
46.95,60.1490719,63.18144678,63.18144828,60.1490719,63.18144678,63.18144828,2.024121914e-05,2.024039725e-05,4.399999105,4.599999108,3.799998988,0.6000002648,0.6000002621,0.6000002972,8.400004477,8.600004461,8.60000506
47,60.14907174,63.18144662,63.1814481,60.14907174,63.18144662,63.1814481,1.995889224e-05,1.995809447e-05,4.399999117,4.59999912,3.799999002,0.6000002611,0.6000002584,0.6000002931,8.400004415,8.600004399,8.60000499
47.05,60.14907159,63.18144647,63.18144793,60.14907159,63.18144647,63.18144792,1.968049685e-05,1.967972911e-05,4.399999129,4.599999132,3.799999016,0.6000002575,0.6000002548,0.600000289,8.400004353,8.600004338,8.60000492
47.1,60.14907144,63.18144632,63.18144775,60.14907143,63.18144632,63.18144775,1.940597805e-05,1.940524625e-05,4.399999142,4.599999145,3.79999903,0.6000002539,0.6000002513,0.600000285,8.400004292,8.600004277,8.600004851
47.15,60.14907129,63.18144617,63.18144758,60.14907129,63.18144617,63.18144758,1.913528172e-05,1.913459173e-05,4.399999154,4.599999156,3.799999043,0.6000002504,0.6000002478,0.600000281,8.400004232,8.600004218,8.600004784
47.2,60.14907114,63.18144602,63.18144742,60.14907114,63.18144602,63.18144742,1.886835457e-05,1.886771217e-05,4.399999165,4.599999168,3.799999057,0.6000002469,0.6000002443,0.6000002771,8.400004173,8.600004159,8.600004717
47.25,60.14907099,63.18144588,63.18144725,60.14907099,63.18144588,63.18144725,1.860514409e-05,1.860455491e-05,4.399999177,4.59999918,3.79999907,0.6000002434,0.6000002409,0.6000002732,8.400004115,8.600004101,8.600004651
47.3,60.14907085,63.18144573,63.18144709,60.14907085,63.18144573,63.18144709,1.834559857e-05,1.834506803e-05,4.399999188,4.599999191,3.799999083,0.60000024,0.6000002375,0.6000002694,8.400004058,8.600004044,8.600004586
47.35,60.14907071,63.18144559,63.18144693,60.14907071,63.18144559,63.18144693,1.808966707e-05,1.808920035e-05,4.3999992,4.599999203,3.799999096,0.6000002367,0.6000002342,0.6000002657,8.400004001,8.600003987,8.600004522
47.4,60.14907057,63.18144545,63.18144677,60.14907057,63.18144545,63.18144677,1.783729942e-05,1.783690137e-05,4.399999211,4.599999214,3.799999108,0.6000002334,0.600000231,0.6000002619,8.400003945,8.600003932,8.600004459
47.45,60.14907043,63.18144532,63.18144662,60.14907043,63.18144532,63.18144662,1.758844621e-05,1.758812133e-05,4.399999222,4.599999225,3.799999121,0.6000002301,0.6000002277,0.6000002583,8.40000389,8.600003877,8.600004397
47.5,60.14907029,63.18144518,63.18144646,60.14907029,63.18144518,63.18144646,1.734305878e-05,1.734281115e-05,4.399999233,4.599999235,3.799999133,0.6000002269,0.6000002246,0.6000002547,8.400003836,8.600003823,8.600004336
47.55,60.14907016,63.18144505,63.18144631,60.14907016,63.18144505,63.18144631,1.71010892e-05,1.710092243e-05,4.399999244,4.599999246,3.799999145,0.6000002237,0.6000002214,0.6000002511,8.400003782,8.600003769,8.600004275
47.6,60.14907003,63.18144492,63.18144616,60.14907003,63.18144492,63.18144616,1.686249029e-05,1.686240746e-05,4.399999254,4.599999257,3.799999157,0.6000002206,0.6000002183,0.6000002476,8.40000373,8.600003717,8.600004215
47.65,60.1490699,63.18144479,63.18144602,60.1490699,63.18144479,63.18144602,1.662721556e-05,1.662721918e-05,4.399999264,4.599999267,3.799999169,0.6000002175,0.6000002153,0.6000002442,8.400003678,8.600003665,8.600004157
47.7,60.14906977,63.18144466,63.18144587,60.14906977,63.18144466,63.18144587,1.639521923e-05,1.639531116e-05,4.399999275,4.599999277,3.79999918,0.6000002145,0.6000002123,0.6000002408,8.400003626,8.600003614,8.600004099
47.75,60.14906964,63.18144453,63.18144573,60.14906964,63.18144453,63.18144573,1.616645622e-05,1.616663769e-05,4.399999285,4.599999287,3.799999192,0.6000002115,0.6000002093,0.6000002374,8.400003576,8.600003563,8.600004041
47.8,60.14906952,63.18144441,63.18144559,60.14906952,63.18144441,63.18144559,1.594088212e-05,1.594115365e-05,4.399999295,4.599999297,3.799999203,0.6000002086,0.6000002064,0.6000002341,8.400003526,8.600003514,8.600003985
47.85,60.1490694,63.18144429,63.18144545,60.1490694,63.18144429,63.18144545,1.571845319e-05,1.571881454e-05,4.399999305,4.599999307,3.799999214,0.6000002057,0.6000002035,0.6000002308,8.400003477,8.600003465,8.600003929
47.9,60.14906927,63.18144417,63.18144531,60.14906928,63.18144417,63.18144531,1.549912634e-05,1.54995765e-05,4.399999314,4.599999317,3.799999225,0.6000002028,0.6000002007,0.6000002276,8.400003428,8.600003416,8.600003875
47.95,60.14906916,63.18144405,63.18144518,60.14906916,63.18144405,63.18144518,1.528285912e-05,1.528339629e-05,4.399999324,4.599999326,3.799999236,0.6000002,0.6000001979,0.6000002244,8.40000338,8.600003369,8.600003821
48,60.14906904,63.18144393,63.18144504,60.14906904,63.18144393,63.18144504,1.50696097e-05,1.507023124e-05,4.399999333,4.599999336,3.799999247,0.6000001972,0.6000001951,0.6000002213,8.400003333,8.600003322,8.600003767
48.05,60.14906892,63.18144381,63.18144491,60.14906892,63.18144381,63.18144491,1.485933687e-05,1.486003932e-05,4.399999343,4.599999345,3.799999257,0.6000001944,0.6000001924,0.6000002182,8.400003287,8.600003275,8.600003715
48.1,60.14906881,63.1814437,63.18144478,60.14906881,63.1814437,63.18144478,1.465199999e-05,1.465277904e-05,4.399999352,4.599999354,3.799999267,0.6000001917,0.6000001897,0.6000002152,8.400003241,8.60000323,8.600003663
48.15,60.14906869,63.18144359,63.18144465,60.14906869,63.18144359,63.18144466,1.444755903e-05,1.444840952e-05,4.399999361,4.599999363,3.799999278,0.600000189,0.6000001871,0.6000002122,8.400003196,8.600003184,8.600003612
48.2,60.14906858,63.18144348,63.18144453,60.14906858,63.18144348,63.18144453,1.424597449e-05,1.424689045e-05,4.39999937,4.599999372,3.799999288,0.6000001864,0.6000001845,0.6000002092,8.400003151,8.60000314,8.600003561
48.25,60.14906847,63.18144337,63.1814444,60.14906847,63.18144337,63.18144441,1.404720741e-05,1.404818206e-05,4.399999379,4.599999381,3.799999298,0.6000001838,0.6000001819,0.6000002063,8.400003107,8.600003096,8.600003512
48.3,60.14906836,63.18144326,63.18144428,60.14906836,63.18144326,63.18144428,1.385121939e-05,1.385224515e-05,4.399999387,4.599999389,3.799999307,0.6000001812,0.6000001793,0.6000002034,8.400003064,8.600003053,8.600003463
48.35,60.14906826,63.18144315,63.18144416,60.14906826,63.18144315,63.18144416,1.36579725e-05,1.365904108e-05,4.399999396,4.599999398,3.799999317,0.6000001787,0.6000001768,0.6000002006,8.400003021,8.60000301,8.600003414
48.4,60.14906815,63.18144305,63.18144404,60.14906815,63.18144305,63.18144404,1.34674293e-05,1.346853171e-05,4.399999404,4.599999406,3.799999327,0.6000001762,0.6000001744,0.6000001978,8.400002979,8.600002968,8.600003367
48.45,60.14906805,63.18144294,63.18144392,60.14906805,63.18144294,63.18144393,1.327955284e-05,1.328067947e-05,4.399999413,4.599999415,3.799999336,0.6000001737,0.6000001719,0.600000195,8.400002937,8.600002927,8.60000332
48.5,60.14906795,63.18144284,63.18144381,60.14906795,63.18144284,63.18144381,1.309430658e-05,1.309544731e-05,4.399999421,4.599999423,3.799999345,0.6000001713,0.6000001695,0.6000001923,8.400002896,8.600002886,8.600003273
48.55,60.14906784,63.18144274,63.1814437,60.14906784,63.18144274,63.1814437,1.291165443e-05,1.291279866e-05,4.399999429,4.599999431,3.799999354,0.6000001689,0.6000001672,0.6000001896,8.400002856,8.600002846,8.600003228
48.6,60.14906774,63.18144264,63.18144358,60.14906775,63.18144264,63.18144358,1.273156066e-05,1.273269751e-05,4.399999437,4.599999439,3.799999363,0.6000001666,0.6000001648,0.600000187,8.400002816,8.600002806,8.600003183
48.65,60.14906765,63.18144254,63.18144347,60.14906765,63.18144254,63.18144347,1.255398998e-05,1.255510831e-05,4.399999445,4.599999447,3.799999372,0.6000001643,0.6000001625,0.6000001844,8.400002777,8.600002767,8.600003138
48.7,60.14906755,63.18144245,63.18144336,60.14906755,63.18144245,63.18144336,1.237890738e-05,1.237999604e-05,4.399999452,4.599999454,3.799999381,0.600000162,0.6000001603,0.6000001818,8.400002738,8.600002729,8.600003095
48.75,60.14906745,63.18144235,63.18144325,60.14906745,63.18144235,63.18144325,1.220627822e-05,1.220732615e-05,4.39999946,4.599999462,3.79999939,0.6000001597,0.600000158,0.6000001793,8.4000027,8.60000269,8.600003051
48.8,60.14906736,63.18144226,63.18144315,60.14906736,63.18144226,63.18144315,1.203606816e-05,1.203706457e-05,4.399999468,4.599999469,3.799999398,0.6000001575,0.6000001558,0.6000001768,8.400002662,8.600002653,8.600003009
48.85,60.14906727,63.18144217,63.18144304,60.14906727,63.18144217,63.18144304,1.186824311e-05,1.186917771e-05,4.399999475,4.599999477,3.799999407,0.6000001553,0.6000001537,0.6000001743,8.400002625,8.600002616,8.600002967
48.9,60.14906718,63.18144207,63.18144294,60.14906718,63.18144207,63.18144294,1.170276922e-05,1.170363245e-05,4.399999482,4.599999484,3.799999415,0.6000001531,0.6000001515,0.6000001719,8.400002588,8.600002579,8.600002926
48.95,60.14906709,63.18144198,63.18144284,60.14906709,63.18144198,63.18144284,1.153961289e-05,1.154039613e-05,4.39999949,4.599999491,3.799999423,0.600000151,0.6000001494,0.6000001695,8.400002552,8.600002544,8.600002885
49,60.149067,63.1814419,63.18144274,60.149067,63.1814419,63.18144274,1.137874068e-05,1.137943655e-05,4.399999497,4.599999498,3.799999431,0.6000001489,0.6000001473,0.6000001671,8.400002517,8.600002508,8.600002845
49.05,60.14906691,63.18144181,63.18144264,60.14906691,63.18144181,63.18144264,1.12201193e-05,1.122072195e-05,4.399999504,4.599999505,3.799999439,0.6000001468,0.6000001453,0.6000001648,8.400002482,8.600002473,8.600002805
49.1,60.14906682,63.18144172,63.18144254,60.14906682,63.18144172,63.18144254,1.106371559e-05,1.106422102e-05,4.399999511,4.599999512,3.799999447,0.6000001448,0.6000001433,0.6000001625,8.400002447,8.600002439,8.600002766
49.15,60.14906674,63.18144164,63.18144244,60.14906674,63.18144164,63.18144244,1.090949648e-05,1.090990289e-05,4.399999517,4.599999519,3.799999455,0.6000001427,0.6000001413,0.6000001602,8.400002413,8.600002405,8.600002727
49.2,60.14906665,63.18144155,63.18144235,60.14906665,63.18144155,63.18144235,1.075742894e-05,1.07577371e-05,4.399999524,4.599999526,3.799999462,0.6000001407,0.6000001393,0.600000158,8.400002379,8.600002371,8.600002689
49.25,60.14906657,63.18144147,63.18144225,60.14906657,63.18144147,63.18144226,1.060747999e-05,1.060769366e-05,4.399999531,4.599999532,3.79999947,0.6000001388,0.6000001373,0.6000001558,8.400002346,8.600002338,8.600002652
49.3,60.14906649,63.18144139,63.18144216,60.14906649,63.18144139,63.18144216,1.045961659e-05,1.045974294e-05,4.399999537,4.599999539,3.799999477,0.6000001369,0.6000001354,0.6000001536,8.400002313,8.600002305,8.600002615
49.35,60.14906641,63.18144131,63.18144207,60.14906641,63.18144131,63.18144207,1.031380566e-05,1.031385576e-05,4.399999544,4.599999545,3.799999484,0.6000001349,0.6000001335,0.6000001515,8.400002281,8.600002273,8.600002578
49.4,60.14906633,63.18144123,63.18144198,60.14906633,63.18144123,63.18144198,1.017001405e-05,1.017000334e-05,4.39999955,4.599999552,3.799999492,0.6000001331,0.6000001317,0.6000001493,8.400002249,8.600002242,8.600002542
49.45,60.14906625,63.18144115,63.18144189,60.14906625,63.18144115,63.18144189,1.002820843e-05,1.00281573e-05,4.399999556,4.599999558,3.799999499,0.6000001312,0.6000001298,0.6000001473,8.400002218,8.60000221,8.600002507
49.5,60.14906617,63.18144107,63.18144181,60.14906617,63.18144107,63.18144181,9.888355314e-06,9.888289654e-06,4.399999563,4.599999564,3.799999506,0.6000001294,0.600000128,0.6000001452,8.400002187,8.60000218,8.600002472
49.55,60.1490661,63.181441,63.18144172,60.1490661,63.181441,63.18144172,9.750438242e-06,9.750372817e-06,4.399999569,4.59999957,3.799999512,0.6000001276,0.6000001262,0.6000001432,8.400002157,8.600002149,8.600002438
49.6,60.14906602,63.18144092,63.18144163,60.14906602,63.18144092,63.18144163,9.614445852e-06,9.614379569e-06,4.399999575,4.599999576,3.799999519,0.6000001258,0.6000001245,0.6000001412,8.400002127,8.600002119,8.600002404
49.65,60.14906595,63.18144085,63.18144155,60.14906595,63.18144085,63.18144155,9.480350897e-06,9.480283091e-06,4.399999581,4.599999582,3.799999526,0.600000124,0.6000001227,0.6000001392,8.400002097,8.60000209,8.60000237
49.7,60.14906587,63.18144078,63.18144147,60.14906587,63.18144078,63.18144147,9.348126579e-06,9.34805692e-06,4.399999586,4.599999588,3.799999533,0.6000001223,0.600000121,0.6000001373,8.400002068,8.60000206,8.600002337
49.75,60.1490658,63.1814407,63.18144139,60.1490658,63.1814407,63.18144139,9.217746515e-06,9.217674974e-06,4.399999592,4.599999594,3.799999539,0.6000001206,0.6000001193,0.6000001354,8.400002039,8.600002032,8.600002304
49.8,60.14906573,63.18144063,63.18144131,60.14906573,63.18144063,63.18144131,9.089184758e-06,9.089111526e-06,4.399999598,4.599999599,3.799999546,0.6000001189,0.6000001177,0.6000001335,8.40000201,8.600002003,8.600002272
49.85,60.14906566,63.18144056,63.18144123,60.14906566,63.18144056,63.18144123,8.962415766e-06,8.96234122e-06,4.399999604,4.599999605,3.799999552,0.6000001173,0.600000116,0.6000001316,8.400001982,8.600001975,8.600002241
49.9,60.14906559,63.1814405,63.18144115,60.14906559,63.1814405,63.18144115,8.837414394e-06,8.837339036e-06,4.399999609,4.59999961,3.799999558,0.6000001156,0.6000001144,0.6000001298,8.400001955,8.600001948,8.600002209
49.95,60.14906552,63.18144043,63.18144107,60.14906552,63.18144043,63.18144107,8.714155891e-06,8.71408032e-06,4.399999615,4.599999616,3.799999564,0.600000114,0.6000001128,0.600000128,8.400001927,8.600001921,8.600002178
50,60.14906546,63.18144036,63.181441,60.14906546,63.18144036,63.181441,8.592615891e-06,8.592540757e-06,4.39999962,4.599999621,3.79999957,0.6000001124,0.6000001113,0.6000001262,8.400001901,8.600001894,8.600002148
50.05,60.14906539,63.18144029,63.18144092,60.14906539,63.18144029,63.18144092,8.472770401e-06,8.472696365e-06,4.399999625,4.599999626,3.799999576,0.6000001109,0.6000001097,0.6000001244,8.400001874,8.600001868,8.600002118
50.1,60.14906532,63.18144023,63.18144085,60.14906532,63.18144023,63.18144085,8.354595784e-06,8.354523507e-06,4.39999963,4.599999632,3.799999582,0.6000001093,0.6000001082,0.6000001227,8.400001848,8.600001841,8.600002089
50.15,60.14906526,63.18144017,63.18144077,60.14906526,63.18144016,63.18144077,8.238068774e-06,8.237998852e-06,4.399999636,4.599999637,3.799999588,0.6000001078,0.6000001067,0.600000121,8.400001822,8.600001816,8.600002059
50.2,60.1490652,63.1814401,63.1814407,60.1490652,63.1814401,63.1814407,8.12316644e-06,8.123099436e-06,4.399999641,4.599999642,3.799999594,0.6000001063,0.6000001052,0.6000001193,8.400001797,8.60000179,8.600002031
50.25,60.14906513,63.18144004,63.18144063,60.14906513,63.18144004,63.18144063,8.009866183e-06,8.009802565e-06,4.399999646,4.599999647,3.7999996,0.6000001048,0.6000001037,0.6000001176,8.400001772,8.600001766,8.600002002
50.3,60.14906507,63.18143998,63.18144056,60.14906507,63.18143998,63.18144056,7.898145762e-06,7.898085911e-06,4.399999651,4.599999652,3.799999605,0.6000001033,0.6000001023,0.600000116,8.400001747,8.600001741,8.600001974
50.35,60.14906501,63.18143992,63.18144049,60.14906501,63.18143992,63.18144049,7.787983235e-06,7.787927424e-06,4.399999655,4.599999657,3.799999611,0.6000001019,0.6000001008,0.6000001144,8.400001723,8.600001717,8.600001947
50.4,60.14906495,63.18143986,63.18144042,60.14906495,63.18143986,63.18144042,7.679356981e-06,7.679305369e-06,4.39999966,4.599999661,3.799999616,0.6000001005,0.6000000994,0.6000001128,8.400001699,8.600001693,8.60000192
50.45,60.14906489,63.1814398,63.18144036,60.14906489,63.1814398,63.18144036,7.572245709e-06,7.572198321e-06,4.399999665,4.599999666,3.799999621,0.6000000991,0.600000098,0.6000001112,8.400001675,8.600001669,8.600001893
50.5,60.14906483,63.18143974,63.18144029,60.14906483,63.18143974,63.18144029,7.466628406e-06,7.466585147e-06,4.39999967,4.599999671,3.799999627,0.6000000977,0.6000000967,0.6000001096,8.400001651,8.600001646,8.600001867
50.55,60.14906478,63.18143968,63.18144023,60.14906478,63.18143968,63.18144023,7.362484375e-06,7.362445008e-06,4.399999674,4.599999675,3.799999632,0.6000000963,0.6000000953,0.6000001081,8.400001628,8.600001623,8.600001841
50.6,60.14906472,63.18143963,63.18144016,60.14906472,63.18143963,63.18144016,7.259793189e-06,7.259757368e-06,4.399999679,4.59999968,3.799999637,0.600000095,0.600000094,0.6000001066,8.400001606,8.6000016,8.600001815
50.65,60.14906466,63.18143957,63.1814401,60.14906466,63.18143957,63.1814401,7.158534725e-06,7.158501961e-06,4.399999683,4.599999684,3.799999642,0.6000000937,0.6000000927,0.6000001051,8.400001583,8.600001578,8.60000179
50.7,60.14906461,63.18143952,63.18144004,60.14906461,63.18143952,63.18144004,7.058689136e-06,7.058658812e-06,4.399999688,4.599999689,3.799999647,0.6000000924,0.6000000914,0.6000001037,8.400001561,8.600001556,8.600001765
50.75,60.14906455,63.18143946,63.18143998,60.14906455,63.18143946,63.18143998,6.960236833e-06,6.96020823e-06,4.399999692,4.599999693,3.799999652,0.6000000911,0.6000000901,0.6000001022,8.400001539,8.600001534,8.60000174
50.8,60.1490645,63.18143941,63.18143991,60.1490645,63.18143941,63.18143991,6.863158514e-06,6.863130782e-06,4.399999696,4.599999697,3.799999657,0.6000000898,0.6000000889,0.6000001008,8.400001518,8.600001513,8.600001716
50.85,60.14906445,63.18143935,63.18143986,60.14906445,63.18143935,63.18143986,6.767435131e-06,6.767407321e-06,4.399999701,4.599999702,3.799999662,0.6000000885,0.6000000876,0.6000000994,8.400001497,8.600001492,8.600001692
50.9,60.14906439,63.1814393,63.1814398,60.14906439,63.1814393,63.1814398,6.673047899e-06,6.673018963e-06,4.399999705,4.599999706,3.799999666,0.6000000873,0.6000000864,0.600000098,8.400001476,8.600001471,8.600001668
50.95,60.14906434,63.18143925,63.18143974,60.14906434,63.18143925,63.18143974,6.579978274e-06,6.579947083e-06,4.399999709,4.59999971,3.799999671,0.6000000861,0.6000000852,0.6000000966,8.400001455,8.60000145,8.600001645
51,60.14906429,63.1814392,63.18143968,60.14906429,63.1814392,63.18143968,6.488207975e-06,6.488173328e-06,4.399999713,4.599999714,3.799999676,0.6000000849,0.600000084,0.6000000953,8.400001435,8.60000143,8.600001622
51.05,60.14906424,63.18143915,63.18143962,60.14906424,63.18143915,63.18143962,6.397718954e-06,6.397679581e-06,4.399999717,4.599999718,3.79999968,0.6000000837,0.6000000828,0.600000094,8.400001415,8.60000141,8.600001599
51.1,60.14906419,63.1814391,63.18143957,60.14906419,63.1814391,63.18143957,6.308493409e-06,6.308447997e-06,4.399999721,4.599999722,3.799999685,0.6000000825,0.6000000817,0.6000000926,8.400001395,8.60000139,8.600001577
51.15,60.14906414,63.18143905,63.18143951,60.14906414,63.18143905,63.18143951,6.220513775e-06,6.220460972e-06,4.399999725,4.599999726,3.799999689,0.6000000814,0.6000000805,0.6000000913,8.400001376,8.600001371,8.600001555
51.2,60.1490641,63.18143901,63.18143946,60.1490641,63.18143901,63.18143946,6.133762719e-06,6.133701143e-06,4.399999729,4.59999973,3.799999693,0.6000000803,0.6000000794,0.6000000901,8.400001357,8.600001352,8.600001533
51.25,60.14906405,63.18143896,63.18143941,60.14906405,63.18143896,63.18143941,6.048223123e-06,6.048151394e-06,4.399999732,4.599999733,3.799999698,0.6000000791,0.6000000783,0.6000000888,8.400001338,8.600001333,8.600001512
51.3,60.149064,63.18143891,63.18143935,60.149064,63.18143891,63.18143935,5.963878117e-06,5.963794851e-06,4.399999736,4.599999737,3.799999702,0.600000078,0.6000000772,0.6000000876,8.400001319,8.600001315,8.600001491
51.35,60.14906396,63.18143887,63.1814393,60.14906396,63.18143887,63.1814393,5.880711037e-06,5.88061487e-06,4.39999974,4.599999741,3.799999706,0.6000000769,0.6000000761,0.6000000864,8.400001301,8.600001296,8.60000147
51.4,60.14906391,63.18143882,63.18143925,60.14906391,63.18143882,63.18143925,5.798705449e-06,5.798595045e-06,4.399999743,4.599999744,3.79999971,0.6000000759,0.6000000751,0.6000000852,8.400001283,8.600001278,8.60000145
51.45,60.14906387,63.18143878,63.1814392,60.14906387,63.18143878,63.1814392,5.717845114e-06,5.717719188e-06,4.399999747,4.599999748,3.799999714,0.6000000748,0.600000074,0.600000084,8.400001265,8.60000126,8.600001429
51.5,60.14906382,63.18143873,63.18143915,60.14906382,63.18143873,63.18143915,5.638114027e-06,5.637971347e-06,4.399999751,4.599999751,3.799999718,0.6000000738,0.600000073,0.6000000828,8.400001247,8.600001243,8.600001409
51.55,60.14906378,63.18143869,63.1814391,60.14906378,63.18143869,63.1814391,5.559496382e-06,5.559335788e-06,4.399999754,4.599999755,3.799999722,0.6000000727,0.600000072,0.6000000816,8.40000123,8.600001225,8.60000139
51.6,60.14906374,63.18143865,63.18143905,60.14906374,63.18143865,63.18143905,5.481976587e-06,5.481796994e-06,4.399999757,4.599999758,3.799999726,0.6000000717,0.600000071,0.6000000805,8.400001213,8.600001208,8.60000137
51.65,60.14906369,63.1814386,63.181439,60.14906369,63.1814386,63.181439,5.405539234e-06,5.405339674e-06,4.399999761,4.599999762,3.79999973,0.6000000707,0.60000007,0.6000000794,8.400001196,8.600001191,8.600001351
51.7,60.14906365,63.18143856,63.18143896,60.14906365,63.18143856,63.18143896,5.330169151e-06,5.329948744e-06,4.399999764,4.599999765,3.799999733,0.6000000697,0.600000069,0.6000000783,8.400001179,8.600001175,8.600001333
51.75,60.14906361,63.18143852,63.18143891,60.14906361,63.18143852,63.18143891,5.25585133e-06,5.255609329e-06,4.399999768,4.599999768,3.799999737,0.6000000688,0.6000000681,0.6000000772,8.400001162,8.600001158,8.600001314
51.8,60.14906357,63.18143848,63.18143886,60.14906357,63.18143848,63.18143886,5.182570989e-06,5.18230676e-06,4.399999771,4.599999772,3.799999741,0.6000000678,0.6000000671,0.6000000761,8.400001146,8.600001142,8.600001296
51.85,60.14906353,63.18143844,63.18143882,60.14906353,63.18143844,63.18143882,5.11031353e-06,5.110026576e-06,4.399999774,4.599999775,3.799999744,0.6000000669,0.6000000662,0.600000075,8.40000113,8.600001126,8.600001278
51.9,60.14906349,63.1814384,63.18143877,60.14906349,63.1814384,63.18143877,5.03906454e-06,5.038754525e-06,4.399999777,4.599999778,3.799999748,0.6000000659,0.6000000652,0.600000074,8.400001115,8.600001111,8.60000126
51.95,60.14906345,63.18143836,63.18143873,60.14906345,63.18143836,63.18143873,4.968809813e-06,4.96847654e-06,4.39999978,4.599999781,3.799999752,0.600000065,0.6000000643,0.600000073,8.400001099,8.600001095,8.600001242
52,60.14906341,63.18143833,63.18143869,60.14906341,63.18143833,63.18143869,4.899535322e-06,4.89917875e-06,4.399999783,4.599999784,3.799999755,0.6000000641,0.6000000634,0.600000072,8.400001084,8.60000108,8.600001225
52.05,60.14906338,63.18143829,63.18143864,60.14906338,63.18143829,63.18143864,4.831227231e-06,4.830847495e-06,4.399999786,4.599999787,3.799999758,0.6000000632,0.6000000626,0.6000000709,8.400001069,8.600001065,8.600001208
52.1,60.14906334,63.18143825,63.1814386,60.14906334,63.18143825,63.1814386,4.763871896e-06,4.763469292e-06,4.399999789,4.59999979,3.799999762,0.6000000623,0.6000000617,0.60000007,8.400001054,8.60000105,8.600001191
52.15,60.1490633,63.18143821,63.18143856,60.1490633,63.18143821,63.18143856,4.697455836e-06,4.697030842e-06,4.399999792,4.599999793,3.799999765,0.6000000615,0.6000000608,0.600000069,8.400001039,8.600001035,8.600001174
52.2,60.14906327,63.18143818,63.18143852,60.14906327,63.18143818,63.18143852,4.631965788e-06,4.631519038e-06,4.399999795,4.599999796,3.799999768,0.6000000606,0.60000006,0.600000068,8.400001024,8.600001021,8.600001158
52.25,60.14906323,63.18143814,63.18143848,60.14906323,63.18143814,63.18143848,4.567388635e-06,4.56692097e-06,4.399999798,4.599999799,3.799999772,0.6000000598,0.6000000591,0.6000000671,8.40000101,8.600001007,8.600001142
52.3,60.1490632,63.18143811,63.18143844,60.14906319,63.18143811,63.18143844,4.50371147e-06,4.503223875e-06,4.399999801,4.599999801,3.799999775,0.6000000589,0.6000000583,0.6000000661,8.400000996,8.600000993,8.600001126
52.35,60.14906316,63.18143807,63.1814384,60.14906316,63.18143807,63.1814384,4.440921537e-06,4.440415196e-06,4.399999804,4.599999804,3.799999778,0.6000000581,0.6000000575,0.6000000652,8.400000982,8.600000979,8.60000111
52.4,60.14906313,63.18143804,63.18143836,60.14906313,63.18143804,63.18143836,4.379006286e-06,4.378482541e-06,4.399999806,4.599999807,3.799999781,0.6000000573,0.6000000567,0.6000000643,8.400000969,8.600000965,8.600001095
52.45,60.14906309,63.181438,63.18143832,60.14906309,63.181438,63.18143832,4.317953325e-06,4.31741369e-06,4.399999809,4.59999981,3.799999784,0.6000000565,0.6000000559,0.6000000634,8.400000955,8.600000952,8.600001079
52.5,60.14906306,63.18143797,63.18143829,60.14906306,63.18143797,63.18143829,4.257750429e-06,4.257196599e-06,4.399999812,4.599999812,3.799999787,0.6000000557,0.6000000551,0.6000000625,8.400000942,8.600000938,8.600001064
52.55,60.14906303,63.18143794,63.18143825,60.14906303,63.18143794,63.18143825,4.198385565e-06,4.197819385e-06,4.399999814,4.599999815,3.79999979,0.6000000549,0.6000000544,0.6000000617,8.400000929,8.600000925,8.60000105
52.6,60.14906299,63.18143791,63.18143821,60.14906299,63.18143791,63.18143821,4.139846867e-06,4.139270332e-06,4.399999817,4.599999818,3.799999793,0.6000000542,0.6000000536,0.6000000608,8.400000916,8.600000912,8.600001035
52.65,60.14906296,63.18143787,63.18143818,60.14906296,63.18143787,63.18143818,4.082122645e-06,4.081537893e-06,4.399999819,4.59999982,3.799999796,0.6000000534,0.6000000529,0.6000000599,8.400000903,8.6000009,8.60000102
52.7,60.14906293,63.18143784,63.18143814,60.14906293,63.18143784,63.18143814,4.025201354e-06,4.024610679e-06,4.399999822,4.599999823,3.799999799,0.6000000527,0.6000000521,0.6000000591,8.40000089,8.600000887,8.600001006
52.75,60.1490629,63.18143781,63.18143811,60.1490629,63.18143781,63.18143811,3.969071656e-06,3.968477449e-06,4.399999824,4.599999825,3.799999802,0.6000000519,0.6000000514,0.6000000583,8.400000878,8.600000875,8.600000992
52.8,60.14906287,63.18143778,63.18143807,60.14906287,63.18143778,63.18143807,3.913722349e-06,3.913127149e-06,4.399999827,4.599999827,3.799999804,0.6000000512,0.6000000507,0.6000000575,8.400000866,8.600000863,8.600000978
52.85,60.14906284,63.18143775,63.18143804,60.14906284,63.18143775,63.18143804,3.859142414e-06,3.858548837e-06,4.399999829,4.59999983,3.799999807,0.6000000505,0.60000005,0.6000000567,8.400000854,8.600000851,8.600000965
52.9,60.14906281,63.18143772,63.181438,60.14906281,63.18143772,63.181438,3.805320989e-06,3.804731757e-06,4.399999832,4.599999832,3.79999981,0.6000000498,0.6000000493,0.6000000559,8.400000842,8.600000839,8.600000951
52.95,60.14906278,63.18143769,63.18143797,60.14906278,63.18143769,63.18143797,3.752247378e-06,3.751665296e-06,4.399999834,4.599999835,3.799999812,0.6000000491,0.6000000486,0.6000000551,8.40000083,8.600000827,8.600000938
53,60.14906275,63.18143766,63.18143794,60.14906275,63.18143766,63.18143794,3.699911068e-06,3.699338974e-06,4.399999836,4.599999837,3.799999815,0.6000000484,0.6000000479,0.6000000543,8.400000818,8.600000816,8.600000925
53.05,60.14906272,63.18143764,63.18143791,60.14906272,63.18143764,63.18143791,3.648301665e-06,3.647742469e-06,4.399999839,4.599999839,3.799999818,0.6000000477,0.6000000472,0.6000000536,8.400000807,8.600000804,8.600000912
53.1,60.14906269,63.18143761,63.18143787,60.14906269,63.18143761,63.18143787,3.597408978e-06,3.596865614e-06,4.399999841,4.599999841,3.79999982,0.6000000471,0.6000000466,0.6000000528,8.400000796,8.600000793,8.600000899
53.15,60.14906267,63.18143758,63.18143784,60.14906267,63.18143758,63.18143784,3.547222942e-06,3.546698355e-06,4.399999843,4.599999844,3.799999823,0.6000000464,0.6000000459,0.6000000521,8.400000785,8.600000782,8.600000887
53.2,60.14906264,63.18143755,63.18143781,60.14906264,63.18143755,63.18143781,3.49773367e-06,3.497230814e-06,4.399999845,4.599999846,3.799999825,0.6000000458,0.6000000453,0.6000000514,8.400000774,8.600000771,8.600000874
53.25,60.14906261,63.18143753,63.18143778,60.14906261,63.18143753,63.18143778,3.448931433e-06,3.448453214e-06,4.399999847,4.599999848,3.799999828,0.6000000451,0.6000000447,0.6000000506,8.400000763,8.60000076,8.600000862
53.3,60.14906259,63.1814375,63.18143775,60.14906258,63.1814375,63.18143775,3.400806646e-06,3.400355942e-06,4.39999985,4.59999985,3.79999983,0.6000000445,0.600000044,0.6000000499,8.400000752,8.60000075,8.60000085
53.35,60.14906256,63.18143747,63.18143772,60.14906256,63.18143747,63.18143772,3.353349879e-06,3.352929505e-06,4.399999852,4.599999852,3.799999832,0.6000000439,0.6000000434,0.6000000492,8.400000742,8.600000739,8.600000838
53.4,60.14906253,63.18143745,63.18143769,60.14906253,63.18143745,63.18143769,3.306551849e-06,3.30616455e-06,4.399999854,4.599999854,3.799999835,0.6000000433,0.6000000428,0.6000000486,8.400000731,8.600000729,8.600000827
53.45,60.14906251,63.18143742,63.18143766,60.14906251,63.18143742,63.18143766,3.260403445e-06,3.260051846e-06,4.399999856,4.599999856,3.799999837,0.6000000427,0.6000000422,0.6000000479,8.400000721,8.600000719,8.600000815
53.5,60.14906248,63.1814374,63.18143763,60.14906248,63.1814374,63.18143763,3.214895675e-06,3.214582299e-06,4.399999858,4.599999858,3.799999839,0.6000000421,0.6000000416,0.6000000472,8.400000711,8.600000709,8.600000804
53.55,60.14906246,63.18143737,63.18143761,60.14906246,63.18143737,63.18143761,3.17001972e-06,3.169746942e-06,4.39999986,4.59999986,3.799999842,0.6000000415,0.600000041,0.6000000466,8.400000701,8.600000699,8.600000792
53.6,60.14906243,63.18143735,63.18143758,60.14906243,63.18143735,63.18143758,3.125766884e-06,3.125536918e-06,4.399999862,4.599999862,3.799999844,0.6000000409,0.6000000405,0.6000000459,8.400000691,8.600000689,8.600000781
53.65,60.14906241,63.18143732,63.18143755,60.14906241,63.18143732,63.18143755,3.082128636e-06,3.081943518e-06,4.399999864,4.599999864,3.799999846,0.6000000403,0.6000000399,0.6000000453,8.400000682,8.600000679,8.600000771
53.7,60.14906239,63.1814373,63.18143752,60.14906239,63.1814373,63.18143752,3.039096562e-06,3.038958134e-06,4.399999866,4.599999866,3.799999848,0.6000000398,0.6000000393,0.6000000446,8.400000672,8.60000067,8.60000076
53.75,60.14906236,63.18143728,63.1814375,60.14906236,63.18143728,63.1814375,2.996662398e-06,2.996572292e-06,4.399999867,4.599999868,3.79999985,0.6000000392,0.6000000388,0.600000044,8.400000663,8.600000661,8.600000749
53.8,60.14906234,63.18143725,63.18143747,60.14906234,63.18143725,63.18143747,2.954818028e-06,2.954777628e-06,4.399999869,4.59999987,3.799999852,0.6000000387,0.6000000383,0.6000000434,8.400000654,8.600000651,8.600000739
53.85,60.14906232,63.18143723,63.18143745,60.14906232,63.18143723,63.18143745,2.91355545e-06,2.913565889e-06,4.399999871,4.599999872,3.799999854,0.6000000381,0.6000000377,0.6000000428,8.400000644,8.600000642,8.600000728
53.9,60.14906229,63.18143721,63.18143742,60.14906229,63.18143721,63.18143742,2.872866811e-06,2.872928952e-06,4.399999873,4.599999873,3.799999856,0.6000000376,0.6000000372,0.6000000422,8.400000635,8.600000633,8.600000718
53.95,60.14906227,63.18143719,63.1814374,60.14906227,63.18143719,63.1814374,2.832744369e-06,2.832858799e-06,4.399999875,4.599999875,3.799999858,0.6000000371,0.6000000367,0.6000000416,8.400000627,8.600000624,8.600000708
54,60.14906225,63.18143716,63.18143737,60.14906225,63.18143716,63.18143737,2.793180523e-06,2.793347521e-06,4.399999876,4.599999877,3.79999986,0.6000000365,0.6000000362,0.600000041,8.400000618,8.600000616,8.600000698
54.05,60.14906223,63.18143714,63.18143735,60.14906223,63.18143714,63.18143735,2.754167794e-06,2.754387329e-06,4.399999878,4.599999879,3.799999862,0.600000036,0.6000000357,0.6000000404,8.400000609,8.600000607,8.600000689
54.1,60.14906221,63.18143712,63.18143732,60.14906221,63.18143712,63.18143732,2.715698811e-06,2.715970532e-06,4.39999988,4.59999988,3.799999864,0.6000000355,0.6000000352,0.6000000399,8.400000601,8.600000599,8.600000679
54.15,60.14906219,63.1814371,63.1814373,60.14906219,63.1814371,63.1814373,2.677766336e-06,2.678089561e-06,4.399999882,4.599999882,3.799999866,0.600000035,0.6000000347,0.6000000393,8.400000592,8.60000059,8.600000669
54.2,60.14906216,63.18143708,63.18143728,60.14906216,63.18143708,63.18143728,2.640363234e-06,2.640736923e-06,4.399999883,4.599999884,3.799999868,0.6000000345,0.6000000342,0.6000000388,8.400000584,8.600000582,8.60000066
54.25,60.14906214,63.18143706,63.18143725,60.14906214,63.18143706,63.18143725,2.603482494e-06,2.603905271e-06,4.399999885,4.599999885,3.79999987,0.6000000341,0.6000000337,0.6000000382,8.400000576,8.600000574,8.600000651
54.3,60.14906212,63.18143704,63.18143723,60.14906212,63.18143704,63.18143723,2.567117196e-06,2.567587323e-06,4.399999886,4.599999887,3.799999872,0.6000000336,0.6000000332,0.6000000377,8.400000568,8.600000566,8.600000642
54.35,60.1490621,63.18143702,63.18143721,60.1490621,63.18143702,63.18143721,2.531260537e-06,2.531775919e-06,4.399999888,4.599999888,3.799999873,0.6000000331,0.6000000328,0.6000000372,8.40000056,8.600000558,8.600000633
54.4,60.14906208,63.181437,63.18143719,60.14906209,63.181437,63.18143719,2.4959058e-06,2.496463992e-06,4.39999989,4.59999989,3.799999875,0.6000000327,0.6000000323,0.6000000367,8.400000552,8.60000055,8.600000624
54.45,60.14906207,63.18143698,63.18143716,60.14906207,63.18143698,63.18143716,2.461046383e-06,2.461644586e-06,4.399999891,4.599999892,3.799999877,0.6000000322,0.6000000319,0.6000000361,8.400000544,8.600000542,8.600000615
54.5,60.14906205,63.18143696,63.18143714,60.14906205,63.18143696,63.18143714,2.426675748e-06,2.427310819e-06,4.399999893,4.599999893,3.799999879,0.6000000318,0.6000000314,0.6000000356,8.400000537,8.600000535,8.600000607
54.55,60.14906203,63.18143694,63.18143712,60.14906203,63.18143694,63.18143712,2.392787471e-06,2.393455919e-06,4.399999894,4.599999895,3.79999988,0.6000000313,0.600000031,0.6000000351,8.400000529,8.600000527,8.600000598
54.6,60.14906201,63.18143693,63.1814371,60.14906201,63.18143693,63.1814371,2.359375196e-06,2.360073211e-06,4.399999896,4.599999896,3.799999882,0.6000000309,0.6000000305,0.6000000346,8.400000522,8.60000052,8.60000059
54.65,60.14906199,63.18143691,63.18143708,60.14906199,63.18143691,63.18143708,2.326432641e-06,2.327156111e-06,4.399999897,4.599999897,3.799999884,0.6000000304,0.6000000301,0.6000000342,8.400000515,8.600000513,8.600000582
54.7,60.14906197,63.18143689,63.18143706,60.14906197,63.18143689,63.18143706,2.293953607e-06,2.294698118e-06,4.399999899,4.599999899,3.799999885,0.60000003,0.6000000297,0.6000000337,8.400000507,8.600000506,8.600000573
54.75,60.14906196,63.18143687,63.18143704,60.14906196,63.18143687,63.18143704,2.261931961e-06,2.262692834e-06,4.3999999,4.5999999,3.799999887,0.6000000296,0.6000000293,0.6000000332,8.4000005,8.600000499,8.600000565
54.8,60.14906194,63.18143685,63.18143702,60.14906194,63.18143685,63.18143702,2.230361624e-06,2.231133946e-06,4.399999901,4.599999902,3.799999888,0.6000000292,0.6000000289,0.6000000328,8.400000493,8.600000492,8.600000558
54.85,60.14906192,63.18143684,63.181437,60.14906192,63.18143684,63.181437,2.199236577e-06,2.200015223e-06,4.399999903,4.599999903,3.79999989,0.6000000288,0.6000000285,0.6000000323,8.400000486,8.600000485,8.60000055
54.9,60.1490619,63.18143682,63.18143698,60.1490619,63.18143682,63.18143698,2.168550848e-06,2.169330531e-06,4.399999904,4.599999904,3.799999892,0.6000000284,0.6000000281,0.6000000318,8.40000048,8.600000478,8.600000542
54.95,60.14906189,63.1814368,63.18143696,60.14906189,63.1814368,63.18143696,2.138298519e-06,2.139073811e-06,4.399999905,4.599999906,3.799999893,0.600000028,0.6000000277,0.6000000314,8.400000473,8.600000471,8.600000535
55,60.14906187,63.18143679,63.18143694,60.14906187,63.18143679,63.18143694,2.1084737e-06,2.109239096e-06,4.399999907,4.599999907,3.799999895,0.6000000276,0.6000000273,0.600000031,8.400000466,8.600000465,8.600000527
55.05,60.14906185,63.18143677,63.18143692,60.14906185,63.18143677,63.18143693,2.07907054e-06,2.079820498e-06,4.399999908,4.599999908,3.799999896,0.6000000272,0.6000000269,0.6000000305,8.40000046,8.600000458,8.60000052
55.1,60.14906184,63.18143676,63.18143691,60.14906184,63.18143676,63.18143691,2.050083204e-06,2.050812221e-06,4.399999909,4.59999991,3.799999897,0.6000000268,0.6000000265,0.6000000301,8.400000453,8.600000452,8.600000513
55.15,60.14906182,63.18143674,63.18143689,60.14906182,63.18143674,63.18143689,2.021505883e-06,2.022208533e-06,4.399999911,4.599999911,3.799999899,0.6000000264,0.6000000262,0.6000000297,8.400000447,8.600000446,8.600000505
55.2,60.14906181,63.18143672,63.18143687,60.14906181,63.18143672,63.18143687,1.993332773e-06,1.994003796e-06,4.399999912,4.599999912,3.7999999,0.6000000261,0.6000000258,0.6000000293,8.400000441,8.600000439,8.600000498
55.25,60.14906179,63.18143671,63.18143685,60.14906179,63.18143671,63.18143685,1.965558068e-06,1.966192445e-06,4.399999913,4.599999913,3.799999902,0.6000000257,0.6000000254,0.6000000289,8.400000435,8.600000433,8.600000491
55.3,60.14906178,63.18143669,63.18143684,60.14906178,63.18143669,63.18143684,1.938175976e-06,1.938768992e-06,4.399999914,4.599999915,3.799999903,0.6000000254,0.6000000251,0.6000000285,8.400000429,8.600000427,8.600000485
55.35,60.14906176,63.18143668,63.18143682,60.14906176,63.18143668,63.18143682,1.911180668e-06,1.911728028e-06,4.399999915,4.599999916,3.799999904,0.600000025,0.6000000247,0.6000000281,8.400000423,8.600000421,8.600000478
55.4,60.14906175,63.18143666,63.1814368,60.14906175,63.18143666,63.1814368,1.884566305e-06,1.885064216e-06,4.399999917,4.599999917,3.799999906,0.6000000247,0.6000000244,0.6000000277,8.400000417,8.600000415,8.600000471
55.45,60.14906173,63.18143665,63.18143679,60.14906173,63.18143665,63.18143679,1.858327027e-06,1.8587723e-06,4.399999918,4.599999918,3.799999907,0.6000000243,0.6000000241,0.6000000273,8.400000411,8.60000041,8.600000465
55.5,60.14906172,63.18143664,63.18143677,60.14906172,63.18143664,63.18143677,1.832456912e-06,1.832847087e-06,4.399999919,4.599999919,3.799999908,0.600000024,0.6000000237,0.6000000269,8.400000405,8.600000404,8.600000458
55.55,60.1490617,63.18143662,63.18143675,60.1490617,63.18143662,63.18143676,1.806950009e-06,1.807283464e-06,4.39999992,4.59999992,3.79999991,0.6000000236,0.6000000234,0.6000000265,8.4000004,8.600000398,8.600000452
55.6,60.14906169,63.18143661,63.18143674,60.14906169,63.18143661,63.18143674,1.781800311e-06,1.782076395e-06,4.399999921,4.599999921,3.799999911,0.6000000233,0.6000000231,0.6000000262,8.400000394,8.600000393,8.600000445
55.65,60.14906168,63.18143659,63.18143672,60.14906168,63.18143659,63.18143672,1.757001727e-06,1.757220902e-06,4.399999922,4.599999923,3.799999912,0.600000023,0.6000000227,0.6000000258,8.400000389,8.600000387,8.600000439
55.7,60.14906166,63.18143658,63.18143671,60.14906166,63.18143658,63.18143671,1.732548097e-06,1.732712076e-06,4.399999923,4.599999924,3.799999913,0.6000000227,0.6000000224,0.6000000254,8.400000383,8.600000382,8.600000433
55.75,60.14906165,63.18143657,63.18143669,60.14906165,63.18143657,63.18143669,1.708433175e-06,1.708545085e-06,4.399999924,4.599999925,3.799999915,0.6000000224,0.6000000221,0.6000000251,8.400000378,8.600000377,8.600000427
55.8,60.14906164,63.18143655,63.18143668,60.14906164,63.18143655,63.18143668,1.68465062e-06,1.684715169e-06,4.399999925,4.599999926,3.799999916,0.600000022,0.6000000218,0.6000000247,8.400000373,8.600000371,8.600000421
55.85,60.14906162,63.18143654,63.18143666,60.14906162,63.18143654,63.18143666,1.661193976e-06,1.661217616e-06,4.399999927,4.599999927,3.799999917,0.6000000217,0.6000000215,0.6000000244,8.400000367,8.600000366,8.600000415
55.9,60.14906161,63.18143653,63.18143665,60.14906161,63.18143653,63.18143665,1.638056664e-06,1.638047797e-06,4.399999928,4.599999928,3.799999918,0.6000000214,0.6000000212,0.6000000241,8.400000362,8.600000361,8.60000041
55.95,60.1490616,63.18143652,63.18143664,60.1490616,63.18143652,63.18143663,1.615231975e-06,1.615201143e-06,4.399999929,4.599999929,3.799999919,0.6000000211,0.6000000209,0.6000000237,8.400000357,8.600000356,8.600000404
56,60.14906159,63.1814365,63.18143662,60.14906159,63.1814365,63.18143662,1.592713056e-06,1.592673138e-06,4.39999993,4.59999993,3.79999992,0.6000000208,0.6000000206,0.6000000234,8.400000352,8.600000351,8.600000398
56.05,60.14906157,63.18143649,63.18143661,60.14906157,63.18143649,63.18143661,1.570498889e-06,1.570459338e-06,4.399999931,4.599999931,3.799999921,0.6000000205,0.6000000203,0.6000000231,8.400000347,8.600000346,8.600000393
56.1,60.14906156,63.18143648,63.18143659,60.14906156,63.18143648,63.18143659,1.548594379e-06,1.548555371e-06,4.399999931,4.599999932,3.799999923,0.6000000203,0.6000000201,0.6000000227,8.400000343,8.600000341,8.600000387
56.15,60.14906155,63.18143647,63.18143658,60.14906155,63.18143647,63.18143658,1.52699539e-06,1.526956909e-06,4.399999932,4.599999933,3.799999924,0.60000002,0.6000000198,0.6000000224,8.400000338,8.600000337,8.600000382
56.2,60.14906154,63.18143646,63.18143657,60.14906154,63.18143646,63.18143657,1.505697654e-06,1.505659687e-06,4.399999933,4.599999934,3.799999925,0.6000000197,0.6000000195,0.6000000221,8.400000333,8.600000332,8.600000376
56.25,60.14906153,63.18143644,63.18143655,60.14906153,63.18143644,63.18143655,1.484696962e-06,1.484659514e-06,4.399999934,4.599999935,3.799999926,0.6000000194,0.6000000192,0.6000000218,8.400000328,8.600000327,8.600000371
56.3,60.14906151,63.18143643,63.18143654,60.14906151,63.18143643,63.18143654,1.463989175e-06,1.463952238e-06,4.399999935,4.599999935,3.799999927,0.6000000192,0.600000019,0.6000000215,8.400000324,8.600000323,8.600000366
56.35,60.1490615,63.18143642,63.18143653,60.1490615,63.18143642,63.18143653,1.443570197e-06,1.443533773e-06,4.399999936,4.599999936,3.799999928,0.6000000189,0.6000000187,0.6000000212,8.400000319,8.600000318,8.600000361
56.4,60.14906149,63.18143641,63.18143652,60.14906149,63.18143641,63.18143652,1.423436003e-06,1.423400099e-06,4.399999937,4.599999937,3.799999929,0.6000000186,0.6000000184,0.6000000209,8.400000315,8.600000314,8.600000356
56.45,60.14906148,63.1814364,63.1814365,60.14906148,63.1814364,63.1814365,1.403582629e-06,1.403547239e-06,4.399999938,4.599999938,3.79999993,0.6000000184,0.6000000182,0.6000000206,8.40000031,8.600000309,8.600000351
56.5,60.14906147,63.18143639,63.18143649,60.14906147,63.18143639,63.18143649,1.384006153e-06,1.383971273e-06,4.399999939,4.599999939,3.799999931,0.6000000181,0.6000000179,0.6000000203,8.400000306,8.600000305,8.600000346
56.55,60.14906146,63.18143638,63.18143648,60.14906146,63.18143638,63.18143648,1.364702717e-06,1.364668347e-06,4.39999994,4.59999994,3.799999932,0.6000000179,0.6000000177,0.60000002,8.400000302,8.600000301,8.600000341
56.6,60.14906145,63.18143637,63.18143647,60.14906145,63.18143637,63.18143647,1.345668511e-06,1.345634642e-06,4.39999994,4.599999941,3.799999933,0.6000000176,0.6000000174,0.6000000198,8.400000298,8.600000297,8.600000336
56.65,60.14906144,63.18143636,63.18143645,60.14906144,63.18143636,63.18143645,1.32689979e-06,1.326866416e-06,4.399999941,4.599999942,3.799999934,0.6000000174,0.6000000172,0.6000000195,8.400000293,8.600000292,8.600000332
56.7,60.14906143,63.18143635,63.18143644,60.14906143,63.18143635,63.18143644,1.308392849e-06,1.308359956e-06,4.399999942,4.599999942,3.799999935,0.6000000171,0.6000000169,0.6000000192,8.400000289,8.600000288,8.600000327
56.75,60.14906142,63.18143634,63.18143643,60.14906142,63.18143634,63.18143643,1.290144034e-06,1.290111619e-06,4.399999943,4.599999943,3.799999935,0.6000000169,0.6000000167,0.6000000189,8.400000285,8.600000284,8.600000323
56.8,60.14906141,63.18143633,63.18143642,60.14906141,63.18143633,63.18143642,1.272149753e-06,1.272117798e-06,4.399999944,4.599999944,3.799999936,0.6000000166,0.6000000165,0.6000000187,8.400000281,8.60000028,8.600000318
56.85,60.1490614,63.18143632,63.18143641,60.1490614,63.18143632,63.18143641,1.254406458e-06,1.254374944e-06,4.399999945,4.599999945,3.799999937,0.6000000164,0.6000000162,0.6000000184,8.400000277,8.600000276,8.600000314
56.9,60.14906139,63.18143631,63.1814364,60.14906139,63.18143631,63.1814364,1.23691065e-06,1.236879564e-06,4.399999945,4.599999945,3.799999938,0.6000000162,0.600000016,0.6000000182,8.400000274,8.600000273,8.600000309
56.95,60.14906138,63.1814363,63.18143639,60.14906138,63.1814363,63.18143639,1.219658876e-06,1.219628193e-06,4.399999946,4.599999946,3.799999939,0.600000016,0.6000000158,0.6000000179,8.40000027,8.600000269,8.600000305
57,60.14906137,63.18143629,63.18143638,60.14906137,63.18143629,63.18143638,1.202647737e-06,1.202617441e-06,4.399999947,4.599999947,3.79999994,0.6000000157,0.6000000156,0.6000000177,8.400000266,8.600000265,8.600000301
57.05,60.14906136,63.18143628,63.18143637,60.14906136,63.18143628,63.18143637,1.185873875e-06,1.185843941e-06,4.399999948,4.599999948,3.799999941,0.6000000155,0.6000000154,0.6000000174,8.400000262,8.600000261,8.600000296
57.1,60.14906135,63.18143627,63.18143636,60.14906135,63.18143627,63.18143636,1.169333983e-06,1.16930439e-06,4.399999948,4.599999948,3.799999942,0.6000000153,0.6000000151,0.6000000172,8.400000259,8.600000258,8.600000292
57.15,60.14906134,63.18143626,63.18143635,60.14906134,63.18143626,63.18143635,1.153024797e-06,1.15299553e-06,4.399999949,4.599999949,3.799999942,0.6000000151,0.6000000149,0.6000000169,8.400000255,8.600000254,8.600000288
57.2,60.14906133,63.18143625,63.18143634,60.14906133,63.18143625,63.18143634,1.136943099e-06,1.136914133e-06,4.39999995,4.59999995,3.799999943,0.6000000149,0.6000000147,0.6000000167,8.400000251,8.600000251,8.600000284
57.25,60.14906132,63.18143624,63.18143633,60.14906132,63.18143624,63.18143633,1.121085709e-06,1.121057035e-06,4.39999995,4.599999951,3.799999944,0.6000000147,0.6000000145,0.6000000165,8.400000248,8.600000247,8.60000028
57.3,60.14906132,63.18143623,63.18143632,60.14906132,63.18143623,63.18143632,1.105449512e-06,1.105421101e-06,4.399999951,4.599999951,3.799999945,0.6000000145,0.6000000143,0.6000000162,8.400000245,8.600000244,8.600000276
57.35,60.14906131,63.18143623,63.18143631,60.14906131,63.18143623,63.18143631,1.090031404e-06,1.090003249e-06,4.399999952,4.599999952,3.799999946,0.6000000143,0.6000000141,0.600000016,8.400000241,8.60000024,8.600000272
57.4,60.1490613,63.18143622,63.1814363,60.1490613,63.18143622,63.1814363,1.074828361e-06,1.074800437e-06,4.399999952,4.599999953,3.799999946,0.6000000141,0.6000000139,0.6000000158,8.400000238,8.600000237,8.600000269
57.45,60.14906129,63.18143621,63.18143629,60.14906129,63.18143621,63.18143629,1.059837363e-06,1.059809665e-06,4.399999953,4.599999953,3.799999947,0.6000000139,0.6000000137,0.6000000156,8.400000234,8.600000234,8.600000265
57.5,60.14906128,63.1814362,63.18143628,60.14906128,63.1814362,63.18143628,1.045055458e-06,1.045027975e-06,4.399999954,4.599999954,3.799999948,0.6000000137,0.6000000135,0.6000000153,8.400000231,8.60000023,8.600000261
57.55,60.14906127,63.18143619,63.18143627,60.14906127,63.18143619,63.18143627,1.030479729e-06,1.03045246e-06,4.399999954,4.599999955,3.799999948,0.6000000135,0.6000000133,0.6000000151,8.400000228,8.600000227,8.600000258
57.6,60.14906127,63.18143619,63.18143626,60.14906127,63.18143619,63.18143626,1.016107292e-06,1.016080233e-06,4.399999955,4.599999955,3.799999949,0.6000000133,0.6000000132,0.6000000149,8.400000225,8.600000224,8.600000254
57.65,60.14906126,63.18143618,63.18143625,60.14906126,63.18143618,63.18143625,1.001935318e-06,1.001908465e-06,4.399999956,4.599999956,3.79999995,0.6000000131,0.600000013,0.6000000147,8.400000222,8.600000221,8.60000025
57.7,60.14906125,63.18143617,63.18143624,60.14906125,63.18143617,63.18143624,9.879609924e-07,9.879343536e-07,4.399999956,4.599999956,3.799999951,0.6000000129,0.6000000128,0.6000000145,8.400000219,8.600000218,8.600000247
57.75,60.14906124,63.18143616,63.18143623,60.14906124,63.18143616,63.18143623,9.74181578e-07,9.741551452e-07,4.399999957,4.599999957,3.799999951,0.6000000127,0.6000000126,0.6000000143,8.400000215,8.600000215,8.600000244
57.8,60.14906124,63.18143615,63.18143623,60.14906124,63.18143615,63.18143623,9.605943262e-07,9.605681239e-07,4.399999958,4.599999958,3.799999952,0.6000000126,0.6000000124,0.6000000141,8.400000212,8.600000212,8.60000024
57.85,60.14906123,63.18143615,63.18143622,60.14906123,63.18143615,63.18143622,9.471965689e-07,9.471706056e-07,4.399999958,4.599999958,3.799999953,0.6000000124,0.6000000123,0.6000000139,8.40000021,8.600000209,8.600000237
57.9,60.14906122,63.18143614,63.18143621,60.14906122,63.18143614,63.18143621,9.339856601e-07,9.339599563e-07,4.399999959,4.599999959,3.799999953,0.6000000122,0.6000000121,0.6000000137,8.400000207,8.600000206,8.600000233
57.95,60.14906121,63.18143613,63.1814362,60.14906121,63.18143613,63.1814362,9.209589903e-07,9.20933554e-07,4.399999959,4.599999959,3.799999954,0.600000012,0.6000000119,0.6000000135,8.400000204,8.600000203,8.60000023
58,60.14906121,63.18143613,63.18143619,60.14906121,63.18143613,63.18143619,9.081139823e-07,9.080888423e-07,4.39999996,4.59999996,3.799999955,0.6000000119,0.6000000118,0.6000000133,8.400000201,8.6000002,8.600000227
58.05,60.1490612,63.18143612,63.18143619,60.1490612,63.18143612,63.18143619,8.954481046e-07,8.954232817e-07,4.39999996,4.599999961,3.799999955,0.6000000117,0.6000000116,0.6000000131,8.400000198,8.600000197,8.600000224
58.1,60.14906119,63.18143611,63.18143618,60.14906119,63.18143611,63.18143618,8.829588514e-07,8.82934369e-07,4.399999961,4.599999961,3.799999956,0.6000000116,0.6000000114,0.600000013,8.400000195,8.600000195,8.600000221
58.15,60.14906119,63.18143611,63.18143617,60.14906119,63.18143611,63.18143617,8.706437634e-07,8.706196517e-07,4.399999961,4.599999962,3.799999956,0.6000000114,0.6000000113,0.6000000128,8.400000193,8.600000192,8.600000218
58.2,60.14906118,63.1814361,63.18143616,60.14906118,63.1814361,63.18143616,8.58500409e-07,8.584766914e-07,4.399999962,4.599999962,3.799999957,0.6000000112,0.6000000111,0.6000000126,8.40000019,8.600000189,8.600000215
58.25,60.14906117,63.18143609,63.18143615,60.14906117,63.18143609,63.18143615,8.465263875e-07,8.465030936e-07,4.399999963,4.599999963,3.799999958,0.6000000111,0.600000011,0.6000000124,8.400000187,8.600000187,8.600000212
58.3,60.14906117,63.18143609,63.18143615,60.14906117,63.18143609,63.18143615,8.347193365e-07,8.346964987e-07,4.399999963,4.599999963,3.799999958,0.6000000109,0.6000000108,0.6000000123,8.400000185,8.600000184,8.600000209
58.35,60.14906116,63.18143608,63.18143614,60.14906116,63.18143608,63.18143614,8.230769334e-07,8.230545763e-07,4.399999964,4.599999964,3.799999959,0.6000000108,0.6000000107,0.6000000121,8.400000182,8.600000181,8.600000206
58.4,60.14906115,63.18143607,63.18143613,60.14906115,63.18143607,63.18143613,8.115968857e-07,8.115750298e-07,4.399999964,4.599999964,3.799999959,0.6000000106,0.6000000105,0.6000000119,8.40000018,8.600000179,8.600000203
58.45,60.14906115,63.18143607,63.18143613,60.14906115,63.18143607,63.18143613,8.002769199e-07,8.002555939e-07,4.399999965,4.599999965,3.79999996,0.6000000105,0.6000000104,0.6000000118,8.400000177,8.600000176,8.6000002
58.5,60.14906114,63.18143606,63.18143612,60.14906114,63.18143606,63.18143612,7.891148132e-07,7.890940342e-07,4.399999965,4.599999965,3.799999961,0.6000000103,0.6000000102,0.6000000116,8.400000175,8.600000174,8.600000197
58.55,60.14906113,63.18143605,63.18143611,60.14906113,63.18143605,63.18143611,7.781083548e-07,7.780881547e-07,4.399999966,4.599999966,3.799999961,0.6000000102,0.6000000101,0.6000000114,8.400000172,8.600000172,8.600000195
58.6,60.14906113,63.18143605,63.18143611,60.14906113,63.18143605,63.18143611,7.672553871e-07,7.672357742e-07,4.399999966,4.599999966,3.799999962,0.60000001,0.6000000099,0.6000000113,8.40000017,8.600000169,8.600000192
58.65,60.14906112,63.18143604,63.1814361,60.14906112,63.18143604,63.1814361,7.565537684e-07,7.565347596e-07,4.399999967,4.599999967,3.799999962,0.6000000099,0.6000000098,0.6000000111,8.400000167,8.600000167,8.600000189
58.7,60.14906112,63.18143604,63.18143609,60.14906112,63.18143604,63.18143609,7.460013993e-07,7.459830024e-07,4.399999967,4.599999967,3.799999963,0.6000000098,0.6000000097,0.600000011,8.400000165,8.600000164,8.600000186
58.75,60.14906111,63.18143603,63.18143609,60.14906111,63.18143603,63.18143609,7.355961958e-07,7.355784067e-07,4.399999967,4.599999968,3.799999963,0.6000000096,0.6000000095,0.6000000108,8.400000163,8.600000162,8.600000184
58.8,60.14906111,63.18143603,63.18143608,60.14906111,63.18143603,63.18143608,7.253361117e-07,7.253189305e-07,4.399999968,4.599999968,3.799999964,0.6000000095,0.6000000094,0.6000000107,8.40000016,8.60000016,8.600000181
58.85,60.1490611,63.18143602,63.18143607,60.1490611,63.18143602,63.18143607,7.15219129e-07,7.152025513e-07,4.399999968,4.599999968,3.799999964,0.6000000094,0.6000000093,0.6000000105,8.400000158,8.600000158,8.600000179
58.9,60.14906109,63.18143601,63.18143607,60.14906109,63.18143601,63.18143607,7.052432586e-07,7.052272682e-07,4.399999969,4.599999969,3.799999965,0.6000000092,0.6000000091,0.6000000104,8.400000156,8.600000155,8.600000176
58.95,60.14906109,63.18143601,63.18143606,60.14906109,63.18143601,63.18143606,6.954065399e-07,6.953911166e-07,4.399999969,4.599999969,3.799999965,0.6000000091,0.600000009,0.6000000102,8.400000154,8.600000153,8.600000174
59,60.14906108,63.181436,63.18143605,60.14906108,63.181436,63.18143605,6.857070379e-07,6.856921567e-07,4.39999997,4.59999997,3.799999966,0.600000009,0.6000000089,0.6000000101,8.400000152,8.600000151,8.600000171
59.05,60.14906108,63.181436,63.18143605,60.14906108,63.181436,63.18143605,6.761428412e-07,6.76128473e-07,4.39999997,4.59999997,3.799999966,0.6000000088,0.6000000088,0.6000000099,8.40000015,8.600000149,8.600000169
59.1,60.14906107,63.18143599,63.18143604,60.14906107,63.18143599,63.18143604,6.667120757e-07,6.66698172e-07,4.399999971,4.599999971,3.799999967,0.6000000087,0.6000000086,0.6000000098,8.400000147,8.600000147,8.600000167
59.15,60.14906107,63.18143599,63.18143604,60.14906107,63.18143599,63.18143604,6.574128879e-07,6.573994073e-07,4.399999971,4.599999971,3.799999967,0.6000000086,0.6000000085,0.6000000097,8.400000145,8.600000145,8.600000164
59.2,60.14906106,63.18143598,63.18143603,60.14906106,63.18143598,63.18143603,6.482434373e-07,6.482303341e-07,4.399999971,4.599999971,3.799999968,0.6000000085,0.6000000084,0.6000000095,8.400000143,8.600000143,8.600000162
59.25,60.14906106,63.18143598,63.18143603,60.14906106,63.18143598,63.18143603,6.392019313e-07,6.391891451e-07,4.399999972,4.599999972,3.799999968,0.6000000084,0.6000000083,0.6000000094,8.400000141,8.600000141,8.60000016
59.3,60.14906105,63.18143597,63.18143602,60.14906105,63.18143597,63.18143602,6.302865868e-07,6.302740636e-07,4.399999972,4.599999972,3.799999968,0.6000000082,0.6000000082,0.6000000093,8.400000139,8.600000139,8.600000158
59.35,60.14906105,63.18143597,63.18143601,60.14906105,63.18143597,63.18143601,6.214956491e-07,6.21483323e-07,4.399999973,4.599999973,3.799999969,0.6000000081,0.600000008,0.6000000091,8.400000137,8.600000137,8.600000155
59.4,60.14906104,63.18143596,63.18143601,60.14906104,63.18143596,63.18143601,6.128273794e-07,6.12815185e-07,4.399999973,4.599999973,3.799999969,0.600000008,0.6000000079,0.600000009,8.400000136,8.600000135,8.600000153
59.45,60.14906104,63.18143596,63.181436,60.14906104,63.18143596,63.181436,6.042800765e-07,6.04267948e-07,4.399999973,4.599999973,3.79999997,0.6000000079,0.6000000078,0.6000000089,8.400000134,8.600000133,8.600000151
59.5,60.14906103,63.18143595,63.181436,60.14906103,63.18143595,63.181436,5.958520429e-07,5.958399277e-07,4.399999974,4.599999974,3.79999997,0.6000000078,0.6000000077,0.6000000088,8.400000132,8.600000131,8.600000149
59.55,60.14906103,63.18143595,63.18143599,60.14906103,63.18143595,63.18143599,5.875416271e-07,5.875294544e-07,4.399999974,4.599999974,3.799999971,0.6000000077,0.6000000076,0.6000000086,8.40000013,8.60000013,8.600000147
59.6,60.14906103,63.18143594,63.18143599,60.14906103,63.18143594,63.18143599,5.793471723e-07,5.793348935e-07,4.399999974,4.599999974,3.799999971,0.6000000076,0.6000000075,0.6000000085,8.400000128,8.600000128,8.600000145
59.65,60.14906102,63.18143594,63.18143598,60.14906102,63.18143594,63.18143598,5.712670516e-07,5.712546254e-07,4.399999975,4.599999975,3.799999971,0.6000000075,0.6000000074,0.6000000084,8.400000126,8.600000126,8.600000143
59.7,60.14906102,63.18143594,63.18143598,60.14906102,63.18143594,63.18143598,5.632996578e-07,5.632870558e-07,4.399999975,4.599999975,3.799999972,0.6000000074,0.6000000073,0.6000000083,8.400000125,8.600000124,8.600000141
59.75,60.14906101,63.18143593,63.18143597,60.14906101,63.18143593,63.18143597,5.554434089e-07,5.554306104e-07,4.399999975,4.599999976,3.799999972,0.6000000073,0.6000000072,0.6000000082,8.400000123,8.600000122,8.600000139
59.8,60.14906101,63.18143593,63.18143597,60.14906101,63.18143593,63.18143597,5.476967395e-07,5.476837483e-07,4.399999976,4.599999976,3.799999973,0.6000000072,0.6000000071,0.600000008,8.400000121,8.600000121,8.600000137
59.85,60.149061,63.18143592,63.18143596,60.149061,63.18143592,63.18143596,5.400580953e-07,5.400449361e-07,4.399999976,4.599999976,3.799999973,0.6000000071,0.600000007,0.6000000079,8.400000119,8.600000119,8.600000135
59.9,60.149061,63.18143592,63.18143596,60.149061,63.18143592,63.18143596,5.325259278e-07,5.325126625e-07,4.399999976,4.599999977,3.799999973,0.600000007,0.6000000069,0.6000000078,8.400000118,8.600000117,8.600000133
59.95,60.149061,63.18143591,63.18143595,60.149061,63.18143591,63.18143595,5.250987368e-07,5.250854514e-07,4.399999977,4.599999977,3.799999974,0.6000000069,0.6000000068,0.6000000077,8.400000116,8.600000116,8.600000131
60,60.14906099,63.18143591,63.18143595,60.14906099,63.18143591,63.18143595,5.177750056e-07,5.177618235e-07,4.399999977,4.599999977,3.799999974,0.6000000068,0.6000000067,0.6000000076,8.400000115,8.600000114,8.600000129
