t,n1,n2,n3,oracle_n1,oracle_n2,oracle_n3,error_norm,oracle_error_norm,r1,r2,r3,u1,u2,u3,z1,z2,z3
0,66.16396678,56.86329206,69.49957919,66.16396678,56.86329206,69.49957919,10.77111745,10.77111745,3.918807514,5.105451485,3.294548515,0.7383926519,0.4463059017,0.7447495594,10.80596243,6.072742575,11.12725743
0.05,66.0271529,57.06962413,69.33774408,66.0271529,57.06962413,69.33774408,10.4788521,10.4788521,3.929752625,5.08894492,3.307495324,0.7353186747,0.4515184895,0.7411188654,10.75123688,6.155275402,11.06252338
0.1,65.89361723,57.26971338,69.18041811,65.89361723,57.26971338,69.18041811,10.19490954,10.19490954,3.940435478,5.07293778,3.320081401,0.7323155836,0.456558983,0.7375861591,10.69782261,6.235311101,10.99959299
0.15,65.76327906,57.46374246,69.02747001,65.76327906,57.46374246,69.02747001,9.919051411,9.919051411,3.950862531,5.057415453,3.332317249,0.7293817286,0.4614334896,0.7341487094,10.64568734,6.312922735,10.93841375
0.2,65.63605967,57.65188879,68.8787724,65.63605967,57.65188879,68.8787724,9.651046173,9.651046173,3.961040083,5.042363747,3.344213058,0.7265154985,0.466147857,0.7308038627,10.59479959,6.388181266,10.87893471
0.25,65.5118823,57.83432465,68.73420169,65.5118823,57.83432465,68.73420169,9.390668891,9.390668891,3.970974273,5.027768878,3.355778714,0.7237153195,0.4707076883,0.7275490407,10.54512864,6.46115561,10.82110643
0.3,65.39067209,58.01121738,68.59363795,65.39067209,58.01121738,68.59363795,9.137701058,9.137701058,3.980671089,5.01361746,3.367023814,0.7209796544,0.4751183547,0.7243817385,10.49664455,6.531912702,10.76488093
0.35,65.27235605,58.18272949,68.45696481,65.27235605,58.18272949,68.45696481,8.891930407,8.891930407,3.990136372,4.999896491,3.377957665,0.7183070015,0.4793850083,0.7212995218,10.44931814,6.600517547,10.71021167
0.4,65.15686301,58.34901882,68.32406934,65.15686301,58.34901882,68.32406934,8.653150733,8.653150733,3.999375816,4.986593345,3.388589303,0.7156958942,0.4835125933,0.718300025,10.40312092,6.667033277,10.65705348
0.45,65.04412355,58.51023864,68.19484197,65.04412355,58.51023864,68.19484197,8.42116172,8.42116172,4.008394972,4.973695759,3.398927493,0.7131448998,0.487505857,0.7153809495,10.35802514,6.731521205,10.60536254
0.5,64.93406999,58.66653782,68.06917638,64.93406999,58.66653782,68.06917638,8.195768769,8.195768769,4.017199257,4.961191825,3.40898074,0.7106526186,0.4913693597,0.7125400612,10.31400371,6.794040877,10.5550963
0.55,64.82663633,58.81806093,67.94696938,64.82663633,58.81806093,67.94696938,7.97678284,7.97678284,4.02579395,4.949069976,3.418757299,0.7082176836,0.4951074838,0.7097751888,10.27103025,6.85465012,10.5062135
0.6,64.7217582,58.96494836,67.82812088,64.7217582,58.96494836,67.82812088,7.764020287,7.764020287,4.034184201,4.937318981,3.42826518,0.7058387591,0.4987244431,0.7070842222,10.229079,6.913405095,10.4586741
0.65,64.61937284,59.10733648,67.7125337,64.61937284,59.10733648,67.7125337,7.557302706,7.557302706,4.042375029,4.925927931,3.437512154,0.7035145404,0.5022242903,0.7044651105,10.18812486,6.970360343,10.41243923
0.7,64.51941906,59.2453577,67.60011358,64.51941906,59.2453577,67.60011358,7.356456788,7.356456787,4.050371332,4.914886234,3.446505764,0.701243753,0.5056109252,0.7019158601,10.14814334,7.025568829,10.36747118
0.75,64.42183717,59.3791406,67.49076903,64.42183717,59.3791406,67.49076903,7.161314166,7.161314165,4.058177883,4.904183602,3.455253327,0.6990251517,0.5088881016,0.6994345335,10.10911058,7.079081989,10.32373336
0.8,64.32656897,59.50881006,67.38441128,64.32656897,59.50881007,67.38441128,6.971711281,6.971711277,4.065799339,4.893810045,3.463761948,0.6968575202,0.5120594343,0.6970192475,10.07100331,7.130949775,10.28119026
0.85,64.23355772,59.63448737,67.28095417,64.23355772,59.63448737,67.28095416,6.787489235,6.787489231,4.073240239,4.883755861,3.472038517,0.6947396701,0.5151284051,0.6946681714,10.03379881,7.181220696,10.23980742
0.9,64.14274808,59.75629027,67.1803141,64.14274808,59.75629027,67.18031409,6.608493669,6.608493665,4.08050501,4.874011628,3.480089722,0.6926704407,0.5180983689,0.692379526,9.997474951,7.229941858,10.19955139
0.95,64.05408609,59.87433314,67.08240993,64.05408609,59.87433315,67.08240993,6.434574625,6.434574624,4.087597969,4.864568198,3.487922055,0.6906486978,0.5209725596,0.6901515816,9.962010153,7.277159008,10.16038972
1,63.96751912,59.98872704,66.98716295,63.96751912,59.98872704,66.98716295,6.265586424,6.265586426,4.094523327,4.855416687,3.495541814,0.6886733336,0.5237540951,0.6879826572,9.927383366,7.322916566,10.12229093
1.05,63.88299587,60.0995798,66.89449674,63.88299587,60.0995798,66.89449674,6.101387542,6.101387548,4.101285187,4.846548466,3.502955111,0.6867432658,0.5264459822,0.6858711185,9.893574064,7.36725767,10.08522445
1.1,63.80046629,60.20699615,66.80433716,63.80046629,60.20699614,66.80433716,5.941840494,5.941840501,4.107887553,4.837955158,3.510167878,0.6848574371,0.5290511216,0.6838153772,9.860562234,7.410224209,10.04916061
1.15,63.7198816,60.31107777,66.71661224,63.7198816,60.31107777,66.71661225,5.786811714,5.786811718,4.114334328,4.829628628,3.517185871,0.6830148149,0.5315723122,0.6818138892,9.82832836,7.451856859,10.01407065
1.2,63.64119423,60.41192343,66.63125217,63.64119423,60.41192343,66.63125217,5.636171441,5.636171441,4.120629318,4.821560976,3.524014677,0.68121439,0.5340122557,0.6798651537,9.796853408,7.492195121,9.979926616
1.25,63.56435776,60.509629,66.54818915,63.56435776,60.509629,66.54818915,5.489793611,5.489793611,4.126776236,4.81374453,3.530659718,0.6794551769,0.5363735601,0.6779677115,9.766118822,7.53127735,9.946701409
1.3,63.48932696,60.6042876,66.46735742,63.48932696,60.6042876,66.46735742,5.347555763,5.347555763,4.132778699,4.806171842,3.537126257,0.6777362127,0.5386587437,0.6761201448,9.736106503,7.569140791,9.914368717
1.35,63.41605772,60.69598964,66.38869314,63.41605772,60.69598964,66.38869314,5.209338923,5.209338923,4.138640239,4.798835679,3.543419399,0.676056557,0.5408702387,0.6743210749,9.706798806,7.605821607,9.882903007
1.4,63.34450701,60.78482292,66.31213437,63.34450701,60.78482292,66.31213437,5.07502751,5.07502751,4.144364296,4.791729017,3.5495441,0.674415291,0.5430103946,0.672569162,9.678178522,7.641354916,9.852279499
1.45,63.27463288,60.87087266,66.23762098,63.27463288,60.87087266,66.23762098,4.944509237,4.944509236,4.149954226,4.784845037,3.555505171,0.6728115174,0.5450814817,0.6708631036,9.650228871,7.675774814,9.822474143
1.5,63.20639443,60.95422165,66.16509462,63.20639443,60.95422165,66.16509462,4.817675016,4.817675014,4.155413302,4.778177118,3.561307281,0.6712443594,0.5470856935,0.6692016339,9.622933489,7.70911441,9.793463597
1.55,63.13975176,61.03495026,66.09449864,63.13975175,61.03495026,66.09449864,4.694418872,4.694418868,4.160744716,4.77171883,3.566954959,0.6697129608,0.5490251507,0.6675835221,9.59627642,7.741405852,9.765225207
1.6,63.07466597,61.11313651,66.02577809,63.07466596,61.11313652,66.02577809,4.574637845,4.574637841,4.165951579,4.765463929,3.572452603,0.6682164852,0.5509019028,0.6660075723,9.570242104,7.772680355,9.737736985
1.65,63.01109912,61.18885619,65.9588796,63.01109912,61.18885619,65.9588796,4.458231913,4.45823191,4.171036926,4.759406355,3.577804482,0.6667541157,0.552717932,0.6644726216,9.544815368,7.802968225,9.710977591
1.7,62.94901424,61.26218285,65.89375141,62.94901424,61.26218285,65.89375141,4.345103903,4.345103903,4.176003717,4.753540222,3.583014737,0.6653250543,0.5544751545,0.6629775402,9.519981415,7.83229889,9.684926313
1.75,62.88837525,61.33318793,65.83034324,62.88837525,61.33318793,65.83034325,4.235159415,4.235159418,4.180854837,4.747859816,3.588087391,0.6639285216,0.556175424,0.6615212294,9.495725817,7.860700922,9.659563047
1.8,62.82914696,61.40194077,65.76860633,62.82914697,61.40194077,65.76860633,4.128306738,4.128306743,4.185593099,4.742359588,3.593026344,0.6625637563,0.5578205332,0.6601026219,9.472034504,7.88820206,9.634868281
1.85,62.77129509,61.46850872,65.70849331,62.77129509,61.46850872,65.70849332,4.024456775,4.02445678,4.190221249,4.737034152,3.597835385,0.6612300149,0.5594122167,0.6587206797,9.448893756,7.914829238,9.610823075
1.9,62.71478619,61.53295714,65.64995824,62.71478619,61.53295714,65.64995825,3.923522967,3.92352297,4.194741962,4.731878279,3.602518191,0.6599265713,0.5609521525,0.6573743944,9.426290192,7.940608606,9.587409047
1.95,62.65958762,61.59534951,65.59295651,62.65958762,61.59534951,65.59295651,3.825421223,3.825421223,4.199157847,4.72688689,3.60707833,0.6586527163,0.5624419645,0.6560627855,9.404210767,7.965565552,9.564608352
2,62.60566759,61.65574745,65.5374448,62.60566759,61.65574745,65.5374448,3.730069844,3.730069844,4.203471449,4.722055054,3.611519266,0.657407757,0.5638832243,0.6547849002,9.382642755,7.989724728,9.542403669
2.05,62.55299508,61.71421079,65.48338109,62.55299508,61.71421079,65.48338109,3.637389467,3.637389467,4.20768525,4.717377987,3.615844363,0.6561910172,0.5652774528,0.6535398123,9.361573749,8.013110064,9.520778187
2.1,62.50153983,61.77079761,65.43072459,62.50153983,61.77079761,65.43072459,3.547302989,3.547302989,4.21180167,4.712851041,3.620056883,0.655001836,0.5666261224,0.6523266218,9.340991651,8.035744793,9.499715585
2.15,62.45127236,61.8255643,65.37943568,62.45127236,61.8255643,65.37943568,3.459735508,3.459735508,4.215823068,4.708469706,3.624159996,0.6538395682,0.5679306582,0.6511444538,9.320884661,8.05765147,9.479200022
2.2,62.40216389,61.87856561,65.32947593,62.40216389,61.87856561,65.32947593,3.374614254,3.374614254,4.219751745,4.704229601,3.628156776,0.6527035839,0.5691924402,0.6499924579,9.301241273,8.078851993,9.45921612
2.25,62.35418637,61.92985468,65.28080801,62.35418637,61.92985468,65.28080801,3.291868536,3.291868534,4.223589947,4.700126476,3.632050209,0.6515932675,0.5704128043,0.6488698079,9.282050266,8.099367622,9.439748953
2.3,62.30731245,61.97948311,65.23339569,62.30731245,61.97948311,65.23339569,3.211429677,3.211429674,4.22733986,4.696156201,3.635843195,0.6505080183,0.5715930444,0.6477757004,9.263300698,8.119218993,9.420784027
2.35,62.26151545,62.02750098,65.18720382,62.26151545,62.02750099,65.18720382,3.13323096,3.133230957,4.231003621,4.692314771,3.639538545,0.6494472493,0.5727344132,0.6467093548,9.244981897,8.138426143,9.402307277
2.4,62.21676935,62.07395693,65.14219824,62.21676935,62.07395693,65.14219824,3.057207572,3.057207569,4.234583308,4.688598296,3.643138991,0.6484103876,0.5738381241,0.6456700124,9.227083458,8.15700852,9.384305046
2.45,62.17304878,62.11889814,65.09834581,62.17304878,62.11889814,65.09834581,2.983296552,2.983296551,4.238080954,4.685002999,3.646647185,0.6473968736,0.5749053524,0.6446569359,9.209595232,8.174985006,9.366764075
2.5,62.13032901,62.16237045,65.05561436,62.13032901,62.16237045,65.05561436,2.911436735,2.911436736,4.241498536,4.681525214,3.650065701,0.6464061608,0.5759372363,0.6436694085,9.192507322,8.192373929,9.349671494
2.55,62.0885859,62.20441832,65.01397264,62.0885859,62.20441832,65.01397265,2.841568705,2.841568709,4.244837985,4.678161384,3.653397038,0.6454377157,0.5769348784,0.6427067338,9.175810077,8.20919308,9.333014808
2.6,62.04779592,62.24508495,64.97339034,62.04779592,62.24508494,64.97339035,2.773634745,2.77363475,4.248101183,4.674908054,3.656643623,0.6444910174,0.577899347,0.6417682349,9.159494085,8.225459729,9.316781886
2.65,62.00793612,62.28441223,64.93383801,62.00793612,62.28441223,64.93383801,2.707578786,2.70757879,4.251289967,4.671761872,3.65980781,0.6435655571,0.5788316768,0.6408532539,9.143550166,8.241190641,9.300960952
2.7,61.96898413,62.32244085,64.89528705,61.96898413,62.32244085,64.89528705,2.643346362,2.643346364,4.254406126,4.668719582,3.662891886,0.642660838,0.5797328705,0.6399611514,9.127969369,8.256402091,9.28554057
2.75,61.93091811,62.35921031,64.85770972,61.93091811,62.35921031,64.85770972,2.580884564,2.580884563,4.257451407,4.665778025,3.665898072,0.6417763752,0.5806038996,0.6390913059,9.112742963,8.271109874,9.270509638
2.8,61.89371679,62.39475894,64.82107907,61.89371679,62.39475894,64.82107907,2.520141996,2.520141996,4.260427513,4.662934135,3.668828525,0.6409116949,0.5814457054,0.6382431136,9.097862434,8.285329324,9.255857376
2.85,61.8573594,62.42912393,64.78536892,61.8573594,62.42912393,64.78536892,2.461068741,2.46106874,4.263336104,4.660184935,3.671685336,0.640066335,0.5822592,0.6374159875,9.083319479,8.299075323,9.241573319
2.9,61.82182571,62.46234142,64.75055389,61.82182571,62.46234142,64.75055389,2.403616306,2.403616306,4.2661788,4.657527537,3.674470539,0.6392398438,0.5830452672,0.6366093571,9.069106,8.312362317,9.227647305
2.95,61.78709595,62.49444644,64.71660929,61.78709595,62.49444644,64.71660929,2.347737593,2.347737593,4.26895718,4.654959135,3.677186107,0.6384317806,0.5838047637,0.6358226681,9.0552141,8.325204326,9.214069467
3,61.75315089,62.52547302,64.68351118,61.75315089,62.52547302,64.68351118,2.293386852,2.293386851,4.271672785,4.652477008,3.679833955,0.6376417151,0.5845385194,0.6350553817,9.041636075,8.337614958,9.200830224
3.05,61.71997174,62.55545418,64.65123631,61.71997174,62.55545418,64.65123631,2.240519648,2.240519646,4.274327117,4.650078515,3.682415945,0.6368692269,0.585247339,0.6343069742,9.028364414,8.349607423,9.187920273
3.1,61.68754018,62.58442197,64.61976208,61.68754018,62.58442197,64.61976207,2.18909282,2.189092818,4.276921642,4.647761092,3.684933884,0.6361139059,0.5859320021,0.6335769367,9.01539179,8.361194539,9.17533058
3.15,61.65583835,62.6124075,64.58906656,61.65583835,62.6124075,64.58906656,2.139064452,2.139064449,4.279457788,4.64552225,3.687389525,0.6353753515,0.5865932645,0.6328647745,9.002711058,8.372388748,9.163052374
3.2,61.62484883,62.63944094,64.55912846,61.62484883,62.63944095,64.55912846,2.09039383,2.090393828,4.28193695,4.643359575,3.689784573,0.6346531728,0.5872318587,0.632170007,8.990315249,8.383202127,9.151077134
3.25,61.59455462,62.66555161,64.5299271,61.59455462,62.66555161,64.5299271,2.043041415,2.043041414,4.284360487,4.641270721,3.692120682,0.6339469878,0.5878484947,0.6314921669,8.978197565,8.393646394,9.13939659
3.3,61.56493915,62.69076793,64.50144239,61.56493915,62.69076793,64.50144239,1.996968808,1.996968808,4.286729724,4.639253416,3.694399459,0.6332564239,0.5884438608,0.6308308002,8.966351378,8.403732922,9.128002706
3.35,61.53598626,62.7151175,64.47365483,61.53598626,62.7151175,64.47365483,1.952138716,1.952138719,4.289045956,4.63730545,3.696622464,0.6325811173,0.5890186239,0.6301854656,8.954770222,8.413472749,9.116887682
3.4,61.50768018,62.73862709,64.44654548,61.50768018,62.73862709,64.44654548,1.908514926,1.90851493,4.291310442,4.635424683,3.698791212,0.6319207126,0.5895734308,0.629555734,8.943447791,8.422876586,9.106043941
3.45,61.48000554,62.76132269,64.42009594,61.48000554,62.76132269,64.42009594,1.86606227,1.866062274,4.293524413,4.633609035,3.700907175,0.631274863,0.5901089084,0.6289411888,8.932377934,8.431954827,9.095464125
3.5,61.45294733,62.78322953,64.39428834,61.45294733,62.78322952,64.39428834,1.824746599,1.824746601,4.29568907,4.631856488,3.702971783,0.6306432301,0.5906256642,0.6283414248,8.921554651,8.44071756,9.085141087
3.55,61.42649093,62.80437206,64.36910534,61.42649093,62.80437206,64.36910534,1.784534749,1.784534749,4.297805582,4.630165085,3.704986423,0.6300254832,0.5911242875,0.627756048,8.910972092,8.449174574,9.075067885
3.6,61.40062207,62.82477405,64.34453007,61.40062207,62.82477405,64.34453007,1.745394519,1.745394518,4.29987509,4.628532926,3.706952445,0.6294212996,0.5916053494,0.6271846757,8.900624548,8.457335368,9.065237777
3.65,61.37532683,62.84445853,64.32054616,61.37532683,62.84445853,64.32054616,1.707294646,1.707294645,4.30189871,4.626958168,3.708871157,0.6288303643,0.5920694034,0.626626936,8.890506452,8.46520916,9.055644216
3.7,61.35059164,62.86344786,64.29713773,61.35059164,62.86344786,64.29713773,1.670204774,1.670204774,4.303877525,4.625439021,3.710743832,0.6282523699,0.5925169864,0.6260824672,8.880612375,8.472804894,9.04628084
3.75,61.32640325,62.88176374,64.27428931,61.32640325,62.88176374,64.27428931,1.634095432,1.634095432,4.305812596,4.623973751,3.712571706,0.6276870161,0.5929486187,0.6255509179,8.87093702,8.480131247,9.037141472
3.8,61.30274876,62.89942723,64.2519859,61.30274876,62.89942723,64.2519859,1.598938007,1.598938007,4.307704956,4.622560672,3.714355978,0.6271340097,0.5933648048,0.6250319465,8.86147522,8.487196642,9.028220111
3.85,61.27961555,62.91645874,64.23021294,61.27961555,62.91645875,64.23021294,1.564704721,1.56470472,4.309555613,4.62119815,3.716097815,0.6265930648,0.5937660336,0.624525221,8.852221937,8.494009248,9.019510927
3.9,61.25699134,62.93287811,64.20895627,61.25699134,62.93287811,64.20895627,1.531368607,1.531368605,4.311365549,4.619884601,3.717798349,0.626063902,0.5941527795,0.6240304186,8.843172255,8.500576993,9.011008257
3.95,61.23486415,62.94870455,64.18820213,61.23486415,62.94870455,64.18820213,1.498903488,1.498903485,4.313135724,4.618618486,3.71945868,0.6255462487,0.5945255021,0.6235472255,8.834321378,8.506907568,9.002706601
4,61.21322228,62.96395672,64.16793716,61.21322228,62.96395672,64.16793716,1.467283954,1.467283951,4.314867074,4.617398312,3.721079877,0.6250398386,0.594884647,0.6230753368,8.825664629,8.513008438,8.994600613
4.05,61.19205432,62.97865273,64.14814838,61.19205432,62.97865273,64.14814838,1.436485339,1.436485337,4.316560511,4.616222632,3.72266298,0.624544412,0.5952306465,0.6226144561,8.817197446,8.518886842,8.986685101
4.1,61.17134915,62.99281013,64.12882318,61.17134915,62.99281014,64.12882318,1.406483706,1.406483705,4.318216925,4.615090039,3.724208996,0.6240597152,0.5955639194,0.6221642953,8.808915377,8.524549804,8.978955022
4.15,61.15109591,63.00644597,64.10994931,61.15109591,63.00644597,64.10994931,1.377255819,1.377255819,4.319837184,4.613999172,3.725718905,0.6235855006,0.5958848718,0.6217245741,8.800814081,8.530004138,8.971405474
4.2,61.13128401,63.01957677,64.09151487,61.13128401,63.01957677,64.09151487,1.348779129,1.348779131,4.321422135,4.612948709,3.727193661,0.6231215265,0.5961938976,0.6212950204,8.792889323,8.535256457,8.964031696
4.25,61.11190313,63.03221856,64.07350828,61.11190313,63.03221855,64.07350829,1.321031753,1.321031757,4.322972606,4.611937366,3.728634187,0.622667557,0.5964913784,0.6208753694,8.78513697,8.540313172,8.956829063
4.3,61.09294318,63.04438689,64.05591832,61.09294318,63.04438688,64.05591832,1.293992455,1.293992459,4.324489402,4.610963899,3.730041384,0.6222233616,0.5967776844,0.6204653638,8.777552991,8.545180505,8.949793078
4.35,61.07439434,63.05609685,64.03873406,61.07439434,63.05609685,64.03873406,1.267640628,1.26764063,4.325973309,4.610027102,3.731416125,0.6217887155,0.5970531743,0.6200647534,8.770133456,8.549864492,8.942919375
4.4,61.05624702,63.06736309,64.02194489,61.05624702,63.06736309,64.0219449,1.241956274,1.241956275,4.327425095,4.609125803,3.732759258,0.6213633992,0.5973181962,0.619673295,8.762874526,8.554370985,8.936203708
4.45,61.03849186,63.07819979,64.00554051,61.03849186,63.07819979,64.00554051,1.21691999,1.21691999,4.328845508,4.608258867,3.73407161,0.6209471985,0.5975730872,0.6192907522,8.75577246,8.558705666,8.929641952
4.5,61.02111972,63.08862073,63.98951087,61.02111972,63.08862073,63.98951087,1.192512953,1.192512952,4.330235279,4.607425192,3.73535398,0.6205399041,0.5978181744,0.6189168949,8.748823607,8.562874041,8.9232301
4.55,61.00412171,63.09863926,63.97384627,61.00412171,63.09863926,63.97384627,1.168716898,1.168716898,4.331595119,4.606623709,3.736607149,0.6201413118,0.5980537748,0.6185514998,8.742024403,8.566881454,8.916964256
4.6,60.98748914,63.10826834,63.95853721,60.98748914,63.10826834,63.95853721,1.145514109,1.145514109,4.332925725,4.605853383,3.737831873,0.6197512222,0.5982801956,0.6181943495,8.735371375,8.570733087,8.910840636
4.65,60.97121353,63.11752054,63.94357452,60.97121353,63.11752054,63.94357452,1.122887398,1.122887398,4.334227774,4.605113207,3.739028888,0.6193694408,0.5984977348,0.6178452327,8.72886113,8.574433964,8.904855559
4.7,60.95528661,63.12640803,63.92894925,60.95528661,63.12640803,63.92894925,1.100820091,1.100820091,4.335501928,4.604402208,3.74019891,0.6189957777,0.5987066813,0.617503944,8.722490362,8.577988962,8.899005452
4.75,60.93970031,63.13494264,63.91465272,60.93970031,63.13494264,63.91465272,1.079296016,1.079296015,4.336748831,4.603719439,3.741342633,0.6186300472,0.598907315,0.6171702835,8.716255843,8.581402806,8.893286837
4.8,60.92444676,63.14313583,63.90067647,60.92444676,63.14313584,63.90067647,1.058299487,1.058299485,4.337969116,4.603063983,3.742460732,0.6182720684,0.5990999073,0.6168440571,8.710154422,8.584680084,8.887696338
4.85,60.90951828,63.15099872,63.8870123,60.90951828,63.15099873,63.8870123,1.037815288,1.037815286,4.339163394,4.602434952,3.743553866,0.6179216646,0.5992847214,0.6165250758,8.704183029,8.587825239,8.882230671
4.9,60.89490736,63.15854209,63.87365223,60.89490736,63.15854209,63.87365223,1.017828663,1.017828661,4.340332267,4.601831483,3.744622671,0.6175786631,0.5994620124,0.616213156,8.698338664,8.590842586,8.876886644
4.95,60.88060671,63.16577639,63.86058851,60.88060671,63.16577639,63.86058851,0.9983253019,0.9983252999,4.34147632,4.601252739,3.745667769,0.6172428956,0.5996320276,0.6159081189,8.692618402,8.593736304,8.871661154
5,60.86660918,63.17271175,63.84781359,60.86660918,63.17271175,63.84781359,0.9792913274,0.9792913262,4.342596122,4.60069791,3.746689763,0.6169141975,0.5997950065,0.615609791,8.687019389,8.596510449,8.866551185
5.05,60.8529078,63.17935801,63.83532014,60.8529078,63.17935801,63.83532014,0.960713282,0.9607132821,4.343692232,4.60016621,3.747689239,0.6165924085,0.5999511817,0.6153180032,8.681538839,8.599168952,8.861553805
5.1,60.83949579,63.18572469,63.82310103,60.8394958,63.18572469,63.82310104,0.942578117,0.9425781185,4.344765193,4.599656875,3.748666767,0.6162773716,0.6001007782,0.6150325913,8.676174036,8.601715625,8.856666164
5.15,60.82636652,63.19182104,63.81114935,60.82636652,63.19182103,63.81114935,0.9248731801,0.9248731827,4.345815535,4.599169167,3.749622902,0.615968934,0.6002440143,0.6147533955,8.670922327,8.604154165,8.851885489
5.2,60.81351351,63.19765601,63.79945834,60.81351352,63.19765601,63.79945835,0.9075862036,0.9075862067,4.346843775,4.598702369,3.750558183,0.6156669463,0.6003811016,0.6144802603,8.665781124,8.606488155,8.847209087
5.25,60.80093046,63.2032383,63.78802147,60.80093046,63.20323829,63.78802147,0.8907052935,0.890705296,4.34785042,4.598255786,3.751473133,0.6153712625,0.6005122453,0.6142130346,8.660747902,8.608721068,8.842634337
5.3,60.7886112,63.20857631,63.77683236,60.7886112,63.20857631,63.77683236,0.8742189179,0.874218919,4.348835961,4.597828745,3.752368262,0.6150817405,0.6006376439,0.6139515714,8.655820197,8.610856275,8.838158692
5.35,60.77654971,63.21367823,63.76588481,60.77654971,63.21367823,63.76588481,0.8581158961,0.858115896,4.349800879,4.597420592,3.753244065,0.614798241,0.6007574903,0.6136957275,8.650995604,8.61289704,8.833779674
5.4,60.76474014,63.21855196,63.75517281,60.76474014,63.21855196,63.75517281,0.8423853893,0.8423853891,4.350745645,4.597030694,3.754101026,0.6145206285,0.6008719711,0.6134453639,8.646271775,8.614846532,8.829494872
5.45,60.75317676,63.22320517,63.74469049,60.75317676,63.22320517,63.74469049,0.827016892,0.8270168918,4.351670716,4.596658437,3.754939611,0.6142487705,0.6009812673,0.6132003452,8.64164642,8.616707817,8.825301946
5.5,60.74185397,63.22764531,63.73443216,60.74185397,63.22764531,63.73443216,0.8120002199,0.8120002197,4.352576539,4.596303226,3.755760277,0.6139825375,0.6010855543,0.6129605397,8.637117305,8.618483872,8.821198615
5.55,60.73076632,63.23187957,63.72439229,60.73076632,63.23187957,63.72439228,0.7973255005,0.7973255004,4.35346355,4.595964484,3.756563467,0.6137218033,0.6011850019,0.6127258194,8.632682248,8.620177579,8.817182664
5.6,60.7199085,63.23591496,63.71456547,60.7199085,63.23591496,63.71456547,0.7829831649,0.7829831647,4.354332176,4.595641653,3.757349612,0.6134664446,0.6012797748,0.6124960596,8.628339119,8.621791734,8.813251938
5.65,60.70927531,63.23975824,63.70494647,60.70927531,63.23975824,63.70494647,0.7689639375,0.7689639371,4.355182832,4.595334191,3.758119132,0.6132163409,0.6013700327,0.6122711391,8.624085841,8.623329046,8.809404339
5.7,60.69886167,63.24341598,63.6955302,60.69886167,63.24341598,63.6955302,0.7552588281,0.7552588273,4.356015923,4.595041572,3.758872434,0.6129713747,0.6014559301,0.6120509399,8.619920386,8.62479214,8.80563783
5.75,60.68866264,63.24689453,63.68631169,60.68866264,63.24689453,63.68631169,0.7418591227,0.7418591214,4.356831845,4.594763288,3.759609915,0.6127314313,0.601537617,0.6118353472,8.615840774,8.626183561,8.801950426
5.8,60.67867339,63.25020007,63.67728612,60.67867339,63.25020007,63.67728612,0.7287563756,0.7287563739,4.357630985,4.594498845,3.760331961,0.6124963986,0.6016152384,0.6116242494,8.611845074,8.627505776,8.798340197
5.85,60.6688892,63.25333856,63.66844879,60.6688892,63.25333856,63.66844879,0.715942401,0.7159423991,4.35841372,4.594247765,3.761038947,0.6122661671,0.6016889352,0.6114175376,8.607931398,8.628761174,8.794805267
5.9,60.65930547,63.25631581,63.65979514,60.65930547,63.25631581,63.65979514,0.7034092654,0.7034092637,4.359180418,4.594009586,3.761731239,0.61204063,0.6017588434,0.6112151062,8.604097908,8.629952072,8.791343807
5.95,60.64991772,63.25913741,63.65132073,60.64991772,63.25913741,63.65132073,0.6911492799,0.6911492787,4.359931439,4.593783857,3.762409192,0.6118196829,0.6018250953,0.6110168522,8.600342805,8.631080713,8.787954042
6,60.64072155,63.26180881,63.64302123,60.64072155,63.26180881,63.64302123,0.6791549924,0.6791549922,4.360667133,4.593570146,3.763073151,0.611603224,0.6018878188,0.6108226754,8.596664336,8.632149272,8.784634243
6.05,60.63171268,63.26433526,63.63489244,60.63171268,63.26433526,63.63489244,0.6674191811,0.6674191819,4.361387842,4.593368029,3.763723455,0.6113911538,0.6019471376,0.6106324784,8.59306079,8.633159855,8.781382727
6.1,60.62288694,63.26672189,63.62693027,60.62288694,63.26672188,63.62693027,0.6559348465,0.6559348483,4.362093901,4.593177099,3.764360429,0.6111833752,0.602003172,0.6104461662,8.589530494,8.634114504,8.778197856
6.15,60.61424025,63.26897361,63.61913072,60.61424025,63.26897361,63.61913073,0.6446952052,0.6446952076,4.362785636,4.592996961,3.764984392,0.6109797932,0.6020560381,0.6102636464,8.586071818,8.635015195,8.775078039
6.2,60.60576863,63.27109524,63.61148994,60.60576863,63.27109523,63.61148994,0.6336936829,0.6336936852,4.363463366,4.592827231,3.765595655,0.6107803154,0.6021058486,0.6100848293,8.582683169,8.635863845,8.772021725
6.25,60.59746818,63.2730914,63.60400414,60.59746819,63.27309139,63.60400414,0.6229239074,0.622923909,4.364127402,4.592667538,3.766194519,0.6105848512,0.6021527126,0.6099096272,8.579362992,8.636662308,8.769027404
6.3,60.58933513,63.27496658,63.59666965,60.58933513,63.27496658,63.59666965,0.6123797028,0.6123797032,4.364778046,4.592517523,3.766781278,0.6103933122,0.6021967358,0.6097379549,8.576109769,8.637412384,8.766093609
6.35,60.58136575,63.27672516,63.5894829,60.58136575,63.27672516,63.5894829,0.6020550824,0.6020550823,4.365415596,4.592376838,3.767356218,0.6102056122,0.6022380205,0.6095697295,8.572922018,8.638115812,8.763218909
6.4,60.57355643,63.27837133,63.58244041,60.57355643,63.27837133,63.58244041,0.5919442449,0.5919442448,4.366040342,4.592245144,3.767919618,0.610021667,0.6022766659,0.6094048701,8.569798292,8.638774281,8.760401912
6.45,60.56590365,63.27990918,63.57553879,60.56590365,63.27990918,63.57553879,0.5820415679,0.5820415677,4.366652564,4.592122115,3.768471747,0.6098413943,0.6023127678,0.6092432983,8.566737178,8.639389423,8.757641265
6.5,60.55840395,63.28134268,63.56877475,60.55840395,63.28134268,63.56877475,0.5723416011,0.5723416009,4.36725254,4.592007436,3.76901287,0.6096647136,0.6023464194,0.6090849373,8.563737298,8.63996282,8.754935649
6.55,60.55105397,63.28267563,63.56214508,60.55105397,63.28267563,63.56214508,0.5628390617,0.5628390616,4.367840539,4.591900799,3.769543244,0.6094915466,0.6023777105,0.6089297128,8.560797305,8.640496003,8.752283781
6.6,60.54385041,63.28391177,63.55564665,60.54385041,63.28391177,63.55564665,0.5535288289,0.5535288287,4.368416823,4.591801909,3.770063118,0.6093218166,0.6024067282,0.608777552,8.557915884,8.640990456,8.74968441
6.65,60.53679008,63.28505466,63.54927642,60.53679008,63.28505467,63.54927642,0.5444059388,0.5444059385,4.36898165,4.591710477,3.770572736,0.6091554487,0.6024335571,0.6086283842,8.55509175,8.641447616,8.747136319
6.7,60.52986983,63.2861078,63.54303144,60.52986983,63.28610781,63.54303143,0.5354655793,0.5354655787,4.36953527,4.591626226,3.771072335,0.6089923698,0.6024582786,0.6084821407,8.552323651,8.641868872,8.744638324
6.75,60.52308661,63.28707455,63.5369088,60.52308661,63.28707455,63.5369088,0.5267030853,0.5267030843,4.370077928,4.591548886,3.771562146,0.6088325085,0.602480972,0.6083387543,8.549610362,8.642255571,8.742189271
6.8,60.51643742,63.28795817,63.53090571,60.51643742,63.28795817,63.53090571,0.5181139339,0.5181139327,4.370609862,4.591478197,3.772042393,0.608675795,0.6025017137,0.6081981598,8.546950688,8.642609017,8.739788036
6.85,60.50991936,63.2887618,63.52501944,60.50991935,63.28876181,63.52501943,0.5096937402,0.5096937387,4.371131308,4.591413906,3.772513295,0.6085221612,0.6025205778,0.6080602935,8.54434346,8.642930471,8.737433524
6.9,60.50352956,63.28948851,63.5192473,60.50352956,63.28948852,63.5192473,0.5014382523,0.5014382509,4.371642492,4.591355769,3.772975066,0.6083715405,0.6025376362,0.6079250934,8.54178754,8.643221155,8.73512467
6.95,60.49726524,63.29014125,63.51358672,60.49726524,63.29014126,63.51358671,0.4933433475,0.4933433464,4.372143637,4.59130355,3.773427913,0.6082238679,0.6025529581,0.6077924992,8.539281814,8.643482251,8.732860436
7,60.49112369,63.29072288,63.50803515,60.49112369,63.29072289,63.50803515,0.4854050283,0.4854050278,4.372634961,4.591257019,3.773872038,0.6080790799,0.6025666108,0.607662452,8.536825195,8.643714904,8.73063981
7.05,60.48510225,63.29123617,63.50259014,60.48510225,63.29123617,63.50259014,0.4776194177,0.4776194179,4.373116676,4.591215956,3.774307638,0.6079371145,0.6025786592,0.6075348945,8.53441662,8.64392022,8.728461808
7.1,60.47919833,63.2916838,63.4972493,60.47919834,63.2916838,63.4972493,0.469982756,0.469982757,4.37358899,4.591180146,3.774734906,0.6077979111,0.6025891663,0.607409771,8.532055052,8.64409927,8.726325469
7.15,60.4734094,63.29206836,63.49201028,60.4734094,63.29206835,63.49201028,0.4624913964,0.462491398,4.374052104,4.591149381,3.775154028,0.6076614105,0.6025981929,0.607287027,8.529739479,8.644253093,8.72422986
7.2,60.46773298,63.29239235,63.4868708,60.46773298,63.29239235,63.4868708,0.4551418019,0.4551418038,4.374506218,4.591123462,3.775565186,0.6075275548,0.6026057978,0.6071666095,8.527468911,8.64438269,8.722174069
7.25,60.46216666,63.29265821,63.48182865,60.46216666,63.2926582,63.48182865,0.447930541,0.4479305427,4.374951524,4.591102194,3.775968558,0.6073962875,0.6026120382,0.6070484668,8.525242382,8.644489032,8.720157209
7.3,60.45670807,63.29286827,63.47688166,60.45670808,63.29286827,63.47688167,0.4408542847,0.4408542857,4.37538821,4.591085388,3.776364317,0.6072675534,0.6026169689,0.6069325486,8.523058948,8.644573058,8.718178416
7.35,60.45135492,63.29302482,63.47202774,60.45135492,63.29302482,63.47202774,0.4339098028,0.433909803,4.375816463,4.591072865,3.776752631,0.6071412986,0.6026206435,0.6068188059,8.520917686,8.644635677,8.716236845
7.4,60.44610495,63.29313004,63.46726482,60.44610495,63.29313004,63.46726482,0.4270939605,0.4270939604,4.376236461,4.591064446,3.777133665,0.6070174705,0.6026231134,0.6067071907,8.518817697,8.644677768,8.714331676
7.45,60.44095595,63.29318607,63.4625909,60.44095595,63.29318607,63.4625909,0.4204037168,0.4204037166,4.37664838,4.591059964,3.777507578,0.6068960174,0.6026244286,0.6065976565,8.516758099,8.644700179,8.712462109
7.5,60.43590579,63.29319496,63.45800403,60.43590579,63.29319496,63.45800403,0.4138361202,0.4138361201,4.377052393,4.591059253,3.777874528,0.6067768891,0.6026246372,0.6064901579,8.514738034,8.644703734,8.710627362
7.55,60.43095236,63.29315869,63.45350232,60.43095236,63.29315869,63.45350232,0.407388306,0.4073883059,4.377448668,4.591062155,3.778234665,0.6066600364,0.6026237858,0.6063846504,8.512756662,8.644689226,8.708826676
7.6,60.42609361,63.29307918,63.4490839,60.42609361,63.29307918,63.4490839,0.4010574932,0.4010574931,4.377837368,4.591068515,3.778588138,0.6065454114,0.6026219196,0.606281091,8.510813162,8.644657423,8.70705931
7.65,60.42132754,63.2929583,63.44474698,60.42132754,63.2929583,63.44474698,0.3948409821,0.3948409821,4.378218654,4.591078186,3.778935092,0.606432967,0.6026190821,0.6061794375,8.508906732,8.64460907,8.70532454
7.7,60.41665218,63.29279783,63.44048978,60.41665218,63.29279783,63.44048978,0.3887361516,0.3887361515,4.378592682,4.591091024,3.779275668,0.6063226575,0.6026153155,0.6060796488,8.507036591,8.644544882,8.703621662
7.75,60.41206564,63.29259951,63.4363106,60.41206564,63.29259952,63.4363106,0.3827404564,0.3827404561,4.378959605,4.591106889,3.779610002,0.6062144379,0.6026106605,0.605981685,8.505201973,8.644465556,8.70194999
7.8,60.40756603,63.29236503,63.43220776,60.40756603,63.29236503,63.43220776,0.3768514246,0.376851424,4.379319574,4.591125648,3.77993823,0.6061082646,0.6026051565,0.6058855069,8.503402129,8.644371761,8.700308852
7.85,60.40315153,63.29209599,63.42817962,60.40315153,63.29209599,63.42817962,0.3710666554,0.3710666546,4.379672734,4.591147171,3.780260481,0.6060040946,0.6025988415,0.6057910765,8.501636331,8.644264146,8.698697597
7.9,60.39882036,63.29179397,63.42422459,60.39882036,63.29179397,63.42422459,0.3653838167,0.3653838157,4.380019227,4.591171332,3.780576883,0.6059018863,0.6025917523,0.6056983566,8.499903863,8.644143339,8.697115587
7.95,60.39457078,63.29146048,63.42034113,60.39457078,63.29146049,63.42034112,0.3598006428,0.3598006417,4.380359194,4.591198011,3.78088756,0.6058015986,0.6025839244,0.6056073111,8.498204029,8.644009943,8.6955622
8,60.39040107,63.29109699,63.4165277,60.39040107,63.29109699,63.4165277,0.3543149323,0.3543149313,4.380692771,4.591227091,3.781192634,0.6057031916,0.6025753921,0.6055179045,8.496536146,8.643864545,8.694036831
8.05,60.38630958,63.2907049,63.41278285,60.38630958,63.2907049,63.41278285,0.3489245462,0.3489245454,4.38102009,4.591258458,3.781492222,0.6056066263,0.6025661886,0.6054301024,8.494899549,8.64370771,8.692538889
8.1,60.38229467,63.29028558,63.40910512,60.38229467,63.29028558,63.40910512,0.3436274055,0.3436274051,4.381341282,4.591292004,3.781786441,0.6055118645,0.6025563459,0.6053438711,8.493293588,8.643539982,8.691067796
8.15,60.37835477,63.28984035,63.4054931,60.37835477,63.28984035,63.4054931,0.3384214894,0.3384214896,4.381656475,4.591327622,3.782075402,0.6054188689,0.602545895,0.605259178,8.491717625,8.64336189,8.689622991
8.2,60.3744883,63.28937048,63.40194544,60.3744883,63.28937048,63.40194544,0.3333048335,0.3333048342,4.381965792,4.591365212,3.782359215,0.6053276031,0.6025348656,0.6051759908,8.490171039,8.643173942,8.688203925
8.25,60.37069376,63.2888772,63.39846078,60.37069376,63.2888772,63.39846078,0.328275528,0.3282755291,4.382269356,4.591404674,3.782637987,0.6052380313,0.6025232866,0.6050942785,8.488653222,8.64297663,8.686810063
8.3,60.36696966,63.2883617,63.39503783,60.36696966,63.28836169,63.39503783,0.3233317154,0.3233317168,4.382567284,4.591445914,3.782911824,0.6051501187,0.602511186,0.6050140105,8.487163581,8.642770428,8.685440882
8.35,60.36331454,63.28782511,63.39167531,60.36331454,63.28782511,63.39167531,0.3184715895,0.3184715909,4.382859693,4.591488841,3.783180826,0.6050638314,0.6024985904,0.6049351571,8.485701536,8.642555794,8.684095872
8.4,60.359727,63.28726855,63.38837197,60.359727,63.28726855,63.38837197,0.3136933933,0.3136933942,4.383146696,4.591533366,3.783445093,0.6049791359,0.6024855259,0.6048576892,8.484266518,8.642333171,8.682774536
8.45,60.35620564,63.28669308,63.3851266,60.35620564,63.28669308,63.3851266,0.308995417,0.3089954174,4.383428405,4.591579403,3.783704722,0.6048959998,0.6024720174,0.6047815785,8.482857973,8.642102984,8.681476389
8.5,60.3527491,63.28609974,63.38193802,60.3527491,63.28609974,63.38193801,0.3043759973,0.3043759972,4.383704928,4.591626871,3.783959809,0.6048143911,0.6024580893,0.6047067973,8.481475359,8.641865645,8.680200956
8.55,60.34935607,63.28548951,63.37880506,60.34935607,63.28548951,63.37880506,0.2998335151,0.299833515,4.383976371,4.591675689,3.784210445,0.6047342788,0.6024437647,0.6046333186,8.480118145,8.641621553,8.678947774
8.6,60.34602524,63.28486335,63.37572661,60.34602524,63.28486335,63.37572661,0.2953663956,0.2953663955,4.384242837,4.591725782,3.784456722,0.6046556324,0.6024290661,0.604561116,8.478785814,8.64137109,8.677716392
8.65,60.34275535,63.28422219,63.37270155,60.34275535,63.28422219,63.37270155,0.2909731051,0.290973105,4.384504428,4.591777075,3.784698726,0.6045784222,0.6024140153,0.6044901639,8.477477859,8.641114626,8.676506369
8.7,60.33954517,63.28356692,63.36972881,60.33954517,63.28356692,63.36972881,0.2866521506,0.2866521505,4.384761243,4.591829497,3.784936545,0.6045026191,0.602398633,0.604420437,8.476193785,8.640852516,8.675317275
8.75,60.33639347,63.28289839,63.36680735,60.33639347,63.28289839,63.36680735,0.2824020783,0.2824020783,4.385013379,4.591882979,3.785170262,0.6044281946,0.6023829395,0.6043519108,8.474933107,8.640585104,8.674148689
8.8,60.33329909,63.28221743,63.36393613,60.33329909,63.28221743,63.36393613,0.2782214724,0.2782214723,4.385260929,4.591937456,3.78539996,0.6043551211,0.6023669542,0.6042845613,8.473695353,8.640312722,8.673000202
8.85,60.33026085,63.28152485,63.36111415,60.33026085,63.28152485,63.36111415,0.2741089535,0.2741089534,4.385503988,4.591992862,3.785625718,0.6042833711,0.6023506958,0.6042183652,8.472480059,8.640035688,8.671871411
8.9,60.32727763,63.2808214,63.35834044,60.32727763,63.2808214,63.35834044,0.2700631781,0.2700631778,4.385742646,4.592049138,3.785847615,0.6042129182,0.6023341824,0.6041532996,8.471286772,8.63975431,8.670761927
8.95,60.32434833,63.28010784,63.35561404,60.32434833,63.28010784,63.35561404,0.2660828369,0.2660828365,4.38597699,4.592106223,3.786065727,0.6041437364,0.6023174313,0.6040893421,8.47011505,8.639468884,8.669671365
9,60.32147186,63.27938486,63.35293401,60.32147186,63.27938487,63.35293401,0.2621666541,0.2621666535,4.386207108,4.592164061,3.786280129,0.6040758002,0.6023004592,0.6040264709,8.46896446,8.639179696,8.668599354
9.05,60.31864715,63.27865318,63.35029945,60.31864715,63.27865318,63.35029944,0.2583133859,0.2583133852,4.386433084,4.592222596,3.786490894,0.6040090847,0.6022832824,0.6039646647,8.46783458,8.63888702,8.667545528
9.1,60.31587319,63.27791343,63.34770945,60.31587319,63.27791343,63.34770945,0.2545218202,0.2545218194,4.386655001,4.592281776,3.786698094,0.6039435655,0.6022659163,0.6039039027,8.466724994,8.638591122,8.666509531
9.15,60.31314895,63.27716626,63.34516316,60.31314895,63.27716627,63.34516316,0.2507907747,0.2507907739,4.38687294,4.592341549,3.786901797,0.603879219,0.6022483759,0.6038441645,8.465635298,8.638292255,8.665491014
9.2,60.31047344,63.27641229,63.34265972,60.31047344,63.27641229,63.34265972,0.2471190969,0.2471190962,4.387086981,4.592401867,3.787102072,0.6038160218,0.6022306756,0.6037854302,8.464565096,8.637990666,8.664489638
9.25,60.30784571,63.2756521,63.3401983,60.30784571,63.2756521,63.3401983,0.2435056625,0.243505662,4.3872972,4.592462682,3.787298986,0.6037539511,0.6022128293,0.6037276805,8.463514001,8.637686591,8.663505069
9.3,60.30526479,63.27488626,63.33777809,60.30526479,63.27488626,63.33777809,0.2399493747,0.2399493746,4.387503673,4.592523949,3.787492603,0.6036929847,0.6021948501,0.6036708963,8.462481633,8.637380255,8.662536984
9.35,60.30272976,63.27411532,63.33539829,60.30272976,63.27411532,63.33539829,0.2364491638,0.2364491641,4.387706475,4.592585624,3.787682987,0.6036331007,0.602176751,0.6036150591,8.461467624,8.637071878,8.661585065
9.4,60.30023973,63.2733398,63.33305813,60.30023973,63.2733398,63.33305813,0.2330039857,0.2330039863,4.387905678,4.592647666,3.7878702,0.6035742779,0.6021585443,0.6035601507,8.46047161,8.636761669,8.660649001
9.45,60.29779379,63.2725602,63.33075685,60.2977938,63.2725602,63.33075685,0.2296128213,0.2296128222,4.388101353,4.592710034,3.788054302,0.6035164954,0.6021402418,0.6035061534,8.459493236,8.63644983,8.659728489
9.5,60.2953911,63.27177701,63.32849371,60.2953911,63.27177701,63.32849371,0.2262746761,0.2262746772,4.388293569,4.592772689,3.788235353,0.6034597329,0.6021218548,0.6034530499,8.458532156,8.636136555,8.658823233
9.55,60.29303078,63.2709907,63.32626798,60.29303078,63.2709907,63.32626798,0.2229885791,0.2229885801,4.388482394,4.592835594,3.788413411,0.6034039702,0.6021033944,0.6034008233,8.457588031,8.63582203,8.657932943
9.6,60.29071203,63.27020171,63.32407896,60.29071203,63.27020171,63.32407897,0.2197535819,0.2197535827,4.388667894,4.592898713,3.788588533,0.603349188,0.6020848709,0.6033494569,8.456660529,8.635506433,8.657057335
9.65,60.28843402,63.26941047,63.32192596,60.28843402,63.26941047,63.32192596,0.2165687586,0.2165687589,4.388850135,4.592962012,3.788760773,0.6032953671,0.6020662945,0.6032989345,8.455749325,8.635189938,8.656196133
9.7,60.28619596,63.2686174,63.31980829,60.28619596,63.2686174,63.31980829,0.2134332043,0.2134332043,4.38902918,4.593025458,3.788930187,0.6032424888,0.6020476749,0.6032492404,8.454854101,8.634872708,8.655349066
9.75,60.28399707,63.26782288,63.31772529,60.28399707,63.26782288,63.31772529,0.2103460351,0.2103460351,4.389205091,4.593089019,3.789096827,0.6031905349,0.6020290214,0.603200359,8.453974546,8.634554903,8.654515867
9.8,60.28183659,63.26702731,63.31567632,60.28183659,63.26702731,63.31567632,0.207306388,0.2073063879,4.389377929,4.593152665,3.789260744,0.6031394873,0.6020103428,0.6031522751,8.453110356,8.634236674,8.653696279
9.85,60.27971379,63.26623104,63.31366075,60.27971379,63.26623104,63.31366075,0.2043134192,0.2043134191,4.389547753,4.593216367,3.78942199,0.6030893286,0.6019916478,0.603104974,8.452261233,8.633918166,8.652890048
9.9,60.27762792,63.26543442,63.31167794,60.27762792,63.26543442,63.31167794,0.2013663039,0.2013663038,4.389714623,4.593280096,3.789580615,0.6030400416,0.6019729444,0.6030584411,8.451426887,8.633599519,8.652096926
9.95,60.27557828,63.26463779,63.3097273,60.27557828,63.26463779,63.3097273,0.1984642361,0.1984642361,4.389878594,4.593343827,3.789736666,0.6029916096,0.6019542406,0.6030126622,8.450607032,8.633280866,8.651316671
10,60.27356418,63.26384147,63.30780824,60.27356418,63.26384147,63.30780824,0.1956064277,0.1956064276,4.390039722,4.593407533,3.789890191,0.6029440162,0.6019355439,0.6029676236,8.449801389,8.632962337,8.650549045
10.05,60.27158492,63.26304576,63.30592017,60.27158492,63.26304576,63.30592017,0.1927921078,0.1927921078,4.390198063,4.59347119,3.790041237,0.6028972452,0.6019168614,0.6029233115,8.449009685,8.632644052,8.649793816
10.1,60.26963984,63.26225095,63.30406252,60.26963984,63.26225095,63.30406252,0.1900205229,0.1900205227,4.390353669,4.593534774,3.790189848,0.6028512809,0.6018982,0.6028797127,8.448231653,8.63232613,8.649050758
10.15,60.26772828,63.26145733,63.30223474,60.26772828,63.26145733,63.30223474,0.1872909355,0.1872909353,4.390506594,4.593598264,3.790336071,0.6028061079,0.6018795663,0.6028368143,8.447467032,8.632008682,8.648319647
10.2,60.26584962,63.26066517,63.30043629,60.26584962,63.26066517,63.30043629,0.1846026245,0.1846026241,4.390656887,4.593661637,3.790479947,0.6027617112,0.6018609667,0.6027946034,8.446715565,8.631691816,8.647600267
10.25,60.26400321,63.25987471,63.29866664,60.26400321,63.25987471,63.29866664,0.181954884,0.1819548836,4.3908046,4.593724873,3.790621519,0.602718076,0.6018424071,0.6027530677,8.445977001,8.631375634,8.646892405
10.3,60.26218845,63.25908621,63.29692526,60.26218845,63.25908622,63.29692526,0.1793470235,0.179347023,4.390949781,4.593787953,3.790760829,0.6026751879,0.6018238933,0.6027121949,8.445251097,8.631060235,8.646195853
10.35,60.26040473,63.2582999,63.29521164,60.26040473,63.25829991,63.29521164,0.176778367,0.1767783664,4.391092478,4.593850858,3.790897919,0.6026330326,0.6018054307,0.6026719731,8.444537611,8.630745712,8.645510405
10.4,60.25865147,63.25751601,63.29352529,60.25865147,63.25751601,63.29352529,0.1742482529,0.1742482523,4.391232738,4.593913569,3.791032827,0.6025915964,0.6017870247,0.6026323907,8.443836308,8.630432153,8.644835864
10.45,60.2569281,63.25673474,63.29186571,60.2569281,63.25673474,63.29186571,0.1717560333,0.1717560328,4.391370608,4.593976071,3.791165593,0.6025508657,0.6017686802,0.6025934362,8.443146958,8.630119645,8.644172034
10.5,60.25523405,63.25595629,63.29023243,60.25523405,63.25595629,63.29023243,0.1693010742,0.1693010738,4.391506133,4.594038347,3.791296255,0.6025108272,0.6017504019,0.6025550983,8.442469337,8.629808267,8.643518723
10.55,60.25356876,63.25518087,63.28862498,60.25356876,63.25518087,63.28862498,0.1668827543,0.1668827541,4.391639355,4.594100381,3.791424851,0.602471468,0.6017321944,0.6025173663,8.441803223,8.629498097,8.642875744
10.6,60.2519317,63.25440865,63.28704291,60.2519317,63.25440865,63.28704291,0.1645004653,0.1645004654,4.39177032,4.594162158,3.791551417,0.6024327752,0.601714062,0.6024802292,8.4411484,8.629189209,8.642242913
10.65,60.25032235,63.25363981,63.28548576,60.25032235,63.2536398,63.28548576,0.1621536115,0.1621536118,4.391899069,4.594223666,3.79167599,0.6023947365,0.6016960087,0.6024436766,8.440504657,8.628881672,8.641620052
10.7,60.24874017,63.25287451,63.28395309,60.24874017,63.2528745,63.28395309,0.159841609,0.1598416095,4.392025643,4.59428489,3.791798603,0.6023573396,0.6016780386,0.6024076982,8.439871787,8.628575552,8.641006984
10.75,60.24718467,63.25211291,63.28244447,60.24718468,63.2521129,63.28244447,0.1575638859,0.1575638866,4.392150082,4.594345817,3.791919292,0.6023205727,0.6016601552,0.6023722839,8.439249588,8.628270913,8.640403538
10.8,60.24565535,63.25135516,63.28095948,60.24565536,63.25135515,63.28095949,0.1553198817,0.1553198825,4.392272428,4.594406437,3.792038091,0.6022844239,0.601642362,0.6023374239,8.43863786,8.627967813,8.639809544
10.85,60.24415173,63.2506014,63.27949772,60.24415173,63.25060139,63.27949772,0.1531090471,0.1531090478,4.392392718,4.594466738,3.792155033,0.6022488818,0.6016246624,0.6023031085,8.438036409,8.627666309,8.639224837
10.9,60.24267332,63.24985176,63.27805876,60.24267332,63.24985176,63.27805876,0.1509308435,0.150930844,4.392510991,4.594526709,3.792270149,0.6022139353,0.6016070596,0.6022693281,8.437445045,8.627366454,8.638649255
10.95,60.24121966,63.24910638,63.27664223,60.24121966,63.24910638,63.27664223,0.148784743,0.1487847433,4.392627284,4.59458634,3.792383472,0.6021795732,0.6015895564,0.6022360736,8.436863581,8.6270683,8.63808264
11,60.23979029,63.24836536,63.27524772,60.23979029,63.24836536,63.27524772,0.146670228,0.1466702281,4.392741633,4.594645621,3.792495033,0.6021457849,0.6015721557,0.6022033358,8.436291834,8.626771894,8.637524837
11.05,60.23838477,63.24762883,63.27387486,60.23838477,63.24762883,63.27387486,0.1445867908,0.1445867908,4.392854075,4.594704544,3.792604862,0.6021125598,0.6015548602,0.6021711057,8.435729626,8.626477282,8.636975692
11.1,60.23700266,63.24689689,63.27252327,60.23700266,63.24689689,63.27252327,0.1425339337,0.1425339337,4.392964644,4.594763099,3.792712989,0.6020798875,0.6015376724,0.6021393747,8.435176781,8.626184505,8.636435057
11.15,60.23564352,63.24616963,63.27119259,60.23564352,63.24616963,63.27119259,0.1405111687,0.1405111687,4.393073375,4.594821279,3.792819443,0.602047758,0.6015205945,0.6021081342,8.434633127,8.625893603,8.635902785
11.2,60.23430694,63.24544716,63.26988246,60.23430694,63.24544716,63.26988246,0.1385180169,0.1385180169,4.393180301,4.594879077,3.792924253,0.6020161613,0.6015036288,0.6020773757,8.434098496,8.625604615,8.635378734
11.25,60.23299251,63.24472956,63.26859253,60.23299251,63.24472956,63.26859253,0.1365540086,0.1365540085,4.393285455,4.594936485,3.793027447,0.6019850876,0.6014867774,0.6020470912,8.433572724,8.625317574,8.634862763
11.3,60.23169983,63.24401691,63.26732246,60.23169983,63.24401691,63.26732246,0.1346186827,0.1346186827,4.39338887,4.594993497,3.793129053,0.6019545275,0.6014700421,0.6020172724,8.433055648,8.625032514,8.634354734
11.35,60.23042848,63.24330929,63.2660719,60.23042848,63.24330929,63.2660719,0.1327115872,0.1327115872,4.393490578,4.595050107,3.793229098,0.6019244717,0.6014534248,0.6019879115,8.432547112,8.624749465,8.633854512
11.4,60.2291781,63.24260677,63.26484054,60.2291781,63.24260677,63.26484054,0.1308322782,0.1308322782,4.393590608,4.595106309,3.793327607,0.6018949109,0.6014369271,0.6019590008,8.432046959,8.624468456,8.633361965
11.45,60.2279483,63.24190941,63.26362803,60.2279483,63.24190941,63.26362803,0.1289803201,0.12898032,4.393688992,4.595162097,3.793424607,0.6018658364,0.6014205506,0.6019305327,8.431555038,8.624189514,8.632876963
11.5,60.22673871,63.24121728,63.26243407,60.22673871,63.24121728,63.26243407,0.1271552852,0.1271552851,4.39378576,4.595217468,3.793520124,0.6018372392,0.6014042968,0.6019024996,8.4310712,8.623912662,8.632399379
11.55,60.22554895,63.24053044,63.26125835,60.22554895,63.24053044,63.26125835,0.1253567539,0.1253567537,4.39388094,4.595272415,3.793614182,0.6018091107,0.601388167,0.6018748943,8.4305953,8.623637924,8.631929088
11.6,60.22437869,63.23984893,63.26010055,60.22437869,63.23984893,63.26010055,0.1235843141,0.1235843138,4.393974561,4.595326936,3.793706806,0.6017814426,0.6013721624,0.6018477097,8.430127194,8.62336532,8.631465969
11.65,60.22322756,63.2391728,63.25896038,60.22322756,63.2391728,63.25896038,0.1218375611,0.1218375607,4.394066651,4.595381026,3.79379802,0.6017542266,0.6013562841,0.6018209387,8.429666743,8.623094871,8.631009901
11.7,60.22209523,63.2385021,63.25783754,60.22209522,63.23850211,63.25783754,0.1201160976,0.1201160971,4.394157238,4.595434682,3.793887847,0.6017274546,0.6013405332,0.6017945743,8.429213808,8.622826592,8.630560766
11.75,60.22098135,63.23783688,63.25673175,60.22098135,63.23783688,63.25673175,0.1184195334,0.1184195329,4.394246349,4.5954879,3.79397631,0.6017011187,0.6013249106,0.60176861,8.428768257,8.6225605,8.630118449
11.8,60.21988559,63.23717715,63.25564272,60.21988559,63.23717715,63.25564272,0.1167474853,0.1167474848,4.394334009,4.595540678,3.794063432,0.601675211,0.6013094172,0.601743039,8.428329956,8.62229661,8.629682838
11.85,60.21880765,63.23652296,63.25457018,60.21880765,63.23652296,63.25457017,0.1150995769,0.1150995765,4.394420245,4.595593013,3.794149236,0.601649724,0.6012940536,0.6017178548,8.427898777,8.622034933,8.62925382
11.9,60.21774719,63.23587433,63.25351384,60.21774719,63.23587433,63.25351384,0.1134754383,0.113475438,4.394505081,4.595644903,3.794233743,0.6016246502,0.6012788207,0.601693051,8.427474593,8.621775483,8.628831287
11.95,60.2167039,63.23523129,63.25247346,60.2167039,63.23523129,63.25247346,0.1118747064,0.1118747063,4.394588544,4.595696347,3.794316973,0.6015999822,0.6012637188,0.6016686214,8.427057279,8.621518267,8.628415133
12,60.21567749,63.23459387,63.25144876,60.21567749,63.23459387,63.25144876,0.1102970242,0.1102970243,4.394670657,4.595747341,3.79439895,0.601575713,0.6012487487,0.6016445599,8.426646715,8.621263296,8.628005252
12.05,60.21466766,63.23396207,63.25043948,60.21466766,63.23396207,63.25043948,0.1087420411,0.1087420413,4.394751444,4.595797885,3.794479692,0.6015518353,0.6012339107,0.6016208603,8.426242781,8.621010577,8.627601542
12.1,60.2136741,63.23333591,63.24944538,60.2136741,63.23333591,63.24944538,0.1072094125,0.1072094129,4.394830928,4.595847977,3.79455922,0.6015283425,0.6012192051,0.6015975169,8.42584536,8.620760116,8.627203902
12.15,60.21269655,63.23271542,63.24846621,60.21269655,63.23271542,63.24846621,0.1056987997,0.1056988002,4.394909133,4.595897617,3.794637554,0.6015052276,0.6012046324,0.6015745238,8.425454337,8.620511917,8.626812232
12.2,60.2117347,63.23210059,63.24750172,60.21173471,63.23210058,63.24750172,0.1042098698,0.1042098705,4.39498608,4.595946803,3.794714713,0.601482484,0.6011901926,0.6015518753,8.4250696,8.620265985,8.626426437
12.25,60.2107883,63.23149143,63.24655167,60.2107883,63.23149143,63.24655167,0.1027422959,0.1027422965,4.395061792,4.595995536,3.794790716,0.6014601053,0.601175886,0.6015295658,8.424691038,8.620022322,8.626046419
12.3,60.20985707,63.23088795,63.24561584,60.20985707,63.23088795,63.24561584,0.1012957561,0.1012957567,4.395136291,4.596043814,3.794865583,0.601438085,0.6011617126,0.6015075899,8.424318544,8.619780931,8.625672086
12.35,60.20894074,63.23029015,63.24469399,60.20894074,63.23029015,63.24469399,0.09986993449,0.09986993484,4.395209598,4.596091638,3.794939331,0.601416417,0.6011476726,0.6014859421,8.423952012,8.619541812,8.625303346
12.4,60.20803905,63.22969804,63.2437859,60.20803905,63.22969804,63.2437859,0.09846452007,0.09846452023,4.395281732,4.596139007,3.795011978,0.601395095,0.601133766,0.6014646171,8.423591338,8.619304964,8.624940109
12.45,60.20715175,63.2291116,63.24289134,60.20715175,63.2291116,63.24289134,0.09707920721,0.09707920721,4.395352716,4.596185922,3.795083543,0.6013741131,0.6011199926,0.6014436099,8.423236419,8.619070388,8.624582285
12.5,60.20627859,63.22853083,63.2420101,60.20627859,63.22853083,63.2420101,0.09571369534,0.09571369531,4.395422569,4.596232384,3.795154042,0.6013534654,0.6011063523,0.6014229151,8.422887155,8.618838082,8.624229788
12.55,60.20541933,63.22795573,63.24114196,60.20541933,63.22795573,63.24114196,0.09436768908,0.09436768904,4.39549131,4.596278392,3.795223493,0.601333146,0.6010928451,0.601402528,8.42254345,8.618608041,8.623882533
12.6,60.20457372,63.22738629,63.24028671,60.20457372,63.22738629,63.24028671,0.09304089788,0.09304089783,4.395558959,4.596323947,3.795291913,0.6013131493,0.6010794707,0.6013824435,8.422205206,8.618380264,8.623540436
12.65,60.20374153,63.22682249,63.23944416,60.20374153,63.22682249,63.23944416,0.09173303597,0.09173303592,4.395625534,4.596369051,3.795359317,0.6012934698,0.6010662288,0.6013626568,8.421872329,8.618154746,8.623203414
12.7,60.20292252,63.22626433,63.23861409,60.20292252,63.22626433,63.23861409,0.09044382227,0.09044382224,4.395691055,4.596413704,3.795425723,0.6012741019,0.6010531192,0.6013431632,8.421544727,8.617931481,8.622871387
12.75,60.20211648,63.22571178,63.23779631,60.20211648,63.22571178,63.23779631,0.08917298035,0.08917298033,4.395755538,4.596457907,3.795491145,0.6012550403,0.6010401416,0.601323958,8.421222309,8.617710464,8.622544275
12.8,60.20132317,63.22516485,63.23699063,60.20132317,63.22516485,63.23699063,0.08792023828,0.08792023826,4.395819003,4.596501662,3.7955556,0.6012362798,0.6010272954,0.6013050368,8.420904986,8.617491688,8.622222001
12.85,60.20054238,63.22462349,63.23619685,60.20054238,63.22462349,63.23619684,0.08668532854,0.08668532852,4.395881466,4.596544971,3.795619102,0.6012178152,0.6010145805,0.6012863949,8.420592671,8.617275147,8.621904488
12.9,60.1997739,63.22408771,63.23541478,60.1997739,63.22408771,63.23541478,0.08546798799,0.08546798794,4.395942944,4.596587833,3.795681668,0.6011996414,0.6010019962,0.6012680279,8.420285278,8.617060833,8.62159166
12.95,60.19901751,63.22355747,63.23464424,60.19901751,63.22355747,63.23464424,0.0842679577,0.08426795761,4.396003455,4.596630252,3.795743311,0.6011817536,0.6009895421,0.6012499317,8.419982723,8.616848738,8.621283445
13,60.19827301,63.22303276,63.23388505,60.19827301,63.22303276,63.23388505,0.08308498293,0.0830849828,4.396063015,4.596672229,3.795804046,0.6011641467,0.6009772178,0.6012321018,8.419684923,8.616638853,8.620979768
13.05,60.1975402,63.22251355,63.23313702,60.1975402,63.22251355,63.23313702,0.08191881304,0.08191881284,4.39612164,4.596713766,3.795863888,0.6011468161,0.6009650226,0.6012145341,8.419391798,8.616431169,8.62068056
13.1,60.19681888,63.22199982,63.2324,60.19681888,63.22199982,63.2324,0.08076920138,0.08076920111,4.396179346,4.596754865,3.79592285,0.6011297571,0.600952956,0.6011972245,8.419103269,8.616225676,8.620385749
13.15,60.19610885,63.22149153,63.2316738,60.19610885,63.22149154,63.2316738,0.07963590523,0.07963590491,4.396236149,4.596795527,3.795980946,0.601112965,0.6009410175,0.601180169,8.418819257,8.616022364,8.620095268
13.2,60.19540992,63.22098868,63.23095825,60.19540992,63.22098868,63.23095825,0.07851868576,0.07851868539,4.396292063,4.596835756,3.79603819,0.6010964354,0.6009292063,0.6011633636,8.418539686,8.615821222,8.619809049
13.25,60.19472191,63.22049122,63.23025319,60.19472191,63.22049123,63.23025319,0.07741730789,0.07741730749,4.396347104,4.596875552,3.796094595,0.6010801638,0.6009175219,0.6011468044,8.418264482,8.615622239,8.619527024
13.3,60.19404463,63.21999914,63.22955845,60.19404463,63.21999914,63.22955845,0.07633154028,0.07633153989,4.396401286,4.596914919,3.796150174,0.6010641459,0.6009059635,0.6011304876,8.417993569,8.615425405,8.61924913
13.35,60.1933779,63.21951239,63.22887388,60.1933779,63.21951239,63.22887388,0.07526115524,0.07526115488,4.396454625,4.596953859,3.79620494,0.6010483774,0.6008945305,0.6011144094,8.417726877,8.615230706,8.618975301
13.4,60.19272154,63.21903095,63.22819931,60.19272154,63.21903096,63.22819931,0.07420592864,0.07420592835,4.396507133,4.596992374,3.796258905,0.6010328541,0.6008832222,0.6010985661,8.417464334,8.615038131,8.618705475
13.45,60.19207538,63.2185548,63.2275346,60.19207538,63.2185548,63.2275346,0.07316563989,0.07316563969,4.396558826,4.597030466,3.796312082,0.601017572,0.6008720378,0.6010829542,8.417205871,8.614847668,8.61843959
13.5,60.19143925,63.21808388,63.22687959,60.19143925,63.21808388,63.22687959,0.07214007184,0.07214007176,4.396609716,4.597068139,3.796364483,0.6010025269,0.6008609766,0.6010675699,8.41695142,8.614659303,8.618177585
13.55,60.19081299,63.21761818,63.22623413,60.19081299,63.21761818,63.22623413,0.07112901071,0.07112901078,4.396659817,4.597105395,3.79641612,0.6009877149,0.6008500378,0.6010524099,8.416700913,8.614473023,8.6179194
13.6,60.19019642,63.21715766,63.22559807,60.19019642,63.21715766,63.22559807,0.07013224608,0.07013224629,4.396709143,4.597142237,3.796467005,0.6009731322,0.6008392206,0.6010374706,8.416454285,8.614288815,8.617664976
13.65,60.18958938,63.21670229,63.22497127,60.18958938,63.21670229,63.22497127,0.06914957077,0.06914957111,4.396757706,4.597178667,3.796517149,0.6009587749,0.6008285242,0.6010227487,8.416211471,8.614106665,8.617414256
13.7,60.18899172,63.21625202,63.22435358,60.18899173,63.21625202,63.22435358,0.06818078081,0.06818078126,4.396805518,4.597214688,3.796566563,0.6009446394,0.6008179478,0.6010082409,8.415972408,8.613926559,8.617167183
13.75,60.18840329,63.21580683,63.22374488,60.18840329,63.21580683,63.22374488,0.06722567538,0.0672256759,4.396852593,4.597250303,3.79661526,0.6009307218,0.6008074906,0.6009939438,8.415737033,8.613748483,8.6169237
13.8,60.18782392,63.21536668,63.22314501,60.18782392,63.21536668,63.22314501,0.06628405675,0.06628405728,4.396898943,4.597285515,3.796663249,0.6009170186,0.6007971517,0.6009798543,8.415505286,8.613572423,8.616683753
13.85,60.18725347,63.21493153,63.22255385,60.18725347,63.21493153,63.22255385,0.0653557302,0.06535573068,4.396944579,4.597320327,3.796710542,0.6009035263,0.6007869302,0.6009659691,8.415277107,8.613398364,8.616447288
13.9,60.18669179,63.21450135,63.22197126,60.1866918,63.21450135,63.22197126,0.06444050401,0.06444050438,4.396989513,4.597354742,3.79675715,0.6008902414,0.6007768253,0.6009522853,8.415052436,8.61322629,8.616214252
13.95,60.18613874,63.2140761,63.22139711,60.18613875,63.2140761,63.22139711,0.06353818934,0.06353818957,4.397033757,4.597388762,3.796803081,0.6008771605,0.6007668362,0.6009387996,8.414831216,8.613056188,8.615984593
14,60.18559418,63.21365573,63.22083127,60.18559418,63.21365573,63.22083127,0.06264860025,0.06264860033,4.397077322,4.597422392,3.796848348,0.6008642802,0.6007569619,0.6009255091,8.41461339,8.612888042,8.615758259
14.05,60.18505796,63.21324022,63.22027362,60.18505796,63.21324022,63.22027362,0.06177155358,0.06177155356,4.39712022,4.597455632,3.79689296,0.6008515972,0.6007472015,0.6009124108,8.414398902,8.612721838,8.6155352
14.1,60.18452995,63.21282952,63.21972404,60.18452995,63.21282952,63.21972404,0.06090686897,0.06090686894,4.39716246,4.597488488,3.796936927,0.6008391083,0.6007375542,0.6008995019,8.414187698,8.612557559,8.615315365
14.15,60.18401001,63.2124236,63.21918239,60.18401001,63.2124236,63.21918239,0.06005436893,0.06005436889,4.397204055,4.597520962,3.796980259,0.6008268103,0.600728019,0.6008867794,8.413979724,8.612395189,8.615098707
14.2,60.18349802,63.21202241,63.21864857,60.18349802,63.21202241,63.21864857,0.05921387854,0.0592138785,4.397245015,4.597553057,3.797022964,0.6008147001,0.6007185951,0.6008742405,8.413774926,8.612234715,8.614885178
14.25,60.18299384,63.21162592,63.21812245,60.18299384,63.21162592,63.21812245,0.05838522555,0.05838522552,4.397285349,4.597584776,3.797065054,0.6008027746,0.6007092814,0.6008618825,8.413573254,8.612076119,8.614674729
14.3,60.18249734,63.21123409,63.21760391,60.18249734,63.21123409,63.21760391,0.05756824029,0.05756824026,4.397325069,4.597616123,3.797106537,0.6007910308,0.6007000771,0.6008497026,8.413374655,8.611919386,8.614467315
14.35,60.18200841,63.21084688,63.21709285,60.18200841,63.21084688,63.21709285,0.05676275563,0.05676275561,4.397364184,4.5976471,3.797147422,0.6007794658,0.6006909812,0.6008376982,8.413179081,8.6117645,8.614262889
14.4,60.18152691,63.21046424,63.21658915,60.18152691,63.21046424,63.21658915,0.05596860697,0.05596860696,4.397402703,4.597677711,3.797187718,0.6007680767,0.6006819929,0.6008258666,8.412986483,8.611611445,8.614061408
14.45,60.18105273,63.21008614,63.21609269,60.18105273,63.21008614,63.21609269,0.05518563216,0.05518563215,4.397440638,4.597707959,3.797227435,0.6007568606,0.6006731111,0.6008142052,8.412796811,8.611460205,8.613862827
14.5,60.18058575,63.20971254,63.21560338,60.18058575,63.20971254,63.21560338,0.05441367148,0.05441367146,4.397477996,4.597737847,3.79726658,0.6007458148,0.6006643349,0.6008027116,8.412610018,8.611310765,8.613667102
14.55,60.18012585,63.20934339,63.2151211,60.18012585,63.20934339,63.2151211,0.05365256759,0.05365256755,4.397514788,4.597767379,3.797305162,0.6007349364,0.6006556633,0.6007913831,8.412426059,8.611163106,8.61347419
14.6,60.17967292,63.20897866,63.21464575,60.17967292,63.20897866,63.21464575,0.05290216549,0.05290216541,4.397551023,4.597796557,3.79734319,0.6007242227,0.6006470955,0.6007802172,8.412244886,8.611017215,8.61328405
14.65,60.17922685,63.20861831,63.21417723,60.17922685,63.20861831,63.21417723,0.05216231249,0.05216231236,4.397586709,4.597825385,3.797380672,0.6007136712,0.6006386305,0.6007692117,8.412066456,8.610873074,8.61309664
14.7,60.17878752,63.20826229,63.21371542,60.17878752,63.2082623,63.21371542,0.05143285815,0.05143285797,4.397621855,4.597853866,3.797417616,0.6007032792,0.6006302673,0.6007583641,8.411890724,8.610730668,8.61291192
14.75,60.17835482,63.20791057,63.21326025,60.17835482,63.20791057,63.21326025,0.05071365427,0.05071365403,4.397656471,4.597882004,3.79745403,0.6006930441,0.600622005,0.6007476719,8.411717647,8.610589979,8.612729848
14.8,60.17792866,63.20756311,63.21281159,60.17792866,63.20756311,63.21281159,0.05000455484,0.05000455454,4.397690563,4.597909801,3.797489923,0.6006829635,0.6006138426,0.600737133,8.411547183,8.610450993,8.612550387
14.85,60.17750893,63.20721986,63.21236937,60.17750892,63.20721986,63.21236936,0.04930541601,0.04930541567,4.397724142,4.597937262,3.797525301,0.6006730348,0.6006057791,0.6007267451,8.411379288,8.610313692,8.612373496
14.9,60.17709551,63.20688078,63.21193347,60.17709551,63.20688078,63.21193347,0.04861609605,0.04861609568,4.397757215,4.597964388,3.797560172,0.6006632557,0.6005978137,0.6007165058,8.411213923,8.610178061,8.612199138
14.95,60.17668832,63.20654583,63.21150382,60.17668832,63.20654583,63.21150381,0.04793645532,0.04793645493,4.397789791,4.597991183,3.797594545,0.6006536237,0.6005899454,0.600706413,8.411051047,8.610044083,8.612027276
15,60.17628725,63.20621498,63.2110803,60.17628725,63.20621498,63.2110803,0.04726635624,0.04726635586,4.397821876,4.598017652,3.797628426,0.6006441365,0.6005821732,0.6006964646,8.41089062,8.609911742,8.611857872
15.05,60.17589221,63.20588818,63.21066285,60.17589221,63.20588818,63.21066285,0.04660566324,0.04660566289,4.39785348,4.598043795,3.797661822,0.6006347917,0.6005744962,0.6006866583,8.410732602,8.609781023,8.611690889
15.1,60.1755031,63.2055654,63.21025136,60.1755031,63.2055654,63.21025136,0.04595424276,0.04595424246,4.397884609,4.598069618,3.797694741,0.6006255872,0.6005669134,0.6006769922,8.410576957,8.609651908,8.611526293
15.15,60.17511982,63.20524658,63.20984574,60.17511982,63.20524658,63.20984574,0.04531196318,0.04531196297,4.397915271,4.598095123,3.79772719,0.6006165207,0.6005594239,0.600667464,8.410423646,8.609524383,8.611364048
15.2,60.17474228,63.2049317,63.20944592,60.17474228,63.2049317,63.20944592,0.04467869482,0.04467869471,4.397945474,4.598120314,3.797759176,0.60060759,0.6005520267,0.6006580718,8.410272632,8.60939843,8.611204118
15.25,60.1743704,63.20462071,63.2090518,60.1743704,63.20462071,63.2090518,0.0440543099,0.04405430991,4.397975224,4.598145193,3.797790706,0.600598793,0.600544721,0.6006488137,8.410123879,8.609274034,8.611046471
15.3,60.17400408,63.20431357,63.20866331,60.17400408,63.20431357,63.20866331,0.04343868251,0.04343868265,4.39800453,4.598169764,3.797821786,0.6005901275,0.6005375058,0.6006396875,8.40997735,8.609151179,8.610891072
15.35,60.17364323,63.20401025,63.20828035,60.17364324,63.20401025,63.20828035,0.04283168856,0.04283168883,4.398033398,4.59819403,3.797852422,0.6005815915,0.6005303801,0.6006306914,8.409833012,8.609029849,8.610737889
15.4,60.17328778,63.2037107,63.20790285,60.17328778,63.2037107,63.20790285,0.0422332058,0.04223320618,4.398061834,4.598217994,3.797882622,0.6005731829,0.600523343,0.6006218235,8.409690829,8.608910029,8.610586888
15.45,60.17293762,63.20341488,63.20753072,60.17293762,63.20341488,63.20753072,0.04164311373,0.0416431142,4.398089847,4.59824166,3.797912392,0.6005648998,0.6005163936,0.6006130818,8.409550767,8.608791702,8.610438039
15.5,60.17259269,63.20312276,63.2071639,60.17259269,63.20312275,63.2071639,0.04106129362,0.04106129414,4.398117441,4.59826503,3.797941738,0.6005567401,0.600509531,0.6006044646,8.409412794,8.608674852,8.610291308
15.55,60.17225289,63.20283429,63.20680229,60.17225289,63.20283429,63.20680229,0.04048762845,0.04048762899,4.398144625,4.598288107,3.797970667,0.6005487019,0.6005027542,0.60059597,8.409276875,8.608559465,8.610146666
15.6,60.17191815,63.20254944,63.20644583,60.17191816,63.20254943,63.20644583,0.03992200292,0.03992200342,4.398171404,4.598310895,3.797999184,0.6005407833,0.6004960624,0.6005875962,8.40914298,8.608445524,8.610004081
15.65,60.17158839,63.20226816,63.20609444,60.1715884,63.20226816,63.20609444,0.03936430336,0.03936430377,4.398197785,4.598333397,3.798027295,0.6005329825,0.6004894546,0.6005793414,8.409011076,8.608333015,8.609863524
15.7,60.17126354,63.20199043,63.20574804,60.17126354,63.20199043,63.20574804,0.03881441775,0.03881441804,4.398223774,4.598355616,3.798055007,0.6005252975,0.6004829299,0.600571204,8.408881132,8.608221921,8.609724965
15.75,60.1709435,63.20171619,63.20540656,60.1709435,63.20171619,63.20540656,0.03827223569,0.03827223585,4.398249376,4.598377555,3.798082325,0.6005177267,0.6004764875,0.6005631821,8.408753118,8.608112227,8.609588375
15.8,60.17062821,63.20144542,63.20506994,60.17062821,63.20144542,63.20506994,0.03773764836,0.03773764839,4.398274599,4.598399216,3.798109255,0.6005102681,0.6004701264,0.6005552742,8.408627003,8.608003919,8.609453725
15.85,60.1703176,63.20117808,63.20473809,60.1703176,63.20117808,63.20473809,0.03721054848,0.03721054845,4.398299449,4.598420604,3.798135803,0.6005029201,0.6004638458,0.6005474785,8.408502757,8.607896982,8.609320986
15.9,60.17001159,63.20091412,63.20441095,60.17001159,63.20091412,63.20441095,0.03669083039,0.03669083036,4.398323929,4.59844172,3.798161974,0.600495681,0.6004576447,0.6005397934,8.408380353,8.607791399,8.609190131
15.95,60.1697101,63.20065352,63.20408846,60.1697101,63.20065352,63.20408846,0.03617839,0.03617838996,4.398348048,4.598462569,3.798187773,0.6004885489,0.6004515224,0.6005322174,8.40825976,8.607687157,8.609061133
16,60.16941308,63.20039622,63.20377054,60.16941308,63.20039622,63.20377054,0.03567312465,0.03567312461,4.39837181,4.598483152,3.798213207,0.6004815224,0.6004454778,0.6005247487,8.408140951,8.607584239,8.608933964
16.05,60.16912045,63.20014221,63.20345712,60.16912045,63.20014221,63.20345712,0.03517493316,0.03517493312,4.39839522,4.598503473,3.79823828,0.6004745997,0.6004395103,0.6005173859,8.408023898,8.607482633,8.608808598
16.1,60.16883214,63.19989143,63.20314815,60.16883214,63.19989143,63.20314815,0.03468371582,0.03468371579,4.398418285,4.598523536,3.798262998,0.6004677792,0.6004336188,0.6005101275,8.407908575,8.607382322,8.608685009
16.15,60.16854809,63.19964386,63.20284355,60.16854809,63.19964386,63.20284355,0.03419937435,0.03419937432,4.398441009,4.598543341,3.798287366,0.6004610594,0.6004278025,0.6005029719,8.407794953,8.607283293,8.608563171
16.2,60.16826822,63.19939945,63.20254327,60.16826822,63.19939945,63.20254327,0.03372181186,0.03372181184,4.398463398,4.598562894,3.798311388,0.6004544387,0.6004220607,0.6004959175,8.407683008,8.607185531,8.608443058
16.25,60.16799249,63.19915818,63.20224724,60.16799249,63.19915818,63.20224724,0.03325093288,0.03325093287,4.398485458,4.598582196,3.798335071,0.6004479155,0.6004163924,0.6004889631,8.407572712,8.607089021,8.608324646
16.3,60.16772081,63.19892,63.2019554,60.16772081,63.19892,63.2019554,0.03278664329,0.03278664328,4.398507192,4.59860125,3.798358418,0.6004414885,0.6004107968,0.6004821071,8.407464042,8.606993749,8.60820791
16.35,60.16745313,63.19868488,63.20166769,60.16745313,63.19868488,63.20166769,0.03232885033,0.0323288503,4.398528606,4.59862006,3.798381435,0.600435156,0.6004052732,0.600475348,8.40735697,8.606899701,8.608092826
16.4,60.16718939,63.19845279,63.20138405,60.16718939,63.19845279,63.20138405,0.03187746256,0.03187746251,4.398549705,4.598638627,3.798404126,0.6004289166,0.6003998205,0.6004686846,8.407251474,8.606806864,8.60797937
16.45,60.16692953,63.19822368,63.20110442,60.16692953,63.19822368,63.20110442,0.03143238985,0.03143238976,4.398570494,4.598656955,3.798426496,0.6004227689,0.6003944381,0.6004621153,8.407147529,8.606715223,8.607867518
16.5,60.16667348,63.19799753,63.20082874,60.16667348,63.19799753,63.20082874,0.03099354335,0.03099354322,4.398590978,4.598675047,3.798448551,0.6004167116,0.6003891252,0.6004556389,8.40704511,8.606624764,8.607757247
16.55,60.16642119,63.19777431,63.20055696,60.16642119,63.19777431,63.20055696,0.03056083548,0.0305608353,4.398611161,4.598692905,3.798470293,0.6004107431,0.6003838808,0.600449254,8.406944195,8.606535473,8.607648535
16.6,60.16617261,63.19755397,63.20028902,60.16617261,63.19755397,63.20028902,0.03013417993,0.03013417968,4.398631048,4.598710532,3.798491728,0.6004048622,0.6003787043,0.6004429593,8.406844761,8.606447338,8.607541359
16.65,60.16592767,63.19733649,63.20002487,60.16592767,63.19733649,63.20002486,0.02971349158,0.02971349128,4.398650643,4.598727931,3.798512861,0.6003990675,0.6003735948,0.6004367535,8.406746785,8.606360344,8.607435696
16.7,60.16568631,63.19712182,63.19976444,60.16568631,63.19712182,63.19976444,0.02929868657,0.02929868621,4.398669951,4.598745104,3.798533695,0.6003933577,0.6003685516,0.6004306354,8.406650244,8.606274478,8.607331526
16.75,60.1654485,63.19690994,63.19950769,60.1654485,63.19690995,63.19950769,0.0288896822,0.02888968179,4.398688977,4.598762055,3.798554235,0.6003877315,0.6003635739,0.6004246035,8.406555117,8.606189727,8.607228826
16.8,60.16521416,63.19670082,63.19925456,60.16521416,63.19670082,63.19925456,0.02848639697,0.02848639651,4.398707724,4.598778784,3.798574485,0.6003821876,0.6003586608,0.6004186568,8.406461382,8.606106078,8.607127575
16.85,60.16498325,63.19649442,63.19900501,60.16498325,63.19649442,63.19900501,0.02808875052,0.02808875004,4.398726197,4.598795296,3.798594449,0.6003767247,0.6003538117,0.600412794,8.406369017,8.606023518,8.607027753
16.9,60.16475571,63.19629071,63.19875897,60.16475571,63.19629071,63.19875897,0.02769666365,0.02769666317,4.398744399,4.598811593,3.798614132,0.6003713417,0.6003490258,0.6004070139,8.406278003,8.605942033,8.606929339
16.95,60.1645315,63.19608965,63.19851641,60.1645315,63.19608966,63.19851641,0.02731005828,0.02731005782,4.398762336,4.598827678,3.798633537,0.6003660374,0.6003443023,0.6004013152,8.406188319,8.605861612,8.606832313
17,60.16431056,63.19589123,63.19827726,60.16431056,63.19589123,63.19827726,0.02692885745,0.02692885703,4.398780011,4.598843552,3.798652669,0.6003608104,0.6003396404,0.6003956969,8.406099943,8.605782241,8.606736655
17.05,60.16409285,63.19569539,63.19804149,60.16409285,63.19569539,63.19804149,0.02655298528,0.02655298493,4.398797429,4.598859219,3.798671531,0.6003556597,0.6003350395,0.6003901578,8.406012857,8.605703907,8.606642346
17.1,60.16387831,63.19550212,63.19780904,60.16387831,63.19550212,63.19780904,0.02618236699,0.02618236673,4.398814592,4.59887468,3.798690127,0.6003505841,0.6003304989,0.6003846967,8.405927041,8.605626599,8.606549365
17.15,60.16366689,63.19531138,63.19757986,60.16366689,63.19531138,63.19757986,0.02581692884,0.0258169287,4.398831505,4.598889939,3.798708461,0.6003455825,0.6003260177,0.6003793126,8.405842476,8.605550304,8.606457694
17.2,60.16345856,63.19512315,63.19735391,60.16345856,63.19512315,63.19735391,0.02545659815,0.02545659815,4.398848172,4.598904998,3.798726537,0.6003406537,0.6003215953,0.6003740043,8.405759142,8.605475009,8.606367315
17.25,60.16325326,63.19493738,63.19713115,60.16325326,63.19493738,63.19713115,0.02510130328,0.02510130342,4.398864596,4.598919859,3.798744358,0.6003357966,0.6003172309,0.6003687707,8.405677022,8.605400703,8.606278208
17.3,60.16305095,63.19475406,63.19691152,60.16305095,63.19475406,63.19691152,0.0247509736,0.02475097387,4.398880781,4.598934525,3.798761929,0.6003310102,0.6003129239,0.6003636108,8.405596096,8.605327373,8.606190356
17.35,60.16285157,63.19457315,63.19669498,60.16285157,63.19457315,63.19669498,0.02440553947,0.02440553988,4.398896731,4.598948998,3.798779252,0.6003262934,0.6003086735,0.6003585235,8.405516347,8.605255009,8.606103741
17.4,60.1626551,63.19439462,63.19648149,60.1626551,63.19439462,63.19648149,0.02406493226,0.02406493279,4.398912448,4.598963281,3.798796331,0.6003216451,0.6003044791,0.6003535079,8.405437758,8.605183597,8.606018345
17.45,60.16246148,63.19421844,63.196271,60.16246148,63.19421844,63.196271,0.02372908429,0.02372908491,4.398927938,4.598977375,3.79881317,0.6003170644,0.60030034,0.6003485627,8.40536031,8.605113126,8.60593415
17.5,60.16227067,63.19404459,63.19606347,60.16227067,63.19404459,63.19606348,0.02339792886,0.02339792953,4.398943203,4.598991283,3.798829772,0.6003125501,0.6002962554,0.6003436872,8.405283986,8.605043585,8.60585114
17.55,60.16208263,63.19387303,63.19585887,60.16208263,63.19387303,63.19585887,0.02307140019,0.02307140088,4.398958246,4.599005008,3.798846141,0.6003081014,0.6002922248,0.6003388802,8.40520877,8.604974962,8.605769297
17.6,60.16189732,63.19370374,63.19565714,60.16189732,63.19370374,63.19565714,0.02274943345,0.0227494341,4.398973071,4.599018551,3.798862279,0.6003037172,0.6002882475,0.6003341408,8.405134645,8.604907246,8.605688605
17.65,60.16171469,63.19353669,63.19545825,60.16171469,63.19353669,63.19545825,0.02243196469,0.02243196526,4.398987681,4.599031915,3.79887819,0.6002993965,0.6002843227,0.600329468,8.405061595,8.604840426,8.605609048
17.7,60.16153471,63.19337185,63.19526215,60.16153471,63.19337185,63.19526215,0.0221189309,0.02211893135,4.399002079,4.599045102,3.798893878,0.6002951384,0.60028045,0.600324861,8.404989603,8.60477449,8.60553061
17.75,60.16135734,63.1932092,63.19506881,60.16135734,63.1932092,63.19506881,0.02181026991,0.02181027022,4.399016269,4.599058114,3.798909345,0.600290942,0.6002766285,0.6003203186,8.404918654,8.604709428,8.605453273
17.8,60.16118253,63.1930487,63.19487819,60.16118253,63.1930487,63.19487819,0.02150592046,0.02150592061,4.399030254,4.599070954,3.798924595,0.6002868063,0.6002728577,0.6003158401,8.404848731,8.604645229,8.605377024
17.85,60.16101026,63.19289033,63.19469024,60.16101026,63.19289033,63.19469024,0.02120582212,0.02120582214,4.399044036,4.599083623,3.798939631,0.6002827304,0.6002691369,0.6003114245,8.404779821,8.604581883,8.605301846
17.9,60.16084047,63.19273407,63.19450493,60.16084047,63.19273407,63.19450493,0.02090991529,0.02090991526,4.399057619,4.599096125,3.798954455,0.6002787135,0.6002654656,0.6003070709,8.404711907,8.604519377,8.605227724
17.95,60.16067314,63.19257988,63.19432223,60.16067314,63.19257988,63.19432223,0.0206181413,0.02061814127,4.399071005,4.599108459,3.798969072,0.6002747546,0.6002618431,0.6003027785,8.404644974,8.604457703,8.605154642
18,60.16050823,63.19242775,63.19414209,60.16050823,63.19242775,63.19414209,0.02033044235,0.0203304423,4.399084198,4.59912063,3.798983482,0.600270853,0.6002582688,0.6002985463,8.404579008,8.60439685,8.605082588
18.05,60.16034569,63.19227764,63.19396449,60.16034569,63.19227764,63.19396449,0.02004676135,0.0200467613,4.399097201,4.599132639,3.798997691,0.6002670076,0.600254742,0.6002943735,8.404513995,8.604336806,8.605011544
18.1,60.16018551,63.19212953,63.19378937,60.16018551,63.19212953,63.19378937,0.01976704206,0.019767042,4.399110016,4.599144487,3.7990117,0.6002632178,0.6002512623,0.6002902593,8.404449921,8.604277563,8.604941498
18.15,60.16002763,63.1919834,63.19361671,60.16002763,63.1919834,63.19361671,0.01949122902,0.01949122897,4.399122646,4.599156178,3.799025513,0.6002594826,0.600247829,0.6002862029,8.404386771,8.60421911,8.604872436
18.2,60.15987203,63.19183922,63.19344648,60.15987203,63.19183922,63.19344648,0.01921926754,0.0192192675,4.399135094,4.599167713,3.799039132,0.6002558013,0.6002444414,0.6002822033,8.404324532,8.604161437,8.604804342
18.25,60.15971868,63.19169696,63.19327864,60.15971868,63.19169696,63.19327864,0.01895110374,0.01895110371,4.399147362,4.599179093,3.799052559,0.600252173,0.6002410992,0.6002782599,8.40426319,8.604104534,8.604737204
18.3,60.15956753,63.19155661,63.19311315,60.15956753,63.19155661,63.19311315,0.01868668446,0.01868668444,4.399159454,4.599190322,3.799065798,0.6002485971,0.6002378015,0.6002743718,8.404202731,8.604048392,8.604671008
18.35,60.15941856,63.19141813,63.19294998,60.15941856,63.19141813,63.19294998,0.0184259573,0.0184259573,4.399171371,4.5992014,3.799078852,0.6002450726,0.600234548,0.6002705383,8.404143144,8.603993001,8.604605741
18.4,60.15927174,63.1912815,63.1927891,60.15927174,63.1912815,63.1927891,0.01816887062,0.01816887061,4.399183117,4.59921233,3.799091722,0.6002415988,0.600231338,0.6002667585,8.404084415,8.60393835,8.604541389
18.45,60.15912703,63.19114671,63.19263047,60.15912703,63.19114671,63.19263047,0.01791537347,0.01791537345,4.399194694,4.599223114,3.799104412,0.6002381751,0.600228171,0.6002630317,8.40402653,8.603884432,8.604477939
18.5,60.1589844,63.19101372,63.19247407,60.1589844,63.19101372,63.19247407,0.01766541564,0.0176654156,4.399206104,4.599233753,3.799116924,0.6002348006,0.6002250464,0.6002593571,8.403969479,8.603831236,8.604415379
18.55,60.15884382,63.19088251,63.19231987,60.15884382,63.19088251,63.19231987,0.01741894762,0.01741894755,4.399217351,4.599244249,3.799129261,0.6002314746,0.6002219637,0.6002557341,8.403913247,8.603778754,8.604353696
18.6,60.15870527,63.19075306,63.19216782,60.15870527,63.19075306,63.19216782,0.01717592059,0.01717592048,4.399228435,4.599254605,3.799141424,0.6002281964,0.6002189224,0.6002521619,8.403857824,8.603726975,8.604292878
18.65,60.1585687,63.19062536,63.19201791,60.1585687,63.19062536,63.19201791,0.01693628644,0.01693628626,4.39923936,4.599264822,3.799153417,0.6002249653,0.6002159219,0.6002486397,8.403803198,8.603675892,8.604232913
18.7,60.15843409,63.19049936,63.19187009,60.15843409,63.19049936,63.19187009,0.01669999769,0.01669999744,4.399250129,4.599274901,3.799165242,0.6002217806,0.6002129617,0.6002451669,8.403749355,8.603625495,8.604173788
18.75,60.15830142,63.19037507,63.19172435,60.15830142,63.19037507,63.19172435,0.01646700757,0.01646700724,4.399260743,4.599284845,3.799176902,0.6002186417,0.6002100413,0.6002417427,8.403696286,8.603575776,8.604115491
18.8,60.15817065,63.19025244,63.19158065,60.15817065,63.19025244,63.19158065,0.01623726994,0.01623726953,4.399271204,4.599294655,3.799188398,0.6002155477,0.6002071602,0.6002383665,8.403643979,8.603526725,8.604058011
18.85,60.15804176,63.19013146,63.19143897,60.15804176,63.19013146,63.19143897,0.01601073932,0.01601073883,4.399281516,4.599304333,3.799199733,0.6002124982,0.6002043179,0.6002350376,8.403592422,8.603478335,8.604001337
18.9,60.15791471,63.19001212,63.19129927,60.15791471,63.19001212,63.19129927,0.01578737086,0.0157873703,4.399291679,4.599313881,3.799210909,0.6002094924,0.6002015138,0.6002317554,8.403541604,8.603430596,8.603945456
18.95,60.15778949,63.18989438,63.19116152,60.15778949,63.18989438,63.19116152,0.01556712036,0.01556711972,4.399301697,4.5993233,3.799221928,0.6002065296,0.6001987475,0.6002285191,8.403491515,8.6033835,8.603890358
19,60.15766606,63.18977822,63.19102571,60.15766606,63.18977823,63.19102571,0.0153499442,0.01534994351,4.399311571,4.599332592,3.799232794,0.6002036094,0.6001960185,0.6002253281,8.403442143,8.60333704,8.603836032
19.05,60.1575444,63.18966364,63.19089179,60.1575444,63.18966364,63.19089179,0.01513579942,0.0151357987,4.399321304,4.599341759,3.799243507,0.6002007309,0.6001933263,0.6002221818,8.403393479,8.603291206,8.603782467
19.1,60.15742448,63.1895506,63.19075975,60.15742448,63.1895506,63.19075975,0.01492464364,0.01492464289,4.399330898,4.599350802,3.79925407,0.6001978937,0.6001906704,0.6002190796,8.403345511,8.60324599,8.603729651
19.15,60.15730628,63.18943909,63.19062956,60.15730628,63.18943909,63.19062956,0.01471643506,0.01471643433,4.399340354,4.599359723,3.799264485,0.600195097,0.6001880504,0.6002160208,8.403298231,8.603201385,8.603677575
19.2,60.15718977,63.18932908,63.1905012,60.15718977,63.18932908,63.1905012,0.0145111325,0.0145111318,4.399349675,4.599368523,3.799274754,0.6001923404,0.6001854658,0.6002130048,8.403251626,8.603157383,8.603626229
19.25,60.15707493,63.18922056,63.19037463,60.15707493,63.18922057,63.19037463,0.01430869534,0.0143086947,4.399358862,4.599377205,3.79928488,0.6001896232,0.6001829161,0.600210031,8.403205689,8.603113976,8.6035756
19.3,60.15696172,63.18911351,63.19024983,60.15696172,63.18911351,63.19024983,0.01410908352,0.01410908298,4.399367918,4.599385769,3.799294864,0.6001869449,0.6001804009,0.6002070989,8.403160408,8.603071155,8.603525681
19.35,60.15685014,63.18900791,63.19012678,60.15685014,63.18900791,63.19012677,0.01391225758,0.01391225715,4.399376845,4.599394217,3.799304708,0.6001843048,0.6001779198,0.6002042077,8.403115775,8.603028914,8.60347646
19.4,60.15674015,63.18890374,63.19000544,60.15674015,63.18890374,63.19000544,0.01371817858,0.0137181783,4.399385644,4.599402551,3.799314414,0.6001817025,0.6001754722,0.6002013571,8.403071779,8.602987245,8.603427928
19.45,60.15663173,63.18880098,63.18988581,60.15663173,63.18880098,63.18988581,0.01352680814,0.01352680802,4.399394318,4.599410772,3.799323985,0.6001791373,0.6001730578,0.6001985463,8.403028412,8.602946141,8.603380075
19.5,60.15652486,63.18869961,63.18976785,60.15652486,63.18869961,63.18976785,0.01333810842,0.01333810848,4.399402867,4.599418881,3.799333422,0.6001766088,0.6001706761,0.6001957748,8.402985664,8.602905593,8.603332891
19.55,60.15641952,63.18859961,63.18965154,60.15641952,63.18859961,63.18965154,0.01315204211,0.01315204235,4.399411295,4.599426881,3.799342726,0.6001741164,0.6001683266,0.6001930421,8.402943526,8.602865595,8.603286368
19.6,60.15631568,63.18850097,63.18953686,60.15631568,63.18850097,63.18953686,0.01296857242,0.01296857286,4.399419602,4.599434772,3.799351901,0.6001716595,0.6001660091,0.6001903477,8.40290199,8.602826139,8.603240495
19.65,60.15621332,63.18840367,63.18942379,60.15621332,63.18840367,63.18942379,0.0127876631,0.01278766371,4.399427791,4.599442556,3.799360947,0.6001692377,0.600163723,0.6001876909,8.402861047,8.602787219,8.603195264
19.7,60.15611242,63.18830769,63.18931229,60.15611243,63.18830769,63.18931229,0.01260927837,0.01260927914,4.399435862,4.599450235,3.799369867,0.6001668505,0.6001614679,0.6001850713,8.402820688,8.602748827,8.603150666
19.75,60.15601296,63.18821302,63.18920235,60.15601297,63.18821301,63.18920236,0.01243338298,0.01243338389,4.399443819,4.599457809,3.799378662,0.6001644972,0.6001592434,0.6001824883,8.402780904,8.602710957,8.603106691
19.8,60.15591492,63.18811963,63.18909396,60.15591492,63.18811962,63.18909396,0.01225994217,0.01225994318,4.399451663,4.59946528,3.799387334,0.6001621776,0.6001570491,0.6001799414,8.402741687,8.6026736,8.603063332
19.85,60.15581828,63.18802751,63.18898707,60.15581828,63.1880275,63.18898707,0.01208892166,0.01208892272,4.399459394,4.59947265,3.799395884,0.6001598909,0.6001548847,0.6001774302,8.402703029,8.602636752,8.603020579
19.9,60.15572301,63.18793664,63.18888168,60.15572301,63.18793664,63.18888169,0.01192028764,0.01192028871,4.399467016,4.599479919,3.799404315,0.6001576369,0.6001527497,0.600174954,8.402664922,8.602600405,8.602978423
19.95,60.1556291,63.187847,63.18877777,60.1556291,63.187847,63.18877777,0.01175400679,0.01175400782,4.399474528,4.59948709,3.799412628,0.600155415,0.6001506437,0.6001725125,8.402627358,8.602564552,8.602936858
20,60.15553653,63.18775859,63.18867531,60.15553653,63.18775859,63.18867531,0.01159004625,0.01159004718,4.399481934,4.599494163,3.799420825,0.6001532247,0.6001485664,0.6001701051,8.402590329,8.602529187,8.602895873
20.05,60.15544527,63.18767138,63.18857428,60.15544527,63.18767138,63.18857428,0.0114283736,0.01142837438,4.399489235,4.599501139,3.799428908,0.6001510655,0.6001465174,0.6001677314,8.402553827,8.602494303,8.602855461
20.1,60.15535531,63.18758536,63.18847466,60.15535532,63.18758536,63.18847466,0.01126895689,0.01126895748,4.399496431,4.599508021,3.799436877,0.6001489371,0.6001444963,0.6001653909,8.402517844,8.602459894,8.602815614
20.15,60.15526664,63.18750051,63.18837644,60.15526664,63.18750051,63.18837644,0.01111176458,0.01111176496,4.399503525,4.599514809,3.799444735,0.600146839,0.6001425027,0.600163083,8.402482373,8.602425954,8.602776325
20.2,60.15517922,63.18741682,63.18827959,60.15517922,63.18741682,63.18827959,0.01095676559,0.01095676577,4.399510519,4.599521505,3.799452483,0.6001447707,0.6001405362,0.6001608075,8.402447407,8.602392477,8.602737584
20.25,60.15509305,63.18733427,63.18818409,60.15509305,63.18733427,63.18818409,0.01080392926,0.01080392928,4.399517412,4.599528109,3.799460123,0.6001427319,0.6001385966,0.6001585637,8.402412938,8.602359456,8.602699385
20.3,60.1550081,63.18725284,63.18808992,60.1550081,63.18725284,63.18808992,0.01065322533,0.01065322528,4.399524208,4.599534623,3.799467656,0.600140722,0.6001366834,0.6001563513,8.402378959,8.602326886,8.602661719
20.35,60.15492436,63.18717253,63.18799708,60.15492436,63.18717253,63.18799708,0.01050462406,0.01050462401,4.399530907,4.599541048,3.799475084,0.6001387407,0.6001347964,0.6001541697,8.402345463,8.60229476,8.60262458
20.4,60.15484181,63.18709331,63.18790553,60.15484181,63.18709331,63.18790553,0.01035809616,0.01035809609,4.399537511,4.599547386,3.799482408,0.6001367875,0.6001329351,0.6001520187,8.402312443,8.602263072,8.60258796
20.45,60.15476043,63.18701517,63.18781525,60.15476043,63.18701517,63.18781525,0.01021361266,0.01021361259,4.399544022,4.599553636,3.79948963,0.6001348621,0.6001310992,0.6001498977,8.402279892,8.602231818,8.602551851
20.5,60.15468021,63.1869381,63.18772624,60.15468021,63.1869381,63.18772624,0.01007114503,0.01007114494,4.399550439,4.599559802,3.799496751,0.600132964,0.6001292884,0.6001478064,8.402247803,8.60220099,8.602516247
20.55,60.15460113,63.18686208,63.18763848,60.15460113,63.18686208,63.18763848,0.009930665108,0.009930665023,4.399556766,4.599565883,3.799503772,0.6001310928,0.6001275023,0.6001457443,8.402216169,8.602170583,8.602481141
20.6,60.15452317,63.18678711,63.18755194,60.15452317,63.18678711,63.18755194,0.009792145147,0.009792145069,4.399563003,4.599571882,3.799510695,0.6001292482,0.6001257406,0.6001437109,8.402184985,8.602140592,8.602446525
20.65,60.15444631,63.18671315,63.18746661,60.15444631,63.18671315,63.18746661,0.009655557784,0.00965555772,4.399569151,4.599577798,3.799517522,0.6001274298,0.6001240031,0.600141706,8.402154243,8.602111011,8.602412392
20.7,60.15437055,63.18664021,63.18738247,60.15437055,63.18664021,63.18738247,0.009520876042,0.009520875995,4.399575212,4.599583633,3.799524253,0.6001256372,0.6001222892,0.6001397291,8.402123938,8.602081834,8.602378737
20.75,60.15429586,63.18656827,63.1872995,60.15429586,63.18656827,63.1872995,0.009388073319,0.00938807329,4.399581188,4.599589389,3.79953089,0.60012387,0.6001205989,0.6001377798,8.402094062,8.602053057,8.602345551
20.8,60.15422223,63.18649731,63.1872177,60.15422223,63.18649731,63.1872177,0.00925712339,0.009257123375,4.399587078,4.599595065,3.799537434,0.6001221279,0.6001189316,0.6001358577,8.40206461,8.602024673,8.602312829
20.85,60.15414964,63.18642732,63.18713704,60.15414964,63.18642732,63.18713704,0.009128000391,0.009128000384,4.399592885,4.599600664,3.799543887,0.6001204105,0.6001172872,0.6001339625,8.402035576,8.601996678,8.602280564
20.9,60.15407809,63.18635829,63.1870575,60.15407809,63.18635829,63.1870575,0.009000678824,0.009000678816,4.399598609,4.599606187,3.79955025,0.6001187174,0.6001156653,0.6001320938,8.402006953,8.601969066,8.602248749
20.95,60.15400754,63.18629021,63.18697907,60.15400754,63.18629021,63.18697907,0.008875133545,0.008875133524,4.399604253,4.599611633,3.799556524,0.6001170483,0.6001140656,0.6001302511,8.401978736,8.601941833,8.602217379
21,60.153938,63.18622306,63.18690174,60.153938,63.18622306,63.18690174,0.008751339761,0.008751339713,4.399609816,4.599617006,3.799562711,0.6001154029,0.6001124878,0.6001284342,8.401950918,8.601914972,8.602186447
21.05,60.15386944,63.18615682,63.18682549,60.15386944,63.18615682,63.18682549,0.008629273026,0.008629272935,4.399615301,4.599622304,3.799568811,0.6001137807,0.6001109316,0.6001266426,8.401923495,8.60188848,8.602155947
21.1,60.15380185,63.1860915,63.18675031,60.15380185,63.1860915,63.18675031,0.008508909233,0.008508909084,4.399620708,4.59962753,3.799574825,0.6001121816,0.6001093968,0.6001248761,8.40189646,8.60186235,8.602125873
21.15,60.15373522,63.18602707,63.18667617,60.15373522,63.18602707,63.18667617,0.008390224612,0.00839022439,4.399626038,4.599632684,3.799580756,0.6001106051,0.600107883,0.6001231342,8.401869808,8.601836579,8.602096219
21.2,60.15366954,63.18596353,63.18660307,60.15366954,63.18596353,63.18660307,0.008273195727,0.008273195418,4.399631293,4.599637768,3.799586604,0.6001090509,0.60010639,0.6001214166,8.401843533,8.601811162,8.602066979
21.25,60.15360478,63.18590086,63.18653099,60.15360478,63.18590086,63.18653099,0.008157799464,0.008157799056,4.399636474,4.599642781,3.799592371,0.6001075187,0.6001049174,0.600119723,8.40181763,8.601786093,8.602038147
21.3,60.15354094,63.18583905,63.18645992,60.15354094,63.18583905,63.18645992,0.008044013035,0.00804401252,4.399641581,4.599647726,3.799598057,0.6001060082,0.6001034651,0.6001180531,8.401792094,8.601761368,8.602009717
21.35,60.153478,63.18577808,63.18638984,60.153478,63.18577808,63.18638984,0.007931813968,0.00793181334,4.399646616,4.599652603,3.799603663,0.600104519,0.6001020327,0.6001164065,8.401766919,8.601736983,8.601981685
21.4,60.15341596,63.18571796,63.18632073,60.15341595,63.18571796,63.18632073,0.007821180106,0.007821179363,4.39965158,4.599657414,3.799609191,0.6001030509,0.60010062,0.6001147828,8.4017421,8.601712932,8.601954044
21.45,60.15335479,63.18565866,63.1862526,60.15335478,63.18565866,63.1862526,0.0077120896,0.007712088745,4.399656473,4.599662158,3.799614642,0.6001016036,0.6000992266,0.6001131819,8.401717633,8.601689212,8.601926788
21.5,60.15329448,63.18560017,63.18618541,60.15329448,63.18560017,63.18618541,0.007604520906,0.007604519946,4.399661298,4.599666836,3.799620017,0.6001001768,0.6000978524,0.6001116032,8.401693511,8.601665818,8.601899914
21.55,60.15323503,63.18554249,63.18611916,60.15323503,63.18554249,63.18611916,0.007498452781,0.007498451727,4.399666054,4.599671451,3.799625317,0.6000987701,0.6000964971,0.6001100467,8.40166973,8.601642745,8.601873414
21.6,60.15317642,63.1854856,63.18605384,60.15317642,63.1854856,63.18605383,0.007393864279,0.007393863149,4.399670743,4.599676002,3.799630543,0.6000973833,0.6000951604,0.6001085118,8.401646285,8.601619989,8.601847284
21.65,60.15311863,63.18542949,63.18598942,60.15311863,63.18542949,63.18598942,0.007290734748,0.00729073356,4.399675366,4.599680491,3.799635696,0.6000960161,0.6000938421,0.6001069984,8.401623172,8.601597546,8.601821519
21.7,60.15306167,63.18537415,63.18592591,60.15306167,63.18537415,63.18592591,0.007189043822,0.007189042602,4.399679923,4.599684918,3.799640777,0.6000946682,0.6000925419,0.600105506,8.401600385,8.601575411,8.601796114
21.75,60.15300551,63.18531958,63.18586328,60.1530055,63.18531958,63.18586328,0.007088771422,0.007088770199,4.399684416,4.599689284,3.799645787,0.6000933393,0.6000912596,0.6001040345,8.40157792,8.601553581,8.601771063
21.8,60.15295014,63.18526575,63.18580153,60.15295013,63.18526575,63.18580153,0.00698989775,0.006989896554,4.399688845,4.59969359,3.799650728,0.6000920293,0.6000899949,0.6001025836,8.401555773,8.601532051,8.601746361
21.85,60.15289555,63.18521267,63.18574064,60.15289555,63.18521267,63.18574064,0.006892403285,0.006892402148,4.399693212,4.599697836,3.799655599,0.6000907377,0.6000887477,0.6001011529,8.401533938,8.601510818,8.601722005
21.9,60.15284173,63.18516032,63.1856806,60.15284173,63.18516032,63.1856806,0.00679626878,0.006796267736,4.399697518,4.599702025,3.799660402,0.6000894643,0.6000875176,0.6000997421,8.401512411,8.601489876,8.601697988
21.95,60.15278868,63.18510868,63.18562139,60.15278868,63.18510868,63.18562139,0.006701475257,0.00670147434,4.399701762,4.599706155,3.799665139,0.600088209,0.6000863044,0.6000983511,8.401491189,8.601469223,8.601674307
22,60.15273637,63.18505776,63.18556301,60.15273637,63.18505776,63.18556301,0.006608004005,0.006608003248,4.399705947,4.599710229,3.799669809,0.6000869713,0.6000851079,0.6000969794,8.401470266,8.601448854,8.601650956
22.05,60.1526848,63.18500754,63.18550545,60.1526848,63.18500754,63.18550545,0.006515836576,0.006515836007,4.399710072,4.599714247,3.799674414,0.6000857511,0.6000839279,0.6000956269,8.401449638,8.601428766,8.601627931
22.1,60.15263396,63.18495801,63.18544869,60.15263396,63.18495801,63.18544869,0.006424954779,0.006424954426,4.39971414,4.599718209,3.799678955,0.6000845482,0.6000827642,0.6000942933,8.401429301,8.601408955,8.601605227
22.15,60.15258383,63.18490917,63.18539272,60.15258383,63.18490917,63.18539272,0.00633534068,0.006335340564,4.39971815,4.599722117,3.799683432,0.6000833622,0.6000816165,0.6000929783,8.401409251,8.601389416,8.60158284
22.2,60.15253442,63.18486099,63.18533754,60.15253442,63.18486099,63.18533754,0.006246976596,0.006246976734,4.399722103,4.599725971,3.799687847,0.6000821929,0.6000804846,0.6000916816,8.401389484,8.601370147,8.601560765
22.25,60.15248569,63.18481348,63.18528312,60.1524857,63.18481348,63.18528312,0.006159845092,0.006159845492,4.399726001,4.599729771,3.7996922,0.6000810401,0.6000793683,0.600090403,8.401369996,8.601351143,8.601538998
22.3,60.15243766,63.18476663,63.18522946,60.15243766,63.18476663,63.18522946,0.006073928979,0.006073929641,4.399729844,4.59973352,3.799696493,0.6000799036,0.6000782674,0.6000891423,8.401350782,8.601332401,8.601517535
22.35,60.1523903,63.18472042,63.18517655,60.15239031,63.18472042,63.18517656,0.005989211305,0.005989212223,4.399733632,4.599737217,3.799700726,0.6000787831,0.6000771816,0.6000878991,8.40133184,8.601313917,8.601496372
22.4,60.15234362,63.18467485,63.18512438,60.15234362,63.18467485,63.18512439,0.005905675361,0.005905676517,4.399737367,4.599740862,3.799704899,0.6000776784,0.6000761109,0.6000866733,8.401313165,8.601295689,8.601475503
22.45,60.15229759,63.1846299,63.18507294,60.15229759,63.1846299,63.18507294,0.005823304666,0.005823306035,4.39974105,4.599744458,3.799709015,0.6000765893,0.6000750549,0.6000854646,8.401294752,8.601277711,8.601454926
22.5,60.1522522,63.18458558,63.18502222,60.15225221,63.18458558,63.18502222,0.005742082973,0.005742084519,4.39974468,4.599748004,3.799713073,0.6000755155,0.6000740134,0.6000842728,8.4012766,8.601259982,8.601434636
22.55,60.15220746,63.18454187,63.1849722,60.15220746,63.18454187,63.1849722,0.005661994261,0.005661995939,4.399748259,4.599751501,3.799717074,0.6000744569,0.6000729864,0.6000830975,8.401258703,8.601242497,8.601414629
22.6,60.15216335,63.18449876,63.18492288,60.15216335,63.18449876,63.18492288,0.00558302273,0.005583024488,4.399751788,4.599754949,3.79972102,0.6000734131,0.6000719735,0.6000819387,8.401241058,8.601225254,8.601394902
22.65,60.15211986,63.18445625,63.18487425,60.15211986,63.18445624,63.18487425,0.0055051528,0.00550515458,4.399755268,4.59975835,3.79972491,0.6000723841,0.6000709746,0.6000807961,8.401223662,8.601208248,8.601375449
22.7,60.15207698,63.18441432,63.1848263,60.15207698,63.18441432,63.1848263,0.005428369107,0.005428370847,4.399758698,4.599761705,3.799728746,0.6000713696,0.6000699894,0.6000796694,8.401206511,8.601191477,8.601356268
22.75,60.15203471,63.18437297,63.18477901,60.15203471,63.18437297,63.18477901,0.0053526565,0.005352658134,4.39976208,4.599765012,3.799732529,0.6000703693,0.6000690179,0.6000785584,8.401189602,8.601174938,8.601337355
22.8,60.15199303,63.18433219,63.18473239,60.15199303,63.18433219,63.18473239,0.005278000033,0.0052780015,4.399765414,4.599768275,3.799736259,0.6000693832,0.6000680598,0.6000774629,8.40117293,8.601158627,8.601318705
22.85,60.15195194,63.18429198,63.18468641,60.15195194,63.18429198,63.18468642,0.005204384965,0.005204386211,4.399768701,4.599771492,3.799739937,0.6000684109,0.6000671149,0.6000763827,8.401156494,8.601142541,8.601300316
22.9,60.15191143,63.18425232,63.18464108,60.15191143,63.18425232,63.18464108,0.005131796758,0.005131797738,4.399771942,4.599774664,3.799743563,0.6000674524,0.600066183,0.6000753175,8.401140289,8.601126678,8.601282183
22.95,60.15187148,63.18421321,63.18459638,60.15187149,63.18421321,63.18459638,0.005060221067,0.005060221756,4.399775138,4.599777793,3.799747139,0.6000665073,0.6000652641,0.6000742672,8.401124312,8.601111033,8.601264303
23,60.1518321,63.18417464,63.18455231,60.1518321,63.18417464,63.18455231,0.004989643741,0.004989644141,4.399778288,4.599780879,3.799750666,0.6000655755,0.6000643578,0.6000732316,8.40110856,8.601095605,8.601246672
23.05,60.15179328,63.1841366,63.18450884,60.15179328,63.1841366,63.18450884,0.004920050817,0.004920050963,4.399781394,4.599783922,3.799754142,0.6000646568,0.600063464,0.6000722104,8.401093029,8.60108039,8.601229288
23.1,60.151755,63.18409909,63.18446599,60.151755,63.18409909,63.18446599,0.004851428517,0.00485142849,4.399784456,4.599786923,3.799757571,0.6000637511,0.6000625827,0.6000712035,8.401077718,8.601065385,8.601212145
23.15,60.15171726,63.1840621,63.18442373,60.15171726,63.1840621,63.18442373,0.00478376325,0.004783763179,4.399787476,4.599789882,3.799760952,0.6000628581,0.6000617134,0.6000702106,8.401062621,8.601050588,8.601195242
23.2,60.15168005,63.18402561,63.18438206,60.15168005,63.18402561,63.18438206,0.004717041758,0.004717041677,4.399790453,4.599792801,3.799764285,0.6000619776,0.6000608562,0.6000692315,8.401047737,8.601035995,8.601178575
23.25,60.15164336,63.18398964,63.18434098,60.15164336,63.18398964,63.18434098,0.004651250915,0.004651250818,4.399793388,4.599795679,3.799767572,0.6000611096,0.6000600109,0.6000682661,8.401033062,8.601021604,8.60116214
23.3,60.15160719,63.18395416,63.18430046,60.15160719,63.18395416,63.18430046,0.004586377731,0.004586377618,4.399796281,4.599798518,3.799770813,0.6000602537,0.6000591772,0.6000673142,8.401018593,8.601007412,8.601145934
23.35,60.15157153,63.18391917,63.18426051,60.15157153,63.18391917,63.18426051,0.004522409401,0.004522409277,4.399799134,4.599801317,3.799774009,0.6000594099,0.6000583551,0.6000663755,8.401004328,8.600993416,8.601129955
23.4,60.15153636,63.18388466,63.18422112,60.15153636,63.18388466,63.18422112,0.004459333298,0.004459333171,4.399801947,4.599804077,3.79977716,0.6000585779,0.6000575444,0.60006545,8.400990264,8.600979614,8.601114198
23.45,60.1515017,63.18385063,63.18418228,60.1515017,63.18385063,63.18418228,0.004397136976,0.004397136853,4.399804721,4.599806799,3.799780268,0.6000577577,0.6000567448,0.6000645373,8.400976397,8.600966003,8.601098661
23.5,60.15146752,63.18381708,63.18414398,60.15146752,63.18381708,63.18414398,0.004335808162,0.004335808051,4.399807455,4.599809484,3.799783332,0.600056949,0.6000559564,0.6000636374,8.400962726,8.60095258,8.601083341
23.55,60.15143382,63.18378398,63.18410621,60.15143382,63.18378398,63.18410621,0.004275334756,0.004275334662,4.399810151,4.599812131,3.799786353,0.6000561516,0.6000551788,0.60006275,8.400949246,8.600939343,8.601068234
23.6,60.15140059,63.18375135,63.18406897,60.15140059,63.18375135,63.18406897,0.004215704828,0.004215704753,4.399812809,4.599814742,3.799789332,0.6000553654,0.600054412,0.600061875,8.400935956,8.600926289,8.601053338
23.65,60.15136784,63.18371916,63.18403225,60.15136784,63.18371917,63.18403225,0.004156906613,0.004156906559,4.399815429,4.599817317,3.79979227,0.6000545903,0.6000536558,0.6000610122,8.400922853,8.600913416,8.60103865
23.7,60.15133554,63.18368743,63.18399604,60.15133554,63.18368743,63.18399604,0.004098928513,0.004098928477,4.399818013,4.599819856,3.799795167,0.6000538261,0.6000529101,0.6000601614,8.400909933,8.600900721,8.601024167
23.75,60.15130369,63.18365613,63.18396034,60.15130369,63.18365613,63.18396034,0.00404175909,0.004041759067,4.399820561,4.59982236,3.799798023,0.6000530727,0.6000521747,0.6000593225,8.400897196,8.600888201,8.601009886
23.8,60.1512723,63.18362526,63.18392513,60.1512723,63.18362526,63.18392513,0.003985387067,0.003985387048,4.399823073,4.599824829,3.799800839,0.6000523298,0.6000514494,0.6000584953,8.400884637,8.600875855,8.600995803
23.85,60.15124134,63.18359483,63.18389042,60.15124134,63.18359483,63.18389042,0.003929801322,0.003929801297,4.399825549,4.599827264,3.799803616,0.6000515973,0.6000507343,0.6000576797,8.400872255,8.60086368,8.600981918
23.9,60.15121082,63.18356481,63.18385619,60.15121082,63.18356481,63.18385619,0.003874990889,0.003874990845,4.399827991,4.599829665,3.799806355,0.6000508751,0.600050029,0.6000568754,8.400860046,8.600851674,8.600968226
23.95,60.15118073,63.18353521,63.18382244,60.15118073,63.18353521,63.18382244,0.003820944956,0.003820944879,4.399830398,4.599832033,3.799809055,0.6000501631,0.6000493335,0.6000560823,8.400848009,8.600839834,8.600954725
24,60.15115106,63.18350602,63.18378915,60.15115106,63.18350602,63.18378915,0.003767652859,0.003767652734,4.399832772,4.599834369,3.799811718,0.6000494611,0.6000486476,0.6000553003,8.400836141,8.600828157,8.600941412
24.05,60.15112181,63.18347723,63.18375634,60.15112181,63.18347723,63.18375634,0.003715104084,0.003715103895,4.399835112,4.599836671,3.799814343,0.6000487689,0.6000479712,0.6000545292,8.40082444,8.600816643,8.600928284
24.1,60.15109296,63.18344885,63.18372398,60.15109296,63.18344885,63.18372398,0.003663288261,0.003663287993,4.399837419,4.599838942,3.799816932,0.6000480865,0.6000473042,0.6000537688,8.400812903,8.600805288,8.60091534
24.15,60.15106453,63.18342085,63.18369207,60.15106453,63.18342085,63.18369207,0.003612195166,0.003612194804,4.399839694,4.599841182,3.799819485,0.6000474136,0.6000466465,0.6000530191,8.400801528,8.600794091,8.600902577
24.2,60.15103649,63.18339325,63.1836606,60.15103649,63.18339325,63.1836606,0.003561814716,0.003561814248,4.399841937,4.59984339,3.799822002,0.6000467502,0.6000459978,0.6000522798,8.400790313,8.600783048,8.600889991
24.25,60.15100884,63.18336602,63.18362958,60.15100884,63.18336602,63.18362958,0.003512136969,0.003512136383,4.399844149,4.599845568,3.799824484,0.6000460961,0.6000453582,0.6000515508,8.400779255,8.600772159,8.600877581
24.3,60.15098159,63.18333918,63.18359899,60.15098159,63.18333918,63.18359899,0.00346315212,0.003463151409,4.399846329,4.599847716,3.799826931,0.6000454512,0.6000447274,0.600050832,8.400768353,8.600761421,8.600865344
24.35,60.15095471,63.1833127,63.18356882,60.15095471,63.1833127,63.18356882,0.003414850501,0.003414849659,4.399848479,4.599849834,3.799829344,0.6000448153,0.6000441053,0.6000501232,8.400757603,8.600750831,8.600853278
24.4,60.15092822,63.1832866,63.18353907,60.15092821,63.1832866,63.18353907,0.00336722258,0.003367221605,4.399850599,4.599851922,3.799831724,0.6000441883,0.6000434919,0.6000494243,8.400747004,8.600740388,8.60084138
24.45,60.15090209,63.18326085,63.18350974,60.15090209,63.18326085,63.18350974,0.003320258954,0.003320257848,4.399852689,4.599853982,3.799834071,0.6000435702,0.600042887,0.6000487351,8.400736554,8.60073009,8.600829647
24.5,60.15087633,63.18323546,63.18348082,60.15087633,63.18323546,63.18348082,0.003273950355,0.003273949122,4.39985475,4.599856013,3.799836384,0.6000429607,0.6000422905,0.6000480556,8.400726251,8.600719935,8.600818079
24.55,60.15085094,63.18321043,63.1834523,60.15085093,63.18321043,63.1834523,0.00322828764,0.003228286292,4.399856782,4.599858016,3.799838666,0.6000423598,0.6000417022,0.6000473855,8.400716092,8.600709921,8.600806671
24.6,60.15082589,63.18318574,63.18342418,60.15082589,63.18318574,63.18342418,0.003183261798,0.003183260346,4.399858785,4.599859991,3.799840915,0.6000417673,0.6000411221,0.6000467247,8.400706076,8.600700045,8.600795423
24.65,60.1508012,63.18316139,63.18339646,60.1508012,63.18316139,63.18339645,0.00313886394,0.003138862402,4.39986076,4.599861939,3.799843134,0.6000411831,0.60004055,0.6000460732,8.4006962,8.600690307,8.600784332
24.7,60.15077686,63.18313738,63.18336911,60.15077686,63.18313738,63.18336911,0.003095085303,0.003095083701,4.399862707,4.599863859,3.799845321,0.6000406071,0.6000399859,0.6000454308,8.400686463,8.600680703,8.600773395
24.75,60.15075286,63.18311371,63.18334215,60.15075286,63.18311371,63.18334215,0.003051917246,0.003051915604,4.399864628,4.599865753,3.799847478,0.6000400392,0.6000394296,0.6000447973,8.400676862,8.600671233,8.600762611
24.8,60.15072919,63.18309036,63.18331557,60.15072919,63.18309036,63.18331557,0.003009351249,0.003009349594,4.399866521,4.599867621,3.799849605,0.6000394792,0.6000388811,0.6000441727,8.400667396,8.600661894,8.600751977
24.85,60.15070586,63.18306734,63.18328935,60.15070586,63.18306734,63.18328935,0.002967378912,0.002967377274,4.399868387,4.599869463,3.799851702,0.6000389271,0.6000383401,0.6000435567,8.400658063,8.600652685,8.600741492
24.9,60.15068285,63.18304463,63.18326351,60.15068285,63.18304463,63.1832635,0.002925991951,0.002925990362,4.399870228,4.599871279,3.79985377,0.6000383828,0.6000378066,0.6000429494,8.40064886,8.600643604,8.600731152
24.95,60.15066017,63.18302225,63.18323802,60.15066017,63.18302225,63.18323802,0.002885182201,0.002885180694,4.399872043,4.59987307,3.799855809,0.600037846,0.6000372806,0.6000423505,8.400639786,8.600634648,8.600720957
25,60.15063781,63.18300017,63.18321289,60.1506378,63.18300017,63.18321288,0.002844941607,0.002844940216,4.399873832,4.599874837,3.799857819,0.6000373168,0.6000367618,0.60004176,8.40063084,8.600625817,8.600710904
25.05,60.15061575,63.1829784,63.1831881,60.15061575,63.1829784,63.1831881,0.002805262233,0.002805260991,4.399875596,4.599876578,3.799859802,0.600036795,0.6000362503,0.6000411777,8.400622019,8.600617109,8.600700991
25.1,60.15059401,63.18295693,63.18316367,60.15059401,63.18295693,63.18316367,0.00276613625,0.00276613519,4.399877336,4.599878296,3.799861757,0.6000362805,0.6000357458,0.6000406035,8.400613322,8.600608521,8.600691216
25.15,60.15057257,63.18293576,63.18313957,60.15057257,63.18293576,63.18313957,0.002727555941,0.002727555093,4.399879051,4.59987999,3.799863684,0.6000357733,0.6000352483,0.6000400373,8.400604747,8.600600052,8.600681578
25.2,60.15055143,63.18291488,63.18311581,60.15055143,63.18291488,63.18311581,0.002689513697,0.002689513089,4.399880742,4.59988166,3.799865585,0.6000352731,0.6000347578,0.600039479,8.400596291,8.600591701,8.600672074
25.25,60.15053059,63.18289429,63.18309238,60.15053059,63.18289429,63.18309238,0.002652002018,0.002652001673,4.399882409,4.599883307,3.799867459,0.60003478,0.6000342741,0.6000389285,8.400587955,8.600583466,8.600662703
25.3,60.15051004,63.18287399,63.18306928,60.15051004,63.18287399,63.18306928,0.002615013505,0.002615013443,4.399884053,4.599884931,3.799869308,0.6000342937,0.600033797,0.6000383857,8.400579735,8.600575346,8.600653462
25.35,60.15048978,63.18285397,63.1830465,60.15048978,63.18285397,63.1830465,0.002578540869,0.002578541103,4.399885674,4.599886532,3.79987113,0.6000338143,0.6000333266,0.6000378505,8.40057163,8.600567338,8.60064435
25.4,60.1504698,63.18283423,63.18302404,60.1504698,63.18283423,63.18302404,0.002542576919,0.002542577457,4.399887272,4.599888112,3.799872927,0.6000333416,0.6000328628,0.6000373227,8.400563639,8.600559441,8.600635365
25.45,60.1504501,63.18281476,63.18300189,60.1504501,63.18281476,63.18300189,0.002507114567,0.00250711541,4.399888848,4.599889669,3.799874699,0.6000328755,0.6000324053,0.6000368022,8.40055576,8.600551654,8.600626505
25.5,60.15043068,63.18279556,63.18298005,60.15043068,63.18279556,63.18298005,0.002472146824,0.002472147965,4.399890402,4.599891205,3.799876446,0.600032416,0.6000319543,0.6000362891,8.400547991,8.600543975,8.600617769
25.55,60.15041153,63.18277663,63.18295851,60.15041153,63.18277663,63.18295851,0.002437666799,0.002437668223,4.399891934,4.599892719,3.799878169,0.6000319629,0.6000315095,0.600035783,8.400540331,8.600536403,8.600609155
25.6,60.15039265,63.18275796,63.18293728,60.15039265,63.18275796,63.18293728,0.002403667698,0.002403669383,4.399893444,4.599894213,3.799879868,0.6000315161,0.6000310708,0.6000352841,8.400532778,8.600528936,8.600600661
25.65,60.15037403,63.18273956,63.18291634,60.15037404,63.18273956,63.18291634,0.002370142822,0.002370144737,4.399894934,4.599895686,3.799881543,0.6000310756,0.6000306383,0.6000347921,8.400525331,8.600521572,8.600592285
25.7,60.15035568,63.1827214,63.18289569,60.15035568,63.1827214,63.18289569,0.002337085564,0.00233708767,4.399896402,4.599897138,3.799883195,0.6000306412,0.6000302118,0.6000343069,8.400517989,8.600514311,8.600584026
25.75,60.15033758,63.1827035,63.18287533,60.15033758,63.1827035,63.18287533,0.00230448941,0.002304491661,4.39989785,4.59989857,3.799884824,0.600030213,0.6000297912,0.6000338286,8.400510749,8.600507151,8.600575882
25.8,60.15031973,63.18268585,63.18285526,60.15031973,63.18268585,63.18285526,0.002272347936,0.002272350279,4.399899278,4.599899982,3.79988643,0.6000297907,0.6000293764,0.6000333568,8.400503611,8.60050009,8.600567852
25.85,60.15030214,63.18266844,63.18283546,60.15030214,63.18266844,63.18283546,0.002240654807,0.002240657184,4.399900685,4.599901374,3.799888013,0.6000293744,0.6000289674,0.6000328917,8.400496573,8.600493128,8.600559934
25.9,60.15028479,63.18265128,63.18281594,60.15028479,63.18265128,63.18281594,0.002209403773,0.002209406122,4.399902073,4.599902748,3.799889575,0.6000289639,0.6000285641,0.6000324331,8.400489633,8.600486262,8.600552126
25.95,60.15026768,63.18263435,63.18279669,60.15026768,63.18263435,63.1827967,0.002178588671,0.002178590929,4.399903442,4.599904102,3.799891115,0.6000285591,0.6000281664,0.6000319808,8.400482791,8.600479491,8.600544427
26,60.15025081,63.18261766,63.18277771,60.15025082,63.18261766,63.18277772,0.002148203422,0.002148205524,4.399904791,4.599905437,3.799892633,0.60002816,0.6000277742,0.6000315349,8.400476044,8.600472815,8.600536836
26.05,60.15023418,63.1826012,63.182759,60.15023419,63.1826012,63.182759,0.002118242028,0.002118243914,4.399906122,4.599906754,3.79989413,0.6000277665,0.6000273875,0.6000310952,8.400469392,8.600466231,8.60052935
26.1,60.15021779,63.18258497,63.18274055,60.15021779,63.18258497,63.18274055,0.002088698569,0.002088700188,4.399907433,4.599908052,3.799895606,0.6000273785,0.6000270061,0.6000306616,8.400462833,8.600459739,8.600521969
26.15,60.15020162,63.18256897,63.18272235,60.15020162,63.18256897,63.18272235,0.002059567207,0.002059568516,4.399908727,4.599909333,3.799897062,0.600026996,0.60002663,0.600030234,8.400456366,8.600453337,8.60051469
26.2,60.15018568,63.18255319,63.18270441,60.15018568,63.18255319,63.18270441,0.002030842178,0.002030843152,4.399910002,4.599910595,3.799898497,0.6000266188,0.6000262592,0.6000298125,8.400449989,8.600447025,8.600507514
26.25,60.15016996,63.18253762,63.18268672,60.15016996,63.18253762,63.18268672,0.002002517794,0.002002518429,4.39991126,4.59991184,3.799899913,0.6000262469,0.6000258935,0.6000293968,8.400443702,8.600440799,8.600500437
26.3,60.15015446,63.18252228,63.18266927,60.15015446,63.18252228,63.18266927,0.001974588438,0.001974588758,4.3999125,4.599913068,3.799901308,0.6000258801,0.600025533,0.6000289868,8.400437502,8.600434661,8.600493459
26.35,60.15013918,63.18250714,63.18265207,60.15013918,63.18250714,63.18265207,0.001947048565,0.001947048631,4.399913722,4.599914278,3.799902684,0.6000255186,0.6000251774,0.6000285827,8.40043139,8.600428608,8.600486578
26.4,60.15012411,63.18249222,63.18263511,60.15012411,63.18249222,63.18263511,0.001919892698,0.001919892613,4.399914927,4.599915472,3.799904041,0.600025162,0.6000248267,0.6000281841,8.400425363,8.600422639,8.600479793
26.45,60.15010925,63.18247751,63.18261838,60.15010925,63.18247751,63.18261838,0.001893115453,0.001893115347,4.399916116,4.59991665,3.799905379,0.6000248105,0.600024481,0.6000277911,8.40041942,8.600416752,8.600473103
26.5,60.15009461,63.182463,63.18260189,60.15009461,63.182463,63.18260189,0.001866711666,0.001866711551,4.399917288,4.59991781,3.799906699,0.6000244639,0.60002414,0.6000274036,8.40041356,8.600410948,8.600466506
26.55,60.15008016,63.18244869,63.18258563,60.15008016,63.18244869,63.18258563,0.001840676144,0.001840676015,4.399918443,4.599918955,3.799908,0.6000241221,0.6000238038,0.6000270215,8.400407783,8.600405225,8.600460001
26.6,60.15006592,63.18243458,63.18256959,60.15006592,63.18243458,63.18256959,0.001815003746,0.001815003603,4.399919583,4.599920084,3.799909283,0.6000237851,0.6000234723,0.6000266447,8.400402086,8.600399581,8.600453586
26.65,60.15005188,63.18242066,63.18255378,60.15005188,63.18242066,63.18255378,0.001789689405,0.001789689252,4.399920706,4.599921197,3.799910548,0.6000234529,0.6000231453,0.6000262731,8.400396469,8.600394015,8.600447261
26.7,60.15003803,63.18240694,63.18253819,60.15003803,63.18240694,63.18253819,0.001764728123,0.001764727966,4.399921814,4.599922295,3.799911795,0.6000231252,0.600022823,0.6000259068,8.40039093,8.600388527,8.600441024
26.75,60.15002438,63.18239341,63.18252281,60.15002438,63.18239341,63.18252281,0.001740114977,0.001740114821,4.399922906,4.599923377,3.799913025,0.6000228022,0.6000225051,0.6000255455,8.400385469,8.600383115,8.600434875
26.8,60.15001092,63.18238007,63.18250765,60.15001092,63.18238007,63.18250765,0.00171584511,0.001715844961,4.399923983,4.599924444,3.799914238,0.6000224837,0.6000221916,0.6000251893,8.400380085,8.600377779,8.600428811
26.85,60.14999764,63.18236692,63.1824927,60.14999764,63.18236692,63.1824927,0.001691913736,0.0016919136,4.399925045,4.599925497,3.799915434,0.6000221696,0.6000218825,0.600024838,8.400374776,8.600372517,8.600422831
26.9,60.14998456,63.18235394,63.18247796,60.14998456,63.18235394,63.18247796,0.001668316135,0.001668316015,4.399926092,4.599926535,3.799916613,0.6000218599,0.6000215777,0.6000244917,8.400369541,8.600367327,8.600416935
26.95,60.14997165,63.18234115,63.18246343,60.14997165,63.18234115,63.18246343,0.001645047652,0.00164504755,4.399927124,4.599927558,3.799917776,0.6000215546,0.6000212771,0.6000241502,8.400364379,8.600362211,8.600411121
27,60.14995893,63.18232854,63.1824491,60.14995893,63.18232854,63.1824491,0.0016221037,0.001622103617,4.399928142,4.599928567,3.799918922,0.6000212535,0.6000209807,0.6000238134,8.400359289,8.600357165,8.600405388
27.05,60.14994638,63.1823161,63.18243496,60.14994638,63.1823161,63.18243496,0.001599479754,0.001599479688,4.399929146,4.599929562,3.799920053,0.6000209567,0.6000206884,0.6000234814,8.400354271,8.600352189,8.600399735
27.1,60.14993401,63.18230383,63.18242103,60.14993401,63.18230383,63.18242103,0.001577171354,0.001577171301,4.399930135,4.599930543,3.799921168,0.600020664,0.6000204002,0.6000231539,8.400349323,8.600347283,8.600394161
27.15,60.14992181,63.18229174,63.18240729,60.14992181,63.18229174,63.18240729,0.001555174099,0.001555174053,4.399931111,4.599931511,3.799922267,0.6000203754,0.600020116,0.6000228311,8.400344444,8.600342445,8.600388665
27.2,60.14990979,63.18227981,63.18239374,60.14990979,63.18227981,63.18239374,0.001533483652,0.001533483607,4.399932073,4.599932465,3.799923351,0.6000200908,0.6000198358,0.6000225127,8.400339633,8.600337674,8.600383245
27.25,60.14989793,63.18226805,63.18238038,60.14989793,63.18226805,63.18238038,0.001512095737,0.001512095681,4.399933022,4.599933406,3.79992442,0.6000198102,0.6000195594,0.6000221988,8.40033489,8.60033297,8.600377901
27.3,60.14988624,63.18225645,63.1823672,60.14988624,63.18225645,63.1823672,0.001491006134,0.001491006059,4.399933957,4.599934334,3.799925474,0.6000195335,0.6000192869,0.6000218892,8.400330213,8.600328331,8.600372631
27.35,60.14987471,63.18224502,63.18235421,60.14987471,63.18224502,63.18235421,0.001470210684,0.001470210577,4.39993488,4.599935249,3.799926513,0.6000192607,0.6000190182,0.600021584,8.400325601,8.600323757,8.600367435
27.4,60.14986334,63.18223374,63.1823414,60.14986334,63.18223374,63.1823414,0.001449705285,0.001449705135,4.399935789,4.599936151,3.799927538,0.6000189918,0.6000187532,0.600021283,8.400321054,8.600319246,8.600362311
27.45,60.14985213,63.18222262,63.18232877,60.14985213,63.18222262,63.18232877,0.001429485892,0.001429485688,4.399936686,4.59993704,3.799928548,0.6000187265,0.600018492,0.6000209862,8.40031657,8.600314798,8.600357259
27.5,60.14984108,63.18221166,63.18231632,60.14984108,63.18221166,63.18231632,0.001409548517,0.001409548245,4.39993757,4.599937918,3.799929545,0.600018465,0.6000182343,0.6000206936,8.40031215,8.600310412,8.600352277
27.55,60.14983018,63.18220084,63.18230404,60.14983018,63.18220084,63.18230404,0.001389889225,0.001389888874,4.399938442,4.599938783,3.799930527,0.6000182072,0.6000179803,0.600020405,8.400307791,8.600306087,8.600347365
27.6,60.14981944,63.18219018,63.18229193,60.14981944,63.18219018,63.18229193,0.001370504137,0.001370503697,4.399939302,4.599939636,3.799931496,0.6000179529,0.6000177297,0.6000201205,8.400303492,8.600301822,8.600342521
27.65,60.14980884,63.18217967,63.18227999,60.14980884,63.18217967,63.18227999,0.001351389427,0.001351388889,4.399940149,4.599940477,3.799932451,0.6000177022,0.6000174827,0.6000198399,8.400299254,8.600297617,8.600337745
27.7,60.14979839,63.1821693,63.18226821,60.14979839,63.1821693,63.18226821,0.001332541324,0.001332540679,4.399940985,4.599941306,3.799933393,0.600017455,0.6000172391,0.6000195633,8.400295076,8.60029347,8.600333035
27.75,60.14978809,63.18215908,63.1822566,60.14978809,63.18215908,63.1822566,0.001313956107,0.00131395535,4.399941809,4.599942124,3.799934322,0.6000172113,0.6000169989,0.6000192905,8.400290955,8.600289381,8.600328391
27.8,60.14977794,63.182149,63.18224516,60.14977794,63.182149,63.18224515,0.001295630108,0.001295629234,4.399942621,4.59994293,3.799935238,0.600016971,0.600016762,0.6000190215,8.400286893,8.600285348,8.600323812
27.85,60.14976792,63.18213906,63.18223387,60.14976792,63.18213906,63.18223387,0.001277559708,0.001277558717,4.399943423,4.599943726,3.799936141,0.600016734,0.6000165285,0.6000187562,8.400282887,8.600281372,8.600319296
27.9,60.14975805,63.18212925,63.18222274,60.14975805,63.18212925,63.18222273,0.00125974134,0.001259740233,4.399944213,4.59994451,3.799937031,0.6000165003,0.6000162982,0.6000184947,8.400278937,8.600277451,8.600314844
27.95,60.14974831,63.18211959,63.18221176,60.14974831,63.18211959,63.18221176,0.001242171487,0.001242170268,4.399944992,4.599945283,3.799937909,0.60001627,0.600016071,0.6000182368,8.400275042,8.600273585,8.600310453
28,60.14973871,63.18211006,63.18220094,60.14973871,63.18211006,63.18220094,0.00122484668,0.001224845354,4.39994576,4.599946045,3.799938775,0.6000160428,0.6000158471,0.6000179825,8.400271202,8.600269773,8.600306124
28.05,60.14972924,63.18210066,63.18219026,60.14972924,63.18210066,63.18219026,0.001207763497,0.001207762075,4.399946517,4.599946797,3.799939629,0.6000158188,0.6000156263,0.6000177317,8.400267415,8.600266014,8.600301856
28.1,60.14971991,63.18209139,63.18217974,60.14971991,63.18209139,63.18217974,0.001190918567,0.001190917061,4.399947264,4.599947539,3.799940471,0.6000155979,0.6000154085,0.6000174844,8.400263682,8.600262307,8.600297646
28.15,60.1497107,63.18208225,63.18216936,60.1497107,63.18208225,63.18216936,0.001174308563,0.001174306987,4.399948,4.59994827,3.799941301,0.6000153802,0.6000151938,0.6000172406,8.40026,8.600258651,8.600293496
28.2,60.14970163,63.18207324,63.18215913,60.14970163,63.18207324,63.18215913,0.001157930207,0.001157928577,4.399948726,4.599948991,3.799942119,0.6000151654,0.600014982,0.6000170002,8.40025637,8.600255047,8.600289403
28.25,60.14969268,63.18206436,63.18214904,60.14969268,63.18206436,63.18214904,0.001141780264,0.001141778601,4.399949442,4.599949702,3.799942927,0.6000149537,0.6000147733,0.6000167631,8.400252791,8.600251492,8.600285367
28.3,60.14968386,63.18205559,63.18213909,60.14968386,63.18205559,63.18213909,0.001125855547,0.001125853873,4.399950148,4.599950403,3.799943722,0.6000147449,0.6000145674,0.6000165294,8.400249261,8.600247987,8.600281388
28.35,60.14967516,63.18204695,63.18212929,60.14967516,63.18204695,63.18212928,0.001110152912,0.001110151249,4.399950844,4.599951094,3.799944507,0.6000145391,0.6000143644,0.6000162989,8.400245781,8.600244531,8.600277464
28.4,60.14966658,63.18203843,63.18211961,60.14966658,63.18203843,63.18211961,0.001094669261,0.001094667634,4.39995153,4.599951775,3.799945281,0.6000143361,0.6000141642,0.6000160716,8.40024235,8.600241124,8.600273595
28.45,60.14965812,63.18203003,63.18211007,60.14965812,63.18203003,63.18211007,0.001079401537,0.001079399972,4.399952207,4.599952447,3.799946044,0.6000141359,0.6000139668,0.6000158475,8.400238967,8.600237763,8.600269779
28.5,60.14964978,63.18202175,63.18210067,60.14964978,63.18202175,63.18210067,0.001064346729,0.001064345252,4.399952874,4.59995311,3.799946797,0.6000139386,0.6000137721,0.6000156265,8.400235631,8.600234449,8.600266017
28.55,60.14964156,63.18201358,63.18209139,60.14964156,63.18201358,63.18209139,0.001049501866,0.001049500503,4.399953532,4.599953764,3.799947538,0.600013744,0.6000135802,0.6000154086,8.400232341,8.600231182,8.600262308
28.6,60.14963345,63.18200552,63.18208225,60.14963345,63.18200552,63.18208225,0.00103486402,0.001034862797,4.399954181,4.599954408,3.79994827,0.6000135521,0.6000133909,0.6000151937,8.400229097,8.60022796,8.60025865
28.65,60.14962545,63.18199758,63.18207323,60.14962545,63.18199758,63.18207323,0.001020430304,0.001020429247,4.39995482,4.599955043,3.799948991,0.6000133629,0.6000132043,0.6000149818,8.400225899,8.600224783,8.600255043
28.7,60.14961757,63.18198975,63.18206434,60.14961757,63.18198975,63.18206434,0.001006197873,0.001006197005,4.399955451,4.59995567,3.799949703,0.6000131764,0.6000130202,0.6000147729,8.400222746,8.60022165,8.600251486
28.75,60.14960979,63.18198203,63.18205557,60.14960979,63.18198203,63.18205557,0.0009921639206,0.0009921632623,4.399956073,4.599956288,3.799950404,0.6000129925,0.6000128388,0.6000145669,8.400219636,8.60021856,8.600247979
28.8,60.14960213,63.18197441,63.18204693,60.14960213,63.18197441,63.18204693,0.0009783256809,0.0009783252519,4.399956686,4.599956897,3.799951096,0.6000128111,0.6000126598,0.6000143637,8.40021657,8.600215514,8.600244521
28.85,60.14959457,63.1819669,63.1820384,60.14959457,63.1819669,63.1820384,0.0009646804271,0.0009646802433,4.399957291,4.599957498,3.799951778,0.6000126322,0.6000124834,0.6000141634,8.400213547,8.60021251,8.600241111
28.9,60.14958712,63.1819595,63.18203,60.14958712,63.1819595,63.18203,0.0009512254711,0.0009512255447,4.399957887,4.59995809,3.79995245,0.6000124559,0.6000123094,0.6000139659,8.400210566,8.600209548,8.600237749
28.95,60.14957977,63.18195219,63.18202171,60.14957977,63.18195219,63.18202171,0.0009379581627,0.0009379585019,4.399958475,4.599958675,3.799953113,0.600012282,0.6000121378,0.6000137712,8.400207626,8.600206627,8.600234433
29,60.14957252,63.18194499,63.18201354,60.14957253,63.18194499,63.18201354,0.000924875889,0.0009248764976,4.399959054,4.599959251,3.799953767,0.6000121106,0.6000119686,0.6000135791,8.400204728,8.600203747,8.600231164
29.05,60.14956538,63.18193789,63.18200548,60.14956538,63.18193789,63.18200548,0.0009119760743,0.000911976951,4.399959626,4.599959819,3.799954412,0.6000119415,0.6000118018,0.6000133897,8.40020187,8.600200907,8.60022794
29.1,60.14955834,63.18193089,63.18199753,60.14955834,63.18193089,63.18199753,0.000899256179,0.0008992573174,4.39996019,4.599960379,3.799955048,0.6000117748,0.6000116373,0.600013203,8.400199052,8.600198107,8.600224761
29.15,60.14955139,63.18192399,63.18198969,60.14955139,63.18192399,63.18198969,0.0008867136993,0.0008867150874,4.399960745,4.599960931,3.799955675,0.6000116105,0.6000114751,0.6000130189,8.400196274,8.600195345,8.600221627
29.2,60.14954454,63.18191718,63.18198197,60.14954454,63.18191718,63.18198197,0.0008743461665,0.0008743477868,4.399961293,4.599961476,3.799956293,0.6000114484,0.6000113151,0.6000128373,8.400193534,8.600192622,8.600218536
29.25,60.14953779,63.18191047,63.18197435,60.14953779,63.18191047,63.18197435,0.0008621511464,0.0008621529759,4.399961833,4.599962013,3.799956902,0.6000112886,0.6000111574,0.6000126583,8.400190833,8.600189937,8.600215489
29.3,60.14953113,63.18190385,63.18196683,60.14953113,63.18190385,63.18196684,0.0008501262389,0.0008501282489,4.399962366,4.599962542,3.799957503,0.600011131,0.6000110019,0.6000124818,8.400188169,8.60018729,8.600212484
29.35,60.14952456,63.18189732,63.18195943,60.14952456,63.18189732,63.18195943,0.0008382690769,0.0008382712335,4.399962891,4.599963064,3.799958096,0.6000109757,0.6000108485,0.6000123077,8.400185543,8.600184679,8.60020952
29.4,60.14951809,63.18189089,63.18195212,60.14951809,63.18189089,63.18195212,0.0008265773262,0.0008265795908,4.399963409,4.599963579,3.79995868,0.6000108225,0.6000106973,0.6000121361,8.400182953,8.600182105,8.600206599
29.45,60.1495117,63.18188454,63.18194492,60.1495117,63.18188454,63.18194492,0.0008150486847,0.0008150510142,4.39996392,4.599964087,3.799959257,0.6000106714,0.6000105482,0.6000119668,8.400180399,8.600179566,8.600203717
29.5,60.14950541,63.18187828,63.18193782,60.14950541,63.18187828,63.18193782,0.0008036808814,0.0008036832295,4.399964424,4.599964587,3.799959825,0.6000105225,0.6000104011,0.6000118,8.400177881,8.600177063,8.600200876
29.55,60.1494992,63.18187211,63.18193081,60.1494992,63.18187211,63.18193081,0.0007924716762,0.0007924739939,4.39996492,4.599965081,3.799960385,0.6000103756,0.6000102561,0.6000116354,8.400175399,8.600174595,8.600198075
29.6,60.14949308,63.18186603,63.18192391,60.14949308,63.18186603,63.18192391,0.0007814188589,0.0007814210963,4.39996541,4.599965568,3.799960937,0.6000102308,0.6000101132,0.6000114732,8.400172951,8.600172161,8.600195313
29.65,60.14948705,63.18186003,63.1819171,60.14948705,63.18186003,63.1819171,0.0007705202487,0.0007705223562,4.399965893,4.599966048,3.799961482,0.600010088,0.6000099722,0.6000113132,8.400170537,8.600169761,8.600192589
29.7,60.1494811,63.18185411,63.18191038,60.1494811,63.18185411,63.18191039,0.0007597736934,0.0007597756234,4.399966369,4.599966521,3.799962019,0.6000099472,0.6000098332,0.6000111554,8.400168157,8.600167395,8.600189904
29.75,60.14947523,63.18184828,63.18190376,60.14947523,63.18184828,63.18190376,0.0007491770687,0.000749178778,4.399966838,4.599966988,3.799962549,0.6000098084,0.6000096961,0.6000109998,8.40016581,8.600165061,8.600187255
29.8,60.14946944,63.18184253,63.18189724,60.14946945,63.18184253,63.18189724,0.0007387282774,0.0007387297294,4.399967301,4.599967448,3.799963071,0.6000096715,0.6000095609,0.6000108464,8.400163496,8.60016276,8.600184644
29.85,60.14946374,63.18183685,63.1818908,60.14946374,63.18183685,63.1818908,0.0007284252485,0.0007284264163,4.399967757,4.599967902,3.799963586,0.6000095365,0.6000094276,0.6000106952,8.400161214,8.600160491,8.600182069
29.9,60.14945812,63.18183126,63.18188445,60.14945812,63.18183126,63.18188445,0.0007182659369,0.0007182668061,4.399968207,4.599968349,3.799964094,0.6000094035,0.6000092962,0.600010546,8.400158964,8.600158254,8.60017953
29.95,60.14945257,63.18182574,63.18187819,60.14945257,63.18182574,63.18187819,0.0007082483219,0.0007082488945,4.399968651,4.59996879,3.799964595,0.6000092722,0.6000091666,0.600010399,8.400156746,8.600156048,8.600177027
30,60.1494471,63.18182031,63.18187202,60.1494471,63.18182031,63.18187202,0.000698370407,0.0006983707052,4.399969088,4.599969226,3.799965088,0.6000091428,0.6000090388,0.600010254,8.400154558,8.600153872,8.600174558
30.05,60.14944171,63.18181494,63.18186593,60.14944171,63.18181494,63.18186593,0.0006886302186,0.0006886302896,4.39996952,4.599969655,3.799965575,0.6000090152,0.6000089128,0.600010111,8.400152401,8.600151727,8.600172124
30.1,60.14943639,63.18180966,63.18185993,60.14943639,63.18180966,63.18185993,0.0006790258054,0.0006790257261,4.399969945,4.599970078,3.799966055,0.6000088894,0.6000087886,0.60000997,8.400150275,8.600149612,8.600169723
30.15,60.14943115,63.18180444,63.18185402,60.14943115,63.18180444,63.18185402,0.0006695552404,0.0006695551198,4.399970365,4.599970495,3.799966529,0.6000087654,0.600008666,0.6000098309,8.400148177,8.600147526,8.600167356
30.2,60.14942598,63.1817993,63.18184818,60.14942598,63.1817993,63.18184818,0.0006602167271,0.0006602166026,4.399970778,4.599970906,3.799966995,0.600008643,0.6000085452,0.6000096938,8.400146109,8.600145469,8.600165023
30.25,60.14942088,63.18179423,63.18184243,60.14942088,63.18179423,63.18184243,0.0006510084653,0.0006510083321,4.399971186,4.599971312,3.799967456,0.6000085224,0.6000084261,0.6000095586,8.40014407,8.600143441,8.600162721
30.3,60.14941585,63.18178923,63.18183676,60.14941585,63.18178923,63.18183676,0.000641928635,0.0006419284918,4.399971588,4.599971712,3.79996791,0.6000084035,0.6000083086,0.6000094253,8.40014206,8.600141442,8.600160452
30.35,60.1494109,63.1817843,63.18183116,60.1494109,63.1817843,63.18183116,0.0006329754425,0.0006329752903,4.399971985,4.599972106,3.799968357,0.6000082862,0.6000081928,0.6000092939,8.400140077,8.60013947,8.600158214
30.4,60.14940601,63.18177944,63.18182565,60.14940601,63.18177944,63.18182565,0.00062414712,0.0006241469616,4.399972375,4.599972495,3.799968798,0.6000081706,0.6000080786,0.6000091643,8.400138123,8.600137525,8.600156008
30.45,60.14940119,63.18177465,63.18182021,60.14940119,63.18177465,63.18182021,0.0006154419249,0.0006154417639,4.399972761,4.599972878,3.799969234,0.6000080566,0.6000079659,0.6000090365,8.400136195,8.600135608,8.600153832
30.5,60.14939644,63.18176992,63.18181484,60.14939644,63.18176992,63.18181484,0.0006068581394,0.0006068579799,4.399973141,4.599973257,3.799969663,0.6000079441,0.6000078549,0.6000089105,8.400134295,8.600133717,8.600151687
30.55,60.14939176,63.18176526,63.18180955,60.14939176,63.18176526,63.18180955,0.0005983940701,0.0005983939163,4.399973516,4.599973629,3.799970086,0.6000078333,0.6000077454,0.6000087862,8.400132421,8.600131853,8.600149572
30.6,60.14938714,63.18176066,63.18180434,60.14938714,63.18176066,63.18180434,0.0005900480479,0.0005900479032,4.399973885,4.599973997,3.799970503,0.600007724,0.6000076374,0.6000086637,8.400130573,8.600130015,8.600147486
30.65,60.14938258,63.18175613,63.1817992,60.14938258,63.18175613,63.1817992,0.0005818184269,0.0005818182943,4.39997425,4.59997436,3.799970914,0.6000076162,0.6000075309,0.6000085429,8.400128751,8.600128202,8.600145429
30.7,60.14937809,63.18175166,63.18179413,60.14937809,63.18175166,63.18179413,0.0005737035845,0.000573703466,4.399974609,4.599974717,3.79997132,0.6000075099,0.6000074259,0.6000084237,8.400126954,8.600126414,8.600143401
30.75,60.14937366,63.18174726,63.18178913,60.14937366,63.18174726,63.18178913,0.0005657019211,0.0005657018174,4.399974964,4.59997507,3.79997172,0.6000074051,0.6000073224,0.6000083062,8.400125182,8.600124652,8.600141401
30.8,60.14936929,63.18174291,63.1817842,60.14936929,63.18174291,63.1817842,0.0005578118592,0.00055781177,4.399975313,4.599975417,3.799972114,0.6000073018,0.6000072203,0.6000081904,8.400123436,8.600122914,8.600139429
30.85,60.14936499,63.18173863,63.18177934,60.14936499,63.18173863,63.18177934,0.0005500318437,0.0005500317673,4.399975657,4.59997576,3.799972503,0.6000071999,0.6000071196,0.6000080762,8.400121713,8.6001212,8.600137485
30.9,60.14936074,63.1817344,63.18177454,60.14936074,63.1817344,63.18177454,0.0005423603408,0.0005423602745,4.399975997,4.599976098,3.799972887,0.6000070994,0.6000070203,0.6000079636,8.400120015,8.60011951,8.600135567
30.95,60.14935655,63.18173024,63.18176982,60.14935655,63.18173024,63.18176982,0.0005347958383,0.0005347957782,4.399976332,4.599976431,3.799973265,0.6000070004,0.6000069225,0.6000078525,8.40011834,8.600117844,8.600133677
31,60.14935243,63.18172613,63.18176516,60.14935243,63.18172613,63.18176516,0.0005273368451,0.000527336786,4.399976662,4.59997676,3.799973638,0.6000069027,0.6000068259,0.600007743,8.400116689,8.600116201,8.600131812
31.05,60.14934836,63.18172208,63.18176056,60.14934836,63.18172208,63.18176056,0.0005199818906,0.0005199818265,4.399976988,4.599977084,3.799974005,0.6000068064,0.6000067308,0.600007635,8.400115061,8.600114581,8.600129974
31.1,60.14934434,63.18171808,63.18175603,60.14934434,63.18171808,63.18175603,0.0005127295247,0.0005127294487,4.399977309,4.599977403,3.799974368,0.6000067114,0.6000066369,0.6000075285,8.400113455,8.600112983,8.600128162
31.15,60.14934038,63.18171415,63.18175156,60.14934038,63.18171415,63.18175156,0.0005055783172,0.000505578222,4.399977626,4.599977718,3.799974725,0.6000066177,0.6000065444,0.6000074235,8.400111872,8.600111408,8.600126374
31.2,60.14933648,63.18171026,63.18174716,60.14933648,63.18171026,63.18174716,0.0004985268579,0.0004985267354,4.399977938,4.599978029,3.799975078,0.6000065254,0.6000064531,0.60000732,8.400110311,8.600109855,8.600124612
31.25,60.14933263,63.18170643,63.18174281,60.14933263,63.18170643,63.18174281,0.0004915737559,0.000491573598,4.399978246,4.599978335,3.799975425,0.6000064343,0.6000063632,0.6000072179,8.400108772,8.600108323,8.600122874
31.3,60.14932884,63.18170266,63.18173853,60.14932884,63.18170266,63.18173853,0.0004847176396,0.0004847174381,4.399978549,4.599978637,3.799975768,0.6000063446,0.6000062744,0.6000071173,8.400107254,8.600106813,8.60012116
31.35,60.1493251,63.18169893,63.1817343,60.1493251,63.18169893,63.1817343,0.0004779571564,0.000477956903,4.399978849,4.599978935,3.799976106,0.600006256,0.6000061869,0.600007018,8.400105757,8.600105323,8.600119471
31.4,60.14932141,63.18169526,63.18173014,60.14932141,63.18169526,63.18173014,0.0004712909721,0.0004712906591,4.399979144,4.599979229,3.799976439,0.6000061687,0.6000061007,0.6000069201,8.400104282,8.600103855,8.600117805
31.45,60.14931777,63.18169164,63.18172603,60.14931777,63.18169164,63.18172603,0.0004647177711,0.0004647173913,4.399979435,4.599979519,3.799976768,0.6000060827,0.6000060156,0.6000068236,8.400102827,8.600102407,8.600116162
31.5,60.14931418,63.18168807,63.18172198,60.14931418,63.18168807,63.18172198,0.000458236256,0.0004582358028,4.399979722,4.599979804,3.799977092,0.6000059978,0.6000059317,0.6000067285,8.400101392,8.600100979,8.600114542
31.55,60.14931065,63.18168455,63.18171799,60.14931065,63.18168455,63.18171799,0.0004518451472,0.0004518446149,4.399980005,4.599980086,3.799977411,0.6000059141,0.600005849,0.6000066346,8.400099977,8.600099571,8.600112944
31.6,60.14930716,63.18168108,63.18171405,60.14930716,63.18168108,63.18171405,0.0004455431827,0.0004455425669,4.399980284,4.599980364,3.799977726,0.6000058316,0.6000057675,0.6000065421,8.400098582,8.600098182,8.600111369
31.65,60.14930372,63.18167766,63.18171017,60.14930372,63.18167766,63.18171017,0.0004393291182,0.0004393284155,4.399980559,4.599980637,3.799978037,0.6000057502,0.6000056871,0.6000064509,8.400097207,8.600096813,8.600109816
31.7,60.14930033,63.18167428,63.18170634,60.14930033,63.18167428,63.18170634,0.0004332017264,0.0004332009347,4.39998083,4.599980907,3.799978343,0.60000567,0.6000056078,0.6000063609,8.400095851,8.600095463,8.600108285
31.75,60.14929699,63.18167096,63.18170256,60.14929699,63.18167096,63.18170256,0.0004271597969,0.0004271589158,4.399981097,4.599981174,3.799978645,0.6000055909,0.6000055296,0.6000062722,8.400094513,8.600094132,8.600106775
31.8,60.14929369,63.18166768,63.18169884,60.14929369,63.18166767,63.18169884,0.0004212021364,0.0004212011667,4.399981361,4.599981436,3.799978943,0.6000055129,0.6000054525,0.6000061847,8.400093195,8.60009282,8.600105285
31.85,60.14929044,63.18166444,63.18169517,60.14929044,63.18166444,63.18169517,0.0004153275678,0.0004153265123,4.399981621,4.599981695,3.799979237,0.600005436,0.6000053764,0.6000060985,8.400091894,8.600091526,8.600103817
31.9,60.14928724,63.18166125,63.18169155,60.14928723,63.18166125,63.18169155,0.0004095349306,0.0004095337934,4.399981878,4.59998195,3.799979526,0.6000053601,0.6000053015,0.6000060134,8.400090612,8.600090249,8.600102369
31.95,60.14928407,63.1816581,63.18168798,60.14928407,63.1816581,63.18168798,0.0004038230803,0.0004038218675,4.39998213,4.599982202,3.799979812,0.6000052853,0.6000052275,0.6000059296,8.400089348,8.600088991,8.600100942
32,60.14928096,63.181655,63.18168446,60.14928096,63.181655,63.18168446,0.0003981908884,0.0003981896075,4.39998238,4.59998245,3.799980093,0.6000052116,0.6000051547,0.6000058469,8.400088101,8.60008775,8.600099534
32.05,60.14927789,63.18165194,63.18168099,60.14927788,63.18165194,63.18168099,0.0003926372423,0.0003926359025,4.399982626,4.599982695,3.799980371,0.6000051389,0.6000050828,0.6000057653,8.400086872,8.600086527,8.600098146
32.1,60.14927486,63.18164893,63.18167757,60.14927485,63.18164892,63.18167757,0.0003871610447,0.0003871596567,4.399982868,4.599982936,3.799980645,0.6000050672,0.6000050119,0.6000056849,8.40008566,8.60008532,8.600096777
32.15,60.14927187,63.18164595,63.18167419,60.14927187,63.18164595,63.18167419,0.0003817612138,0.0003817597899,4.399983107,4.599983174,3.799980915,0.6000049965,0.600004942,0.6000056056,8.400084465,8.60008413,8.600095427
32.2,60.14926892,63.18164302,63.18167087,60.14926892,63.18164302,63.18167087,0.0003764366831,0.0003764352367,4.399983343,4.599983409,3.799981181,0.6000049268,0.6000048731,0.6000055275,8.400083287,8.600082957,8.600094097
32.25,60.14926602,63.18164013,63.18166759,60.14926602,63.18164013,63.18166759,0.0003711864008,0.0003711849468,4.399983575,4.59998364,3.799981443,0.6000048581,0.6000048052,0.6000054504,8.400082125,8.6000818,8.600092784
32.3,60.14926315,63.18163727,63.18166435,60.14926315,63.18163727,63.18166435,0.0003660093302,0.0003660078844,4.399983804,4.599983868,3.799981702,0.6000047903,0.6000047382,0.6000053744,8.400080979,8.60008066,8.60009149
32.35,60.14926033,63.18163446,63.18166116,60.14926033,63.18163446,63.18166116,0.0003609044492,0.0003609030282,4.39998403,4.599984093,3.799981957,0.6000047234,0.6000046721,0.6000052994,8.400079849,8.600079535,8.600090214
32.4,60.14925754,63.18163169,63.18165802,60.14925754,63.18163169,63.18165802,0.00035587075,0.000355869371,4.399984253,4.599984315,3.799982209,0.6000046575,0.6000046069,0.6000052255,8.400078735,8.600078426,8.600088956
32.45,60.1492548,63.18162896,63.18165491,60.1492548,63.18162896,63.18165491,0.0003509072391,0.0003509059199,4.399984473,4.599984534,3.799982457,0.6000045926,0.6000045427,0.6000051526,8.400077637,8.600077332,8.600087716
32.5,60.14925209,63.18162626,63.18165186,60.14925209,63.18162626,63.18165186,0.0003460129373,0.0003460116957,4.399984689,4.599984749,3.799982702,0.6000045285,0.6000044793,0.6000050808,8.400076553,8.600076254,8.600086492
32.55,60.14924942,63.1816236,63.18164884,60.14924942,63.1816236,63.18164884,0.000341186879,0.0003411857329,4.399984903,4.599984962,3.799982943,0.6000044653,0.6000044169,0.6000050099,8.400075485,8.600075191,8.600085286
32.6,60.14924679,63.18162098,63.18164587,60.14924678,63.18162098,63.18164587,0.0003364281127,0.0003364270793,4.399985114,4.599985172,3.799983181,0.600004403,0.6000043553,0.60000494,8.400074432,8.600074142,8.600084097
32.65,60.14924419,63.1816184,63.18164293,60.14924419,63.1816184,63.18164293,0.0003317357001,0.0003317347963,4.399985321,4.599985378,3.799983415,0.6000043416,0.6000042946,0.6000048711,8.400073394,8.600073108,8.600082924
32.7,60.14924163,63.18161585,63.18164004,60.14924163,63.18161585,63.18164004,0.0003271087166,0.0003271079582,4.399985526,4.599985582,3.799983647,0.600004281,0.6000042347,0.6000048032,8.40007237,8.600072089,8.600081767
32.75,60.1492391,63.18161333,63.18163719,60.1492391,63.18161333,63.18163719,0.0003225462506,0.000322545652,4.399985728,4.599985783,3.799983875,0.6000042213,0.6000041756,0.6000047362,8.40007136,8.600071083,8.600080627
32.8,60.14923662,63.18161086,63.18163438,60.14923662,63.18161086,63.18163438,0.0003180474037,0.000318046978,4.399985927,4.599985982,3.7999841,0.6000041624,0.6000041174,0.6000046702,8.400070364,8.600070092,8.600079502
32.85,60.14923416,63.18160841,63.18163161,60.14923416,63.18160841,63.18163161,0.00031361129,0.0003136110484,4.399986123,4.599986177,3.799984321,0.6000041043,0.60000406,0.600004605,8.400069383,8.600069115,8.600078393
32.9,60.14923174,63.181606,63.18162888,60.14923174,63.181606,63.18162888,0.0003092370366,0.0003092369883,4.399986317,4.59998637,3.79998454,0.600004047,0.6000040033,0.6000045408,8.400068415,8.600068151,8.6000773
32.95,60.14922936,63.18160363,63.18162618,60.14922936,63.18160363,63.18162618,0.000304923783,0.0003049239346,4.399986508,4.59998656,3.799984756,0.6000039906,0.6000039475,0.6000044775,8.40006746,8.6000672,8.600076222
33,60.149227,63.18160128,63.18162352,60.149227,63.18160128,63.18162352,0.0003006706809,0.0003006710366,4.399986696,4.599986747,3.799984968,0.6000039349,0.6000038925,0.600004415,8.400066519,8.600066263,8.600075159
33.05,60.14922468,63.18159897,63.1816209,60.14922468,63.18159897,63.1816209,0.0002964768942,0.0002964774553,4.399986882,4.599986932,3.799985178,0.60000388,0.6000038382,0.6000043534,8.400065591,8.600065339,8.600074111
33.1,60.14922239,63.1815967,63.18161832,60.14922239,63.1815967,63.18161832,0.0002923415984,0.0002923423632,4.399987065,4.599987114,3.799985385,0.6000038259,0.6000037847,0.6000042927,8.400064676,8.600064428,8.600073077
33.15,60.14922014,63.18159445,63.18161577,60.14922014,63.18159445,63.18161577,0.0002882639811,0.0002882649448,4.399987245,4.599987294,3.799985588,0.6000037725,0.6000037319,0.6000042329,8.400063774,8.600063529,8.600072058
33.2,60.14921791,63.18159223,63.18161326,60.14921791,63.18159223,63.18161326,0.0002842432411,0.0002842443955,4.399987423,4.599987471,3.799985789,0.6000037199,0.6000036798,0.6000041738,8.400062884,8.600062643,8.600071053
33.25,60.14921572,63.18159005,63.18161078,60.14921572,63.18159005,63.18161078,0.0002802785887,0.0002802799222,4.399987599,4.599987646,3.799985988,0.600003668,0.6000036285,0.6000041156,8.400062006,8.60006177,8.600070062
33.3,60.14921356,63.1815879,63.18160834,60.14921356,63.1815879,63.18160834,0.0002763692452,0.0002763707428,4.399987772,4.599987818,3.799986183,0.6000036168,0.6000035779,0.6000040582,8.400061141,8.600060908,8.600069085
33.35,60.14921143,63.18158577,63.18160593,60.14921143,63.18158577,63.18160593,0.0002725144426,0.0002725160861,4.399987942,4.599987988,3.799986376,0.6000035663,0.600003528,0.6000040016,8.400060288,8.600060059,8.600068121
33.4,60.14920932,63.18158368,63.18160355,60.14920932,63.18158368,63.18160355,0.0002687134238,0.0002687151917,4.399988111,4.599988156,3.799986566,0.6000035166,0.6000034788,0.6000039458,8.400059447,8.600059221,8.600067171
33.45,60.14920725,63.18158161,63.18160121,60.14920725,63.18158162,63.18160121,0.000264965442,0.0002649673097,4.399988276,4.599988321,3.799986753,0.6000034675,0.6000034303,0.6000038908,8.400058618,8.600058395,8.600066234
33.5,60.14920521,63.18157958,63.1815989,60.14920521,63.18157958,63.1815989,0.0002612697605,0.0002612717007,4.39998844,4.599988484,3.799986938,0.6000034191,0.6000033825,0.6000038365,8.4000578,8.600057581,8.60006531
33.55,60.14920319,63.18157757,63.18159662,60.14920319,63.18157757,63.18159663,0.0002576256528,0.0002576276357,4.399988601,4.599988644,3.79998712,0.6000033714,0.6000033353,0.600003783,8.400056994,8.600056778,8.6000644
33.6,60.1492012,63.18157559,63.18159438,60.1492012,63.18157559,63.18159438,0.0002540324019,0.0002540343958,4.39998876,4.599988803,3.7999873,0.6000033244,0.6000032888,0.6000037302,8.400056199,8.600055986,8.600063501
33.65,60.14919924,63.18157364,63.18159217,60.14919924,63.18157364,63.18159217,0.0002504893004,0.0002504912722,4.399988917,4.599988959,3.799987477,0.600003278,0.6000032429,0.6000036782,8.400055415,8.600055206,8.600062616
33.7,60.14919731,63.18157171,63.18158998,60.14919731,63.18157172,63.18158998,0.0002469956499,0.0002469975657,4.399989072,4.599989113,3.799987651,0.6000032323,0.6000031977,0.6000036269,8.400054642,8.600054436,8.600061743
33.75,60.1491954,63.18156982,63.18158783,60.1491954,63.18156982,63.18158783,0.0002435507611,0.0002435525872,4.399989224,4.599989265,3.799987824,0.6000031872,0.6000031531,0.6000035763,8.400053879,8.600053677,8.600060881
33.8,60.14919352,63.18156795,63.18158571,60.14919353,63.18156795,63.18158571,0.0002401539535,0.0002401556571,4.399989374,4.599989414,3.799987994,0.6000031428,0.6000031091,0.6000035265,8.400053128,8.600052928,8.600060032
33.85,60.14919167,63.1815661,63.18158361,60.14919167,63.1815661,63.18158361,0.0002368045548,0.0002368061052,4.399989523,4.599989562,3.799988161,0.6000030989,0.6000030658,0.6000034773,8.400052387,8.60005219,8.600059195
33.9,60.14918984,63.18156428,63.18158155,60.14918985,63.18156428,63.18158155,0.0002335019007,0.0002335032708,4.399989669,4.599989708,3.799988326,0.6000030557,0.600003023,0.6000034288,8.400051656,8.600051462,8.60005837
33.95,60.14918804,63.18156249,63.18157951,60.14918804,63.18156249,63.18157952,0.0002302453351,0.0002302465022,4.399989813,4.599989851,3.799988489,0.6000030131,0.6000029809,0.600003381,8.400050935,8.600050745,8.600057556
34,60.14918627,63.18156072,63.18157751,60.14918627,63.18156072,63.18157751,0.0002270342091,0.000227035157,4.399989955,4.599989993,3.799988649,0.600002971,0.6000029393,0.6000033338,8.400050225,8.600050037,8.600056753
34.05,60.14918452,63.18155897,63.18157553,60.14918452,63.18155897,63.18157553,0.0002238678811,0.0002238686015,4.399990095,4.599990132,3.799988808,0.6000029296,0.6000028983,0.6000032873,8.400049524,8.600049339,8.600055962
34.1,60.14918279,63.18155725,63.18157358,60.14918279,63.18155725,63.18157358,0.0002207457164,0.0002207462112,4.399990233,4.59999027,3.799988964,0.6000028887,0.6000028579,0.6000032415,8.400048833,8.600048651,8.600055181
34.15,60.14918109,63.18155556,63.18157165,60.14918109,63.18155556,63.18157165,0.0002176670868,0.0002176673701,4.39999037,4.599990405,3.799989118,0.6000028484,0.600002818,0.6000031963,8.400048152,8.600047973,8.600054412
34.2,60.14917941,63.18155388,63.18156976,60.14917941,63.18155388,63.18156976,0.0002146313703,0.0002146314706,4.399990504,4.599990539,3.799989269,0.6000028087,0.6000027787,0.6000031517,8.400047481,8.600047304,8.600053653
34.25,60.14917775,63.18155224,63.18156789,60.14917775,63.18155224,63.18156789,0.0002116379508,0.0002116379141,4.399990636,4.599990671,3.799989419,0.6000027695,0.60000274,0.6000031077,8.400046818,8.600046644,8.600052905
34.3,60.14917612,63.18155061,63.18156604,60.14917612,63.18155061,63.18156604,0.0002086862177,0.0002086861097,4.399990767,4.599990801,3.799989567,0.6000027309,0.6000027018,0.6000030644,8.400046165,8.600045994,8.600052167
34.35,60.14917451,63.18154901,63.18156422,60.14917451,63.18154901,63.18156422,0.0002057755886,0.0002057754753,4.399990896,4.59999093,3.799989712,0.6000026928,0.6000026641,0.6000030217,8.400045521,8.600045352,8.600051439
34.4,60.14917292,63.18154742,63.18156243,60.14917292,63.18154742,63.18156243,0.0002029055536,0.0002029054366,4.399991023,4.599991056,3.799989856,0.6000026552,0.6000026269,0.6000029795,8.400044886,8.60004472,8.600050722
34.45,60.14917135,63.18154587,63.18156066,60.14917135,63.18154587,63.18156066,0.0002000755504,0.0002000754275,4.399991148,4.599991181,3.799989997,0.6000026182,0.6000025903,0.600002938,8.40004426,8.600044096,8.600050014
34.5,60.14916981,63.18154433,63.18155892,60.14916981,63.18154433,63.18155892,0.0001972850191,0.0001972848895,4.399991271,4.599991304,3.799990137,0.6000025817,0.6000025542,0.600002897,8.400043643,8.600043481,8.600049317
34.55,60.14916829,63.18154281,63.1815572,60.14916829,63.18154281,63.1815572,0.0001945334077,0.0001945332723,4.399991393,4.599991425,3.799990274,0.6000025456,0.6000025186,0.6000028566,8.400043034,8.600042875,8.600048629
34.6,60.14916679,63.18154132,63.1815555,60.14916679,63.18154132,63.1815555,0.0001918201725,0.0001918200329,4.399991513,4.599991545,3.79999041,0.6000025101,0.6000024834,0.6000028167,8.400042433,8.600042277,8.600047951
34.65,60.14916531,63.18153984,63.18155383,60.14916531,63.18153984,63.18155383,0.0001891447778,0.0001891446361,4.399991632,4.599991663,3.799990544,0.6000024751,0.6000024488,0.6000027775,8.400041842,8.600041687,8.600047282
34.7,60.14916385,63.18153839,63.18155218,60.14916385,63.18153839,63.18155218,0.0001865066953,0.0001865065541,4.399991748,4.599991779,3.799990675,0.6000024406,0.6000024147,0.6000027387,8.400041258,8.600041106,8.600046623
34.75,60.14916241,63.18153696,63.18155056,60.14916241,63.18153696,63.18155056,0.0001839054046,0.0001839052664,4.399991864,4.599991894,3.799990806,0.6000024065,0.600002381,0.6000027005,8.400040682,8.600040532,8.600045972
34.8,60.14916099,63.18153554,63.18154895,60.14916099,63.18153554,63.18154895,0.0001813403927,0.0001813402599,4.399991977,4.599992007,3.799990934,0.600002373,0.6000023478,0.6000026629,8.400040115,8.600039967,8.600045331
34.85,60.14915959,63.18153415,63.18154737,60.14915959,63.18153415,63.18154737,0.0001788111538,0.0001788110286,4.399992089,4.599992118,3.79999106,0.6000023399,0.600002315,0.6000026257,8.400039555,8.60003941,8.600044699
34.9,60.14915821,63.18153278,63.18154581,60.14915821,63.18153278,63.18154581,0.0001763171894,0.0001763170734,4.399992199,4.599992228,3.799991185,0.6000023072,0.6000022827,0.6000025891,8.400039003,8.60003886,8.600044076
34.95,60.14915685,63.18153142,63.18154428,60.14915685,63.18153142,63.18154428,0.0001738580081,0.0001738579024,4.399992308,4.599992336,3.799991308,0.6000022751,0.6000022509,0.600002553,8.400038459,8.600038318,8.600043461
35,60.14915551,63.18153009,63.18154276,60.14915551,63.18153009,63.18154276,0.0001714331253,0.0001714330304,4.399992415,4.599992443,3.799991429,0.6000022433,0.6000022195,0.6000025174,8.400037923,8.600037784,8.600042855
35.05,60.14915419,63.18152877,63.18154127,60.14915419,63.18152877,63.18154127,0.0001690420633,0.0001690419791,4.399992521,4.599992549,3.799991549,0.600002212,0.6000021886,0.6000024823,8.400037394,8.600037257,8.600042257
35.1,60.14915289,63.18152747,63.18153979,60.14915289,63.18152747,63.18153979,0.000166684351,0.0001666842766,4.399992626,4.599992653,3.799991666,0.6000021812,0.600002158,0.6000024477,8.400036872,8.600036737,8.600041668
35.15,60.1491516,63.18152619,63.18153834,60.1491516,63.18152619,63.18153834,0.000164359524,0.000164359458,4.399992728,4.599992755,3.799991783,0.6000021507,0.6000021279,0.6000024135,8.400036358,8.600036225,8.600041087
35.2,60.14915033,63.18152492,63.18153691,60.14915033,63.18152492,63.18153691,0.0001620671243,0.0001620670646,4.39999283,4.599992856,3.799991897,0.6000021207,0.6000020983,0.6000023799,8.400035851,8.60003572,8.600040513
35.25,60.14914908,63.18152368,63.1815355,60.14914908,63.18152368,63.1815355,0.0001598067003,0.0001598066441,4.39999293,4.599992956,3.79999201,0.6000020912,0.600002069,0.6000023467,8.400035351,8.600035222,8.600039948
35.3,60.14914785,63.18152245,63.1815341,60.14914785,63.18152245,63.1815341,0.0001575778066,0.0001575777505,4.399993028,4.599993054,3.799992122,0.600002062,0.6000020402,0.6000023139,8.400034858,8.60003473,8.600039391
35.35,60.14914663,63.18152124,63.18153273,60.14914663,63.18152124,63.18153273,0.000155380004,0.0001553799443,4.399993126,4.599993151,3.799992232,0.6000020332,0.6000020117,0.6000022817,8.400034371,8.600034246,8.600038842
35.4,60.14914543,63.18152005,63.18153138,60.14914543,63.18152005,63.18153138,0.0001532128594,0.0001532127917,4.399993222,4.599993246,3.79999234,0.6000020049,0.6000019836,0.6000022498,8.400033892,8.600033768,8.6000383
35.45,60.14914425,63.18151887,63.18153004,60.14914425,63.18151887,63.18153004,0.0001510759456,0.0001510758652,4.399993316,4.599993341,3.799992447,0.6000019769,0.600001956,0.6000022185,8.400033419,8.600033297,8.600037766
35.5,60.14914309,63.18151771,63.18152872,60.14914309,63.18151771,63.18152872,0.0001489688413,0.0001489687433,4.399993409,4.599993433,3.799992552,0.6000019493,0.6000019287,0.6000021875,8.400032953,8.600032833,8.600037239
35.55,60.14914194,63.18151656,63.18152743,60.14914194,63.18151656,63.18152743,0.0001468911309,0.0001468910103,4.399993501,4.599993525,3.799992656,0.6000019221,0.6000019018,0.600002157,8.400032493,8.600032375,8.60003672
35.6,60.1491408,63.18151543,63.18152615,60.1491408,63.18151543,63.18152615,0.0001448424047,0.0001448422563,4.399993592,4.599993615,3.799992758,0.6000018953,0.6000018753,0.6000021269,8.40003204,8.600031924,8.600036208
35.65,60.14913969,63.18151432,63.18152488,60.14913969,63.18151432,63.18152488,0.0001428222584,0.0001428220771,4.399993681,4.599993704,3.799992859,0.6000018689,0.6000018491,0.6000020973,8.400031593,8.600031478,8.600035703
35.7,60.14913859,63.18151322,63.18152364,60.14913859,63.18151322,63.18152364,0.0001408302935,0.0001408300742,4.39999377,4.599993792,3.799992959,0.6000018428,0.6000018233,0.600002068,8.400031152,8.600031039,8.600035205
35.75,60.1491375,63.18151214,63.18152241,60.1491375,63.18151214,63.18152241,0.0001388661166,0.0001388658545,4.399993856,4.599993879,3.799993057,0.6000018171,0.6000017979,0.6000020392,8.400030718,8.600030607,8.600034714
35.8,60.14913643,63.18151107,63.1815212,60.14913643,63.18151107,63.1815212,0.00013692934,0.0001369290306,4.399993942,4.599993964,3.799993154,0.6000017918,0.6000017728,0.6000020107,8.400030289,8.60003018,8.60003423
35.85,60.14913537,63.18151002,63.18152001,60.14913537,63.18151002,63.18152001,0.0001350195811,0.0001350192203,4.399994027,4.599994048,3.79999325,0.6000017668,0.6000017481,0.6000019827,8.400029867,8.600029759,8.600033752
35.9,60.14913433,63.18150899,63.18151883,60.14913433,63.18150898,63.18151883,0.0001331364629,0.000133136047,4.39999411,4.599994131,3.799993344,0.6000017421,0.6000017237,0.600001955,8.40002945,8.600029344,8.600033282
35.95,60.1491333,63.18150796,63.18151767,60.1491333,63.18150796,63.18151767,0.000131279613,0.0001312791391,4.399994192,4.599994213,3.799993436,0.6000017178,0.6000016997,0.6000019278,8.40002904,8.600028935,8.600032818
36,60.14913229,63.18150695,63.18151653,60.14913229,63.18150695,63.18151652,0.0001294486646,0.0001294481302,4.399994273,4.599994294,3.799993528,0.6000016939,0.600001676,0.6000019009,8.400028634,8.600028531,8.60003236
36.05,60.14913129,63.18150596,63.1815154,60.14913129,63.18150596,63.1815154,0.0001276432558,0.0001276426591,4.399994353,4.599994373,3.799993618,0.6000016702,0.6000016526,0.6000018744,8.400028235,8.600028133,8.600031909
36.1,60.14913031,63.18150498,63.18151428,60.14913031,63.18150498,63.18151428,0.0001258630296,0.0001258623697,4.399994432,4.599994452,3.799993707,0.6000016469,0.6000016296,0.6000018482,8.400027841,8.600027741,8.600031464
36.15,60.14912934,63.18150401,63.18151319,60.14912934,63.18150401,63.18151319,0.0001241076339,0.0001241069108,4.399994509,4.599994529,3.799993795,0.600001624,0.6000016068,0.6000018225,8.400027453,8.600027354,8.600031025
36.2,60.14912838,63.18150306,63.18151211,60.14912838,63.18150306,63.18151211,0.0001223767216,0.0001223759359,4.399994586,4.599994606,3.799993882,0.6000016013,0.6000015844,0.6000017971,8.40002707,8.600026972,8.600030592
36.25,60.14912744,63.18150212,63.18151104,60.14912744,63.18150212,63.18151104,0.0001206699503,0.0001206691037,4.399994662,4.599994681,3.799993967,0.600001579,0.6000015623,0.600001772,8.400026692,8.600026596,8.600030165
36.3,60.1491265,63.18150119,63.18150999,60.1491265,63.18150119,63.18150999,0.0001189869824,0.0001189860773,4.399994736,4.599994755,3.799994051,0.600001557,0.6000015405,0.6000017473,8.40002632,8.600026225,8.600029745
36.35,60.14912559,63.18150027,63.18150895,60.14912559,63.18150027,63.18150895,0.0001173274849,0.0001173265249,4.399994809,4.599994828,3.799994134,0.6000015352,0.6000015191,0.6000017229,8.400025953,8.60002586,8.60002933
36.4,60.14912468,63.18149937,63.18150793,60.14912468,63.18149937,63.18150793,0.0001156911296,0.0001156901189,4.399994882,4.5999949,3.799994216,0.6000015138,0.6000014979,0.6000016989,8.400025591,8.600025499,8.600028921
36.45,60.14912379,63.18149848,63.18150692,60.14912379,63.18149848,63.18150692,0.0001140775926,0.0001140765365,4.399994953,4.599994971,3.799994297,0.6000014927,0.600001477,0.6000016752,8.400025234,8.600025143,8.600028517
36.5,60.14912291,63.18149761,63.18150592,60.14912291,63.18149761,63.18150592,0.0001124865548,0.0001124854595,4.399995024,4.599995041,3.799994376,0.6000014719,0.6000014564,0.6000016518,8.400024882,8.600024793,8.60002812
36.55,60.14912204,63.18149674,63.18150494,60.14912204,63.18149674,63.18150494,0.0001109177015,0.0001109165739,4.399995093,4.599995111,3.799994454,0.6000014514,0.6000014361,0.6000016288,8.400024535,8.600024447,8.600027728
36.6,60.14912119,63.18149589,63.18150398,60.14912119,63.18149589,63.18150398,0.0001093707224,0.0001093695702,4.399995161,4.599995179,3.799994532,0.6000014311,0.600001416,0.6000016061,8.400024193,8.600024106,8.600027341
36.65,60.14912034,63.18149505,63.18150302,60.14912034,63.18149505,63.18150302,0.0001078453115,0.0001078441432,4.399995229,4.599995246,3.799994608,0.6000014112,0.6000013963,0.6000015837,8.400023855,8.60002377,8.60002696
36.7,60.14911951,63.18149422,63.18150208,60.14911951,63.18149422,63.18150208,0.0001063411672,0.0001063399919,4.399995295,4.599995312,3.799994683,0.6000013915,0.6000013768,0.6000015616,8.400023523,8.600023438,8.600026584
36.75,60.14911869,63.1814934,63.18150116,60.14911869,63.1814934,63.18150116,0.0001048579922,0.0001048568197,4.399995361,4.599995378,3.799994757,0.6000013721,0.6000013576,0.6000015398,8.400023194,8.600023111,8.600026213
36.8,60.14911788,63.1814926,63.18150024,60.14911788,63.1814926,63.18150024,0.0001033954935,0.000103394334,4.399995426,4.599995442,3.799994831,0.6000013529,0.6000013387,0.6000015183,8.400022871,8.600022789,8.600025847
36.85,60.14911708,63.1814918,63.18149934,60.14911708,63.1814918,63.18149934,0.000101953382,0.0001019522461,4.39999549,4.599995506,3.799994903,0.600001334,0.60000132,0.6000014972,8.400022552,8.600022471,8.600025487
36.9,60.1491163,63.18149102,63.18149845,60.1491163,63.18149102,63.18149845,0.0001005313731,0.0001005302717,4.399995553,4.599995568,3.799994974,0.6000013154,0.6000013016,0.6000014763,8.400022237,8.600022158,8.600025131
36.95,60.14911552,63.18149025,63.18149758,60.14911552,63.18149025,63.18149758,9.912918595e-05,9.912813013e-05,4.399995615,4.59999563,3.799995044,0.6000012971,0.6000012835,0.6000014557,8.400021927,8.600021849,8.600024781
37,60.14911476,63.18148949,63.18149671,60.14911476,63.18148949,63.18149671,9.774654397e-05,9.774554484e-05,4.399995676,4.599995691,3.799995113,0.600001279,0.6000012656,0.6000014354,8.400021621,8.600021544,8.600024435
37.05,60.149114,63.18148873,63.18149586,60.149114,63.18148873,63.18149586,9.638317443e-05,9.638224306e-05,4.399995736,4.599995751,3.799995181,0.6000012612,0.6000012479,0.6000014154,8.40002132,8.600021244,8.600024094
37.1,60.14911326,63.18148799,63.18149502,60.14911326,63.18148799,63.18149502,9.503880862e-05,9.503795584e-05,4.399995796,4.599995811,3.799995248,0.6000012436,0.6000012305,0.6000013956,8.400021022,8.600020947,8.600023758
37.15,60.14911253,63.18148726,63.18149419,60.14911253,63.18148726,63.18149419,9.371318166e-05,9.371241796e-05,4.399995854,4.599995869,3.799995315,0.6000012262,0.6000012133,0.6000013762,8.400020729,8.600020655,8.600023427
37.2,60.1491118,63.18148654,63.18149338,60.1491118,63.18148654,63.18149338,9.240603254e-05,9.240536793e-05,4.399995912,4.599995927,3.79999538,0.6000012091,0.6000011964,0.600001357,8.40002044,8.600020367,8.6000231
37.25,60.14911109,63.18148583,63.18149257,60.14911109,63.18148583,63.18149257,9.111710403e-05,9.111654788e-05,4.399995969,4.599995983,3.799995444,0.6000011922,0.6000011797,0.600001338,8.400020155,8.600020083,8.600022778
37.3,60.14911039,63.18148513,63.18149178,60.14911039,63.18148513,63.18149178,8.984614264e-05,8.984570357e-05,4.399996025,4.599996039,3.799995508,0.6000011756,0.6000011633,0.6000013194,8.400019874,8.600019803,8.60002246
37.35,60.1491097,63.18148444,63.18149099,60.1491097,63.18148444,63.18149099,8.859289856e-05,8.859258427e-05,4.399996081,4.599996095,3.799995571,0.6000011592,0.600001147,0.600001301,8.400019596,8.600019527,8.600022147
37.4,60.14910901,63.18148376,63.18149022,60.14910901,63.18148376,63.18149022,8.735712562e-05,8.735694277e-05,4.399996135,4.599996149,3.799995632,0.600001143,0.600001131,0.6000012828,8.400019323,8.600019254,8.600021838
37.45,60.14910834,63.18148309,63.18148946,60.14910834,63.18148309,63.18148946,8.613858124e-05,8.61385353e-05,4.399996189,4.599996203,3.799995693,0.6000011271,0.6000011153,0.6000012649,8.400019053,8.600018986,8.600021533
37.5,60.14910767,63.18148243,63.18148871,60.14910767,63.18148243,63.18148871,8.493702635e-05,8.493712148e-05,4.399996242,4.599996256,3.799995753,0.6000011114,0.6000010997,0.6000012473,8.400018788,8.600018721,8.600021233
37.55,60.14910702,63.18148177,63.18148797,60.14910702,63.18148178,63.18148797,8.375222535e-05,8.37524643e-05,4.399996295,4.599996308,3.799995813,0.6000010959,0.6000010844,0.6000012299,8.400018526,8.60001846,8.600020937
37.6,60.14910637,63.18148113,63.18148724,60.14910637,63.18148113,63.18148724,8.258394608e-05,8.258433006e-05,4.399996347,4.59999636,3.799995871,0.6000010806,0.6000010692,0.6000012127,8.400018267,8.600018202,8.600020645
37.65,60.14910574,63.1814805,63.18148652,60.14910574,63.1814805,63.18148652,8.143195972e-05,8.143248829e-05,4.399996398,4.59999641,3.799995929,0.6000010655,0.6000010543,0.6000011958,8.400018012,8.600017948,8.600020357
37.7,60.14910511,63.18147987,63.18148581,60.14910511,63.18147987,63.18148581,8.029604072e-05,8.029671176e-05,4.399996448,4.59999646,3.799995985,0.6000010506,0.6000010396,0.6000011791,8.400017761,8.600017698,8.600020073
37.75,60.14910449,63.18147925,63.18148511,60.14910449,63.18147925,63.18148511,7.917596682e-05,7.91767764e-05,4.399996497,4.59999651,3.799996041,0.600001036,0.6000010251,0.6000011627,8.400017513,8.600017451,8.600019793
37.8,60.14910388,63.18147864,63.18148442,60.14910388,63.18147865,63.18148442,7.807151888e-05,7.807246127e-05,4.399996546,4.599996558,3.799996097,0.6000010215,0.6000010108,0.6000011465,8.400017269,8.600017208,8.600019517
37.85,60.14910327,63.18147804,63.18148374,60.14910328,63.18147805,63.18148374,7.69824809e-05,7.698354851e-05,4.399996594,4.599996606,3.799996151,0.6000010073,0.6000009967,0.6000011305,8.400017028,8.600016968,8.600019245
37.9,60.14910268,63.18147745,63.18148307,60.14910268,63.18147745,63.18148307,7.590863992e-05,7.590982329e-05,4.399996642,4.599996654,3.799996205,0.6000009932,0.6000009828,0.6000011147,8.40001679,8.600016731,8.600018976
37.95,60.1491021,63.18147687,63.1814824,60.1491021,63.18147687,63.1814824,7.484978594e-05,7.485107379e-05,4.399996689,4.5999967,3.799996258,0.6000009794,0.6000009691,0.6000010992,8.400016556,8.600016498,8.600018711
38,60.14910152,63.18147629,63.18148175,60.14910152,63.1814763,63.18148175,7.380571186e-05,7.380709113e-05,4.399996735,4.599996746,3.79999631,0.6000009657,0.6000009556,0.6000010838,8.400016325,8.600016268,8.60001845
38.05,60.14910095,63.18147573,63.18148111,60.14910095,63.18147573,63.18148111,7.277621343e-05,7.277766936e-05,4.39999678,4.599996792,3.799996361,0.6000009522,0.6000009423,0.6000010687,8.400016098,8.600016041,8.600018193
38.1,60.14910039,63.18147517,63.18148047,60.14910039,63.18147517,63.18148047,7.176108913e-05,7.176260539e-05,4.399996825,4.599996837,3.799996412,0.600000939,0.6000009291,0.6000010538,8.400015873,8.600015817,8.600017939
38.15,60.14909983,63.18147462,63.18147985,60.14909983,63.18147462,63.18147985,7.076014014e-05,7.076169897e-05,4.39999687,4.599996881,3.799996462,0.6000009259,0.6000009162,0.6000010391,8.400015652,8.600015596,8.600017689
38.2,60.14909929,63.18147407,63.18147923,60.14909929,63.18147407,63.18147923,6.977317023e-05,6.977475263e-05,4.399996913,4.599996924,3.799996512,0.6000009129,0.6000009034,0.6000010246,8.400015433,8.600015379,8.600017442
38.25,60.14909875,63.18147354,63.18147862,60.14909875,63.18147354,63.18147862,6.879998567e-05,6.880157167e-05,4.399996956,4.599996967,3.79999656,0.6000009002,0.6000008908,0.6000010103,8.400015218,8.600015164,8.600017199
38.3,60.14909822,63.18147301,63.18147802,60.14909822,63.18147301,63.18147802,6.784039517e-05,6.784196409e-05,4.399996999,4.599997009,3.799996608,0.6000008877,0.6000008784,0.6000009962,8.400015006,8.600014953,8.600016959
38.35,60.1490977,63.18147249,63.18147743,60.1490977,63.18147249,63.18147743,6.68942098e-05,6.689574059e-05,4.399997041,4.599997051,3.799996655,0.6000008753,0.6000008661,0.6000009823,8.400014796,8.600014744,8.600016723
38.4,60.14909718,63.18147197,63.18147685,60.14909718,63.18147197,63.18147685,6.596124285e-05,6.596271448e-05,4.399997082,4.599997092,3.799996702,0.6000008631,0.600000854,0.6000009686,8.40001459,8.600014539,8.600016489
38.45,60.14909667,63.18147147,63.18147627,60.14909667,63.18147147,63.18147628,6.504130978e-05,6.504270171e-05,4.399997123,4.599997133,3.799996748,0.600000851,0.6000008421,0.6000009551,8.400014387,8.600014336,8.600016259
38.5,60.14909617,63.18147097,63.18147571,60.14909617,63.18147097,63.18147571,6.413422813e-05,6.413552077e-05,4.399997163,4.599997173,3.799996793,0.6000008392,0.6000008304,0.6000009418,8.400014186,8.600014136,8.600016033
38.55,60.14909567,63.18147047,63.18147515,60.14909568,63.18147047,63.18147515,6.323981736e-05,6.324099268e-05,4.399997202,4.599997212,3.799996838,0.6000008275,0.6000008188,0.6000009287,8.400013988,8.600013939,8.600015809
38.6,60.14909519,63.18146999,63.1814746,60.14909519,63.18146999,63.1814746,6.235789883e-05,6.235894097e-05,4.399997241,4.599997251,3.799996882,0.6000008159,0.6000008074,0.6000009157,8.400013793,8.600013744,8.600015589
38.65,60.14909471,63.18146951,63.18147405,60.14909471,63.18146951,63.18147405,6.148829561e-05,6.148919164e-05,4.39999728,4.599997289,3.799996926,0.6000008045,0.6000007961,0.6000009029,8.400013601,8.600013553,8.600015371
38.7,60.14909423,63.18146903,63.18147352,60.14909423,63.18146904,63.18147352,6.063083245e-05,6.063157309e-05,4.399997318,4.599997327,3.799996969,0.6000007933,0.600000785,0.6000008904,8.400013411,8.600013364,8.600015157
38.75,60.14909376,63.18146857,63.18147299,60.14909376,63.18146857,63.18147299,5.978533558e-05,5.978591613e-05,4.399997355,4.599997365,3.799997011,0.6000007823,0.6000007741,0.6000008779,8.400013224,8.600013177,8.600014946
38.8,60.1490933,63.18146811,63.18147247,60.1490933,63.18146811,63.18147247,5.895163268e-05,5.895205392e-05,4.399997392,4.599997401,3.799997053,0.6000007713,0.6000007633,0.6000008657,8.40001304,8.600012994,8.600014737
38.85,60.14909285,63.18146766,63.18147195,60.14909285,63.18146766,63.18147195,5.81295527e-05,5.812982198e-05,4.399997428,4.599997438,3.799997094,0.6000007606,0.6000007526,0.6000008536,8.400012858,8.600012812,8.600014532
38.9,60.1490924,63.18146721,63.18147145,60.1490924,63.18146721,63.18147145,5.731892575e-05,5.731905806e-05,4.399997464,4.599997473,3.799997134,0.60000075,0.6000007421,0.6000008417,8.400012678,8.600012634,8.600014329
38.95,60.14909196,63.18146677,63.18147095,60.14909196,63.18146677,63.18147095,5.651958297e-05,5.651960224e-05,4.3999975,4.599997508,3.799997174,0.6000007395,0.6000007318,0.60000083,8.400012502,8.600012458,8.600014129
39,60.14909152,63.18146634,63.18147046,60.14909152,63.18146634,63.18147046,5.573135642e-05,5.573129678e-05,4.399997535,4.599997543,3.799997214,0.6000007292,0.6000007216,0.6000008184,8.400012327,8.600012284,8.600013932
39.05,60.14909109,63.18146591,63.18146997,60.14909109,63.18146591,63.18146997,5.495407888e-05,5.495398618e-05,4.399997569,4.599997577,3.799997252,0.600000719,0.6000007115,0.600000807,8.400012155,8.600012113,8.600013738
39.1,60.14909067,63.18146548,63.18146949,60.14909067,63.18146548,63.18146949,5.418761009e-05,5.418751707e-05,4.399997603,4.599997611,3.799997291,0.600000709,0.6000007016,0.6000007957,8.400011986,8.600011944,8.600013546
39.15,60.14909025,63.18146507,63.18146902,60.14909025,63.18146507,63.18146902,5.343183349e-05,5.343173827e-05,4.399997636,4.599997645,3.799997329,0.6000006991,0.6000006918,0.6000007846,8.400011819,8.600011777,8.600013357
39.2,60.14908984,63.18146466,63.18146855,60.14908984,63.18146466,63.18146855,5.268659937e-05,5.268650065e-05,4.399997669,4.599997677,3.799997366,0.6000006894,0.6000006822,0.6000007737,8.400011654,8.600011613,8.600013171
39.25,60.14908943,63.18146425,63.18146809,60.14908943,63.18146425,63.18146809,5.195175984e-05,5.19516572e-05,4.399997702,4.59999771,3.799997403,0.6000006798,0.6000006726,0.6000007629,8.400011491,8.600011451,8.600012987
39.3,60.14908903,63.18146385,63.18146764,60.14908903,63.18146385,63.18146764,5.122716927e-05,5.122706294e-05,4.399997734,4.599997742,3.799997439,0.6000006703,0.6000006633,0.6000007523,8.400011331,8.600011291,8.600012806
39.35,60.14908864,63.18146346,63.18146719,60.14908864,63.18146346,63.18146719,5.05126842e-05,5.051257493e-05,4.399997765,4.599997773,3.799997474,0.6000006609,0.600000654,0.6000007418,8.400011173,8.600011134,8.600012628
39.4,60.14908825,63.18146307,63.18146675,60.14908825,63.18146307,63.18146675,4.980816332e-05,4.98080522e-05,4.399997797,4.599997804,3.79999751,0.6000006517,0.6000006449,0.6000007314,8.400011017,8.600010978,8.600012451
39.45,60.14908786,63.18146269,63.18146632,60.14908786,63.18146269,63.18146632,4.911346742e-05,4.911335578e-05,4.399997827,4.599997835,3.799997544,0.6000006426,0.6000006359,0.6000007212,8.400010863,8.600010825,8.600012278
39.5,60.14908748,63.18146231,63.18146589,60.14908748,63.18146231,63.18146589,4.842845934e-05,4.842834861e-05,4.399997858,4.599997865,3.799997579,0.6000006337,0.600000627,0.6000007112,8.400010712,8.600010674,8.600012107
39.55,60.14908711,63.18146194,63.18146547,60.14908711,63.18146194,63.18146547,4.775300392e-05,4.775289553e-05,4.399997888,4.599997895,3.799997612,0.6000006248,0.6000006183,0.6000007012,8.400010562,8.600010525,8.600011938
39.6,60.14908674,63.18146157,63.18146505,60.14908674,63.18146157,63.18146505,4.7086968e-05,4.708686332e-05,4.399997917,4.599997924,3.799997646,0.6000006161,0.6000006097,0.6000006915,8.400010415,8.600010379,8.600011771
39.65,60.14908638,63.18146121,63.18146464,60.14908638,63.18146121,63.18146464,4.643022031e-05,4.643012055e-05,4.399997946,4.599997953,3.799997679,0.6000006075,0.6000006012,0.6000006818,8.40001027,8.600010234,8.600011607
39.7,60.14908602,63.18146085,63.18146424,60.14908602,63.18146085,63.18146424,4.578263151e-05,4.578253768e-05,4.399997975,4.599997982,3.799997711,0.600000599,0.6000005928,0.6000006723,8.400010127,8.600010091,8.600011445
39.75,60.14908567,63.1814605,63.18146384,60.14908567,63.1814605,63.18146384,4.514407408e-05,4.514398695e-05,4.399998003,4.59999801,3.799997743,0.6000005907,0.6000005845,0.6000006629,8.400009985,8.60000995,8.600011285
39.8,60.14908532,63.18146015,63.18146345,60.14908532,63.18146015,63.18146345,4.451442232e-05,4.451434237e-05,4.399998031,4.599998038,3.799997774,0.6000005824,0.6000005764,0.6000006537,8.400009846,8.600009812,8.600011128
39.85,60.14908498,63.18145981,63.18146306,60.14908498,63.18145981,63.18146306,4.389355235e-05,4.389347973e-05,4.399998058,4.599998065,3.799997805,0.6000005743,0.6000005683,0.6000006446,8.400009709,8.600009675,8.600010973
39.9,60.14908464,63.18145947,63.18146268,60.14908464,63.18145947,63.18146268,4.3281342e-05,4.328127656e-05,4.399998085,4.599998092,3.799997836,0.6000005663,0.6000005604,0.6000006356,8.400009573,8.60000954,8.60001082
39.95,60.1490843,63.18145914,63.1814623,60.1490843,63.18145914,63.1814623,4.267767082e-05,4.267761205e-05,4.399998112,4.599998119,3.799997866,0.6000005584,0.6000005526,0.6000006267,8.40000944,8.600009407,8.600010669
40,60.14908397,63.18145881,63.18146193,60.14908397,63.18145881,63.18146193,4.208242006e-05,4.208236714e-05,4.399998138,4.599998145,3.799997896,0.6000005506,0.6000005449,0.600000618,8.400009308,8.600009276,8.60001052
40.05,60.14908365,63.18145849,63.18146156,60.14908365,63.18145849,63.18146156,4.149547261e-05,4.149542438e-05,4.399998164,4.599998171,3.799997925,0.6000005429,0.6000005373,0.6000006094,8.400009178,8.600009146,8.600010373
40.1,60.14908333,63.18145817,63.1814612,60.14908333,63.18145817,63.1814612,4.091671299e-05,4.091666798e-05,4.39999819,4.599998196,3.799997954,0.6000005354,0.6000005298,0.6000006009,8.40000905,8.600009019,8.600010229
40.15,60.14908301,63.18145786,63.18146084,60.14908301,63.18145786,63.18146084,4.034602732e-05,4.034598377e-05,4.399998215,4.599998221,3.799997983,0.6000005279,0.6000005224,0.6000005925,8.400008924,8.600008893,8.600010086
40.2,60.1490827,63.18145755,63.18146049,60.1490827,63.18145755,63.18146049,3.978330328e-05,3.978325915e-05,4.39999824,4.599998246,3.799998011,0.6000005205,0.6000005151,0.6000005842,8.4000088,8.600008769,8.600009945
40.25,60.1490824,63.18145724,63.18146014,60.1490824,63.18145724,63.18146014,3.922843009e-05,3.92283831e-05,4.399998265,4.599998271,3.799998039,0.6000005133,0.6000005079,0.6000005761,8.400008677,8.600008646,8.600009807
40.3,60.14908209,63.18145694,63.1814598,60.14908209,63.18145694,63.1814598,3.86812985e-05,3.868124617e-05,4.399998289,4.599998295,3.799998066,0.6000005061,0.6000005008,0.600000568,8.400008556,8.600008526,8.60000967
40.35,60.1490818,63.18145664,63.18145946,60.1490818,63.18145664,63.18145946,3.814180073e-05,3.814174042e-05,4.399998313,4.599998319,3.799998093,0.6000004991,0.6000004938,0.6000005601,8.400008436,8.600008407,8.600009535
40.4,60.1490815,63.18145635,63.18145913,60.1490815,63.18145635,63.18145913,3.760983049e-05,3.760975939e-05,4.399998336,4.599998342,3.79999812,0.6000004921,0.600000487,0.6000005523,8.400008319,8.60000829,8.600009402
40.45,60.14908121,63.18145606,63.1814588,60.14908121,63.18145606,63.1814588,3.708528293e-05,3.708519816e-05,4.399998359,4.599998365,3.799998146,0.6000004852,0.6000004802,0.6000005446,8.400008203,8.600008174,8.600009271
40.5,60.14908093,63.18145578,63.18145848,60.14908093,63.18145578,63.18145848,3.656805461e-05,3.656795322e-05,4.399998382,4.599998388,3.799998172,0.6000004785,0.6000004735,0.600000537,8.400008088,8.60000806,8.600009142
40.55,60.14908064,63.18145549,63.18145816,60.14908064,63.18145549,63.18145816,3.605804349e-05,3.605792254e-05,4.399998405,4.59999841,3.799998197,0.6000004718,0.6000004669,0.6000005295,8.400007976,8.600007948,8.600009014
40.6,60.14908037,63.18145522,63.18145785,60.14908037,63.18145522,63.18145785,3.555514894e-05,3.55550055e-05,4.399998427,4.599998433,3.799998222,0.6000004652,0.6000004604,0.6000005221,8.400007864,8.600007837,8.600008888
40.65,60.14908009,63.18145494,63.18145754,60.14908009,63.18145494,63.18145754,3.505927166e-05,3.505910286e-05,4.399998449,4.599998454,3.799998247,0.6000004587,0.6000004539,0.6000005148,8.400007755,8.600007728,8.600008764
40.7,60.14907982,63.18145467,63.18145723,60.14907982,63.18145467,63.18145723,3.457031371e-05,3.457011682e-05,4.399998471,4.599998476,3.799998272,0.6000004523,0.6000004476,0.6000005077,8.400007646,8.60000762,8.600008642
40.75,60.14907955,63.18145441,63.18145693,60.14907955,63.18145441,63.18145693,3.408817847e-05,3.408795089e-05,4.399998492,4.599998497,3.799998296,0.600000446,0.6000004414,0.6000005006,8.40000754,8.600007514,8.600008522
40.8,60.14907929,63.18145415,63.18145663,60.14907929,63.18145415,63.18145663,3.361277062e-05,3.361250995e-05,4.399998513,4.599998518,3.799998319,0.6000004398,0.6000004352,0.6000004936,8.400007435,8.600007409,8.600008403
40.85,60.14907903,63.18145389,63.18145634,60.14907903,63.18145389,63.18145634,3.314399612e-05,3.314370021e-05,4.399998534,4.599998539,3.799998343,0.6000004337,0.6000004291,0.6000004867,8.400007331,8.600007305,8.600008286
40.9,60.14907878,63.18145363,63.18145605,60.14907878,63.18145363,63.18145605,3.268176224e-05,3.268142917e-05,4.399998554,4.599998559,3.799998366,0.6000004276,0.6000004232,0.6000004799,8.400007229,8.600007204,8.60000817
40.95,60.14907852,63.18145338,63.18145577,60.14907852,63.18145338,63.18145577,3.222597747e-05,3.222560565e-05,4.399998574,4.599998579,3.799998389,0.6000004216,0.6000004173,0.6000004732,8.400007128,8.600007103,8.600008056
41,60.14907828,63.18145314,63.18145549,60.14907828,63.18145314,63.18145548,3.177655156e-05,3.17761397e-05,4.399998594,4.599998599,3.799998411,0.6000004158,0.6000004114,0.6000004666,8.400007029,8.600007004,8.600007944
41.05,60.14907803,63.18145289,63.18145521,60.14907803,63.18145289,63.18145521,3.133339547e-05,3.133294268e-05,4.399998614,4.599998619,3.799998433,0.60000041,0.6000004057,0.6000004601,8.40000693,8.600006906,8.600007833
41.1,60.14907779,63.18145265,63.18145493,60.14907779,63.18145265,63.18145493,3.089642139e-05,3.089592712e-05,4.399998633,4.599998638,3.799998455,0.6000004043,0.6000004,0.6000004537,8.400006834,8.60000681,8.600007724
41.15,60.14907755,63.18145241,63.18145467,60.14907755,63.18145241,63.18145467,3.046554271e-05,3.046500683e-05,4.399998652,4.599998657,3.799998477,0.6000003986,0.6000003945,0.6000004474,8.400006739,8.600006715,8.600007616
41.2,60.14907732,63.18145218,63.1814544,60.14907732,63.18145218,63.1814544,3.004067398e-05,3.004009679e-05,4.399998671,4.599998676,3.799998498,0.6000003931,0.600000389,0.6000004411,8.400006645,8.600006621,8.60000751
41.25,60.14907708,63.18145195,63.18145414,60.14907708,63.18145195,63.18145414,2.962173095e-05,2.962111316e-05,4.39999869,4.599998694,3.799998519,0.6000003876,0.6000003835,0.600000435,8.400006552,8.600006529,8.600007405
41.3,60.14907686,63.18145172,63.18145388,60.14907686,63.18145172,63.18145388,2.920863051e-05,2.920797329e-05,4.399998708,4.599998712,3.79999854,0.6000003822,0.6000003782,0.6000004289,8.400006461,8.600006438,8.600007302
41.35,60.14907663,63.1814515,63.18145363,60.14907663,63.1814515,63.18145363,2.880129071e-05,2.880059568e-05,4.399998726,4.59999873,3.79999856,0.6000003768,0.6000003729,0.6000004229,8.40000637,8.600006348,8.6000072
41.4,60.14907641,63.18145127,63.18145337,60.14907641,63.18145127,63.18145337,2.839963071e-05,2.839889996e-05,4.399998744,4.599998748,3.79999858,0.6000003716,0.6000003677,0.600000417,8.400006282,8.60000626,8.6000071
41.45,60.14907619,63.18145106,63.18145313,60.14907619,63.18145106,63.18145313,2.800357085e-05,2.800280687e-05,4.399998761,4.599998766,3.7999986,0.6000003664,0.6000003626,0.6000004112,8.400006194,8.600006172,8.600007001
41.5,60.14907597,63.18145084,63.18145288,60.14907597,63.18145084,63.18145288,2.761303251e-05,2.761223828e-05,4.399998778,4.599998783,3.799998619,0.6000003613,0.6000003575,0.6000004055,8.400006108,8.600006086,8.600006903
41.55,60.14907576,63.18145063,63.18145264,60.14907576,63.18145063,63.18145264,2.722793821e-05,2.722711713e-05,4.399998796,4.5999988,3.799998639,0.6000003563,0.6000003525,0.6000003998,8.400006022,8.600006001,8.600006807
41.6,60.14907555,63.18145042,63.1814524,60.14907555,63.18145042,63.1814524,2.684821157e-05,2.684736745e-05,4.399998812,4.599998816,3.799998658,0.6000003513,0.6000003476,0.6000003943,8.400005938,8.600005918,8.600006712
41.65,60.14907534,63.18145021,63.18145217,60.14907534,63.18145021,63.18145217,2.647377725e-05,2.647291432e-05,4.399998829,4.599998833,3.799998676,0.6000003464,0.6000003428,0.6000003888,8.400005856,8.600005835,8.600006618
41.7,60.14907514,63.18145001,63.18145194,60.14907514,63.18145001,63.18145194,2.610456101e-05,2.610368386e-05,4.399998845,4.599998849,3.799998695,0.6000003416,0.600000338,0.6000003833,8.400005774,8.600005754,8.600006526
41.75,60.14907494,63.18144981,63.18145171,60.14907494,63.18144981,63.18145171,2.574048966e-05,2.573960323e-05,4.399998861,4.599998865,3.799998713,0.6000003368,0.6000003333,0.600000378,8.400005693,8.600005674,8.600006435
41.8,60.14907474,63.18144961,63.18145149,60.14907474,63.18144961,63.18145149,2.538149106e-05,2.538060061e-05,4.399998877,4.599998881,3.799998731,0.6000003321,0.6000003286,0.6000003727,8.400005614,8.600005594,8.600006345
41.85,60.14907454,63.18144942,63.18145127,60.14907454,63.18144942,63.18145127,2.502749409e-05,2.502660516e-05,4.399998893,4.599998897,3.799998749,0.6000003275,0.600000324,0.6000003675,8.400005536,8.600005516,8.600006257
41.9,60.14907435,63.18144922,63.18145105,60.14907435,63.18144922,63.18145105,2.467842867e-05,2.467754706e-05,4.399998908,4.599998912,3.799998766,0.6000003229,0.6000003195,0.6000003624,8.400005458,8.600005439,8.600006169
41.95,60.14907416,63.18144903,63.18145083,60.14907416,63.18144903,63.18145083,2.433422573e-05,2.433335743e-05,4.399998924,4.599998927,3.799998783,0.6000003184,0.6000003151,0.6000003573,8.400005382,8.600005364,8.600006083
42,60.14907397,63.18144885,63.18145062,60.14907397,63.18144885,63.18145062,2.399481722e-05,2.399396838e-05,4.399998939,4.599998942,3.7999988,0.6000003139,0.6000003107,0.6000003524,8.400005307,8.600005289,8.600005998
42.05,60.14907379,63.18144866,63.18145041,60.14907379,63.18144866,63.18145041,2.366013607e-05,2.365931295e-05,4.399998953,4.599998957,3.799998817,0.6000003096,0.6000003063,0.6000003475,8.400005233,8.600005215,8.600005915
42.1,60.14907361,63.18144848,63.18145021,60.1490736,63.18144848,63.18145021,2.33301162e-05,2.332932512e-05,4.399998968,4.599998972,3.799998834,0.6000003053,0.6000003021,0.6000003426,8.40000516,8.600005142,8.600005832
42.15,60.14907343,63.1814483,63.18145,60.14907342,63.1814483,63.18145,2.300469249e-05,2.300393977e-05,4.399998982,4.599998986,3.79999885,0.600000301,0.6000002979,0.6000003378,8.400005088,8.600005071,8.600005751
42.2,60.14907325,63.18144813,63.1814498,60.14907325,63.18144812,63.1814498,2.268380081e-05,2.268309274e-05,4.399998997,4.599999,3.799998866,0.6000002968,0.6000002937,0.6000003331,8.400005017,8.600005,8.600005671
42.25,60.14907307,63.18144795,63.1814496,60.14907307,63.18144795,63.1814496,2.236737797e-05,2.236672071e-05,4.399999011,4.599999014,3.799998882,0.6000002927,0.6000002896,0.6000003285,8.400004947,8.60000493,8.600005592
42.3,60.1490729,63.18144778,63.18144941,60.1490729,63.18144778,63.18144941,2.205536173e-05,2.205476127e-05,4.399999024,4.599999028,3.799998897,0.6000002886,0.6000002856,0.6000003239,8.400004878,8.600004861,8.600005514
42.35,60.14907273,63.18144761,63.18144922,60.14907273,63.18144761,63.18144922,2.174769075e-05,2.174715288e-05,4.399999038,4.599999041,3.799998913,0.6000002845,0.6000002816,0.6000003194,8.40000481,8.600004794,8.600005437
42.4,60.14907256,63.18144744,63.18144903,60.14907256,63.18144744,63.18144903,2.144430464e-05,2.144383485e-05,4.399999051,4.599999055,3.799998928,0.6000002806,0.6000002777,0.6000003149,8.400004743,8.600004727,8.600005361
42.45,60.1490724,63.18144728,63.18144884,60.1490724,63.18144728,63.18144884,2.114514392e-05,2.114474733e-05,4.399999065,4.599999068,3.799998943,0.6000002767,0.6000002738,0.6000003105,8.400004677,8.600004661,8.600005286
42.5,60.14907223,63.18144711,63.18144866,60.14907223,63.18144711,63.18144866,2.085014997e-05,2.084983134e-05,4.399999078,4.599999081,3.799998958,0.6000002728,0.60000027,0.6000003062,8.400004612,8.600004596,8.600005212
42.55,60.14907207,63.18144695,63.18144847,60.14907207,63.18144695,63.18144847,2.05592651e-05,2.055902867e-05,4.399999091,4.599999094,3.799998972,0.600000269,0.6000002662,0.6000003019,8.400004547,8.600004532,8.60000514
42.6,60.14907191,63.1814468,63.1814483,60.14907191,63.1814468,63.1814483,2.027243246e-05,2.027228197e-05,4.399999103,4.599999106,3.799998986,0.6000002652,0.6000002625,0.6000002977,8.400004484,8.600004468,8.600005068
42.65,60.14907176,63.18144664,63.18144812,60.14907176,63.18144664,63.18144812,1.998959604e-05,1.998953466e-05,4.399999116,4.599999119,3.799999001,0.6000002615,0.6000002588,0.6000002935,8.400004421,8.600004406,8.600004997
42.7,60.1490716,63.18144649,63.18144794,60.1490716,63.18144649,63.18144794,1.971070073e-05,1.971073097e-05,4.399999128,4.599999131,3.799999015,0.6000002579,0.6000002552,0.6000002895,8.40000436,8.600004345,8.600004927
42.75,60.14907145,63.18144634,63.18144777,60.14907145,63.18144634,63.18144777,1.943569221e-05,1.943581588e-05,4.39999914,4.599999143,3.799999028,0.6000002543,0.6000002516,0.6000002854,8.400004299,8.600004284,8.600004859
42.8,60.1490713,63.18144619,63.1814476,60.1490713,63.18144619,63.1814476,1.916451696e-05,1.916473516e-05,4.399999152,4.599999155,3.799999042,0.6000002507,0.6000002481,0.6000002814,8.400004239,8.600004224,8.600004791
42.85,60.14907115,63.18144604,63.18144744,60.14907115,63.18144604,63.18144744,1.88971223e-05,1.889743533e-05,4.399999164,4.599999167,3.799999055,0.6000002473,0.6000002447,0.6000002775,8.40000418,8.600004165,8.600004724
42.9,60.14907101,63.18144589,63.18144727,60.14907101,63.18144589,63.18144727,1.863345631e-05,1.863386366e-05,4.399999176,4.599999179,3.799999068,0.6000002438,0.6000002413,0.6000002736,8.400004121,8.600004107,8.600004658
42.95,60.14907086,63.18144575,63.18144711,60.14907086,63.18144575,63.18144711,1.837346784e-05,1.837396815e-05,4.399999187,4.59999919,3.799999081,0.6000002404,0.6000002379,0.6000002698,8.400004064,8.60000405,8.600004593
43,60.14907072,63.18144561,63.18144695,60.14907072,63.18144561,63.18144695,1.811710652e-05,1.811769753e-05,4.399999199,4.599999201,3.799999094,0.600000237,0.6000002346,0.6000002661,8.400004007,8.600003993,8.600004529
43.05,60.14907058,63.18144547,63.18144679,60.14907058,63.18144547,63.18144679,1.786432267e-05,1.786500124e-05,4.39999921,4.599999212,3.799999107,0.6000002337,0.6000002313,0.6000002623,8.400003951,8.600003938,8.600004466
43.1,60.14907045,63.18144533,63.18144663,60.14907045,63.18144533,63.18144664,1.761506736e-05,1.761582942e-05,4.399999221,4.599999223,3.799999119,0.6000002305,0.6000002281,0.6000002587,8.400003896,8.600003883,8.600004404
43.15,60.14907031,63.1814452,63.18144648,60.14907031,63.1814452,63.18144648,1.736929235e-05,1.737013292e-05,4.399999232,4.599999234,3.799999132,0.6000002273,0.6000002249,0.6000002551,8.400003842,8.600003828,8.600004342
43.2,60.14907018,63.18144506,63.18144633,60.14907018,63.18144506,63.18144633,1.712695007e-05,1.712786326e-05,4.399999242,4.599999245,3.799999144,0.6000002241,0.6000002218,0.6000002515,8.400003788,8.600003775,8.600004282
43.25,60.14907004,63.18144493,63.18144618,60.14907004,63.18144493,63.18144618,1.688799363e-05,1.688897266e-05,4.399999253,4.599999256,3.799999156,0.600000221,0.6000002187,0.600000248,8.400003735,8.600003722,8.600004222
43.3,60.14906991,63.1814448,63.18144603,60.14906991,63.1814448,63.18144603,1.665237676e-05,1.665341398e-05,4.399999263,4.599999266,3.799999167,0.6000002179,0.6000002156,0.6000002445,8.400003683,8.60000367,8.600004163
43.35,60.14906978,63.18144467,63.18144589,60.14906978,63.18144467,63.18144589,1.642005382e-05,1.642114074e-05,4.399999274,4.599999276,3.799999179,0.6000002148,0.6000002126,0.6000002411,8.400003632,8.600003619,8.600004105
43.4,60.14906966,63.18144455,63.18144574,60.14906966,63.18144455,63.18144575,1.619097976e-05,1.619210714e-05,4.399999284,4.599999286,3.79999919,0.6000002118,0.6000002096,0.6000002378,8.400003581,8.600003569,8.600004048
43.45,60.14906953,63.18144442,63.1814456,60.14906953,63.18144442,63.1814456,1.59651101e-05,1.596626797e-05,4.399999294,4.599999296,3.799999202,0.6000002089,0.6000002067,0.6000002344,8.400003531,8.600003519,8.600003991
43.5,60.14906941,63.1814443,63.18144546,60.14906941,63.1814443,63.18144546,1.574240093e-05,1.574357869e-05,4.399999304,4.599999306,3.799999213,0.600000206,0.6000002038,0.6000002312,8.400003482,8.60000347,8.600003935
43.55,60.14906929,63.18144418,63.18144533,60.14906929,63.18144418,63.18144533,1.552280883e-05,1.552399537e-05,4.399999313,4.599999316,3.799999224,0.6000002031,0.600000201,0.600000228,8.400003433,8.600003421,8.600003881
43.6,60.14906917,63.18144406,63.18144519,60.14906917,63.18144406,63.18144519,1.53062909e-05,1.530747467e-05,4.399999323,4.599999325,3.799999235,0.6000002003,0.6000001982,0.6000002248,8.400003385,8.600003374,8.600003826
43.65,60.14906905,63.18144394,63.18144506,60.14906905,63.18144394,63.18144506,1.509280471e-05,1.50939739e-05,4.399999332,4.599999335,3.799999245,0.6000001975,0.6000001954,0.6000002216,8.400003338,8.600003327,8.600003773
43.7,60.14906893,63.18144383,63.18144493,60.14906893,63.18144383,63.18144493,1.488230828e-05,1.488345092e-05,4.399999342,4.599999344,3.799999256,0.6000001947,0.6000001927,0.6000002185,8.400003292,8.60000328,8.60000372
43.75,60.14906882,63.18144371,63.1814448,60.14906882,63.18144371,63.1814448,1.467476002e-05,1.467586421e-05,4.399999351,4.599999353,3.799999266,0.600000192,0.60000019,0.6000002155,8.400003246,8.600003235,8.600003669
43.8,60.14906871,63.1814436,63.18144467,60.14906871,63.1814436,63.18144467,1.447011876e-05,1.447117281e-05,4.39999936,4.599999362,3.799999277,0.6000001893,0.6000001874,0.6000002125,8.400003201,8.600003189,8.600003617
43.85,60.14906859,63.18144349,63.18144454,60.1490686,63.18144349,63.18144454,1.426834366e-05,1.426933635e-05,4.399999369,4.599999371,3.799999287,0.6000001867,0.6000001847,0.6000002095,8.400003156,8.600003145,8.600003567
43.9,60.14906848,63.18144338,63.18144442,60.14906848,63.18144338,63.18144442,1.406939422e-05,1.407031498e-05,4.399999378,4.59999938,3.799999297,0.6000001841,0.6000001822,0.6000002066,8.400003112,8.600003101,8.600003517
43.95,60.14906838,63.18144327,63.1814443,60.14906838,63.18144327,63.1814443,1.38732302e-05,1.387406947e-05,4.399999386,4.599999388,3.799999306,0.6000001815,0.6000001796,0.6000002037,8.400003069,8.600003058,8.600003468
44,60.14906827,63.18144316,63.18144418,60.14906827,63.18144316,63.18144418,1.367981168e-05,1.368056108e-05,4.399999395,4.599999397,3.799999316,0.600000179,0.6000001771,0.6000002009,8.400003026,8.600003015,8.60000342
44.05,60.14906816,63.18144306,63.18144406,60.14906816,63.18144306,63.18144406,1.348909889e-05,1.348975165e-05,4.399999403,4.599999405,3.799999326,0.6000001765,0.6000001747,0.6000001981,8.400002984,8.600002973,8.600003372
44.1,60.14906806,63.18144295,63.18144394,60.14906806,63.18144296,63.18144394,1.33010523e-05,1.330160354e-05,4.399999412,4.599999414,3.799999335,0.600000174,0.6000001722,0.6000001953,8.400002942,8.600002932,8.600003325
44.15,60.14906796,63.18144285,63.18144382,60.14906796,63.18144285,63.18144382,1.311563249e-05,1.311607961e-05,4.39999942,4.599999422,3.799999344,0.6000001716,0.6000001698,0.6000001926,8.400002901,8.600002891,8.600003279
44.2,60.14906786,63.18144275,63.18144371,60.14906786,63.18144275,63.18144371,1.293280016e-05,1.293314327e-05,4.399999428,4.59999943,3.799999353,0.6000001692,0.6000001675,0.6000001899,8.400002861,8.600002851,8.600003233
44.25,60.14906776,63.18144265,63.1814436,60.14906776,63.18144265,63.1814436,1.27525161e-05,1.275275844e-05,4.399999436,4.599999438,3.799999362,0.6000001669,0.6000001651,0.6000001873,8.400002821,8.600002811,8.600003188
44.3,60.14906766,63.18144255,63.18144348,60.14906766,63.18144255,63.18144348,1.257474111e-05,1.257488952e-05,4.399999444,4.599999446,3.799999371,0.6000001645,0.6000001628,0.6000001847,8.400002781,8.600002772,8.600003144
44.35,60.14906756,63.18144246,63.18144337,60.14906756,63.18144246,63.18144337,1.239943596e-05,1.239950142e-05,4.399999451,4.599999453,3.79999938,0.6000001622,0.6000001605,0.6000001821,8.400002743,8.600002733,8.6000031
44.4,60.14906747,63.18144236,63.18144327,60.14906747,63.18144236,63.18144327,1.222656138e-05,1.222655955e-05,4.399999459,4.599999461,3.799999389,0.60000016,0.6000001583,0.6000001795,8.400002704,8.600002695,8.600003057
44.45,60.14906737,63.18144227,63.18144316,60.14906737,63.18144227,63.18144316,1.2056078e-05,1.205602977e-05,4.399999467,4.599999469,3.799999397,0.6000001577,0.6000001561,0.600000177,8.400002667,8.600002657,8.600003014
44.5,60.14906728,63.18144218,63.18144306,60.14906728,63.18144218,63.18144306,1.188794628e-05,1.188787846e-05,4.399999474,4.599999476,3.799999406,0.6000001555,0.6000001539,0.6000001746,8.400002629,8.60000262,8.600002972
44.55,60.14906719,63.18144208,63.18144295,60.14906719,63.18144208,63.18144295,1.172214024e-05,1.172207244e-05,4.399999481,4.599999483,3.799999414,0.6000001534,0.6000001518,0.6000001721,8.400002593,8.600002584,8.60000293
44.6,60.1490671,63.18144199,63.18144285,60.1490671,63.18144199,63.18144285,1.155864763e-05,1.155857899e-05,4.399999489,4.59999949,3.799999422,0.6000001512,0.6000001497,0.6000001697,8.400002557,8.600002548,8.60000289
44.65,60.14906701,63.18144191,63.18144275,60.14906701,63.18144191,63.18144275,1.139743612e-05,1.139736587e-05,4.399999496,4.599999498,3.79999943,0.6000001491,0.6000001476,0.6000001674,8.400002521,8.600002512,8.600002849
44.7,60.14906692,63.18144182,63.18144265,60.14906692,63.18144182,63.18144265,1.123847352e-05,1.123840126e-05,4.399999503,4.599999505,3.799999438,0.600000147,0.6000001455,0.600000165,8.400002486,8.600002477,8.60000281
44.75,60.14906683,63.18144173,63.18144255,60.14906683,63.18144173,63.18144255,1.108172812e-05,1.10816538e-05,4.39999951,4.599999511,3.799999446,0.600000145,0.6000001435,0.6000001627,8.400002451,8.600002443,8.60000277
44.8,60.14906675,63.18144165,63.18144245,60.14906675,63.18144165,63.18144245,1.092716875e-05,1.092709259e-05,4.399999517,4.599999518,3.799999454,0.600000143,0.6000001415,0.6000001605,8.400002417,8.600002409,8.600002732
44.85,60.14906666,63.18144156,63.18144236,60.14906666,63.18144156,63.18144236,1.077476472e-05,1.077468711e-05,4.399999523,4.599999525,3.799999461,0.600000141,0.6000001395,0.6000001582,8.400002383,8.600002375,8.600002694
44.9,60.14906658,63.18144148,63.18144227,60.14906658,63.18144148,63.18144227,1.062448581e-05,1.06244073e-05,4.39999953,4.599999532,3.799999469,0.600000139,0.6000001376,0.600000156,8.40000235,8.600002342,8.600002656
44.95,60.1490665,63.1814414,63.18144217,60.1490665,63.1814414,63.18144217,1.047630228e-05,1.047622352e-05,4.399999537,4.599999538,3.799999476,0.6000001371,0.6000001356,0.6000001538,8.400002317,8.600002309,8.600002619
45,60.14906642,63.18144132,63.18144208,60.14906642,63.18144132,63.18144208,1.033018483e-05,1.033010652e-05,4.399999543,4.599999545,3.799999484,0.6000001352,0.6000001338,0.6000001517,8.400002285,8.600002277,8.600002582
45.05,60.14906634,63.18144124,63.18144199,60.14906634,63.18144124,63.18144199,1.018610462e-05,1.01860275e-05,4.399999549,4.599999551,3.799999491,0.6000001333,0.6000001319,0.6000001496,8.400002253,8.600002245,8.600002546
45.1,60.14906626,63.18144116,63.1814419,60.14906626,63.18144116,63.1814419,1.004403324e-05,1.004395801e-05,4.399999556,4.599999557,3.799999498,0.6000001314,0.60000013,0.6000001475,8.400002222,8.600002214,8.600002511
45.15,60.14906618,63.18144108,63.18144182,60.14906618,63.18144108,63.18144182,9.90394271e-06,9.903870037e-06,4.399999562,4.599999563,3.799999505,0.6000001296,0.6000001282,0.6000001454,8.400002191,8.600002183,8.600002476
45.2,60.1490661,63.18144101,63.18144173,60.1490661,63.18144101,63.18144173,9.765805464e-06,9.765735934e-06,4.399999568,4.599999569,3.799999512,0.6000001278,0.6000001264,0.6000001434,8.40000216,8.600002153,8.600002441
45.25,60.14906603,63.18144093,63.18144164,60.14906603,63.18144093,63.18144164,9.629594334e-06,9.629528457e-06,4.399999574,4.599999575,3.799999519,0.600000126,0.6000001247,0.6000001414,8.40000213,8.600002123,8.600002407
45.3,60.14906596,63.18144086,63.18144156,60.14906596,63.18144086,63.18144156,9.495282562e-06,9.495220728e-06,4.39999958,4.599999581,3.799999525,0.6000001242,0.6000001229,0.6000001394,8.4000021,8.600002093,8.600002374
45.35,60.14906588,63.18144078,63.18144148,60.14906588,63.18144078,63.18144148,9.362843763e-06,9.362786256e-06,4.399999586,4.599999587,3.799999532,0.6000001225,0.6000001212,0.6000001375,8.400002071,8.600002064,8.600002341
45.4,60.14906581,63.18144071,63.1814414,60.14906581,63.18144071,63.1814414,9.232251954e-06,9.232198914e-06,4.399999592,4.599999593,3.799999538,0.6000001208,0.6000001195,0.6000001356,8.400002042,8.600002035,8.600002308
45.45,60.14906574,63.18144064,63.18144132,60.14906574,63.18144064,63.18144131,9.103481497e-06,9.103432936e-06,4.399999597,4.599999599,3.799999545,0.6000001191,0.6000001179,0.6000001337,8.400002014,8.600002007,8.600002276
45.5,60.14906567,63.18144057,63.18144124,60.14906567,63.18144057,63.18144124,8.976507131e-06,8.976462918e-06,4.399999603,4.599999604,3.799999551,0.6000001174,0.6000001162,0.6000001318,8.400001985,8.600001979,8.600002244
45.55,60.1490656,63.1814405,63.18144116,60.1490656,63.1814405,63.18144116,8.851303965e-06,8.851263808e-06,4.399999608,4.59999961,3.799999557,0.6000001158,0.6000001146,0.60000013,8.400001958,8.600001951,8.600002213
45.6,60.14906553,63.18144043,63.18144108,60.14906553,63.18144043,63.18144108,8.72784743e-06,8.727810914e-06,4.399999614,4.599999615,3.799999564,0.6000001142,0.600000113,0.6000001282,8.40000193,8.600001924,8.600002182
45.65,60.14906546,63.18144037,63.181441,60.14906546,63.18144037,63.181441,8.606113318e-06,8.606079879e-06,4.399999619,4.599999621,3.79999957,0.6000001126,0.6000001114,0.6000001264,8.400001904,8.600001897,8.600002151
45.7,60.1490654,63.1814403,63.18144093,60.1490654,63.1814403,63.18144093,8.486077755e-06,8.486046683e-06,4.399999625,4.599999626,3.799999576,0.600000111,0.6000001099,0.6000001246,8.400001877,8.60000187,8.600002121
45.75,60.14906533,63.18144024,63.18144086,60.14906533,63.18144024,63.18144086,8.36771718e-06,8.367687654e-06,4.39999963,4.599999631,3.799999582,0.6000001095,0.6000001083,0.6000001229,8.400001851,8.600001844,8.600002092
45.8,60.14906527,63.18144017,63.18144078,60.14906527,63.18144017,63.18144078,8.251008371e-06,8.250979428e-06,4.399999635,4.599999636,3.799999587,0.600000108,0.6000001068,0.6000001212,8.400001825,8.600001819,8.600002063
45.85,60.1490652,63.18144011,63.18144071,60.1490652,63.18144011,63.18144071,8.135928416e-06,8.135898992e-06,4.39999964,4.599999641,3.799999593,0.6000001064,0.6000001053,0.6000001195,8.4000018,8.600001793,8.600002034
45.9,60.14906514,63.18144005,63.18144064,60.14906514,63.18144005,63.18144064,8.022454716e-06,8.02242364e-06,4.399999645,4.599999646,3.799999599,0.600000105,0.6000001039,0.6000001178,8.400001774,8.600001768,8.600002006
45.95,60.14906508,63.18143998,63.18144057,60.14906508,63.18143998,63.18144057,7.910564968e-06,7.910530979e-06,4.39999965,4.599999651,3.799999604,0.6000001035,0.6000001024,0.6000001162,8.40000175,8.600001744,8.600001978
46,60.14906502,63.18143992,63.1814405,60.14906502,63.18143992,63.1814405,7.800237175e-06,7.800198944e-06,4.399999655,4.599999656,3.79999961,0.6000001021,0.600000101,0.6000001145,8.400001725,8.600001719,8.60000195
46.05,60.14906496,63.18143986,63.18144043,60.14906496,63.18143986,63.18144043,7.69144964e-06,7.691405762e-06,4.39999966,4.599999661,3.799999615,0.6000001006,0.6000000996,0.6000001129,8.400001701,8.600001695,8.600001923
46.1,60.1490649,63.1814398,63.18144037,60.1490649,63.1814398,63.18144037,7.584180944e-06,7.584129969e-06,4.399999665,4.599999666,3.799999621,0.6000000992,0.6000000982,0.6000001114,8.400001677,8.600001672,8.600001896
46.15,60.14906484,63.18143975,63.1814403,60.14906484,63.18143975,63.1814403,7.478409961e-06,7.478350405e-06,4.399999669,4.59999967,3.799999626,0.6000000978,0.6000000968,0.6000001098,8.400001654,8.600001648,8.60000187
46.2,60.14906478,63.18143969,63.18144023,60.14906478,63.18143969,63.18144023,7.374115837e-06,7.374046205e-06,4.399999674,4.599999675,3.799999631,0.6000000965,0.6000000955,0.6000001083,8.400001631,8.600001625,8.600001843
46.25,60.14906473,63.18143963,63.18144017,60.14906473,63.18143963,63.18144017,7.271278e-06,7.271196779e-06,4.399999678,4.599999679,3.799999636,0.6000000951,0.6000000941,0.6000001068,8.400001608,8.600001603,8.600001818
46.3,60.14906467,63.18143958,63.18144011,60.14906467,63.18143958,63.18144011,7.169876149e-06,7.169781846e-06,4.399999683,4.599999684,3.799999642,0.6000000938,0.6000000928,0.6000001053,8.400001586,8.60000158,8.600001792
46.35,60.14906461,63.18143952,63.18144004,60.14906461,63.18143952,63.18144004,7.069890244e-06,7.069781398e-06,4.399999687,4.599999688,3.799999647,0.6000000925,0.6000000915,0.6000001038,8.400001564,8.600001558,8.600001767
46.4,60.14906456,63.18143947,63.18143998,60.14906456,63.18143947,63.18143998,6.971300511e-06,6.971175704e-06,4.399999692,4.599999693,3.799999651,0.6000000912,0.6000000903,0.6000001024,8.400001542,8.600001537,8.600001743
46.45,60.14906451,63.18143941,63.18143992,60.14906451,63.18143941,63.18143992,6.874087453e-06,6.873945308e-06,4.399999696,4.599999697,3.799999656,0.6000000899,0.600000089,0.6000001009,8.40000152,8.600001515,8.600001718
46.5,60.14906445,63.18143936,63.18143986,60.14906445,63.18143936,63.18143986,6.778231804e-06,6.778071034e-06,4.3999997,4.599999701,3.799999661,0.6000000887,0.6000000878,0.6000000995,8.400001499,8.600001494,8.600001695
46.55,60.1490644,63.18143931,63.1814398,60.1490644,63.18143931,63.1814398,6.683714566e-06,6.683533968e-06,4.399999704,4.599999705,3.799999666,0.6000000874,0.6000000865,0.6000000982,8.400001478,8.600001473,8.600001671
46.6,60.14906435,63.18143926,63.18143974,60.14906435,63.18143926,63.18143974,6.590516982e-06,6.59031545e-06,4.399999708,4.599999709,3.79999967,0.6000000862,0.6000000853,0.6000000968,8.400001458,8.600001453,8.600001648
46.65,60.1490643,63.18143921,63.18143969,60.1490643,63.18143921,63.18143969,6.498620555e-06,6.498397099e-06,4.399999713,4.599999714,3.799999675,0.600000085,0.6000000841,0.6000000954,8.400001437,8.600001432,8.600001625
46.7,60.14906425,63.18143916,63.18143963,60.14906425,63.18143916,63.18143963,6.408007022e-06,6.407760782e-06,4.399999717,4.599999718,3.79999968,0.6000000838,0.600000083,0.6000000941,8.400001417,8.600001412,8.600001602
46.75,60.1490642,63.18143911,63.18143957,60.1490642,63.18143911,63.18143957,6.318658361e-06,6.318388607e-06,4.39999972,4.599999721,3.799999684,0.6000000827,0.6000000818,0.6000000928,8.400001398,8.600001393,8.60000158
46.8,60.14906415,63.18143906,63.18143952,60.14906415,63.18143906,63.18143952,6.230556796e-06,6.230262951e-06,4.399999724,4.599999725,3.799999688,0.6000000815,0.6000000807,0.6000000915,8.400001378,8.600001373,8.600001558
46.85,60.1490641,63.18143901,63.18143947,60.1490641,63.18143901,63.18143947,6.143684781e-06,6.143366432e-06,4.399999728,4.599999729,3.799999693,0.6000000804,0.6000000795,0.6000000902,8.400001359,8.600001354,8.600001536
46.9,60.14906405,63.18143896,63.18143941,60.14906405,63.18143896,63.18143941,6.058025007e-06,6.057681894e-06,4.399999732,4.599999733,3.799999697,0.6000000793,0.6000000784,0.600000089,8.40000134,8.600001335,8.600001514
46.95,60.14906401,63.18143892,63.18143936,60.14906401,63.18143892,63.18143936,5.973560399e-06,5.973192443e-06,4.399999736,4.599999737,3.799999701,0.6000000782,0.6000000773,0.6000000877,8.400001321,8.600001317,8.600001493
47,60.14906396,63.18143887,63.18143931,60.14906396,63.18143887,63.18143931,5.890274099e-06,5.889881408e-06,4.399999739,4.59999974,3.799999705,0.6000000771,0.6000000763,0.6000000865,8.400001303,8.600001298,8.600001473
47.05,60.14906392,63.18143883,63.18143926,60.14906392,63.18143883,63.18143926,5.808149491e-06,5.807732357e-06,4.399999743,4.599999744,3.79999971,0.600000076,0.6000000752,0.6000000853,8.400001285,8.60000128,8.600001452
47.1,60.14906387,63.18143878,63.1814392,60.14906387,63.18143878,63.1814392,5.727170167e-06,5.726729066e-06,4.399999747,4.599999748,3.799999714,0.6000000749,0.6000000742,0.6000000841,8.400001267,8.600001262,8.600001432
47.15,60.14906383,63.18143874,63.18143915,60.14906383,63.18143874,63.18143915,5.64731997e-06,5.646855576e-06,4.39999975,4.599999751,3.799999718,0.6000000739,0.6000000731,0.6000000829,8.400001249,8.600001245,8.600001412
47.2,60.14906378,63.18143869,63.18143911,60.14906378,63.18143869,63.18143911,5.568582936e-06,5.56809612e-06,4.399999754,4.599999755,3.799999722,0.6000000729,0.6000000721,0.6000000818,8.400001232,8.600001227,8.600001392
47.25,60.14906374,63.18143865,63.18143906,60.14906374,63.18143865,63.18143906,5.490943336e-06,5.490435159e-06,4.399999757,4.599999758,3.799999725,0.6000000718,0.6000000711,0.6000000806,8.400001214,8.60000121,8.600001373
47.3,60.1490637,63.18143861,63.18143901,60.1490637,63.18143861,63.18143901,5.414385644e-06,5.413857372e-06,4.39999976,4.599999761,3.799999729,0.6000000708,0.6000000701,0.6000000795,8.400001198,8.600001193,8.600001354
47.35,60.14906366,63.18143857,63.18143896,60.14906366,63.18143857,63.18143896,5.338894578e-06,5.338347656e-06,4.399999764,4.599999765,3.799999733,0.6000000699,0.6000000691,0.6000000784,8.400001181,8.600001177,8.600001335
47.4,60.14906362,63.18143853,63.18143892,60.14906362,63.18143853,63.18143892,5.264455041e-06,5.26389111e-06,4.399999767,4.599999768,3.799999737,0.6000000689,0.6000000682,0.6000000773,8.400001164,8.60000116,8.600001316
47.45,60.14906358,63.18143849,63.18143887,60.14906357,63.18143849,63.18143887,5.191052154e-06,5.190473047e-06,4.39999977,4.599999771,3.79999974,0.6000000679,0.6000000672,0.6000000762,8.400001148,8.600001144,8.600001298
47.5,60.14906354,63.18143845,63.18143882,60.14906353,63.18143845,63.18143882,5.118671273e-06,5.118078974e-06,4.399999774,4.599999774,3.799999744,0.600000067,0.6000000663,0.6000000752,8.400001132,8.600001128,8.60000128
47.55,60.1490635,63.18143841,63.18143878,60.1490635,63.18143841,63.18143878,5.047297933e-06,5.046694624e-06,4.399999777,4.599999777,3.799999748,0.600000066,0.6000000654,0.6000000741,8.400001116,8.600001113,8.600001262
47.6,60.14906346,63.18143837,63.18143874,60.14906346,63.18143837,63.18143874,4.976917885e-06,4.976305906e-06,4.39999978,4.599999781,3.799999751,0.6000000651,0.6000000644,0.6000000731,8.400001101,8.600001097,8.600001244
47.65,60.14906342,63.18143833,63.18143869,60.14906342,63.18143833,63.18143869,4.907517108e-06,4.906898932e-06,4.399999783,4.599999784,3.799999755,0.6000000642,0.6000000635,0.6000000721,8.400001085,8.600001082,8.600001227
47.7,60.14906338,63.18143829,63.18143865,60.14906338,63.18143829,63.18143865,4.839081757e-06,4.838460009e-06,4.399999786,4.599999787,3.799999758,0.6000000633,0.6000000627,0.6000000711,8.40000107,8.600001067,8.60000121
47.75,60.14906334,63.18143825,63.18143861,60.14906334,63.18143825,63.18143861,4.771598199e-06,4.770975642e-06,4.399999789,4.59999979,3.799999761,0.6000000624,0.6000000618,0.6000000701,8.400001055,8.600001052,8.600001193
47.8,60.14906331,63.18143822,63.18143857,60.14906331,63.18143822,63.18143857,4.705053021e-06,4.704432506e-06,4.399999792,4.599999793,3.799999765,0.6000000616,0.6000000609,0.6000000691,8.400001041,8.600001037,8.600001176
47.85,60.14906327,63.18143818,63.18143853,60.14906327,63.18143818,63.18143852,4.639432985e-06,4.638817484e-06,4.399999795,4.599999795,3.799999768,0.6000000607,0.6000000601,0.6000000681,8.400001026,8.600001023,8.60000116
47.9,60.14906323,63.18143815,63.18143848,60.14906323,63.18143815,63.18143848,4.574725069e-06,4.574117623e-06,4.399999798,4.599999798,3.799999771,0.6000000599,0.6000000592,0.6000000672,8.400001012,8.600001008,8.600001144
47.95,60.1490632,63.18143811,63.18143844,60.1490632,63.18143811,63.18143844,4.510916434e-06,4.510320165e-06,4.3999998,4.599999801,3.799999774,0.600000059,0.6000000584,0.6000000662,8.400000998,8.600000994,8.600001128
48,60.14906316,63.18143808,63.18143841,60.14906316,63.18143808,63.18143841,4.447994455e-06,4.447412524e-06,4.399999803,4.599999804,3.799999778,0.6000000582,0.6000000576,0.6000000653,8.400000984,8.60000098,8.600001112
48.05,60.14906313,63.18143804,63.18143837,60.14906313,63.18143804,63.18143837,4.385946684e-06,4.385382281e-06,4.399999806,4.599999807,3.799999781,0.6000000574,0.6000000568,0.6000000644,8.40000097,8.600000967,8.600001096
48.1,60.1490631,63.18143801,63.18143833,60.1490631,63.18143801,63.18143833,4.324760882e-06,4.324217212e-06,4.399999809,4.599999809,3.799999784,0.6000000566,0.600000056,0.6000000635,8.400000957,8.600000953,8.600001081
48.15,60.14906306,63.18143798,63.18143829,60.14906306,63.18143798,63.18143829,4.264424981e-06,4.263905235e-06,4.399999811,4.599999812,3.799999787,0.6000000558,0.6000000552,0.6000000626,8.400000943,8.60000094,8.600001066
48.2,60.14906303,63.18143794,63.18143825,60.14906303,63.18143794,63.18143825,4.204927118e-06,4.204434459e-06,4.399999814,4.599999815,3.79999979,0.600000055,0.6000000544,0.6000000618,8.40000093,8.600000927,8.600001051
48.25,60.149063,63.18143791,63.18143822,60.149063,63.18143791,63.18143822,4.146255611e-06,4.145793152e-06,4.399999817,4.599999817,3.799999793,0.6000000542,0.6000000537,0.6000000609,8.400000917,8.600000914,8.600001037
48.3,60.14906297,63.18143788,63.18143818,60.14906297,63.18143788,63.18143818,4.088398961e-06,4.087969744e-06,4.399999819,4.59999982,3.799999796,0.6000000535,0.6000000529,0.60000006,8.400000904,8.600000901,8.600001022
48.35,60.14906293,63.18143785,63.18143815,60.14906293,63.18143785,63.18143814,4.031345862e-06,4.030952826e-06,4.399999822,4.599999822,3.799999798,0.6000000527,0.6000000522,0.6000000592,8.400000892,8.600000889,8.600001008
48.4,60.1490629,63.18143782,63.18143811,60.1490629,63.18143782,63.18143811,3.975085177e-06,3.974731152e-06,4.399999824,4.599999825,3.799999801,0.600000052,0.6000000515,0.6000000584,8.400000879,8.600000876,8.600000994
48.45,60.14906287,63.18143779,63.18143808,60.14906287,63.18143779,63.18143808,3.919605967e-06,3.919293633e-06,4.399999827,4.599999827,3.799999804,0.6000000513,0.6000000508,0.6000000576,8.400000867,8.600000864,8.60000098
48.5,60.14906284,63.18143776,63.18143804,60.14906284,63.18143776,63.18143804,3.864897439e-06,3.864629324e-06,4.399999829,4.59999983,3.799999807,0.6000000506,0.60000005,0.6000000568,8.400000855,8.600000852,8.600000966
48.55,60.14906281,63.18143773,63.18143801,60.14906281,63.18143773,63.18143801,3.810948999e-06,3.810727445e-06,4.399999831,4.599999832,3.799999809,0.6000000499,0.6000000493,0.600000056,8.400000843,8.60000084,8.600000953
48.6,60.14906278,63.1814377,63.18143797,60.14906278,63.1814377,63.18143797,3.757750229e-06,3.757577364e-06,4.399999834,4.599999834,3.799999812,0.6000000492,0.6000000487,0.6000000552,8.400000831,8.600000828,8.600000939
48.65,60.14906275,63.18143767,63.18143794,60.14906275,63.18143767,63.18143794,3.705290863e-06,3.705168586e-06,4.399999836,4.599999837,3.799999815,0.6000000485,0.600000048,0.6000000544,8.40000082,8.600000817,8.600000926
48.7,60.14906272,63.18143764,63.18143791,60.14906272,63.18143764,63.18143791,3.653560812e-06,3.653490788e-06,4.399999838,4.599999839,3.799999817,0.6000000478,0.6000000473,0.6000000537,8.400000808,8.600000805,8.600000913
48.75,60.1490627,63.18143761,63.18143788,60.1490627,63.18143761,63.18143788,3.602550147e-06,3.60253376e-06,4.399999841,4.599999841,3.79999982,0.6000000471,0.6000000466,0.6000000529,8.400000797,8.600000794,8.600000901
48.8,60.14906267,63.18143758,63.18143785,60.14906267,63.18143758,63.18143785,3.552249112e-06,3.552287456e-06,4.399999843,4.599999843,3.799999822,0.6000000465,0.600000046,0.6000000522,8.400000786,8.600000783,8.600000888
48.85,60.14906264,63.18143756,63.18143781,60.14906264,63.18143756,63.18143781,3.502648086e-06,3.502741962e-06,4.399999845,4.599999846,3.799999825,0.6000000458,0.6000000454,0.6000000514,8.400000775,8.600000772,8.600000876
48.9,60.14906261,63.18143753,63.18143778,60.14906261,63.18143753,63.18143778,3.453737633e-06,3.453887505e-06,4.399999847,4.599999848,3.799999827,0.6000000452,0.6000000447,0.6000000507,8.400000764,8.600000761,8.600000863
48.95,60.14906259,63.1814375,63.18143775,60.14906259,63.1814375,63.18143775,3.405508446e-06,3.405714442e-06,4.399999849,4.59999985,3.79999983,0.6000000446,0.6000000441,0.60000005,8.400000753,8.600000751,8.600000851
49,60.14906256,63.18143748,63.18143772,60.14906256,63.18143748,63.18143772,3.35795138e-06,3.358213273e-06,4.399999851,4.599999852,3.799999832,0.6000000439,0.6000000435,0.6000000493,8.400000743,8.60000074,8.600000839
49.05,60.14906254,63.18143745,63.18143769,60.14906254,63.18143745,63.1814377,3.311057427e-06,3.311374626e-06,4.399999854,4.599999854,3.799999834,0.6000000433,0.6000000429,0.6000000486,8.400000732,8.60000073,8.600000828
49.1,60.14906251,63.18143742,63.18143767,60.14906251,63.18143742,63.18143767,3.264817718e-06,3.265189261e-06,4.399999856,4.599999856,3.799999837,0.6000000427,0.6000000423,0.6000000479,8.400000722,8.60000072,8.600000816
49.15,60.14906248,63.1814374,63.18143764,60.14906249,63.1814374,63.18143764,3.219223533e-06,3.219648064e-06,4.399999858,4.599999858,3.799999839,0.6000000421,0.6000000417,0.6000000473,8.400000712,8.60000071,8.600000805
49.2,60.14906246,63.18143737,63.18143761,60.14906246,63.18143737,63.18143761,3.174266274e-06,3.174742056e-06,4.39999986,4.59999986,3.799999841,0.6000000415,0.6000000411,0.6000000466,8.400000702,8.6000007,8.600000794
49.25,60.14906244,63.18143735,63.18143758,60.14906244,63.18143735,63.18143758,3.129937476e-06,3.130462374e-06,4.399999862,4.599999862,3.799999844,0.600000041,0.6000000405,0.600000046,8.400000692,8.60000069,8.600000782
49.3,60.14906241,63.18143733,63.18143755,60.14906241,63.18143733,63.18143755,3.0862288e-06,3.086800276e-06,4.399999863,4.599999864,3.799999846,0.6000000404,0.60000004,0.6000000453,8.400000683,8.60000068,8.600000772
49.35,60.14906239,63.1814373,63.18143753,60.14906239,63.1814373,63.18143753,3.043132027e-06,3.043747162e-06,4.399999865,4.599999866,3.799999848,0.6000000398,0.6000000394,0.6000000447,8.400000673,8.600000671,8.600000761
49.4,60.14906236,63.18143728,63.1814375,60.14906236,63.18143728,63.1814375,3.00063904e-06,3.00129453e-06,4.399999867,4.599999868,3.79999985,0.6000000393,0.6000000389,0.6000000441,8.400000664,8.600000661,8.60000075
49.45,60.14906234,63.18143726,63.18143747,60.14906234,63.18143726,63.18143748,2.95874185e-06,2.959434002e-06,4.399999869,4.59999987,3.799999852,0.6000000387,0.6000000383,0.6000000434,8.400000654,8.600000652,8.60000074
49.5,60.14906232,63.18143723,63.18143745,60.14906232,63.18143723,63.18143745,2.917432563e-06,2.918157323e-06,4.399999871,4.599999871,3.799999854,0.6000000382,0.6000000378,0.6000000428,8.400000645,8.600000643,8.600000729
49.55,60.1490623,63.18143721,63.18143742,60.1490623,63.18143721,63.18143742,2.876703378e-06,2.877456354e-06,4.399999873,4.599999873,3.799999856,0.6000000376,0.6000000372,0.6000000422,8.400000636,8.600000634,8.600000719
49.6,60.14906227,63.18143719,63.1814374,60.14906227,63.18143719,63.1814374,2.836546594e-06,2.837323061e-06,4.399999875,4.599999875,3.799999858,0.6000000371,0.6000000367,0.6000000417,8.400000627,8.600000625,8.600000709
49.65,60.14906225,63.18143717,63.18143737,60.14906225,63.18143717,63.18143737,2.796954605e-06,2.797749519e-06,4.399999876,4.599999877,3.79999986,0.6000000366,0.6000000362,0.6000000411,8.400000619,8.600000616,8.600000699
49.7,60.14906223,63.18143715,63.18143735,60.14906223,63.18143715,63.18143735,2.757919864e-06,2.758727936e-06,4.399999878,4.599999878,3.799999862,0.6000000361,0.6000000357,0.6000000405,8.40000061,8.600000608,8.600000689
49.75,60.14906221,63.18143712,63.18143733,60.14906221,63.18143712,63.18143733,2.719434909e-06,2.720250604e-06,4.39999988,4.59999988,3.799999864,0.6000000356,0.6000000352,0.6000000399,8.400000601,8.600000599,8.60000068
49.8,60.14906219,63.1814371,63.1814373,60.14906219,63.1814371,63.1814373,2.681492355e-06,2.682309937e-06,4.399999881,4.599999882,3.799999866,0.6000000351,0.6000000347,0.6000000394,8.400000593,8.600000591,8.60000067
49.85,60.14906217,63.18143708,63.18143728,60.14906217,63.18143708,63.18143728,2.644084858e-06,2.644898445e-06,4.399999883,4.599999883,3.799999868,0.6000000346,0.6000000342,0.6000000388,8.400000585,8.600000583,8.600000661
49.9,60.14906215,63.18143706,63.18143725,60.14906215,63.18143706,63.18143726,2.607205143e-06,2.608008748e-06,4.399999885,4.599999885,3.79999987,0.6000000341,0.6000000338,0.6000000383,8.400000577,8.600000575,8.600000652
49.95,60.14906213,63.18143704,63.18143723,60.14906213,63.18143704,63.18143723,2.570845966e-06,2.571633573e-06,4.399999886,4.599999887,3.799999871,0.6000000336,0.6000000333,0.6000000378,8.400000569,8.600000567,8.600000643
50,60.14906211,63.18143702,63.18143721,60.14906211,63.18143702,63.18143721,2.535000122e-06,2.535765731e-06,4.399999888,4.599999888,3.799999873,0.6000000332,0.6000000328,0.6000000372,8.400000561,8.600000559,8.600000634
50.05,60.14906209,63.181437,63.18143719,60.14906209,63.181437,63.18143719,2.499660457e-06,2.500398166e-06,4.399999889,4.59999989,3.799999875,0.6000000327,0.6000000324,0.6000000367,8.400000553,8.600000551,8.600000625
50.1,60.14906207,63.18143698,63.18143717,60.14906207,63.18143698,63.18143717,2.464819812e-06,2.465523884e-06,4.399999891,4.599999891,3.799999877,0.6000000322,0.6000000319,0.6000000362,8.400000545,8.600000543,8.600000616
50.15,60.14906205,63.18143696,63.18143714,60.14906205,63.18143697,63.18143714,2.430471047e-06,2.431136013e-06,4.399999892,4.599999893,3.799999878,0.6000000318,0.6000000315,0.6000000357,8.400000538,8.600000536,8.600000608
50.2,60.14906203,63.18143695,63.18143712,60.14906203,63.18143695,63.18143712,2.396607025e-06,2.397227769e-06,4.399999894,4.599999894,3.79999988,0.6000000314,0.600000031,0.6000000352,8.40000053,8.600000528,8.600000599
50.25,60.14906201,63.18143693,63.1814371,60.14906201,63.18143693,63.1814371,2.363220612e-06,2.363792456e-06,4.399999895,4.599999896,3.799999882,0.6000000309,0.6000000306,0.6000000347,8.400000523,8.600000521,8.600000591
50.3,60.14906199,63.18143691,63.18143708,60.14906199,63.18143691,63.18143708,2.330304644e-06,2.330823484e-06,4.399999897,4.599999897,3.799999883,0.6000000305,0.6000000302,0.6000000342,8.400000515,8.600000514,8.600000583
50.35,60.14906198,63.18143689,63.18143706,60.14906198,63.18143689,63.18143706,2.297851938e-06,2.298314341e-06,4.399999898,4.599999899,3.799999885,0.6000000301,0.6000000298,0.6000000337,8.400000508,8.600000506,8.600000574
50.4,60.14906196,63.18143687,63.18143704,60.14906196,63.18143687,63.18143704,2.26585526e-06,2.266258622e-06,4.3999999,4.5999999,3.799999887,0.6000000296,0.6000000293,0.6000000333,8.400000501,8.600000499,8.600000566
50.45,60.14906194,63.18143686,63.18143702,60.14906194,63.18143686,63.18143702,2.234307366e-06,2.234650002e-06,4.399999901,4.599999902,3.799999888,0.6000000292,0.6000000289,0.6000000328,8.400000494,8.600000492,8.600000559
50.5,60.14906192,63.18143684,63.181437,60.14906192,63.18143684,63.181437,2.203200908e-06,2.203482246e-06,4.399999903,4.599999903,3.79999989,0.6000000288,0.6000000285,0.6000000324,8.400000487,8.600000486,8.600000551
50.55,60.14906191,63.18143682,63.18143698,60.14906191,63.18143682,63.18143698,2.172528496e-06,2.172749194e-06,4.399999904,4.599999904,3.799999891,0.6000000284,0.6000000281,0.6000000319,8.400000481,8.600000479,8.600000543
50.6,60.14906189,63.18143681,63.18143696,60.14906189,63.18143681,63.18143696,2.142282664e-06,2.142444797e-06,4.399999905,4.599999906,3.799999893,0.600000028,0.6000000277,0.6000000315,8.400000474,8.600000472,8.600000536
50.65,60.14906187,63.18143679,63.18143695,60.14906187,63.18143679,63.18143695,2.112455824e-06,2.112563066e-06,4.399999907,4.599999907,3.799999894,0.6000000276,0.6000000274,0.600000031,8.400000467,8.600000466,8.600000528
50.7,60.14906186,63.18143677,63.18143693,60.14906186,63.18143677,63.18143693,2.083040301e-06,2.083098118e-06,4.399999908,4.599999908,3.799999896,0.6000000273,0.600000027,0.6000000306,8.400000461,8.600000459,8.600000521
50.75,60.14906184,63.18143676,63.18143691,60.14906184,63.18143676,63.18143691,2.054028306e-06,2.05404412e-06,4.399999909,4.599999909,3.799999897,0.6000000269,0.6000000266,0.6000000302,8.400000454,8.600000453,8.600000513
50.8,60.14906182,63.18143674,63.18143689,60.14906182,63.18143674,63.18143689,2.025411909e-06,2.02539536e-06,4.39999991,4.599999911,3.799999899,0.6000000265,0.6000000262,0.6000000297,8.400000448,8.600000446,8.600000506
50.85,60.14906181,63.18143673,63.18143687,60.14906181,63.18143673,63.18143687,1.997183037e-06,1.997146179e-06,4.399999912,4.599999912,3.7999999,0.6000000261,0.6000000259,0.6000000293,8.400000442,8.60000044,8.600000499
50.9,60.14906179,63.18143671,63.18143686,60.14906179,63.18143671,63.18143686,1.969333587e-06,1.969291e-06,4.399999913,4.599999913,3.799999902,0.6000000258,0.6000000255,0.6000000289,8.400000436,8.600000434,8.600000492
50.95,60.14906178,63.1814367,63.18143684,60.14906178,63.1814367,63.18143684,1.941866727e-06,1.941824334e-06,4.399999914,4.599999914,3.799999903,0.6000000254,0.6000000251,0.6000000285,8.40000043,8.600000428,8.600000485
51,60.14906176,63.18143668,63.18143682,60.14906176,63.18143668,63.18143682,1.914783468e-06,1.914740754e-06,4.399999915,4.599999916,3.799999904,0.6000000251,0.6000000248,0.6000000281,8.400000424,8.600000422,8.600000479
51.05,60.14906175,63.18143667,63.18143681,60.14906175,63.18143667,63.18143681,1.888078307e-06,1.888034927e-06,4.399999916,4.599999917,3.799999906,0.6000000247,0.6000000244,0.6000000277,8.400000418,8.600000416,8.600000472
51.1,60.14906173,63.18143665,63.18143679,60.14906173,63.18143665,63.18143679,1.861745819e-06,1.861701576e-06,4.399999918,4.599999918,3.799999907,0.6000000244,0.6000000241,0.6000000273,8.400000412,8.60000041,8.600000465
51.15,60.14906172,63.18143664,63.18143677,60.14906172,63.18143664,63.18143677,1.835780691e-06,1.835735507e-06,4.399999919,4.599999919,3.799999908,0.600000024,0.6000000238,0.600000027,8.400000406,8.600000405,8.600000459
51.2,60.14906171,63.18143662,63.18143676,60.14906171,63.18143662,63.18143676,1.81017769e-06,1.810131607e-06,4.39999992,4.59999992,3.799999909,0.6000000237,0.6000000234,0.6000000266,8.4000004,8.600000399,8.600000453
51.25,60.14906169,63.18143661,63.18143674,60.14906169,63.18143661,63.18143674,1.784931689e-06,1.784884808e-06,4.399999921,4.599999921,3.799999911,0.6000000234,0.6000000231,0.6000000262,8.400000395,8.600000393,8.600000446
51.3,60.14906168,63.1814366,63.18143673,60.14906168,63.1814366,63.18143673,1.760037636e-06,1.759990148e-06,4.399999922,4.599999922,3.799999912,0.600000023,0.6000000228,0.6000000258,8.400000389,8.600000388,8.60000044
51.35,60.14906166,63.18143658,63.18143671,60.14906166,63.18143658,63.18143671,1.735490572e-06,1.735442697e-06,4.399999923,4.599999923,3.799999913,0.6000000227,0.6000000225,0.6000000255,8.400000384,8.600000383,8.600000434
51.4,60.14906165,63.18143657,63.1814367,60.14906165,63.18143657,63.1814367,1.711285605e-06,1.711237628e-06,4.399999924,4.599999925,3.799999914,0.6000000224,0.6000000222,0.6000000251,8.400000379,8.600000377,8.600000428
51.45,60.14906164,63.18143656,63.18143668,60.14906164,63.18143656,63.18143668,1.687417949e-06,1.687370156e-06,4.399999925,4.599999926,3.799999916,0.6000000221,0.6000000218,0.6000000248,8.400000373,8.600000372,8.600000422
51.5,60.14906162,63.18143654,63.18143667,60.14906162,63.18143654,63.18143667,1.663882872e-06,1.663835576e-06,4.399999926,4.599999927,3.799999917,0.6000000218,0.6000000215,0.6000000244,8.400000368,8.600000367,8.600000416
51.55,60.14906161,63.18143653,63.18143665,60.14906161,63.18143653,63.18143665,1.640675743e-06,1.640629245e-06,4.399999927,4.599999928,3.799999918,0.6000000215,0.6000000212,0.6000000241,8.400000363,8.600000362,8.60000041
51.6,60.1490616,63.18143652,63.18143664,60.1490616,63.18143652,63.18143664,1.617791981e-06,1.617746584e-06,4.399999928,4.599999929,3.799999919,0.6000000212,0.6000000209,0.6000000238,8.400000358,8.600000357,8.600000404
51.65,60.14906159,63.1814365,63.18143662,60.14906159,63.1814365,63.18143662,1.595227088e-06,1.595183072e-06,4.399999929,4.59999993,3.79999992,0.6000000209,0.6000000207,0.6000000234,8.400000353,8.600000352,8.600000399
51.7,60.14906157,63.18143649,63.18143661,60.14906157,63.18143649,63.18143661,1.572976644e-06,1.572934276e-06,4.39999993,4.599999931,3.799999921,0.6000000206,0.6000000204,0.6000000231,8.400000348,8.600000347,8.600000393
51.75,60.14906156,63.18143648,63.18143659,60.14906156,63.18143648,63.18143659,1.551036279e-06,1.550995785e-06,4.399999931,4.599999932,3.799999922,0.6000000203,0.6000000201,0.6000000228,8.400000343,8.600000342,8.600000388
51.8,60.14906155,63.18143647,63.18143658,60.14906155,63.18143647,63.18143658,1.529401716e-06,1.529363289e-06,4.399999932,4.599999933,3.799999924,0.60000002,0.6000000198,0.6000000225,8.400000338,8.600000337,8.600000382
51.85,60.14906154,63.18143646,63.18143657,60.14906154,63.18143646,63.18143657,1.508068717e-06,1.508032505e-06,4.399999933,4.599999934,3.799999925,0.6000000197,0.6000000195,0.6000000221,8.400000334,8.600000332,8.600000377
51.9,60.14906153,63.18143644,63.18143655,60.14906153,63.18143644,63.18143655,1.48703312e-06,1.486999238e-06,4.399999934,4.599999934,3.799999926,0.6000000195,0.6000000193,0.6000000218,8.400000329,8.600000328,8.600000372
51.95,60.14906152,63.18143643,63.18143654,60.14906152,63.18143643,63.18143654,1.466290827e-06,1.466259333e-06,4.399999935,4.599999935,3.799999927,0.6000000192,0.600000019,0.6000000215,8.400000324,8.600000323,8.600000367
52,60.1490615,63.18143642,63.18143653,60.1490615,63.18143642,63.18143653,1.445837794e-06,1.445808691e-06,4.399999936,4.599999936,3.799999928,0.6000000189,0.6000000187,0.6000000212,8.40000032,8.600000319,8.600000361
52.05,60.14906149,63.18143641,63.18143652,60.14906149,63.18143641,63.18143652,1.425670035e-06,1.425643287e-06,4.399999937,4.599999937,3.799999929,0.6000000187,0.6000000185,0.6000000209,8.400000315,8.600000314,8.600000356
52.1,60.14906148,63.1814364,63.1814365,60.14906148,63.1814364,63.1814365,1.405783625e-06,1.405759138e-06,4.399999938,4.599999938,3.79999993,0.6000000184,0.6000000182,0.6000000206,8.400000311,8.60000031,8.600000351
52.15,60.14906147,63.18143639,63.18143649,60.14906147,63.18143639,63.18143649,1.386174701e-06,1.38615233e-06,4.399999939,4.599999939,3.799999931,0.6000000181,0.6000000179,0.6000000204,8.400000307,8.600000306,8.600000347
52.2,60.14906146,63.18143638,63.18143648,60.14906146,63.18143638,63.18143648,1.366839433e-06,1.366818982e-06,4.39999994,4.59999994,3.799999932,0.6000000179,0.6000000177,0.6000000201,8.400000302,8.600000301,8.600000342
52.25,60.14906145,63.18143637,63.18143647,60.14906145,63.18143637,63.18143647,1.34777407e-06,1.347755286e-06,4.39999994,4.599999941,3.799999933,0.6000000176,0.6000000175,0.6000000198,8.400000298,8.600000297,8.600000337
52.3,60.14906144,63.18143636,63.18143646,60.14906144,63.18143636,63.18143646,1.328974895e-06,1.328957476e-06,4.399999941,4.599999941,3.799999934,0.6000000174,0.6000000172,0.6000000195,8.400000294,8.600000293,8.600000332
52.35,60.14906143,63.18143635,63.18143644,60.14906143,63.18143635,63.18143644,1.310438247e-06,1.310421855e-06,4.399999942,4.599999942,3.799999934,0.6000000171,0.600000017,0.6000000192,8.40000029,8.600000289,8.600000328
52.4,60.14906142,63.18143634,63.18143643,60.14906142,63.18143634,63.18143643,1.292160517e-06,1.292144758e-06,4.399999943,4.599999943,3.799999935,0.6000000169,0.6000000167,0.600000019,8.400000286,8.600000285,8.600000323
52.45,60.14906141,63.18143633,63.18143642,60.14906141,63.18143633,63.18143642,1.27413814e-06,1.274122582e-06,4.399999944,4.599999944,3.799999936,0.6000000167,0.6000000165,0.6000000187,8.400000282,8.600000281,8.600000319
52.5,60.1490614,63.18143632,63.18143641,60.1490614,63.18143632,63.18143641,1.256367605e-06,1.256351768e-06,4.399999944,4.599999945,3.799999937,0.6000000164,0.6000000163,0.6000000184,8.400000278,8.600000277,8.600000314
52.55,60.14906139,63.18143631,63.1814364,60.14906139,63.18143631,63.1814364,1.238845435e-06,1.238828817e-06,4.399999945,4.599999945,3.799999938,0.6000000162,0.600000016,0.6000000182,8.400000274,8.600000273,8.60000031
52.6,60.14906138,63.1814363,63.18143639,60.14906138,63.1814363,63.18143639,1.221568215e-06,1.221550257e-06,4.399999946,4.599999946,3.799999939,0.600000016,0.6000000158,0.6000000179,8.40000027,8.600000269,8.600000305
52.65,60.14906137,63.18143629,63.18143638,60.14906137,63.18143629,63.18143638,1.204532559e-06,1.204512694e-06,4.399999947,4.599999947,3.79999994,0.6000000158,0.6000000156,0.6000000177,8.400000266,8.600000265,8.600000301
52.7,60.14906136,63.18143628,63.18143637,60.14906136,63.18143628,63.18143637,1.187735138e-06,1.187712767e-06,4.399999947,4.599999948,3.799999941,0.6000000155,0.6000000154,0.6000000174,8.400000263,8.600000262,8.600000297
52.75,60.14906135,63.18143627,63.18143636,60.14906135,63.18143627,63.18143636,1.171172648e-06,1.171147153e-06,4.399999948,4.599999948,3.799999941,0.6000000153,0.6000000152,0.6000000172,8.400000259,8.600000258,8.600000293
52.8,60.14906134,63.18143626,63.18143635,60.14906134,63.18143626,63.18143635,1.154841846e-06,1.154812588e-06,4.399999949,4.599999949,3.799999942,0.6000000151,0.600000015,0.600000017,8.400000255,8.600000255,8.600000289
52.85,60.14906133,63.18143625,63.18143634,60.14906133,63.18143625,63.18143634,1.138739515e-06,1.138705852e-06,4.39999995,4.59999995,3.799999943,0.6000000149,0.6000000147,0.6000000167,8.400000252,8.600000251,8.600000285
52.9,60.14906133,63.18143624,63.18143633,60.14906133,63.18143624,63.18143633,1.122862495e-06,1.122823764e-06,4.39999995,4.599999951,3.799999944,0.6000000147,0.6000000145,0.6000000165,8.400000248,8.600000247,8.600000281
52.95,60.14906132,63.18143624,63.18143632,60.14906132,63.18143624,63.18143632,1.107207641e-06,1.107163185e-06,4.399999951,4.599999951,3.799999945,0.6000000145,0.6000000143,0.6000000163,8.400000245,8.600000244,8.600000277
53,60.14906131,63.18143623,63.18143631,60.14906131,63.18143623,63.18143631,1.091771879e-06,1.091721037e-06,4.399999952,4.599999952,3.799999945,0.6000000143,0.6000000141,0.600000016,8.400000241,8.600000241,8.600000273
53.05,60.1490613,63.18143622,63.1814363,60.1490613,63.18143622,63.1814363,1.076552148e-06,1.076494267e-06,4.399999952,4.599999953,3.799999946,0.6000000141,0.6000000139,0.6000000158,8.400000238,8.600000237,8.600000269
53.1,60.14906129,63.18143621,63.18143629,60.14906129,63.18143621,63.18143629,1.061545423e-06,1.061479874e-06,4.399999953,4.599999953,3.799999947,0.6000000139,0.6000000137,0.6000000156,8.400000235,8.600000234,8.600000265
53.15,60.14906128,63.1814362,63.18143628,60.14906128,63.1814362,63.18143628,1.046748741e-06,1.046674891e-06,4.399999954,4.599999954,3.799999948,0.6000000137,0.6000000136,0.6000000154,8.400000232,8.600000231,8.600000262
53.2,60.14906128,63.18143619,63.18143627,60.14906128,63.18143619,63.18143627,1.032159151e-06,1.032076404e-06,4.399999954,4.599999954,3.799999948,0.6000000135,0.6000000134,0.6000000152,8.400000228,8.600000228,8.600000258
53.25,60.14906127,63.18143619,63.18143626,60.14906127,63.18143619,63.18143626,1.017773757e-06,1.017681525e-06,4.399999955,4.599999955,3.799999949,0.6000000133,0.6000000132,0.6000000149,8.400000225,8.600000224,8.600000254
53.3,60.14906126,63.18143618,63.18143625,60.14906126,63.18143618,63.18143625,1.00358968e-06,1.003487422e-06,4.399999956,4.599999956,3.79999995,0.6000000131,0.600000013,0.6000000147,8.400000222,8.600000221,8.600000251
53.35,60.14906125,63.18143617,63.18143624,60.14906125,63.18143617,63.18143624,9.896040993e-07,9.894912873e-07,4.399999956,4.599999956,3.799999951,0.6000000129,0.6000000128,0.6000000145,8.400000219,8.600000218,8.600000247
53.4,60.14906124,63.18143616,63.18143624,60.14906124,63.18143616,63.18143624,9.758142061e-07,9.756903687e-07,4.399999957,4.599999957,3.799999951,0.6000000128,0.6000000126,0.6000000143,8.400000216,8.600000215,8.600000244
53.45,60.14906124,63.18143616,63.18143623,60.14906124,63.18143616,63.18143623,9.622172392e-07,9.620819324e-07,4.399999957,4.599999958,3.799999952,0.6000000126,0.6000000125,0.6000000141,8.400000213,8.600000212,8.600000241
53.5,60.14906123,63.18143615,63.18143622,60.14906123,63.18143615,63.18143622,9.488104618e-07,9.486633078e-07,4.399999958,4.599999958,3.799999953,0.6000000124,0.6000000123,0.6000000139,8.40000021,8.600000209,8.600000237
53.55,60.14906122,63.18143614,63.18143621,60.14906122,63.18143614,63.18143621,9.355911905e-07,9.354318354e-07,4.399999959,4.599999959,3.799999953,0.6000000122,0.6000000121,0.6000000137,8.400000207,8.600000206,8.600000234
53.6,60.14906121,63.18143613,63.1814362,60.14906121,63.18143613,63.1814362,9.225567535e-07,9.223849018e-07,4.399999959,4.599999959,3.799999954,0.6000000121,0.6000000119,0.6000000135,8.400000204,8.600000203,8.600000231
53.65,60.14906121,63.18143613,63.18143619,60.14906121,63.18143613,63.18143619,9.097045335e-07,9.095199503e-07,4.39999996,4.59999996,3.799999955,0.6000000119,0.6000000118,0.6000000134,8.400000201,8.600000201,8.600000227
53.7,60.1490612,63.18143612,63.18143619,60.1490612,63.18143612,63.18143619,8.970319246e-07,8.968344257e-07,4.39999996,4.59999996,3.799999955,0.6000000117,0.6000000116,0.6000000132,8.400000198,8.600000198,8.600000224
53.75,60.14906119,63.18143611,63.18143618,60.14906119,63.18143611,63.18143618,8.845363583e-07,8.84325837e-07,4.399999961,4.599999961,3.799999956,0.6000000116,0.6000000115,0.600000013,8.400000196,8.600000195,8.600000221
53.8,60.14906119,63.18143611,63.18143617,60.14906119,63.18143611,63.18143617,8.722153157e-07,8.71991714e-07,4.399999961,4.599999962,3.799999956,0.6000000114,0.6000000113,0.6000000128,8.400000193,8.600000192,8.600000218
53.85,60.14906118,63.1814361,63.18143616,60.14906118,63.1814361,63.18143616,8.60066298e-07,8.59829612e-07,4.399999962,4.599999962,3.799999957,0.6000000113,0.6000000111,0.6000000126,8.40000019,8.60000019,8.600000215
53.9,60.14906117,63.18143609,63.18143616,60.14906117,63.18143609,63.18143616,8.480868354e-07,8.478371472e-07,4.399999962,4.599999963,3.799999958,0.6000000111,0.600000011,0.6000000125,8.400000188,8.600000187,8.600000212
53.95,60.14906117,63.18143609,63.18143615,60.14906117,63.18143609,63.18143615,8.362744946e-07,8.360119442e-07,4.399999963,4.599999963,3.799999958,0.6000000109,0.6000000108,0.6000000123,8.400000185,8.600000184,8.600000209
54,60.14906116,63.18143608,63.18143614,60.14906116,63.18143608,63.18143614,8.246268682e-07,8.243516767e-07,4.399999964,4.599999964,3.799999959,0.6000000108,0.6000000107,0.6000000121,8.400000182,8.600000182,8.600000206
54.05,60.14906115,63.18143607,63.18143613,60.14906115,63.18143607,63.18143613,8.131415965e-07,8.128540359e-07,4.399999964,4.599999964,3.799999959,0.6000000106,0.6000000105,0.6000000119,8.40000018,8.600000179,8.600000203
54.1,60.14906115,63.18143607,63.18143613,60.14906115,63.18143607,63.18143613,8.018163332e-07,8.015167646e-07,4.399999965,4.599999965,3.79999996,0.6000000105,0.6000000104,0.6000000118,8.400000177,8.600000177,8.6000002
54.15,60.14906114,63.18143606,63.18143612,60.14906114,63.18143606,63.18143612,7.906487686e-07,7.903376197e-07,4.399999965,4.599999965,3.79999996,0.6000000103,0.6000000102,0.6000000116,8.400000175,8.600000174,8.600000198
54.2,60.14906114,63.18143606,63.18143611,60.14906114,63.18143605,63.18143611,7.796366342e-07,7.79314386e-07,4.399999966,4.599999966,3.799999961,0.6000000102,0.6000000101,0.6000000114,8.400000172,8.600000172,8.600000195
54.25,60.14906113,63.18143605,63.18143611,60.14906113,63.18143605,63.18143611,7.687776822e-07,7.684449098e-07,4.399999966,4.599999966,3.799999962,0.6000000101,0.60000001,0.6000000113,8.40000017,8.600000169,8.600000192
54.3,60.14906112,63.18143604,63.1814361,60.14906112,63.18143604,63.1814361,7.580696891e-07,7.577270295e-07,4.399999966,4.599999967,3.799999962,0.6000000099,0.6000000098,0.6000000111,8.400000168,8.600000167,8.60000019
54.35,60.14906112,63.18143604,63.18143609,60.14906112,63.18143604,63.18143609,7.475104894e-07,7.471586366e-07,4.399999967,4.599999967,3.799999963,0.6000000098,0.6000000097,0.600000011,8.400000165,8.600000165,8.600000187
54.4,60.14906111,63.18143603,63.18143609,60.14906111,63.18143603,63.18143609,7.37097921e-07,7.367376482e-07,4.399999967,4.599999968,3.799999963,0.6000000096,0.6000000095,0.6000000108,8.400000163,8.600000162,8.600000184
54.45,60.14906111,63.18143603,63.18143608,60.14906111,63.18143603,63.18143608,7.268298637e-07,7.264620092e-07,4.399999968,4.599999968,3.799999964,0.6000000095,0.6000000094,0.6000000107,8.400000161,8.60000016,8.600000182
54.5,60.1490611,63.18143602,63.18143607,60.1490611,63.18143602,63.18143607,7.167042294e-07,7.163296849e-07,4.399999968,4.599999968,3.799999964,0.6000000094,0.6000000093,0.6000000105,8.400000159,8.600000158,8.600000179
54.55,60.1490611,63.18143601,63.18143607,60.1490611,63.18143601,63.18143607,7.0671896e-07,7.063386788e-07,4.399999969,4.599999969,3.799999965,0.6000000092,0.6000000092,0.6000000104,8.400000156,8.600000156,8.600000177
54.6,60.14906109,63.18143601,63.18143606,60.14906109,63.18143601,63.18143606,6.968720205e-07,6.964870299e-07,4.399999969,4.599999969,3.799999965,0.6000000091,0.600000009,0.6000000102,8.400000154,8.600000154,8.600000174
54.65,60.14906108,63.181436,63.18143605,60.14906108,63.181436,63.18143605,6.871614179e-07,6.867727781e-07,4.39999997,4.59999997,3.799999966,0.600000009,0.6000000089,0.6000000101,8.400000152,8.600000151,8.600000172
54.7,60.14906108,63.181436,63.18143605,60.14906108,63.181436,63.18143605,6.775851794e-07,6.771940208e-07,4.39999997,4.59999997,3.799999966,0.6000000089,0.6000000088,0.60000001,8.40000015,8.600000149,8.600000169
54.75,60.14906107,63.18143599,63.18143604,60.14906107,63.18143599,63.18143604,6.681413661e-07,6.677488677e-07,4.39999997,4.599999971,3.799999967,0.6000000087,0.6000000087,0.6000000098,8.400000148,8.600000147,8.600000167
54.8,60.14906107,63.18143599,63.18143604,60.14906107,63.18143599,63.18143604,6.588280866e-07,6.584354481e-07,4.399999971,4.599999971,3.799999967,0.6000000086,0.6000000085,0.6000000097,8.400000146,8.600000145,8.600000165
54.85,60.14906106,63.18143598,63.18143603,60.14906106,63.18143598,63.18143603,6.496434467e-07,6.49251922e-07,4.399999971,4.599999971,3.799999968,0.6000000085,0.6000000084,0.6000000095,8.400000144,8.600000143,8.600000162
54.9,60.14906106,63.18143598,63.18143603,60.14906106,63.18143598,63.18143603,6.405856054e-07,6.40196489e-07,4.399999972,4.599999972,3.799999968,0.6000000084,0.6000000083,0.6000000094,8.400000142,8.600000141,8.60000016
54.95,60.14906105,63.18143597,63.18143602,60.14906105,63.18143597,63.18143602,6.31652742e-07,6.312673526e-07,4.399999972,4.599999972,3.799999968,0.6000000083,0.6000000082,0.6000000093,8.40000014,8.600000139,8.600000158
55,60.14906105,63.18143597,63.18143601,60.14906105,63.18143597,63.18143601,6.228430731e-07,6.224627588e-07,4.399999972,4.599999973,3.799999969,0.6000000081,0.6000000081,0.6000000091,8.400000138,8.600000137,8.600000156
55.05,60.14906104,63.18143596,63.18143601,60.14906104,63.18143596,63.18143601,6.141548477e-07,6.137809606e-07,4.399999973,4.599999973,3.799999969,0.600000008,0.600000008,0.600000009,8.400000136,8.600000135,8.600000154
55.1,60.14906104,63.18143596,63.181436,60.14906104,63.18143596,63.181436,6.055863276e-07,6.052202567e-07,4.399999973,4.599999973,3.79999997,0.6000000079,0.6000000078,0.6000000089,8.400000134,8.600000133,8.600000151
55.15,60.14906103,63.18143595,63.181436,60.14906103,63.18143595,63.181436,5.97135824e-07,5.967789542e-07,4.399999974,4.599999974,3.79999997,0.6000000078,0.6000000077,0.6000000088,8.400000132,8.600000132,8.600000149
55.2,60.14906103,63.18143595,63.18143599,60.14906103,63.18143595,63.18143599,5.888016638e-07,5.88455388e-07,4.399999974,4.599999974,3.799999971,0.6000000077,0.6000000076,0.6000000086,8.40000013,8.60000013,8.600000147
55.25,60.14906103,63.18143595,63.18143599,60.14906103,63.18143595,63.18143599,5.805822034e-07,5.802479066e-07,4.399999974,4.599999974,3.799999971,0.6000000076,0.6000000075,0.6000000085,8.400000128,8.600000128,8.600000145
55.3,60.14906102,63.18143594,63.18143598,60.14906102,63.18143594,63.18143598,5.724758446e-07,5.721549029e-07,4.399999975,4.599999975,3.799999971,0.6000000075,0.6000000074,0.6000000084,8.400000127,8.600000126,8.600000143
55.35,60.14906102,63.18143594,63.18143598,60.14906102,63.18143594,63.18143598,5.644809957e-07,5.641747786e-07,4.399999975,4.599999975,3.799999972,0.6000000074,0.6000000073,0.6000000083,8.400000125,8.600000124,8.600000141
55.4,60.14906101,63.18143593,63.18143597,60.14906101,63.18143593,63.18143597,5.565961088e-07,5.563059593e-07,4.399999975,4.599999975,3.799999972,0.6000000073,0.6000000072,0.6000000082,8.400000123,8.600000123,8.600000139
55.45,60.14906101,63.18143593,63.18143597,60.14906101,63.18143593,63.18143597,5.488196624e-07,5.485468835e-07,4.399999976,4.599999976,3.799999973,0.6000000072,0.6000000071,0.6000000081,8.400000121,8.600000121,8.600000137
55.5,60.149061,63.18143592,63.18143596,60.149061,63.18143592,63.18143596,5.411501611e-07,5.408960346e-07,4.399999976,4.599999976,3.799999973,0.6000000071,0.600000007,0.6000000079,8.40000012,8.600000119,8.600000135
55.55,60.149061,63.18143592,63.18143596,60.149061,63.18143592,63.18143596,5.335861333e-07,5.33351884e-07,4.399999976,4.599999976,3.799999973,0.600000007,0.6000000069,0.6000000078,8.400000118,8.600000118,8.600000133
55.6,60.149061,63.18143592,63.18143595,60.149061,63.18143592,63.18143595,5.261261369e-07,5.259129689e-07,4.399999977,4.599999977,3.799999974,0.6000000069,0.6000000068,0.6000000077,8.400000116,8.600000116,8.600000132
55.65,60.14906099,63.18143591,63.18143595,60.14906099,63.18143591,63.18143595,5.187687702e-07,5.185778012e-07,4.399999977,4.599999977,3.799999974,0.6000000068,0.6000000067,0.6000000076,8.400000115,8.600000114,8.60000013
55.7,60.14906099,63.18143591,63.18143595,60.14906099,63.18143591,63.18143595,5.115126443e-07,5.113449383e-07,4.399999977,4.599999977,3.799999974,0.6000000067,0.6000000066,0.6000000075,8.400000113,8.600000113,8.600000128
55.75,60.14906098,63.1814359,63.18143594,60.14906098,63.1814359,63.18143594,5.043563947e-07,5.042129632e-07,4.399999978,4.599999978,3.799999975,0.6000000066,0.6000000065,0.6000000074,8.400000112,8.600000111,8.600000126
55.8,60.14906098,63.1814359,63.18143594,60.14906098,63.1814359,63.18143594,4.972986939e-07,4.97180453e-07,4.399999978,4.599999978,3.799999975,0.6000000065,0.6000000064,0.6000000073,8.40000011,8.60000011,8.600000124
55.85,60.14906098,63.1814359,63.18143593,60.14906098,63.1814359,63.18143593,4.90338235e-07,4.902460315e-07,4.399999978,4.599999978,3.799999975,0.6000000064,0.6000000063,0.6000000072,8.400000108,8.600000108,8.600000123
55.9,60.14906097,63.18143589,63.18143593,60.14906097,63.18143589,63.18143593,4.834737445e-07,4.8340833e-07,4.399999979,4.599999979,3.799999976,0.6000000063,0.6000000063,0.6000000071,8.400000107,8.600000107,8.600000121
55.95,60.14906097,63.18143589,63.18143592,60.14906097,63.18143589,63.18143592,4.767039604e-07,4.766659968e-07,4.399999979,4.599999979,3.799999976,0.6000000062,0.6000000062,0.600000007,8.400000105,8.600000105,8.600000119
56,60.14906096,63.18143588,63.18143592,60.14906096,63.18143588,63.18143592,4.700276538e-07,4.70017704e-07,4.399999979,4.599999979,3.799999976,0.6000000061,0.6000000061,0.6000000069,8.400000104,8.600000104,8.600000118
56.05,60.14906096,63.18143588,63.18143592,60.14906096,63.18143588,63.18143592,4.634436205e-07,4.634621366e-07,4.399999979,4.59999998,3.799999977,0.6000000061,0.600000006,0.6000000068,8.400000103,8.600000102,8.600000116
56.1,60.14906096,63.18143588,63.18143591,60.14906096,63.18143588,63.18143591,4.569506816e-07,4.569980002e-07,4.39999998,4.59999998,3.799999977,0.600000006,0.6000000059,0.6000000067,8.400000101,8.600000101,8.600000114
56.15,60.14906095,63.18143587,63.18143591,60.14906095,63.18143587,63.18143591,4.505476652e-07,4.506240213e-07,4.39999998,4.59999998,3.799999977,0.6000000059,0.6000000058,0.6000000066,8.4000001,8.600000099,8.600000113
56.2,60.14906095,63.18143587,63.1814359,60.14906095,63.18143587,63.1814359,4.442334498e-07,4.443389495e-07,4.39999998,4.59999998,3.799999978,0.6000000058,0.6000000058,0.6000000065,8.400000098,8.600000098,8.600000111
56.25,60.14906095,63.18143587,63.1814359,60.14906095,63.18143587,63.1814359,4.380069216e-07,4.381415364e-07,4.399999981,4.599999981,3.799999978,0.6000000057,0.6000000057,0.6000000064,8.400000097,8.600000097,8.600000109
56.3,60.14906094,63.18143586,63.1814359,60.14906094,63.18143586,63.1814359,4.318669748e-07,4.320305651e-07,4.399999981,4.599999981,3.799999978,0.6000000057,0.6000000056,0.6000000063,8.400000096,8.600000095,8.600000108
56.35,60.14906094,63.18143586,63.18143589,60.14906094,63.18143586,63.18143589,4.258125413e-07,4.260048191e-07,4.399999981,4.599999981,3.799999979,0.6000000056,0.6000000055,0.6000000063,8.400000094,8.600000094,8.600000106
56.4,60.14906094,63.18143586,63.18143589,60.14906094,63.18143586,63.18143589,4.198425767e-07,4.200631193e-07,4.399999981,4.599999981,3.799999979,0.6000000055,0.6000000054,0.6000000062,8.400000093,8.600000093,8.600000105
56.45,60.14906093,63.18143585,63.18143588,60.14906093,63.18143585,63.18143588,4.139560297e-07,4.142042902e-07,4.399999982,4.599999982,3.799999979,0.6000000054,0.6000000054,0.6000000061,8.400000092,8.600000091,8.600000103
56.5,60.14906093,63.18143585,63.18143588,60.14906093,63.18143585,63.18143588,4.081519011e-07,4.08427181e-07,4.399999982,4.599999982,3.79999998,0.6000000053,0.6000000053,0.600000006,8.40000009,8.60000009,8.600000102
56.55,60.14906093,63.18143585,63.18143588,60.14906093,63.18143585,63.18143588,4.024291922e-07,4.027306451e-07,4.399999982,4.599999982,3.79999998,0.6000000053,0.6000000052,0.6000000059,8.400000089,8.600000089,8.600000101
56.6,60.14906092,63.18143584,63.18143587,60.14906092,63.18143584,63.18143587,3.967869091e-07,3.971135648e-07,4.399999982,4.599999983,3.79999998,0.6000000052,0.6000000051,0.6000000058,8.400000088,8.600000087,8.600000099
56.65,60.14906092,63.18143584,63.18143587,60.14906092,63.18143584,63.18143587,3.912240979e-07,3.915748305e-07,4.399999983,4.599999983,3.79999998,0.6000000051,0.6000000051,0.6000000057,8.400000087,8.600000086,8.600000098
56.7,60.14906092,63.18143584,63.18143587,60.14906092,63.18143584,63.18143587,3.857397966e-07,3.861133405e-07,4.399999983,4.599999983,3.799999981,0.600000005,0.600000005,0.6000000057,8.400000085,8.600000085,8.600000096
56.75,60.14906092,63.18143584,63.18143586,60.14906092,63.18143584,63.18143586,3.803330647e-07,3.807280309e-07,4.399999983,4.599999983,3.799999981,0.600000005,0.6000000049,0.6000000056,8.400000084,8.600000084,8.600000095
56.8,60.14906091,63.18143583,63.18143586,60.14906091,63.18143583,63.18143586,3.750029937e-07,3.754178248e-07,4.399999983,4.599999983,3.799999981,0.6000000049,0.6000000049,0.6000000055,8.400000083,8.600000083,8.600000094
56.85,60.14906091,63.18143583,63.18143586,60.14906091,63.18143583,63.18143586,3.697486587e-07,3.701816904e-07,4.399999984,4.599999984,3.799999982,0.6000000048,0.6000000048,0.6000000054,8.400000082,8.600000081,8.600000092
56.9,60.14906091,63.18143583,63.18143585,60.14906091,63.18143583,63.18143585,3.64569148e-07,3.650185845e-07,4.399999984,4.599999984,3.799999982,0.6000000048,0.6000000047,0.6000000054,8.400000081,8.60000008,8.600000091
56.95,60.1490609,63.18143582,63.18143585,60.1490609,63.18143582,63.18143585,3.594635768e-07,3.59927491e-07,4.399999984,4.599999984,3.799999982,0.6000000047,0.6000000047,0.6000000053,8.40000008,8.600000079,8.60000009
57,60.1490609,63.18143582,63.18143585,60.1490609,63.18143582,63.18143585,3.544310508e-07,3.549074038e-07,4.399999984,4.599999984,3.799999982,0.6000000046,0.6000000046,0.6000000052,8.400000078,8.600000078,8.600000089
57.05,60.1490609,63.18143582,63.18143584,60.1490609,63.18143582,63.18143584,3.494706939e-07,3.499573366e-07,4.399999985,4.599999985,3.799999983,0.6000000046,0.6000000045,0.6000000051,8.400000077,8.600000077,8.600000087
57.1,60.1490609,63.18143582,63.18143584,60.1490609,63.18143582,63.18143584,3.445816219e-07,3.450763112e-07,4.399999985,4.599999985,3.799999983,0.6000000045,0.6000000045,0.6000000051,8.400000076,8.600000076,8.600000086
57.15,60.14906089,63.18143581,63.18143584,60.14906089,63.18143581,63.18143584,3.397629729e-07,3.402633619e-07,4.399999985,4.599999985,3.799999983,0.6000000044,0.6000000044,0.600000005,8.400000075,8.600000075,8.600000085
57.2,60.14906089,63.18143581,63.18143583,60.14906089,63.18143581,63.18143584,3.350138666e-07,3.35517543e-07,4.399999985,4.599999985,3.799999983,0.6000000044,0.6000000043,0.6000000049,8.400000074,8.600000074,8.600000084
57.25,60.14906089,63.18143581,63.18143583,60.14906089,63.18143581,63.18143583,3.303334319e-07,3.308379099e-07,4.399999985,4.599999985,3.799999983,0.6000000043,0.6000000043,0.6000000049,8.400000073,8.600000073,8.600000083
57.3,60.14906088,63.18143581,63.18143583,60.14906089,63.18143581,63.18143583,3.25720798e-07,3.262235543e-07,4.399999986,4.599999986,3.799999984,0.6000000043,0.6000000042,0.6000000048,8.400000072,8.600000072,8.600000081
57.35,60.14906088,63.1814358,63.18143583,60.14906088,63.1814358,63.18143583,3.211750974e-07,3.216735551e-07,4.399999986,4.599999986,3.799999984,0.6000000042,0.6000000042,0.6000000047,8.400000071,8.600000071,8.60000008
57.4,60.14906088,63.1814358,63.18143582,60.14906088,63.1814358,63.18143582,3.166954464e-07,3.171870129e-07,4.399999986,4.599999986,3.799999984,0.6000000041,0.6000000041,0.6000000047,8.40000007,8.60000007,8.600000079
57.45,60.14906088,63.1814358,63.18143582,60.14906088,63.1814358,63.18143582,3.122809617e-07,3.127630479e-07,4.399999986,4.599999986,3.799999984,0.6000000041,0.600000004,0.6000000046,8.400000069,8.600000069,8.600000078
57.5,60.14906087,63.1814358,63.18143582,60.14906088,63.1814358,63.18143582,3.079307435e-07,3.084007931e-07,4.399999986,4.599999986,3.799999985,0.600000004,0.600000004,0.6000000045,8.400000068,8.600000068,8.600000077
57.55,60.14906087,63.18143579,63.18143582,60.14906087,63.18143579,63.18143582,3.036438913e-07,3.040993731e-07,4.399999987,4.599999987,3.799999985,0.600000004,0.6000000039,0.6000000045,8.400000067,8.600000067,8.600000076
57.6,60.14906087,63.18143579,63.18143581,60.14906087,63.18143579,63.18143581,2.994195012e-07,2.998579496e-07,4.399999987,4.599999987,3.799999985,0.6000000039,0.6000000039,0.6000000044,8.400000066,8.600000066,8.600000075
57.65,60.14906087,63.18143579,63.18143581,60.14906087,63.18143579,63.18143581,2.952566237e-07,2.956756839e-07,4.399999987,4.599999987,3.799999985,0.6000000039,0.6000000038,0.6000000043,8.400000065,8.600000065,8.600000074
57.7,60.14906087,63.18143579,63.18143581,60.14906087,63.18143579,63.18143581,2.911543303e-07,2.915517464e-07,4.399999987,4.599999987,3.799999985,0.6000000038,0.6000000038,0.6000000043,8.400000064,8.600000064,8.600000073
57.75,60.14906086,63.18143578,63.1814358,60.14906086,63.18143578,63.18143581,2.871116514e-07,2.874853355e-07,4.399999987,4.599999987,3.799999986,0.6000000038,0.6000000037,0.6000000042,8.400000064,8.600000063,8.600000072
57.8,60.14906086,63.18143578,63.1814358,60.14906086,63.18143578,63.1814358,2.831276039e-07,2.834756334e-07,4.399999987,4.599999988,3.799999986,0.6000000037,0.6000000037,0.6000000042,8.400000063,8.600000062,8.600000071
57.85,60.14906086,63.18143578,63.1814358,60.14906086,63.18143578,63.1814358,2.792011818e-07,2.795218591e-07,4.399999988,4.599999988,3.799999986,0.6000000037,0.6000000036,0.6000000041,8.400000062,8.600000062,8.60000007
57.9,60.14906086,63.18143578,63.1814358,60.14906086,63.18143578,63.1814358,2.753313574e-07,2.756232321e-07,4.399999988,4.599999988,3.799999986,0.6000000036,0.6000000036,0.600000004,8.400000061,8.600000061,8.600000069
57.95,60.14906085,63.18143578,63.1814358,60.14906085,63.18143578,63.1814358,2.715170665e-07,2.717789791e-07,4.399999988,4.599999988,3.799999986,0.6000000036,0.6000000035,0.600000004,8.40000006,8.60000006,8.600000068
58,60.14906085,63.18143577,63.18143579,60.14906085,63.18143577,63.18143579,2.677572239e-07,2.679883449e-07,4.399999988,4.599999988,3.799999987,0.6000000035,0.6000000035,0.6000000039,8.400000059,8.600000059,8.600000067
58.05,60.14906085,63.18143577,63.18143579,60.14906085,63.18143577,63.18143579,2.640507037e-07,2.642505809e-07,4.399999988,4.599999988,3.799999987,0.6000000035,0.6000000034,0.6000000039,8.400000058,8.600000058,8.600000066
58.1,60.14906085,63.18143577,63.18143579,60.14906085,63.18143577,63.18143579,2.603963508e-07,2.605649474e-07,4.399999988,4.599999989,3.799999987,0.6000000034,0.6000000034,0.6000000038,8.400000058,8.600000057,8.600000065
58.15,60.14906085,63.18143577,63.18143579,60.14906085,63.18143577,63.18143579,2.567929783e-07,2.569307213e-07,4.399999989,4.599999989,3.799999987,0.6000000034,0.6000000033,0.6000000038,8.400000057,8.600000057,8.600000064
58.2,60.14906084,63.18143577,63.18143578,60.14906084,63.18143577,63.18143578,2.532393402e-07,2.533471753e-07,4.399999989,4.599999989,3.799999987,0.6000000033,0.6000000033,0.6000000037,8.400000056,8.600000056,8.600000063
58.25,60.14906084,63.18143576,63.18143578,60.14906084,63.18143576,63.18143578,2.497341631e-07,2.498136228e-07,4.399999989,4.599999989,3.799999988,0.6000000033,0.6000000032,0.6000000037,8.400000055,8.600000055,8.600000062
58.3,60.14906084,63.18143576,63.18143578,60.14906084,63.18143576,63.18143578,2.462761234e-07,2.463293446e-07,4.399999989,4.599999989,3.799999988,0.6000000032,0.6000000032,0.6000000036,8.400000054,8.600000054,8.600000062
58.35,60.14906084,63.18143576,63.18143578,60.14906084,63.18143576,63.18143578,2.42863845e-07,2.42893671e-07,4.399999989,4.599999989,3.799999988,0.6000000032,0.6000000031,0.6000000036,8.400000054,8.600000054,8.600000061
58.4,60.14906084,63.18143576,63.18143578,60.14906084,63.18143576,63.18143578,2.39495901e-07,2.395059117e-07,4.399999989,4.599999989,3.799999988,0.6000000031,0.6000000031,0.6000000035,8.400000053,8.600000053,8.60000006
58.45,60.14906084,63.18143576,63.18143577,60.14906084,63.18143576,63.18143577,2.361708086e-07,2.361654049e-07,4.39999999,4.59999999,3.799999988,0.6000000031,0.6000000031,0.6000000035,8.400000052,8.600000052,8.600000059
58.5,60.14906083,63.18143575,63.18143577,60.14906083,63.18143575,63.18143577,2.32887022e-07,2.328714933e-07,4.39999999,4.59999999,3.799999988,0.600000003,0.600000003,0.6000000034,8.400000052,8.600000051,8.600000058
58.55,60.14906083,63.18143575,63.18143577,60.14906083,63.18143575,63.18143577,2.296429391e-07,2.296235188e-07,4.39999999,4.59999999,3.799999989,0.600000003,0.600000003,0.6000000034,8.400000051,8.600000051,8.600000057
58.6,60.14906083,63.18143575,63.18143577,60.14906083,63.18143575,63.18143577,2.264400308e-07,2.264208484e-07,4.39999999,4.59999999,3.799999989,0.600000003,0.6000000029,0.6000000033,8.40000005,8.60000005,8.600000057
58.65,60.14906083,63.18143575,63.18143577,60.14906083,63.18143575,63.18143577,2.232817611e-07,2.232628422e-07,4.39999999,4.59999999,3.799999989,0.6000000029,0.6000000029,0.6000000033,8.400000049,8.600000049,8.600000056
58.7,60.14906083,63.18143575,63.18143576,60.14906083,63.18143575,63.18143576,2.201675388e-07,2.201488868e-07,4.39999999,4.59999999,3.799999989,0.6000000029,0.6000000029,0.6000000032,8.400000049,8.600000049,8.600000055
58.75,60.14906082,63.18143575,63.18143576,60.14906082,63.18143575,63.18143576,2.170967509e-07,2.170783618e-07,4.39999999,4.59999999,3.799999989,0.6000000028,0.6000000028,0.6000000032,8.400000048,8.600000048,8.600000054
58.8,60.14906082,63.18143574,63.18143576,60.14906082,63.18143574,63.18143576,2.140687978e-07,2.140506634e-07,4.399999991,4.599999991,3.799999989,0.6000000028,0.6000000028,0.6000000031,8.400000047,8.600000047,8.600000054
58.85,60.14906082,63.18143574,63.18143576,60.14906082,63.18143574,63.18143576,2.11083075e-07,2.110651957e-07,4.399999991,4.599999991,3.799999989,0.6000000028,0.6000000027,0.6000000031,8.400000047,8.600000047,8.600000053
58.9,60.14906082,63.18143574,63.18143576,60.14906082,63.18143574,63.18143576,2.081389952e-07,2.081213626e-07,4.399999991,4.599999991,3.79999999,0.6000000027,0.6000000027,0.6000000031,8.400000046,8.600000046,8.600000052
58.95,60.14906082,63.18143574,63.18143575,60.14906082,63.18143574,63.18143575,2.052359788e-07,2.052185925e-07,4.399999991,4.599999991,3.79999999,0.6000000027,0.6000000027,0.600000003,8.400000045,8.600000045,8.600000051
59,60.14906082,63.18143574,63.18143575,60.14906082,63.18143574,63.18143575,2.023734464e-07,2.023563068e-07,4.399999991,4.599999991,3.79999999,0.6000000026,0.6000000026,0.600000003,8.400000045,8.600000045,8.600000051
59.05,60.14906082,63.18143574,63.18143575,60.14906082,63.18143574,63.18143575,1.99550847e-07,1.995339458e-07,4.399999991,4.599999991,3.79999999,0.6000000026,0.6000000026,0.6000000029,8.400000044,8.600000044,8.60000005
59.1,60.14906081,63.18143573,63.18143575,60.14906081,63.18143573,63.18143575,1.96767614e-07,1.967509468e-07,4.399999991,4.599999991,3.79999999,0.6000000026,0.6000000025,0.6000000029,8.400000044,8.600000043,8.600000049
59.15,60.14906081,63.18143573,63.18143575,60.14906081,63.18143573,63.18143575,1.940231963e-07,1.940067636e-07,4.399999991,4.599999991,3.79999999,0.6000000025,0.6000000025,0.6000000028,8.400000043,8.600000043,8.600000049
59.2,60.14906081,63.18143573,63.18143575,60.14906081,63.18143573,63.18143575,1.913170637e-07,1.913008571e-07,4.399999992,4.599999992,3.79999999,0.6000000025,0.6000000025,0.6000000028,8.400000042,8.600000042,8.600000048
59.25,60.14906081,63.18143573,63.18143574,60.14906081,63.18143573,63.18143574,1.886486701e-07,1.886326896e-07,4.399999992,4.599999992,3.799999991,0.6000000025,0.6000000024,0.6000000028,8.400000042,8.600000042,8.600000047
59.3,60.14906081,63.18143573,63.18143574,60.14906081,63.18143573,63.18143574,1.860174935e-07,1.860017346e-07,4.399999992,4.599999992,3.799999991,0.6000000024,0.6000000024,0.6000000027,8.400000041,8.600000041,8.600000047
59.35,60.14906081,63.18143573,63.18143574,60.14906081,63.18143573,63.18143574,1.834230154e-07,1.834074787e-07,4.399999992,4.599999992,3.799999991,0.6000000024,0.6000000024,0.6000000027,8.400000041,8.60000004,8.600000046
59.4,60.1490608,63.18143573,63.18143574,60.1490608,63.18143573,63.18143574,1.808647266e-07,1.808494037e-07,4.399999992,4.599999992,3.799999991,0.6000000024,0.6000000023,0.6000000027,8.40000004,8.60000004,8.600000045
59.45,60.1490608,63.18143572,63.18143574,60.1490608,63.18143572,63.18143574,1.783421174e-07,1.783270089e-07,4.399999992,4.599999992,3.799999991,0.6000000023,0.6000000023,0.6000000026,8.400000039,8.600000039,8.600000045
59.5,60.1490608,63.18143572,63.18143574,60.1490608,63.18143572,63.18143574,1.758546914e-07,1.758397962e-07,4.399999992,4.599999992,3.799999991,0.6000000023,0.6000000023,0.6000000026,8.400000039,8.600000039,8.600000044
59.55,60.1490608,63.18143572,63.18143573,60.1490608,63.18143572,63.18143573,1.734019581e-07,1.733872689e-07,4.399999992,4.599999992,3.799999991,0.6000000023,0.6000000022,0.6000000025,8.400000038,8.600000038,8.600000043
59.6,60.1490608,63.18143572,63.18143573,60.1490608,63.18143572,63.18143573,1.709834379e-07,1.709689586e-07,4.399999992,4.599999992,3.799999991,0.6000000022,0.6000000022,0.6000000025,8.400000038,8.600000038,8.600000043
59.65,60.1490608,63.18143572,63.18143573,60.1490608,63.18143572,63.18143573,1.685986494e-07,1.685843634e-07,4.399999993,4.599999993,3.799999992,0.6000000022,0.6000000022,0.6000000025,8.400000037,8.600000037,8.600000042
59.7,60.1490608,63.18143572,63.18143573,60.1490608,63.18143572,63.18143573,1.662471166e-07,1.66233036e-07,4.399999993,4.599999993,3.799999992,0.6000000022,0.6000000022,0.6000000024,8.400000037,8.600000037,8.600000042
59.75,60.1490608,63.18143572,63.18143573,60.1490608,63.18143572,63.18143573,1.639283862e-07,1.639145031e-07,4.399999993,4.599999993,3.799999992,0.6000000021,0.6000000021,0.6000000024,8.400000036,8.600000036,8.600000041
59.8,60.14906079,63.18143571,63.18143573,60.14906079,63.18143571,63.18143573,1.616419991e-07,1.616283087e-07,4.399999993,4.599999993,3.799999992,0.6000000021,0.6000000021,0.6000000024,8.400000036,8.600000036,8.60000004
59.85,60.14906079,63.18143571,63.18143573,60.14906079,63.18143571,63.18143573,1.593874983e-07,1.593739972e-07,4.399999993,4.599999993,3.799999992,0.6000000021,0.6000000021,0.6000000023,8.400000035,8.600000035,8.60000004
59.9,60.14906079,63.18143571,63.18143572,60.14906079,63.18143571,63.18143572,1.571644449e-07,1.57151128e-07,4.399999993,4.599999993,3.799999992,0.6000000021,0.600000002,0.6000000023,8.400000035,8.600000035,8.600000039
59.95,60.14906079,63.18143571,63.18143572,60.14906079,63.18143571,63.18143572,1.5497239e-07,1.549592664e-07,4.399999993,4.599999993,3.799999992,0.600000002,0.600000002,0.6000000023,8.400000034,8.600000034,8.600000039
60,60.14906079,63.18143571,63.18143572,60.14906079,63.18143571,63.18143572,1.528109151e-07,1.527979723e-07,4.399999993,4.599999993,3.799999992,0.600000002,0.600000002,0.6000000022,8.400000034,8.600000034,8.600000038
