t,n1,n2,n3,oracle_n1,oracle_n2,oracle_n3,error_norm,oracle_error_norm,r1,r2,r3,u1,u2,u3,z1,z2,z3
0,54.13415463,69.49957919,56.86329206,54.13415463,69.49957919,56.86329206,10.77111745,10.77111745,4.881192486,4.094548515,4.305451485,0.4522552202,0.7447495594,0.4463059017,5.994037572,11.12725743,6.072742575
0.05,54.27096851,69.29324712,57.02512717,54.27096851,69.29324712,57.02512717,10.4788521,10.4788521,4.870247375,4.11105508,4.292504676,0.455755732,0.7401200194,0.4503956396,6.048763123,11.0447246,6.137476619
0.1,54.40450418,69.09315787,57.18245314,54.40450418,69.09315787,57.18245314,10.19490954,10.19490954,4.859564522,4.12706222,4.279918599,0.4591651487,0.73562539,0.4543625181,6.102177388,10.9646889,6.200407006
0.15,54.53484235,68.89912879,57.33540124,54.53484235,68.89912879,57.33540124,9.919051411,9.919051411,4.849137469,4.142584547,4.267682751,0.4624861184,0.731261937,0.4582106893,6.154312657,10.88707726,6.261586246
0.2,54.66206174,68.71098246,57.48409885,54.66206174,68.71098246,57.48409885,9.651046173,9.651046173,4.838959917,4.157636253,4.255786942,0.4657211986,0.7270260291,0.4619441413,6.205200414,10.81181873,6.321065289
0.25,54.78623911,68.5285466,57.62866956,54.78623911,68.5285466,57.62866956,9.390668891,9.390668891,4.829025727,4.172231122,4.244221286,0.4688728605,0.722914135,0.4655667064,6.254871363,10.73884439,6.378893572
0.3,54.90744932,68.35165387,57.7692333,54.90744932,68.35165387,57.7692333,9.137701058,9.137701058,4.819328911,4.18638254,4.232976186,0.471943492,0.7189228196,0.4690820682,6.303355447,10.6680873,6.435119069
0.35,55.02576536,68.18014176,57.90590644,55.02576536,68.18014176,57.90590644,8.891930407,8.891930407,4.809863628,4.200103509,4.222042335,0.4749354019,0.7150487419,0.4724937694,6.350681861,10.59948245,6.489788327
0.4,55.1412584,68.01385243,58.03880191,55.1412584,68.01385243,58.03880191,8.653150733,8.653150733,4.800624184,4.213406655,4.211410697,0.4778508225,0.7112886513,0.4758052178,6.396879078,10.53296672,6.542946515
0.45,55.25399786,67.85263261,58.16802928,55.25399786,67.85263261,58.16802928,8.42116172,8.42116172,4.791605028,4.226304241,4.201072507,0.4806919131,0.7076393856,0.4790196926,6.441974862,10.46847879,6.594637463
0.5,55.36405142,67.69633343,58.29369488,55.36405142,67.69633343,58.29369488,8.195768769,8.195768769,4.782800743,4.238808175,4.19101926,0.4834607629,0.7040978676,0.4821403507,6.485996286,10.40595912,6.6449037
0.55,55.47148508,67.54481033,58.41590187,55.47148508,67.54481033,58.41590187,7.97678284,7.97678284,4.77420605,4.250930024,4.181242701,0.4861593937,0.7006611034,0.485170232,6.528969751,10.34534988,6.693786496
0.6,55.57636321,67.39792289,58.53475037,55.57636321,67.39792289,58.53475037,7.764020287,7.764020287,4.765815799,4.262681019,4.17173482,0.4887897626,0.6973261792,0.4881122643,6.570921003,10.2865949,6.741325899
0.65,55.67874857,67.25553477,58.65033755,55.67874857,67.25553477,58.65033755,7.557302706,7.557302706,4.757624971,4.274072069,4.162487846,0.4913537646,0.6940902598,0.4909692689,6.611875145,10.22963966,6.78756077
0.7,55.77870235,67.11751355,58.76275767,55.77870235,67.11751355,58.76275767,7.356456788,7.356456787,4.749628668,4.285113766,4.153494236,0.4938532347,0.6909505857,0.4937439645,6.651856658,10.17443117,6.832528818
0.75,55.87628424,66.98373065,58.87210222,55.87628424,66.98373065,58.87210222,7.161314166,7.161314165,4.741822117,4.295816398,4.144746673,0.4962899505,0.6879044715,0.4964389722,6.690889415,10.12091801,6.876266637
0.8,55.97155244,66.85406119,58.97845997,55.97155244,66.85406119,58.97845997,6.971711281,6.971711277,4.734200661,4.306189955,4.136238052,0.4986656345,0.6849493035,0.4990568195,6.728996693,10.06905022,6.918809739
0.85,56.06456369,66.72838389,59.08191708,56.06456369,66.72838388,59.08191709,6.787489235,6.787489231,4.726759761,4.316244139,4.127961483,0.5009819554,0.6820825377,0.5015999441,6.766201193,10.0187793,6.960192583
0.9,56.15537333,66.60658098,59.18255715,56.15537333,66.60658098,59.18255716,6.60849367,6.608493665,4.71949499,4.325988372,4.119910278,0.5032405311,0.6793016983,0.5040706977,6.802525049,9.970058142,7.000448612
0.95,56.24403532,66.48853811,59.28046132,56.24403532,66.4885381,59.28046132,6.434574625,6.434574624,4.712402031,4.335431802,4.112077945,0.5054429298,0.6766043755,0.5064713496,6.837989847,9.922840992,7.039610277
1,56.33060229,66.37414421,59.3757083,56.33060229,66.37414421,59.3757083,6.265586424,6.265586426,4.705476673,4.344583313,4.104458186,0.5075906721,0.673988224,0.5088040901,6.872616634,9.877083434,7.07770907
1.05,56.41512554,66.26329145,59.46837451,56.41512554,66.26329145,59.46837451,6.101387542,6.101387548,4.698714813,4.353451534,4.097044889,0.5096852327,0.6714509608,0.5110710335,6.906425936,9.83274233,7.114775555
1.1,56.49765512,66.1558751,59.5585341,56.49765512,66.15587511,59.55853409,5.941840494,5.941840501,4.692112447,4.362044842,4.089832122,0.511728042,0.6689903643,0.5132742215,6.939437766,9.789775791,7.150839388
1.15,56.57823981,66.05179348,59.64625901,56.5782398,66.05179348,59.646259,5.786811714,5.786811718,4.685665672,4.370371372,4.082814129,0.5137204877,0.6666042721,0.5154156255,6.97167164,9.74814314,7.185929353
1.2,56.65692718,65.95094782,59.73161908,56.65692718,65.95094782,59.73161908,5.636171441,5.636171441,4.679370682,4.378439024,4.075985323,0.5156639161,0.6642905795,0.51749715,7.003146592,9.707804879,7.220073384
1.25,56.73376365,65.85324225,59.8146821,56.73376365,65.85324225,59.8146821,5.489793611,5.489793611,4.673223764,4.38625547,4.069340282,0.5175596339,0.662047238,0.5195206352,7.033881178,9.66872265,7.253298591
1.3,56.80879445,65.75858365,59.89551383,56.80879445,65.75858365,59.89551383,5.347555763,5.347555763,4.667221301,4.393828158,4.062873743,0.5194089092,0.6598722544,0.5214878586,7.063893497,9.630859209,7.285631283
1.35,56.88206369,65.66688161,59.97417811,56.88206369,65.66688161,59.97417811,5.209338923,5.209338923,4.661359761,4.401164321,4.056580601,0.5212129732,0.6577636885,0.5234005386,7.093201194,9.594178393,7.317096993
1.4,56.9536144,65.57804834,60.05073688,56.9536144,65.57804834,60.05073688,5.07502751,5.07502751,4.655635704,4.408270983,4.0504559,0.5229730209,0.6557196525,0.5252603356,7.121821478,9.558645084,7.347720501
1.45,57.02348853,65.49199859,60.12525027,57.02348853,65.49199859,60.12525027,4.944509236,4.944509236,4.650045774,4.415154963,4.044494829,0.5246902128,0.6537383089,0.5270688553,7.149771129,9.524225186,7.377525857
1.5,57.09172698,65.4086496,60.19777663,57.09172698,65.4086496,60.19777663,4.817675016,4.817675014,4.644586698,4.421822882,4.038692719,0.526365676,0.6518178701,0.5288276499,7.177066511,9.49088559,7.406536403
1.55,57.15836965,65.32792099,60.26837261,57.15836965,65.32792099,60.26837261,4.694418872,4.694418868,4.639255284,4.42828117,4.033045041,0.5280005048,0.6499565962,0.5305382205,7.20372358,9.458594148,7.434774793
1.6,57.22345544,65.24973474,60.33709316,57.22345544,65.24973474,60.33709317,4.574637845,4.574637841,4.634048421,4.434536071,4.027547397,0.5295957627,0.6481527945,0.5322020188,7.229757896,9.427319645,7.462263015
1.65,57.28702229,65.17401506,60.40399165,57.28702229,65.17401506,60.40399165,4.458231913,4.45823191,4.628963074,4.440593645,4.022195518,0.5311524823,0.6464048177,0.5338204491,7.255184632,9.397031775,7.489022408
1.7,57.34910717,65.1006884,60.46911984,57.34910717,65.1006884,60.46911984,4.345103903,4.345103903,4.623996283,4.446459778,4.016985263,0.5326716673,0.6447110634,0.53539487,7.280018585,9.36770111,7.515073687
1.75,57.40974616,65.02968332,60.53252801,57.40974616,65.02968332,60.53252801,4.235159415,4.235159418,4.619145163,4.452140184,4.011912609,0.5341542927,0.6430699723,0.5369265957,7.304274183,9.339299078,7.540436953
1.8,57.46897445,64.96093048,60.59426492,57.46897444,64.96093048,60.59426492,4.128306738,4.128306743,4.614406901,4.457640412,4.006973656,0.5356013062,0.6414800276,0.5384168981,7.327965496,9.31179794,7.565131719
1.85,57.52682632,64.89436253,60.65437794,57.52682631,64.89436254,60.65437793,4.024456775,4.02445678,4.609778751,4.462965848,4.002164615,0.5370136288,0.6399397537,0.539867008,7.351106244,9.285170762,7.589176925
1.9,57.58333522,64.82991411,60.71291301,57.58333522,64.82991411,60.71291301,3.923522967,3.92352297,4.605258038,4.468121721,3.997481809,0.5383921557,0.638447715,0.5412781166,7.373709808,9.259391394,7.612590953
1.95,57.63853379,64.76752174,60.76991475,57.63853379,64.76752174,60.76991474,3.825421223,3.825421223,4.600842153,4.47311311,3.99292167,0.539737757,0.6370025151,0.542651377,7.395789233,9.234434448,7.635391648
2,57.69245382,64.7071238,60.82542645,57.69245382,64.7071238,60.82542645,3.730069844,3.730069844,4.596528551,4.477944946,3.988480734,0.541051279,0.6356027956,0.5439879058,7.417357245,9.210275272,7.657596331
2.05,57.74512633,64.64866047,60.87949016,57.74512633,64.64866047,60.87949016,3.637389467,3.637389467,4.59231475,4.482622013,3.984155637,0.542333544,0.6342472354,0.5452887834,7.438426251,9.186889936,7.679221813
2.1,57.79658158,64.59207364,60.93214666,57.79658158,64.59207364,60.93214666,3.547302989,3.547302989,4.58819833,4.487148959,3.979943117,0.5435853521,0.6329345496,0.5465550565,7.459008349,9.164255207,7.700284415
2.15,57.84684905,64.53730695,60.98343557,57.84684905,64.53730695,60.98343557,3.459735508,3.459735508,4.584176932,4.491530294,3.975840004,0.544807481,0.6316634885,0.5477877384,7.479115339,9.14234853,7.720799978
2.2,57.89595752,64.48430564,61.03339533,57.89595752,64.48430564,61.03339533,3.374614254,3.374614254,4.580248255,4.495770399,3.971843224,0.5460006871,0.6304328367,0.5489878105,7.498758727,9.121148007,7.74078388
2.25,57.94393504,64.43301657,61.08206324,57.94393504,64.43301657,61.08206325,3.291868536,3.291868534,4.576410053,4.499873524,3.96794979,0.5471657062,0.6292414123,0.5501562233,7.517949734,9.100632378,7.760251048
2.3,57.99080896,64.38338814,61.12947556,57.99080896,64.38338814,61.12947556,3.211429677,3.211429674,4.57266014,4.503843799,3.964156805,0.5483032539,0.6280880661,0.5512938976,7.536699302,9.080781007,7.779215973
2.35,58.03660596,64.33537027,61.17566743,58.03660596,64.33537026,61.17566743,3.13323096,3.133230957,4.568996379,4.507685229,3.960461455,0.5494140265,0.6269716805,0.5524017253,7.555018103,9.061573857,7.797692723
2.4,58.08135206,64.28891432,61.22067301,58.08135206,64.28891432,61.22067301,3.057207572,3.057207569,4.565416692,4.511401704,3.956861009,0.5504987012,0.6258911688,0.5534805704,7.572916542,9.04299148,7.815694954
2.45,58.12507262,64.24397311,61.26452544,58.12507263,64.24397311,61.26452544,2.983296552,2.983296551,4.561919046,4.514997001,3.953352815,0.5515579369,0.6248454747,0.5545312702,7.590404768,9.025014994,7.833235925
2.5,58.1677924,64.2005008,61.30725689,58.1677924,64.2005008,61.30725689,2.911436735,2.911436736,4.558501464,4.518474786,3.949934299,0.5525923747,0.6238335709,0.5555546358,7.607492678,9.007626071,7.850328506
2.55,58.20953551,64.15845293,61.34889861,58.20953551,64.15845293,61.3488986,2.841568705,2.841568709,4.555162015,4.521838616,3.946602962,0.5536026384,0.622854459,0.5565514534,7.624189923,8.990806921,7.866985192
2.6,58.25032549,64.1177863,61.38948091,58.25032549,64.11778631,61.38948091,2.773634745,2.77363475,4.551898817,4.525091946,3.943356377,0.5545893353,0.6219071683,0.5575224846,7.640505915,8.974540271,7.883218114
2.65,58.29018529,64.07845902,61.42903325,58.29018529,64.07845903,61.42903324,2.707578786,2.70757879,4.548710033,4.528238128,3.94019219,0.5555530559,0.6209907551,0.5584684678,7.656449834,8.958809359,7.899039048
2.7,58.32913728,64.0404304,61.4675842,58.32913728,64.0404304,61.4675842,2.643346362,2.643346364,4.545593874,4.531280418,3.937108114,0.5564943754,0.6201043022,0.5593901185,7.672030631,8.943597909,7.91445943
2.75,58.3672033,64.00366094,61.50516153,58.3672033,64.00366094,61.50516153,2.580884564,2.580884563,4.542548593,4.534221975,3.934101928,0.5574138533,0.619246918,0.5602881305,7.687257037,8.928890126,7.929490362
2.8,58.40440462,63.96811232,61.54179219,58.40440462,63.96811232,61.54179219,2.520141996,2.520141996,4.539572487,4.537065865,3.931171475,0.5583120344,0.6184177361,0.5611631762,7.702137566,8.914670676,7.944142624
2.85,58.44076201,63.93374732,61.57750233,58.44076201,63.93374732,61.57750233,2.461068741,2.46106874,4.536663896,4.539815065,3.928314664,0.5591894491,0.6176159143,0.5620159073,7.716680521,8.900924677,7.958426681
2.9,58.4762957,63.90052983,61.61231736,58.4762957,63.90052983,61.61231736,2.403616306,2.403616306,4.5338212,4.542472463,3.925529461,0.5600466134,0.6168406341,0.562846956,7.730894,8.887637683,7.972352695
2.95,58.51102546,63.86842481,61.64626196,58.51102546,63.86842481,61.64626196,2.347737593,2.347737593,4.53104282,4.545040865,3.922813893,0.5608840299,0.6160911003,0.563656935,7.7447859,8.874795674,7.985930533
3,58.54497052,63.83739823,61.67936007,58.54497052,63.83739823,61.67936007,2.293386852,2.293386851,4.528327215,4.547522992,3.920166045,0.561702188,0.6153665399,0.5644464383,7.758363925,8.862385042,7.999169776
3.05,58.57814967,63.80741707,61.71163494,58.57814967,63.80741707,61.71163494,2.240519648,2.240519646,4.525672883,4.549921485,3.917584055,0.5625015639,0.6146662019,0.5652160423,7.771635586,8.850392577,8.012079727
3.1,58.61058123,63.77844928,61.74310917,58.61058123,63.77844928,61.74310918,2.18909282,2.189092818,4.523078358,4.552238908,3.915066116,0.5632826215,0.6139893567,0.5659663055,7.78460821,8.838805461,8.02466942
3.15,58.64228306,63.75046375,61.77380469,58.64228306,63.75046375,61.77380469,2.139064452,2.139064449,4.520542212,4.55447775,3.912610475,0.5640458126,0.6133352951,0.56669777,7.797288942,8.827611252,8.036947626
3.2,58.67327258,63.72343031,61.80374279,58.67327258,63.7234303,61.80374279,2.09039383,2.090393828,4.51806305,4.556640425,3.910215427,0.5647915769,0.6127033284,0.5674109612,7.809684751,8.816797873,8.048922866
3.25,58.70356679,63.69731964,61.83294415,58.70356679,63.69731964,61.83294415,2.043041415,2.043041414,4.515639513,4.558729279,3.907879318,0.5655203428,0.6120927874,0.5681063889,7.821802435,8.806353606,8.06060341
3.3,58.73318226,63.67210332,61.86142886,58.73318226,63.67210332,61.86142886,1.996968808,1.996968808,4.513270276,4.560746584,3.905600541,0.5662325275,0.6115030218,0.5687845476,7.833648622,8.796267078,8.071997294
3.35,58.76213515,63.64775375,61.88921642,58.76213515,63.64775375,61.88921642,1.952138716,1.952138719,4.510954044,4.56269455,3.903377536,0.5669285372,0.6109334002,0.5694459169,7.845229778,8.786527251,8.083112318
3.4,58.79044123,63.62424416,61.91632577,58.79044123,63.62424416,61.91632577,1.908514926,1.90851493,4.508689558,4.564575317,3.901208788,0.5676087677,0.6103833092,0.5700909621,7.856552209,8.777123414,8.093956059
3.45,58.81811587,63.60154856,61.94277531,58.81811587,63.60154856,61.94277531,1.86606227,1.866062274,4.506475587,4.566390965,3.899092825,0.5682736043,0.6098521527,0.5707201346,7.867622066,8.768045173,8.104535875
3.5,58.84517408,63.57964173,61.96858291,58.84517408,63.57964173,61.96858291,1.824746599,1.824746601,4.50431093,4.568143512,3.897028217,0.5689234225,0.6093393522,0.5713338723,7.878445349,8.75928244,8.114858913
3.55,58.87163048,63.55849919,61.99376591,58.87163048,63.55849919,61.99376591,1.784534749,1.784534749,4.502194418,4.569834915,3.895013577,0.5695585882,0.6088443454,0.5719326003,7.889027908,8.750825426,8.124932115
3.6,58.89749934,63.5380972,62.01834118,58.89749934,63.5380972,62.01834118,1.745394519,1.745394518,4.50012491,4.571467074,3.893047555,0.5701794575,0.6083665862,0.572516731,7.899375452,8.742664632,8.134762223
3.65,58.92279457,63.51841272,62.04232509,58.92279457,63.51841272,62.04232509,1.707294646,1.707294645,4.49810129,4.573041832,3.891128843,0.5707863776,0.6079055446,0.5730866643,7.909493548,8.73479084,8.144355784
3.7,58.94752977,63.49942339,62.06573353,58.94752977,63.49942339,62.06573353,1.670204774,1.670204774,4.496122475,4.574560979,3.889256168,0.5713796865,0.6074607056,0.5736427887,7.919387625,8.727195106,8.15371916
3.75,58.97171816,63.48110751,62.08858195,58.97171816,63.48110751,62.08858195,1.634095432,1.634095432,4.494187404,4.576026249,3.887428294,0.5719597139,0.6070315693,0.5741854809,7.92906298,8.719868753,8.162858528
3.8,58.99537265,63.46344402,62.11088535,58.99537265,63.46344402,62.11088535,1.598938007,1.598938007,4.492295044,4.577439328,3.885644022,0.5725267806,0.60661765,0.5747151066,7.93852478,8.712803358,8.171779889
3.85,59.01850586,63.44641251,62.13265831,59.01850586,63.44641251,62.13265831,1.56470472,1.56470472,4.490444387,4.57880185,3.883902185,0.5730811995,0.6062184764,0.5752320208,7.947778063,8.705990752,8.180489073
3.9,59.04113007,63.42999314,62.15391498,59.04113007,63.42999314,62.15391498,1.531368607,1.531368605,4.488634451,4.580115399,3.882201651,0.5736232752,0.6058335908,0.575736568,7.956827745,8.699423007,8.188991743
3.95,59.06325726,63.4141667,62.17466912,59.06325726,63.4141667,62.17466913,1.498903488,1.498903485,4.486864276,4.581381514,3.88054132,0.5741533049,0.6054625487,0.5762290826,7.965678622,8.693092431,8.197293399
4,59.08489913,63.39891453,62.19493409,59.08489913,63.39891453,62.1949341,1.467283954,1.467283951,4.485132926,4.582601688,3.878920123,0.5746715778,0.6051049187,0.5767098893,7.974335371,8.686991562,8.205399387
4.05,59.10606709,63.38421852,62.21472287,59.10606709,63.38421852,62.21472287,1.436485339,1.436485337,4.483439489,4.583777368,3.87733702,0.5751783761,0.6047602818,0.5771793032,7.982802554,8.681113158,8.213314899
4.1,59.12677226,63.37006112,62.23404807,59.12677226,63.37006111,62.23404807,1.406483706,1.406483705,4.481783075,4.584909961,3.875791004,0.5756739745,0.6044282314,0.5776376302,7.991084623,8.675450196,8.221044978
4.15,59.1470255,63.35642528,62.25292194,59.1470255,63.35642528,62.25292194,1.377255819,1.377255819,4.480162816,4.586000828,3.874281095,0.5761586409,0.6041083728,0.5780851675,7.999185919,8.669995862,8.228594526
4.2,59.1668374,63.34329448,62.27135638,59.1668374,63.34329449,62.27135638,1.348779129,1.348779131,4.478577865,4.587051291,3.872806339,0.5766326364,0.6038003228,0.5785222033,8.007110677,8.664743543,8.235968304
4.25,59.18621828,63.33065269,62.28936297,59.18621828,63.3306527,62.28936297,1.321031753,1.321031757,4.477027394,4.588062634,3.871365813,0.5770962154,0.6035037096,0.5789490177,8.01486303,8.659686828,8.243170937
4.3,59.20517823,63.31848436,62.30695293,59.20517823,63.31848437,62.30695293,1.293992455,1.293992459,4.475510598,4.589036101,3.869958616,0.577549626,0.6032181721,0.5793658826,8.022447009,8.654819495,8.250206922
4.35,59.22372707,63.3067744,62.32413719,59.22372706,63.3067744,62.32413719,1.267640628,1.26764063,4.474026691,4.589972898,3.868583875,0.5779931098,0.6029433599,0.5797730619,8.029866544,8.650135508,8.257080625
4.4,59.24187439,63.29550816,62.34092636,59.24187439,63.29550816,62.34092636,1.241956274,1.241956275,4.472574905,4.590874197,3.867240742,0.5784269025,0.6026789332,0.5801708122,8.037125474,8.645629015,8.263796292
4.45,59.25962955,63.28467146,62.35733075,59.25962955,63.28467146,62.35733075,1.21691999,1.21691999,4.471154492,4.591741133,3.86592839,0.5788512338,0.6024245616,0.5805593825,8.04422754,8.641294334,8.270358048
4.5,59.27700169,63.27425052,62.37336038,59.27700169,63.27425052,62.37336038,1.192512953,1.192512952,4.469764721,4.592574808,3.86464602,0.5792663277,0.6021799251,0.5809390145,8.051176393,8.637125959,8.2767699
4.55,59.2939997,63.26423199,62.38902499,59.2939997,63.26423199,62.38902499,1.168716898,1.168716898,4.468404881,4.593376291,3.863392851,0.5796724024,0.6019447129,0.5813099432,8.057975597,8.633118546,8.283035744
4.6,59.31063227,63.25460291,62.40433404,59.31063227,63.25460291,62.40433404,1.145514109,1.145514109,4.467074275,4.594146617,3.862168127,0.5800696707,0.6017186234,0.5816723968,8.064628625,8.629266913,8.289159364
4.65,59.32690788,63.24535071,62.41929673,59.32690788,63.24535071,62.41929673,1.122887398,1.122887398,4.465772226,4.594886793,3.860971112,0.5804583402,0.6015013639,0.5820265968,8.07113887,8.625566036,8.295144441
4.7,59.3428348,63.23646322,62.433922,59.3428348,63.23646322,62.433922,1.100820091,1.100820091,4.464498072,4.595597792,3.85980109,0.580838613,0.6012926507,0.5823727586,8.077509638,8.622011038,8.300994548
4.75,59.3584211,63.22792861,62.44821853,59.3584211,63.22792861,62.44821853,1.079296016,1.079296015,4.463251169,4.596280561,3.858657367,0.5812106864,0.6010922082,0.5827110911,8.083744157,8.618597194,8.306713163
4.8,59.37367465,63.21973542,62.46219478,59.37367465,63.21973541,62.46219478,1.058299487,1.058299485,4.462030884,4.596936017,3.857539268,0.5815747528,0.6008997691,0.5830417977,8.089845578,8.615319916,8.312303662
4.85,59.38860313,63.21187253,62.47585895,59.38860313,63.21187252,62.47585895,1.037815288,1.037815286,4.460836606,4.597565048,3.856446134,0.5819309995,0.6007150742,0.5833650757,8.095816971,8.612174761,8.317769329
4.9,59.40321405,63.20432916,62.48921902,59.40321405,63.20432916,62.48921902,1.017828663,1.017828661,4.459667733,4.598168517,3.855377329,0.5822796095,0.600537872,0.5836811169,8.101661336,8.609157414,8.323113356
4.95,59.4175147,63.19709487,62.50228274,59.4175147,63.19709486,62.50228274,0.9983253019,0.9983252999,4.45852368,4.598747261,3.854332231,0.5826207609,0.6003679184,0.5839901076,8.107381598,8.606263696,8.328338846
5,59.43151223,63.1901595,62.51505766,59.43151223,63.1901595,62.51505766,0.9792913274,0.9792913262,4.457403878,4.59930209,3.853310237,0.5829546278,0.6002049767,0.5842922289,8.112980611,8.603489551,8.333448815
5.05,59.44521361,63.18351325,62.52755111,59.44521361,63.18351325,62.52755111,0.960713282,0.9607132821,4.456307768,4.59983379,3.852310761,0.5832813795,0.6000488174,0.5845876567,8.118461161,8.600831048,8.338446195
5.1,59.45862561,63.17714656,62.53977022,59.45862561,63.17714656,62.53977021,0.942578117,0.9425781185,4.455234807,4.600343125,3.851333233,0.5836011815,0.5998992178,0.5848765621,8.123825964,8.598284375,8.343333836
5.15,59.47175489,63.17105021,62.5517219,59.47175489,63.17105022,62.5517219,0.9248731801,0.9248731827,4.454184465,4.600830833,3.850377098,0.5839141949,0.5997559619,0.5851591112,8.129077673,8.595845835,8.348114511
5.2,59.4846079,63.16521524,62.56341291,59.48460789,63.16521524,62.5634129,0.9075862036,0.9075862067,4.453156225,4.601297631,3.849441817,0.584220577,0.5996188403,0.5854354654,8.134218876,8.593511845,8.352790913
5.25,59.49719095,63.15963296,62.57484978,59.49719095,63.15963296,62.57484978,0.8907052935,0.890705296,4.45214958,4.601744214,3.848526867,0.5845204811,0.5994876499,0.5857057818,8.139252098,8.591278932,8.357365663
5.3,59.50951021,63.15429494,62.58603889,59.50951021,63.15429494,62.58603889,0.8742189179,0.874218919,4.451164039,4.602171255,3.847631738,0.5848140569,0.5993621936,0.5859702128,8.144179803,8.589143725,8.361841308
5.35,59.5215717,63.14919302,62.59698644,59.5215717,63.14919302,62.59698644,0.8581158962,0.858115896,4.450199121,4.602579408,3.846755935,0.5851014503,0.5992422804,0.5862289069,8.149004396,8.58710296,8.366220326
5.4,59.53338127,63.1443193,62.60769844,59.53338127,63.1443193,62.60769844,0.8423853893,0.8423853891,4.449254355,4.602969306,3.845898974,0.5853828035,0.599127725,0.5864820082,8.153728225,8.585153468,8.370505128
5.45,59.54494465,63.13966608,62.61818076,59.54494465,63.13966608,62.61818076,0.827016892,0.8270168918,4.448329284,4.603341563,3.845060389,0.5856582554,0.5990183478,0.5867296569,8.15835358,8.583292183,8.374698054
5.5,59.55626744,63.13522595,62.62843909,59.55626744,63.13522595,62.62843909,0.8120002199,0.8120002197,4.447423461,4.603696774,3.844239723,0.5859279414,0.5989139747,0.5869719891,8.162882695,8.581516128,8.378801385
5.55,59.56735509,63.13099168,62.63847897,59.56735509,63.13099168,62.63847897,0.7973255005,0.7973255004,4.44653645,4.604035516,3.843436533,0.5861919936,0.5988144368,0.5872091374,8.167317752,8.579822421,8.382817336
5.6,59.57821291,63.12695629,62.64830578,59.57821291,63.12695629,62.64830578,0.7829831649,0.7829831647,4.445667824,4.604358347,3.842650388,0.5864505408,0.5987195704,0.5874412305,8.171660881,8.578208266,8.386748062
5.65,59.5888461,63.12311301,62.65792478,59.5888461,63.12311301,62.65792478,0.7689639375,0.7689639371,4.444817168,4.604665809,3.841880868,0.5867037087,0.5986292169,0.5876683937,8.175914159,8.576670954,8.390595661
5.7,59.59925974,63.11945528,62.66734105,59.59925974,63.11945527,62.66734105,0.7552588281,0.7552588273,4.443984077,4.604958428,3.841127566,0.5869516199,0.5985432224,0.5878907488,8.180079614,8.57520786,8.39436217
5.75,59.60945877,63.11597672,62.67655956,59.60945877,63.11597672,62.67655956,0.7418591227,0.7418591214,4.443168155,4.605236712,3.840390085,0.5871943941,0.5984614377,0.5881084142,8.184159226,8.573816439,8.398049574
5.8,59.61944802,63.11267118,62.68558513,59.61944802,63.11267118,62.68558513,0.7287563756,0.7287563739,4.442369015,4.605501155,3.839668039,0.587432148,0.5983837184,0.588321505,8.188154926,8.572494224,8.401659803
5.85,59.62923221,63.10953269,62.69442246,59.62923221,63.10953269,62.69442246,0.715942401,0.7159423991,4.44158628,4.605752235,3.838961053,0.5876649955,0.5983099243,0.5885301333,8.192068602,8.571238825,8.405194733
5.9,59.63881594,63.10655545,62.70307611,59.63881594,63.10655544,62.70307611,0.7034092654,0.7034092637,4.440819582,4.605990414,3.838268761,0.5878930477,0.5982399196,0.588734408,8.195902092,8.570047928,8.408656193
5.95,59.64820369,63.10373384,62.71155052,59.64820369,63.10373384,62.71155052,0.6911492798,0.6911492787,4.440068561,4.606216143,3.837590808,0.588116413,0.5981735727,0.5889344351,8.199657195,8.568919287,8.412045958
6,59.65739986,63.10106245,62.71985002,59.65739986,63.10106245,62.71985002,0.6791549924,0.6791549922,4.439332867,4.606429854,3.836926849,0.5883351973,0.5981107561,0.5891303176,8.203335664,8.567850728,8.415365757
6.05,59.66640873,63.09853599,62.72797881,59.66640873,63.09853599,62.72797881,0.667419181,0.6674191819,4.438612158,4.606631971,3.836276545,0.5885495037,0.5980513463,0.5893221559,8.20693921,8.566840145,8.418617273
6.1,59.67523447,63.09614937,62.73594098,59.67523447,63.09614937,62.73594098,0.6559348465,0.6559348483,4.437906099,4.606822901,3.835639571,0.5887594329,0.5979952234,0.5895100473,8.210469506,8.565885496,8.421802144
6.15,59.68388116,63.09389764,62.74374053,59.68388116,63.09389764,62.74374053,0.6446952052,0.6446952076,4.437214364,4.607003039,3.835015608,0.5889650833,0.5979422714,0.589694087,8.213928182,8.564984805,8.424921961
6.2,59.69235278,63.09177601,62.75138131,59.69235278,63.09177602,62.75138131,0.6336936829,0.6336936852,4.436536634,4.607172769,3.834404345,0.5891665508,0.5978923779,0.589874367,8.217316831,8.564136155,8.427978275
6.25,59.70065322,63.08977985,62.75886712,59.70065322,63.08977986,62.75886711,0.6229239075,0.622923909,4.435872598,4.607332462,3.833805481,0.589363929,0.5978454341,0.5900509774,8.220637008,8.563337692,8.430972596
6.3,59.70878628,63.08790467,62.7662016,59.70878628,63.08790467,62.7662016,0.6123797028,0.6123797032,4.435221954,4.607482477,3.833218722,0.5895573093,0.5978013343,0.5902240055,8.223890231,8.562587616,8.433906391
6.35,59.71675566,63.08614609,62.77338835,59.71675566,63.08614609,62.77338835,0.6020550824,0.6020550823,4.434584404,4.607623162,3.832643782,0.5897467808,0.5977599764,0.5903935363,8.227077982,8.561884188,8.436781091
6.4,59.72456498,63.08449992,62.78043085,59.72456498,63.08449992,62.78043085,0.5919442449,0.5919442448,4.433959658,4.607754856,3.832080382,0.5899324306,0.5977212612,0.5905596528,8.230201708,8.561225719,8.439598088
6.45,59.73221776,63.08296207,62.78733246,59.73221776,63.08296207,62.78733246,0.5820415679,0.5820415677,4.433347436,4.607877885,3.831528253,0.5901143436,0.5976850929,0.5907224354,8.233262822,8.560610577,8.442358735
6.5,59.73971746,63.08152858,62.7940965,59.73971746,63.08152858,62.7940965,0.5723416011,0.5723416009,4.43274746,4.607992564,3.83098713,0.5902926027,0.5976513786,0.5908819625,8.236262702,8.56003718,8.445064351
6.55,59.74706744,63.08019562,62.80072617,59.74706744,63.08019562,62.80072617,0.5628390617,0.5628390616,4.432159461,4.608099201,3.830456756,0.5904672889,0.5976200284,0.5910383105,8.239202695,8.559503997,8.447716219
6.6,59.754271,63.07895948,62.8072246,59.754271,63.07895948,62.8072246,0.5535288289,0.5535288287,4.431583177,4.608198091,3.829936882,0.5906384811,0.5975909551,0.5911915537,8.242084116,8.559009544,8.45031559
6.65,59.76133133,63.07781659,62.81359483,59.76133133,63.07781659,62.81359483,0.5444059388,0.5444059385,4.43101835,4.608289523,3.829427264,0.5908062564,0.5975640743,0.5913417644,8.24490825,8.558552384,8.452863681
6.7,59.76825158,63.07676345,62.81983982,59.76825158,63.07676345,62.81983982,0.5354655793,0.5354655787,4.43046473,4.608373774,3.828927665,0.5909706902,0.5975393043,0.591489013,8.247676349,8.558131128,8.455361676
6.75,59.7750348,63.0757967,62.82596245,59.7750348,63.0757967,62.82596245,0.5267030853,0.5267030843,4.429922072,4.608451114,3.828437854,0.5911318559,0.5975165661,0.591633368,8.250389638,8.557744429,8.457810729
6.8,59.78168399,63.07491308,62.83196554,59.78168399,63.07491308,62.83196554,0.518113934,0.5181139327,4.429390138,4.608521803,3.827957607,0.5912898252,0.5974957831,0.5917748962,8.253049312,8.557390983,8.460211964
6.85,59.78820205,63.07410945,62.83785182,59.78820205,63.07410945,62.83785182,0.5096937402,0.5096937387,4.428868692,4.608586094,3.827486705,0.5914446682,0.597476881,0.5919136626,8.25565654,8.557069529,8.462566476
6.9,59.79459185,63.07338274,62.84362395,59.79459185,63.07338274,62.84362395,0.5014382522,0.5014382509,4.428357508,4.608644231,3.827024934,0.5915964533,0.5974597881,0.5920497304,8.25821246,8.556778845,8.46487533
6.95,59.80085617,63.07273,62.84928454,59.80085617,63.07273,62.84928454,0.4933433475,0.4933433464,4.427856363,4.60869645,3.826572087,0.5917452471,0.597444435,0.5921831613,8.260718186,8.556517749,8.467139564
7,59.80699772,63.07214837,62.8548361,59.80699772,63.07214837,62.8548361,0.4854050282,0.4854050278,4.427365039,4.608742981,3.826127962,0.591891115,0.5974307543,0.5923140154,8.263174805,8.556285096,8.46936019
7.05,59.81301916,63.07163508,62.86028111,59.81301916,63.07163508,62.86028111,0.4776194177,0.4776194179,4.426883324,4.608784044,3.825692362,0.5920341206,0.5974186811,0.592442351,8.265583381,8.55607978,8.471538192
7.1,59.81892308,63.07118745,62.86562195,59.81892307,63.07118745,62.86562195,0.4699827559,0.469982757,4.42641101,4.608819854,3.825265094,0.5921743259,0.5974081523,0.5925682251,8.267944948,8.55590073,8.473674531
7.15,59.82471201,63.07080289,62.87086098,59.82471201,63.0708029,62.87086097,0.4624913964,0.462491398,4.425947896,4.608850619,3.824845972,0.5923117917,0.597399107,0.5926916931,8.270260521,8.555746907,8.47577014
7.2,59.83038843,63.0704789,62.87600045,59.83038843,63.0704789,62.87600045,0.4551418019,0.4551418038,4.425493782,4.608876538,3.824434814,0.5924465772,0.5973914862,0.5928128091,8.272531089,8.55561731,8.477825931
7.25,59.83595475,63.07021305,62.8810426,59.83595475,63.07021305,62.8810426,0.447930541,0.4479305427,4.425048476,4.608897806,3.824031442,0.5925787403,0.5973852328,0.5929316257,8.274757618,8.555510968,8.479842791
7.3,59.84141334,63.07000298,62.88598959,59.84141333,63.07000298,62.88598959,0.4408542847,0.4408542857,4.42461179,4.608914612,3.823635683,0.5927083375,0.5973802917,0.5930481942,8.276941052,8.555426942,8.481821584
7.35,59.84676649,63.06984643,62.89084351,59.84676649,63.06984643,62.89084351,0.4339098028,0.433909803,4.424183537,4.608927135,3.823247369,0.5928354241,0.5973766094,0.5931625645,8.279082314,8.555364323,8.483763155
7.4,59.85201646,63.06974121,62.89560643,59.85201646,63.06974121,62.89560644,0.4270939605,0.4270939604,4.423763539,4.608935554,3.822866335,0.5929600538,0.5973741343,0.5932747854,8.281182303,8.555322232,8.485668324
7.45,59.85716546,63.06968518,62.90028035,59.85716546,63.06968518,62.90028035,0.4204037168,0.4204037166,4.42335162,4.608940036,3.822492422,0.5930822793,0.5973728164,0.5933849042,8.283241901,8.555299821,8.487537891
7.5,59.86221562,63.06967629,62.90486722,59.86221562,63.06967629,62.90486722,0.4138361202,0.4138361201,4.422947607,4.608940747,3.822125472,0.5932021521,0.5973726074,0.5934929673,8.285261966,8.555296266,8.489372638
7.55,59.86716905,63.06971256,62.90936893,59.86716905,63.06971256,62.90936894,0.407388306,0.4073883059,4.422551332,4.608937845,3.821765335,0.5933197224,0.5973734605,0.5935990196,8.287243338,8.555310774,8.491173324
7.6,59.8720278,63.06979207,62.91378735,59.8720278,63.06979207,62.91378735,0.4010574932,0.4010574931,4.422162632,4.608931485,3.821411862,0.5934350392,0.5973753307,0.5937031052,8.289186838,8.555342577,8.49294069
7.65,59.87679387,63.06991295,62.91812428,59.87679387,63.06991295,62.91812428,0.3948409821,0.3948409821,4.421781346,4.608921814,3.821064908,0.5935481505,0.5973781741,0.5938052667,8.291093268,8.55539093,8.49467546
7.7,59.88146923,63.07007342,62.92238147,59.88146923,63.07007342,62.92238147,0.3887361516,0.3887361515,4.421407318,4.608908976,3.820724332,0.593659103,0.5973819486,0.593905546,8.292963409,8.555455118,8.496378338
7.75,59.88605577,63.07027174,62.92656065,59.88605577,63.07027174,62.92656065,0.3827404564,0.3827404561,4.421040395,4.608893111,3.820389998,0.5937679424,0.5973866133,0.5940039837,8.294798027,8.555534444,8.49805001
7.8,59.89055538,63.07050622,62.93066349,59.89055538,63.07050622,62.9306635,0.3768514246,0.376851424,4.420680426,4.608874352,3.82006177,0.5938747135,0.5973921288,0.5941006195,8.296597871,8.555628239,8.499691148
7.85,59.89496988,63.07077526,62.93469163,59.89496988,63.07077526,62.93469163,0.3710666554,0.3710666546,4.420327266,4.608852829,3.819739519,0.5939794599,0.597398457,0.594195492,8.298363669,8.555735854,8.501302403
7.9,59.89930105,63.07107728,62.93864666,59.89930105,63.07107728,62.93864666,0.3653838167,0.3653838157,4.419980773,4.608828668,3.819423117,0.5940822242,0.5974055609,0.594288639,8.300096137,8.555856661,8.502884413
7.95,59.90355063,63.07141077,62.94253013,59.90355063,63.07141077,62.94253013,0.3598006428,0.3598006417,4.419640806,4.608801989,3.81911244,0.594183048,0.5974134051,0.5943800973,8.301795971,8.555990057,8.5044378
8,59.90772034,63.07177426,62.94634355,59.90772034,63.07177426,62.94634355,0.3543149323,0.3543149313,4.419307229,4.608772909,3.818807366,0.5942819721,0.597421955,0.5944699026,8.303463854,8.556135455,8.505963169
8.05,59.91181183,63.07216635,62.9500884,59.91181183,63.07216635,62.95008841,0.3489245462,0.3489245454,4.41897991,4.608741542,3.818507778,0.5943790361,0.5974311774,0.5945580901,8.305100451,8.55629229,8.507461112
8.1,59.91582674,63.07258567,62.95376614,59.91582674,63.07258567,62.95376614,0.3436274055,0.3436274051,4.418658718,4.608707996,3.818213559,0.5944742791,0.5974410402,0.5946446938,8.306706412,8.556460018,8.508932204
8.15,59.91976664,63.0730309,62.95737815,59.91976664,63.0730309,62.95737815,0.3384214894,0.3384214896,4.418343525,4.608672378,3.817924598,0.5945677389,0.5974515125,0.5947297469,8.308282375,8.55663811,8.510377009
8.2,59.92363311,63.07350077,62.96092581,59.92363311,63.07350077,62.96092581,0.3333048335,0.3333048342,4.418034208,4.608634788,3.817640785,0.5946594526,0.5974625643,0.594813282,8.309828961,8.556826058,8.511796075
8.25,59.92742765,63.07399405,62.96441047,59.92742765,63.07399405,62.96441047,0.3282755279,0.3282755291,4.417730644,4.608595326,3.817362013,0.5947494565,0.5974741667,0.5948953307,8.311346778,8.55702337,8.513189937
8.3,59.93115175,63.07450955,62.96783342,59.93115175,63.07450956,62.96783342,0.3233317154,0.3233317168,4.417432716,4.608554086,3.817088176,0.594837786,0.5974862918,0.5949759239,8.312836419,8.557229572,8.514559118
8.35,59.93480687,63.07504614,62.97119595,59.93480686,63.07504614,62.97119594,0.3184715896,0.3184715909,4.417140307,4.608511159,3.816819174,0.5949244757,0.5974989126,0.5950550917,8.314298464,8.557444206,8.515904128
8.4,59.93839441,63.0756027,62.97449928,59.93839441,63.0756027,62.97449928,0.3136933933,0.3136933942,4.416853304,4.608466634,3.816554907,0.5950095595,0.5975120032,0.5951328636,8.315733482,8.55766683,8.517225464
8.45,59.94191577,63.07617817,62.97774465,59.94191577,63.07617817,62.97774465,0.3089954171,0.3089954174,4.416571595,4.608420597,3.816295278,0.5950930704,0.5975255384,0.5952092683,8.317142027,8.557897017,8.518523611
8.5,59.94537231,63.07677151,62.98093324,59.94537231,63.07677151,62.98093324,0.3043759973,0.3043759972,4.416295072,4.608373129,3.816040191,0.5951750408,0.5975394941,0.5952843339,8.318524641,8.558134355,8.519799044
8.55,59.94876534,63.07738174,62.98406619,59.94876534,63.07738174,62.98406619,0.2998335151,0.299833515,4.416023629,4.608324311,3.815789555,0.5952555023,0.5975538467,0.5953580876,8.319881855,8.558378447,8.521052226
8.6,59.95209617,63.0780079,62.98714465,59.95209617,63.0780079,62.98714465,0.2953663956,0.2953663955,4.415757163,4.608274218,3.815543278,0.5953344858,0.597568574,0.5954305561,8.321214186,8.55862891,8.522283608
8.65,59.95536606,63.07864906,62.9901697,59.95536606,63.07864906,62.9901697,0.2909731051,0.290973105,4.415495572,4.608222925,3.815301274,0.5954120213,0.597583654,0.5955017656,8.322522141,8.558885374,8.523493631
8.7,59.95857624,63.07930434,62.99314244,59.95857624,63.07930434,62.99314244,0.2866521506,0.2866521505,4.415238757,4.608170503,3.815063455,0.5954881386,0.5975990659,0.5955717414,8.323806215,8.559147484,8.524682725
8.75,59.96172794,63.07997287,62.9960639,59.96172794,63.07997286,62.9960639,0.2824020783,0.2824020783,4.414986621,4.608117021,3.814829738,0.5955628663,0.5976147894,0.5956405084,8.325066893,8.559414896,8.525851311
8.8,59.96482232,63.08065382,62.99893512,59.96482232,63.08065382,62.99893512,0.2782214724,0.2782214723,4.414739071,4.608062544,3.81460004,0.5956362328,0.5976308051,0.5957080909,8.326304647,8.559687278,8.526999798
8.85,59.96786056,63.08134641,63.0017571,59.96786056,63.08134641,63.0017571,0.2741089535,0.2741089534,4.414496012,4.608007138,3.814374282,0.5957082655,0.5976470942,0.5957745125,8.327519941,8.559964312,8.528128589
8.9,59.97084378,63.08204985,63.00453081,59.97084378,63.08204985,63.00453081,0.2700631781,0.2700631778,4.414257354,4.607950862,3.814152385,0.5957789915,0.5976636386,0.5958397963,8.328713228,8.56024569,8.529238073
8.95,59.97377308,63.08276342,63.00725721,59.97377308,63.08276341,63.00725721,0.2660828369,0.2660828365,4.41402301,4.607893777,3.813934273,0.5958484371,0.5976804208,0.595903965,8.32988495,8.560531116,8.530328635
9,59.97664955,63.08348639,63.00993724,59.97664955,63.08348638,63.00993724,0.2621666541,0.2621666535,4.413792892,4.607835939,3.813719871,0.5959166281,0.5976974242,0.5959670406,8.33103554,8.560820304,8.531400646
9.05,59.97947426,63.08421808,63.01257181,59.97947426,63.08421807,63.01257181,0.2583133859,0.2583133852,4.413566916,4.607777404,3.813509106,0.5959835897,0.5977146326,0.5960290446,8.33216542,8.56111298,8.532454472
9.1,59.98224822,63.08495782,63.0151618,59.98224822,63.08495782,63.0151618,0.2545218202,0.2545218194,4.413344999,4.607718224,3.813301906,0.5960493465,0.5977320303,0.5960899981,8.333275006,8.561408878,8.533490469
9.15,59.98497246,63.08570499,63.01770809,59.98497246,63.08570498,63.01770809,0.2507907747,0.2507907739,4.41312706,4.607658451,3.813098203,0.5961139227,0.5977496023,0.5961499217,8.334364702,8.561707745,8.534508986
9.2,59.98764797,63.08645896,63.02021153,59.98764797,63.08645896,63.02021153,0.2471190969,0.2471190962,4.412913019,4.607598133,3.812897928,0.5961773418,0.5977673343,0.5962088354,8.335434904,8.562009334,8.535510362
9.25,59.9902757,63.08721915,63.02267295,59.9902757,63.08721915,63.02267295,0.2435056624,0.243505662,4.4127028,4.607537318,3.812701014,0.5962396268,0.5977852125,0.5962667589,8.336485999,8.562313409,8.536494931
9.3,59.99285662,63.08798499,63.02509316,59.99285662,63.08798499,63.02509316,0.2399493747,0.2399493746,4.412496327,4.607476051,3.812507397,0.5963008003,0.5978032233,0.5963237113,8.337518367,8.562619745,8.537463016
9.35,59.99539164,63.08875593,63.02747296,59.99539164,63.08875593,63.02747296,0.2364491638,0.2364491641,4.412293525,4.607414376,3.812317013,0.5963608843,0.597821354,0.5963797114,8.338532376,8.562928122,8.538414935
9.4,59.99788168,63.08953145,63.02981312,59.99788168,63.08953146,63.02981312,0.2330039856,0.2330039863,4.412094322,4.607352334,3.8121298,0.5964199005,0.5978395923,0.5964347776,8.33952839,8.563238331,8.539350999
9.45,60.00032761,63.09031105,63.0321144,60.00032761,63.09031105,63.0321144,0.2296128213,0.2296128222,4.411898647,4.607289966,3.811945698,0.5964778698,0.5978579264,0.5964889277,8.340506764,8.56355017,8.540271511
9.5,60.00273031,63.09109424,63.03437754,60.00273031,63.09109424,63.03437754,0.2262746761,0.2262746772,4.411706431,4.607227311,3.811764647,0.596534813,0.5978763447,0.5965421791,8.341467844,8.563863445,8.541176767
9.55,60.00509063,63.09188055,63.03660327,60.00509063,63.09188055,63.03660327,0.2229885791,0.2229885801,4.411517606,4.607164406,3.811586589,0.5965907501,0.5978948363,0.5965945491,8.342411969,8.56417797,8.542067057
9.6,60.00740938,63.09266954,63.03879229,60.00740938,63.09266954,63.03879229,0.219753582,0.2197535827,4.411332106,4.607101287,3.811411467,0.596645701,0.5979133908,0.5966460543,8.343339471,8.564493567,8.542942665
9.65,60.00968739,63.09346078,63.04094529,60.00968739,63.09346078,63.04094529,0.2165687586,0.2165687589,4.411149865,4.607037988,3.811239227,0.596699685,0.5979319981,0.5966967112,8.344250675,8.564810062,8.543803867
9.7,60.01192545,63.09425386,63.04306296,60.01192545,63.09425386,63.04306296,0.2134332043,0.2134332043,4.41097082,4.606974542,3.811069813,0.5967527209,0.5979506483,0.5967465356,8.345145899,8.565127292,8.544650934
9.75,60.01412434,63.09504837,63.04514596,60.01412434,63.09504837,63.04514596,0.2103460351,0.2103460351,4.410794909,4.606910981,3.810903173,0.5968048273,0.5979693323,0.5967955432,8.346025454,8.565445097,8.545484133
9.8,60.01628481,63.09584394,63.04719493,60.01628482,63.09584394,63.04719493,0.207306388,0.2073063879,4.410622071,4.606847335,3.810739256,0.5968560222,0.597988041,0.5968437494,8.346889644,8.565763326,8.546303721
9.85,60.01840762,63.09664021,63.0492105,60.01840762,63.09664021,63.0492105,0.2043134192,0.2043134191,4.410452247,4.606783633,3.81057801,0.5969063233,0.598006766,0.596891169,8.347738767,8.566081834,8.547109952
9.9,60.02049349,63.09743683,63.05119331,60.02049349,63.09743683,63.05119331,0.2013663039,0.2013663038,4.410285377,4.606719904,3.810419385,0.596955748,0.598025499,0.5969378167,8.348573113,8.566400481,8.547903074
9.95,60.02254312,63.09823346,63.05314395,60.02254312,63.09823346,63.05314395,0.1984642361,0.1984642361,4.410121406,4.606656173,3.810263334,0.5970043132,0.5980442322,0.5969837068,8.349392968,8.566719134,8.548683329
10,60.02455723,63.09902978,63.05506301,60.02455723,63.09902978,63.05506301,0.1956064277,0.1956064276,4.409960278,4.606592467,3.810109809,0.5970520354,0.598062958,0.5970288533,8.350198611,8.567037663,8.549450955
10.05,60.02653649,63.0998255,63.05695109,60.02653649,63.0998255,63.05695109,0.1927921078,0.1927921078,4.409801937,4.60652881,3.809958763,0.597098931,0.5980816693,0.5970732699,8.350990315,8.567355948,8.550206184
10.1,60.02848157,63.1006203,63.05880873,60.02848157,63.1006203,63.05880873,0.1900205229,0.1900205227,4.409646331,4.606465226,3.809810152,0.5971450157,0.5981003592,0.5971169699,8.351768347,8.56767387,8.550949242
10.15,60.03039313,63.10141392,63.06063651,60.03039313,63.10141392,63.06063651,0.1872909355,0.1872909353,4.409493406,4.606401736,3.809663929,0.5971903051,0.598119021,0.5971599665,8.352532968,8.567991318,8.551680353
10.2,60.03227179,63.10220609,63.06243496,60.03227179,63.10220608,63.06243496,0.1846026245,0.1846026241,4.409343113,4.606338363,3.809520053,0.5972348145,0.5981376485,0.5972022725,8.353284435,8.568308184,8.552399733
10.25,60.0341182,63.10299654,63.06420461,60.0341182,63.10299654,63.06420461,0.181954884,0.1819548836,4.4091954,4.606275127,3.809378481,0.5972785587,0.5981562356,0.5972439004,8.354022999,8.568624366,8.553107595
10.3,60.03593296,63.10378504,63.06594599,60.03593296,63.10378504,63.065946,0.1793470235,0.179347023,4.409050219,4.606212047,3.809239171,0.5973215523,0.5981747765,0.5972848626,8.354748903,8.568939765,8.553804147
10.35,60.03771668,63.10457135,63.06765961,60.03771668,63.10457134,63.06765961,0.176778367,0.1767783664,4.408907522,4.606149142,3.809102081,0.5973638095,0.5981932659,0.5973251711,8.355462389,8.569254288,8.554489595
10.4,60.03946993,63.10535524,63.06934596,60.03946994,63.10535524,63.06934597,0.1742482529,0.1742482523,4.408767262,4.606086431,3.808967173,0.5974053444,0.5982116984,0.5973648375,8.356163692,8.569567847,8.555164136
10.45,60.04119331,63.10613651,63.07100554,60.04119331,63.10613651,63.07100554,0.1717560333,0.1717560328,4.408629392,4.606023929,3.808834407,0.5974461706,0.598230069,0.5974038735,8.356853042,8.569880355,8.555827966
10.5,60.04288736,63.10691496,63.07263882,60.04288736,63.10691496,63.07263882,0.1693010742,0.1693010738,4.408493867,4.605961653,3.808703745,0.5974863014,0.598248373,0.5974422904,8.357530663,8.570191733,8.556481277
10.55,60.04455265,63.10769038,63.07424627,60.04455265,63.10769038,63.07424627,0.1668827543,0.1668827541,4.408360645,4.60589962,3.808575149,0.59752575,0.5982666059,0.597480099,8.358196777,8.570501902,8.557124256
10.6,60.0461897,63.1084626,63.07582834,60.0461897,63.1084626,63.07582834,0.1645004653,0.1645004654,4.40822968,4.605837842,3.808448583,0.5975645293,0.5982847633,0.5975173104,8.3588516,8.570810791,8.557757087
10.65,60.04779906,63.10923145,63.0773855,60.04779906,63.10923145,63.07738549,0.1621536115,0.1621536118,4.408100931,4.605776334,3.80832401,0.5976026517,0.5983028411,0.597553935,8.359495343,8.571118328,8.558379948
10.7,60.04938124,63.10999674,63.07891816,60.04938124,63.10999675,63.07891816,0.159841609,0.1598416095,4.407974357,4.60571511,3.808201397,0.5976401295,0.5983208356,0.5975899832,8.360128213,8.571424448,8.558993016
10.75,60.05093674,63.11075834,63.08042678,60.05093673,63.11075835,63.08042678,0.1575638859,0.1575638866,4.407849918,4.605654183,3.808080708,0.5976769748,0.5983387428,0.5976254652,8.360750412,8.571729087,8.559596462
10.8,60.05246606,63.11151609,63.08191177,60.05246605,63.1115161,63.08191176,0.1553198817,0.1553198825,4.407727572,4.605593563,3.807961909,0.5977131995,0.5983565595,0.5976603909,8.36136214,8.572032187,8.560190456
10.85,60.05396968,63.11226985,63.08337353,60.05396968,63.11226986,63.08337353,0.1531090471,0.1531090478,4.407607282,4.605533262,3.807844967,0.5977488149,0.5983742822,0.5976947701,8.361963591,8.572333691,8.560775163
10.9,60.05544809,63.11301949,63.08481249,60.05544809,63.11301949,63.08481249,0.1509308435,0.150930844,4.407489009,4.605473291,3.807729851,0.5977838325,0.5983919078,0.5977286122,8.362554955,8.572633546,8.561350745
10.95,60.05690175,63.11376487,63.08622902,60.05690175,63.11376488,63.08622902,0.1487847431,0.1487847433,4.407372716,4.60541366,3.807616528,0.5978182634,0.5984094334,0.5977619267,8.363136419,8.5729317,8.56191736
11,60.05833112,63.11450589,63.08762353,60.05833112,63.11450589,63.08762353,0.146670228,0.1466702281,4.407258367,4.605354379,3.807504967,0.5978521183,0.598426856,0.5977947227,8.363708166,8.573228106,8.562475163
11.05,60.05973664,63.11524242,63.0889964,60.05973664,63.11524242,63.0889964,0.1445867908,0.1445867908,4.407145925,4.605295456,3.807395138,0.5978854078,0.5984441732,0.5978270092,8.364270374,8.573522718,8.563024308
11.1,60.06111875,63.11597436,63.09034798,60.06111875,63.11597436,63.09034798,0.1425339337,0.1425339337,4.407035356,4.605236901,3.807287011,0.5979181425,0.5984613823,0.5978587949,8.364823219,8.573815495,8.563564943
11.15,60.06247789,63.11670162,63.09167866,60.06247789,63.11670162,63.09167866,0.1405111687,0.1405111687,4.406926625,4.605178721,3.807180557,0.5979503325,0.598478481,0.5978900885,8.365366873,8.574106397,8.564097215
11.2,60.06381446,63.11742409,63.09298879,60.06381446,63.11742409,63.09298879,0.1385180169,0.1385180169,4.406819699,4.605120923,3.807075747,0.5979819877,0.5984954672,0.5979208985,8.365901504,8.574395385,8.564621266
11.25,60.0651289,63.11814169,63.09427872,60.0651289,63.11814169,63.09427872,0.1365540085,0.1365540085,4.406714545,4.605063515,3.806972553,0.598013118,0.5985123389,0.597951233,8.366427276,8.574682426,8.565137237
11.3,60.06642158,63.11885434,63.09554879,60.06642158,63.11885434,63.09554879,0.1346186827,0.1346186827,4.40661113,4.605006503,3.806870947,0.598043733,0.5985290939,0.5979811003,8.366944352,8.574967486,8.565645266
11.35,60.06769293,63.11956196,63.09679935,60.06769293,63.11956196,63.09679935,0.1327115872,0.1327115872,4.406509422,4.604949893,3.806770902,0.5980738419,0.5985457307,0.5980105082,8.367452888,8.575250535,8.566145488
11.4,60.06894331,63.12026449,63.09803071,60.06894331,63.12026448,63.09803071,0.1308322782,0.1308322782,4.406409392,4.604893691,3.806672393,0.5981034541,0.5985622474,0.5980394645,8.367953041,8.575531544,8.566638035
11.45,60.07017311,63.12096184,63.09924322,60.07017311,63.12096184,63.09924322,0.1289803201,0.12898032,4.406311008,4.604837903,3.806575393,0.5981325785,0.5985786426,0.598067977,8.368444962,8.575810486,8.567123037
11.5,60.0713827,63.12165397,63.10043718,60.0713827,63.12165397,63.10043718,0.1271552852,0.1271552851,4.40621424,4.604782532,3.806479876,0.5981612239,0.5985949147,0.5980960531,8.3689288,8.576087338,8.567600621
11.55,60.07257245,63.12234082,63.1016129,60.07257246,63.12234081,63.10161291,0.1253567539,0.1253567537,4.40611906,4.604727585,3.806385818,0.5981893991,0.5986110626,0.5981237,8.3694047,8.576362076,8.568070912
11.6,60.07374272,63.12302232,63.1027707,60.07374272,63.12302232,63.1027707,0.1235843141,0.1235843138,4.406025439,4.604673064,3.806293194,0.5982171124,0.5986270849,0.5981509251,8.369872806,8.57663468,8.568534031
11.65,60.07489385,63.12369845,63.10391087,60.07489385,63.12369845,63.10391087,0.1218375611,0.1218375607,4.405933349,4.604618974,3.80620198,0.5982443722,0.5986429805,0.5981777355,8.370333257,8.576905129,8.568990099
11.7,60.07602618,63.12436915,63.10503371,60.07602618,63.12436914,63.10503371,0.1201160976,0.1201160971,4.405842762,4.604565318,3.806112153,0.5982711867,0.5986587483,0.5982041379,8.370786192,8.577173408,8.569439234
11.75,60.07714006,63.12503438,63.1061395,60.07714006,63.12503437,63.1061395,0.1184195334,0.1184195329,4.405753651,4.6045121,3.80602369,0.5982975638,0.5986743876,0.5982301393,8.371231743,8.5774395,8.569881551
11.8,60.07823581,63.1256941,63.10722853,60.07823582,63.1256941,63.10722853,0.1167474853,0.1167474848,4.405665991,4.604459322,3.805936568,0.5983235113,0.5986898974,0.5982557462,8.371670044,8.57770339,8.570317162
11.85,60.07931376,63.12634829,63.10830108,60.07931376,63.12634829,63.10830108,0.1150995769,0.1150995765,4.405579755,4.604406987,3.805850764,0.5983490369,0.5987052769,0.5982809653,8.372101223,8.577965067,8.57074618
11.9,60.08037422,63.12699692,63.10935741,60.08037422,63.12699692,63.10935741,0.1134754383,0.113475438,4.405494919,4.604355097,3.805766257,0.5983741481,0.5987205256,0.5983058029,8.372525407,8.578224517,8.571168713
11.95,60.08141751,63.12763996,63.11039779,60.08141751,63.12763996,63.11039779,0.1118747064,0.1118747063,4.405411456,4.604303653,3.805683027,0.5983988523,0.5987356427,0.5983302653,8.372942721,8.578481733,8.571584867
12,60.08244392,63.12827738,63.11142249,60.08244392,63.12827738,63.11142249,0.1102970242,0.1102970243,4.405329343,4.604252659,3.80560105,0.5984231566,0.5987506279,0.5983543587,8.373353285,8.578736703,8.571994748
12.05,60.08345375,63.12890918,63.11243177,60.08345375,63.12890918,63.11243177,0.1087420411,0.1087420413,4.405248556,4.604202115,3.805520308,0.5984470683,0.5987654807,0.5983780892,8.373757219,8.578989423,8.572398458
12.1,60.08444731,63.12953534,63.11342587,60.0844473,63.12953534,63.11342587,0.1072094125,0.1072094129,4.405169072,4.604152023,3.80544078,0.5984705941,0.5987802006,0.5984014627,8.37415464,8.579239884,8.572796098
12.15,60.08542486,63.13015583,63.11440504,60.08542486,63.13015584,63.11440504,0.1056987997,0.1056988002,4.405090867,4.604102383,3.805362446,0.598493741,0.5987947875,0.598424485,8.374545663,8.579488083,8.573187768
12.2,60.08638671,63.13077066,63.11536953,60.0863867,63.13077067,63.11536953,0.1042098698,0.1042098705,4.40501392,4.604053197,3.805285287,0.5985165155,0.5988092411,0.5984471618,8.3749304,8.579734015,8.573573563
12.25,60.08733311,63.13137982,63.11631958,60.08733311,63.13137982,63.11631958,0.1027422959,0.1027422965,4.404938208,4.604004464,3.805209284,0.5985389242,0.5988235613,0.5984694988,8.375308962,8.579977678,8.573953581
12.3,60.08826434,63.1319833,63.11725541,60.08826434,63.1319833,63.11725541,0.1012957562,0.1012957567,4.404863709,4.603956186,3.805134417,0.5985609735,0.5988377479,0.5984915014,8.375681456,8.580219069,8.574327914
12.35,60.08918067,63.1325811,63.11817726,60.08918067,63.1325811,63.11817726,0.09986993451,0.09986993484,4.404790402,4.603908362,3.805060669,0.5985826697,0.5988518008,0.5985131751,8.376047988,8.580458189,8.574696654
12.4,60.09008236,63.13317321,63.11908535,60.09008236,63.13317322,63.11908535,0.0984645201,0.09846452023,4.404718268,4.603860993,3.804988022,0.5986040189,0.5988657202,0.5985345252,8.376408662,8.580695036,8.575059891
12.45,60.09096966,63.13375966,63.11997991,60.09096966,63.13375966,63.11997991,0.09707920723,0.09707920721,4.404647284,4.603814078,3.804916457,0.5986250273,0.598879506,0.598555557,8.376763581,8.580929612,8.575417715
12.5,60.09184282,63.13434042,63.12086116,60.09184282,63.13434042,63.12086116,0.09571369534,0.09571369531,4.404577431,4.603767616,3.804845958,0.5986457007,0.5988931584,0.5985762754,8.377112845,8.581161918,8.575770212
12.55,60.09270208,63.13491552,63.12172929,60.09270208,63.13491552,63.12172929,0.09436768908,0.09436768904,4.40450869,4.603721608,3.804776507,0.5986660449,0.5989066775,0.5985966856,8.37745655,8.581391959,8.576117467
12.6,60.09354769,63.13548497,63.12258454,60.09354769,63.13548496,63.12258454,0.09304089788,0.09304089783,4.404441041,4.603676053,3.804708087,0.5986860657,0.5989200635,0.5986167925,8.377794794,8.581619736,8.576459564
12.65,60.09437988,63.13604876,63.12342709,60.09437988,63.13604876,63.12342709,0.09173303597,0.09173303592,4.404374466,4.603630949,3.804640683,0.5987057686,0.5989333167,0.5986366009,8.378127671,8.581845254,8.576796586
12.7,60.09519889,63.13660692,63.12425716,60.09519889,63.13660692,63.12425716,0.09044382227,0.09044382224,4.404308945,4.603586296,3.804574277,0.5987251592,0.5989464374,0.5986561155,8.378455273,8.582068519,8.577128613
12.75,60.09600493,63.13715947,63.12507494,60.09600493,63.13715947,63.12507494,0.08917298035,0.08917298033,4.404244462,4.603542093,3.804508855,0.5987442427,0.598959426,0.5986753412,8.378777691,8.582289536,8.577455725
12.8,60.09679824,63.13770641,63.12588062,60.09679824,63.1377064,63.12588062,0.08792023828,0.08792023826,4.404180997,4.603498338,3.8044444,0.5987630245,0.5989722827,0.5986942824,8.379095014,8.582508312,8.577777999
12.85,60.09757903,63.13824776,63.12667441,60.09757903,63.13824776,63.12667441,0.08668532855,0.08668532852,4.404118534,4.603455029,3.804380898,0.5987815097,0.5989850081,0.5987129436,8.379407329,8.582724853,8.578095512
12.9,60.09834751,63.13878354,63.12745647,60.09834751,63.13878354,63.12745648,0.08546798799,0.08546798794,4.404057056,4.603412167,3.804318332,0.5987997035,0.5989976025,0.5987313293,8.379714722,8.582939167,8.57840834
12.95,60.0991039,63.13931378,63.12822701,60.0991039,63.13931378,63.12822701,0.0842679577,0.08426795761,4.403996545,4.603369748,3.804256689,0.5988176107,0.5990100665,0.5987494438,8.380017277,8.583151262,8.578716555
13,60.0998484,63.13983849,63.12898621,60.0998484,63.13983849,63.12898621,0.08308498294,0.0830849828,4.403936985,4.603327771,3.804195954,0.5988352364,0.5990224005,0.5987672913,8.380315077,8.583361147,8.579020232
13.05,60.10058121,63.1403577,63.12973423,60.10058121,63.1403577,63.12973423,0.08191881305,0.08191881284,4.40387836,4.603286234,3.804136112,0.5988525852,0.5990346051,0.5987848762,8.380608202,8.583568831,8.57931944
13.1,60.10130253,63.14087144,63.13047125,60.10130253,63.14087143,63.13047125,0.08076920139,0.08076920111,4.403820654,4.603245135,3.80407715,0.5988696619,0.599046681,0.5988022025,8.380896731,8.583774324,8.579614251
13.15,60.10201256,63.14137972,63.13119745,60.10201256,63.14137971,63.13119746,0.07963590524,0.07963590491,4.403763851,4.603204473,3.804019054,0.5988864711,0.5990586286,0.5988192742,8.381180743,8.583977636,8.579904732
13.2,60.10271149,63.14188257,63.131913,60.10271149,63.14188257,63.131913,0.07851868576,0.07851868539,4.403707937,4.603164244,3.80396181,0.5989030174,0.5990704486,0.5988360954,8.381460314,8.584178778,8.580190951
13.25,60.1033995,63.14238003,63.13261806,60.1033995,63.14238002,63.13261807,0.07741730789,0.07741730749,4.403652896,4.603124448,3.803905405,0.5989193051,0.5990821416,0.5988526699,8.381735518,8.584377761,8.580472976
13.3,60.10407678,63.14287211,63.1333128,60.10407678,63.14287211,63.1333128,0.07633154028,0.07633153989,4.403598714,4.603085081,3.803849826,0.5989353387,0.5990937084,0.5988690015,8.382006431,8.584574595,8.58075087
13.35,60.10474351,63.14335886,63.13399737,60.10474351,63.14335886,63.13399737,0.07526115523,0.07526115488,4.403545375,4.603046141,3.80379506,0.5989511223,0.5991051496,0.5988850941,8.382273123,8.584769294,8.581024699
13.4,60.10539987,63.1438403,63.13467194,60.10539987,63.1438403,63.13467194,0.07420592863,0.07420592835,4.403492867,4.603007626,3.803741095,0.5989666603,0.599116466,0.5989009514,8.382535666,8.584961869,8.581294525
13.45,60.10604603,63.14431646,63.13533665,60.10604603,63.14431645,63.13533665,0.07316563988,0.07316563969,4.403441174,4.602969534,3.803687918,0.5989819568,0.5991276582,0.598916577,8.382794129,8.585152332,8.58156041
13.5,60.10668215,63.14478737,63.13599166,60.10668215,63.14478737,63.13599166,0.07214007182,0.07214007176,4.403390284,4.602931861,3.803635517,0.5989970157,0.5991387271,0.5989319745,8.38304858,8.585340697,8.581822415
13.55,60.10730842,63.14525307,63.13663713,60.10730842,63.14525307,63.13663713,0.07112901069,0.07112901078,4.403340183,4.602894605,3.80358388,0.599011841,0.5991496734,0.5989471474,8.383299087,8.585526977,8.5820806
13.6,60.10792499,63.14571359,63.13727319,60.10792499,63.14571359,63.13727318,0.07013224606,0.07013224629,4.403290857,4.602857763,3.803532995,0.5990264368,0.5991604979,0.5989620991,8.383545715,8.585711185,8.582335024
13.65,60.10853203,63.14616896,63.13789999,60.10853203,63.14616896,63.13789998,0.06914957075,0.06914957111,4.403242294,4.602821333,3.803482851,0.5990408067,0.5991712014,0.5989768331,8.383788529,8.585893335,8.582585744
13.7,60.10912969,63.14661923,63.13851767,60.10912968,63.14661923,63.13851767,0.0681807808,0.06818078126,4.403194482,4.602785312,3.803433436,0.5990549545,0.5991817848,0.5989913528,8.384027592,8.586073441,8.582832818
13.75,60.10971812,63.14706442,63.13912638,60.10971812,63.14706442,63.13912637,0.06722567538,0.0672256759,4.403147407,4.602749697,3.80338474,0.5990688839,0.5991922488,0.5990056613,8.384262967,8.586251517,8.5830763
13.8,60.11029749,63.14750457,63.13972624,60.11029749,63.14750457,63.13972624,0.06628405675,0.06628405728,4.403101057,4.602714485,3.803336751,0.5990825986,0.5992025943,0.5990197619,8.384494714,8.586427577,8.583316247
13.85,60.11086794,63.14793972,63.1403174,60.11086794,63.14793972,63.1403174,0.06535573022,0.06535573068,4.403055421,4.602679673,3.803289458,0.5990961021,0.5992128223,0.5990336579,8.384722893,8.586601636,8.583552712
13.9,60.11142961,63.1483699,63.14089999,60.11142961,63.1483699,63.14089999,0.06444050403,0.06444050438,4.403010487,4.602645258,3.80324285,0.5991093979,0.5992229335,0.5990473522,8.384947564,8.58677371,8.583785748
13.95,60.11198266,63.14879515,63.14147414,60.11198266,63.14879516,63.14147414,0.06353818937,0.06353818957,4.402966243,4.602611238,3.803196919,0.5991224893,0.5992329288,0.5990608481,8.385168784,8.586943812,8.584015407
14,60.11252723,63.14921552,63.14203998,60.11252723,63.14921552,63.14203998,0.06264860027,0.06264860033,4.402922678,4.602577608,3.803151652,0.5991353798,0.5992428091,0.5990741485,8.38538661,8.587111958,8.584241741
14.05,60.11306345,63.14963103,63.14259763,60.11306345,63.14963103,63.14259763,0.06177155359,0.06177155356,4.40287978,4.602544368,3.80310704,0.5991480728,0.5992525753,0.5990872564,8.385601098,8.587278162,8.5844648
14.1,60.11359146,63.15004173,63.14314721,60.11359146,63.15004173,63.14314721,0.06090686897,0.06090686894,4.40283754,4.602511512,3.803063073,0.5991605713,0.5992622284,0.5991001747,8.385812302,8.587442441,8.584684635
14.15,60.1141114,63.15044765,63.14368886,60.1141114,63.15044765,63.14368886,0.06005436893,0.06005436889,4.402795945,4.602479038,3.803019741,0.5991728786,0.5992717691,0.5991129063,8.386020276,8.587604811,8.584901293
14.2,60.11462339,63.15084884,63.14422268,60.11462339,63.15084884,63.14422268,0.05921387854,0.0592138785,4.402754985,4.602446943,3.802977036,0.5991849979,0.5992811985,0.599125454,8.386225074,8.587765285,8.585114822
14.25,60.11512757,63.15124533,63.1447488,60.11512757,63.15124533,63.1447488,0.05838522555,0.05838522552,4.402714651,4.602415224,3.802934946,0.5991969321,0.5992905175,0.5991378206,8.386426746,8.587923881,8.585325271
14.3,60.11562407,63.15163716,63.14526734,60.11562407,63.15163716,63.14526734,0.05756824029,0.05756824026,4.402674931,4.602383877,3.802893463,0.5992086844,0.599299727,0.5991500088,8.386625345,8.588080614,8.585532685
14.35,60.116113,63.15202438,63.1457784,60.116113,63.15202437,63.1457784,0.05676275563,0.05676275561,4.402635816,4.6023529,3.802852578,0.5992202577,0.5993088279,0.5991620213,8.386820919,8.5882355,8.585737111
14.4,60.1165945,63.15240701,63.1462821,60.1165945,63.15240701,63.1462821,0.05596860697,0.05596860696,4.402597297,4.602322289,3.802812282,0.5992316548,0.5993178212,0.5991738608,8.387013517,8.588388555,8.585938592
14.45,60.11706868,63.15278511,63.14677856,60.11706868,63.15278511,63.14677856,0.05518563216,0.05518563215,4.402559362,4.602292041,3.802772565,0.5992428787,0.5993267079,0.5991855298,8.387203189,8.588539795,8.586137173
14.5,60.11753566,63.15315871,63.14726787,60.11753566,63.15315871,63.14726787,0.05441367149,0.05441367146,4.402522004,4.602262153,3.80273342,0.5992539321,0.5993354887,0.5991970309,8.387389982,8.588689235,8.586332898
14.55,60.11799556,63.15352786,63.14775015,60.11799556,63.15352786,63.14775015,0.0536525676,0.05365256755,4.402485212,4.602232621,3.802694838,0.5992648178,0.5993441648,0.5992083666,8.387573941,8.588836894,8.58652581
14.6,60.11844849,63.15389259,63.1482255,60.11844849,63.15389259,63.1482255,0.0529021655,0.05290216541,4.402448977,4.602203443,3.80265681,0.5992755386,0.5993527371,0.5992195394,8.387755114,8.588982785,8.58671595
14.65,60.11889456,63.15425294,63.14869402,60.11889456,63.15425294,63.14869403,0.0521623125,0.05216231236,4.402413291,4.602174615,3.802619328,0.599286097,0.5993612065,0.5992305518,8.387933544,8.589126926,8.58690336
14.7,60.11933389,63.15460896,63.14915583,60.11933389,63.15460896,63.14915583,0.05143285815,0.05143285797,4.402378145,4.602146134,3.802582384,0.5992964957,0.5993695739,0.5992414061,8.388109276,8.589269332,8.58708808
14.75,60.11976659,63.15496068,63.149611,60.11976659,63.15496068,63.14961101,0.05071365427,0.05071365403,4.402343529,4.602117996,3.80254597,0.5993067373,0.5993778404,0.5992521046,8.388282353,8.589410021,8.587270152
14.8,60.12019275,63.15530814,63.15005966,60.12019275,63.15530814,63.15005966,0.05000455485,0.05000455454,4.402309437,4.602090199,3.802510077,0.5993168242,0.5993860068,0.5992626498,8.388452817,8.589549007,8.587449613
14.85,60.12061248,63.1556514,63.15050189,60.12061249,63.15565139,63.15050189,0.04930541602,0.04930541567,4.402275858,4.602062738,3.802474699,0.599326759,0.5993940742,0.5992730438,8.388620712,8.589686308,8.587626504
14.9,60.1210259,63.15599047,63.15093778,60.1210259,63.15599047,63.15093778,0.04861609606,0.04861609568,4.402242785,4.602035612,3.802439828,0.5993365441,0.5994020434,0.599283289,8.388786077,8.589821939,8.587800862
14.95,60.12143309,63.15632542,63.15136744,60.12143309,63.15632542,63.15136744,0.04793645532,0.04793645493,4.402210209,4.602008817,3.802405455,0.5993461819,0.5994099155,0.5992933875,8.388948953,8.589955917,8.587972724
15,60.12183416,63.15665627,63.15179095,60.12183416,63.15665627,63.15179095,0.04726635624,0.04726635586,4.402178124,4.601982348,3.802371574,0.5993556747,0.5994176913,0.5993033415,8.38910938,8.590088258,8.588142128
15.05,60.1222292,63.15698307,63.1522084,60.1222292,63.15698307,63.1522084,0.04660566324,0.04660566289,4.40214652,4.601956205,3.802338178,0.5993650249,0.5994253719,0.5993131532,8.389267398,8.590218977,8.588309111
15.1,60.12261831,63.15730585,63.15261989,60.12261831,63.15730585,63.15261989,0.04595424275,0.04595424246,4.402115391,4.601930382,3.802305259,0.5993742347,0.5994329582,0.5993228247,8.389423043,8.590348092,8.588473707
15.15,60.12300159,63.15762467,63.15302551,60.12300159,63.15762467,63.15302551,0.04531196316,0.04531196297,4.402084729,4.601904877,3.80227281,0.5993833063,0.599440451,0.5993323579,8.389576354,8.590475617,8.588635952
15.2,60.12337912,63.15793955,63.15342533,60.12337912,63.15793955,63.15342533,0.0446786948,0.04467869471,4.402054526,4.601879686,3.802240824,0.599392242,0.5994478515,0.5993417551,8.389727368,8.59060157,8.588795882
15.25,60.12375101,63.15825054,63.15381945,60.12375101,63.15825054,63.15381945,0.04405430988,0.04405430991,4.402024776,4.601854807,3.802209294,0.5994010438,0.5994551604,0.5993510181,8.389876121,8.590725966,8.588953529
15.3,60.12411733,63.15855768,63.15420794,60.12411733,63.15855768,63.15420794,0.04343868248,0.04343868265,4.40199547,4.601830236,3.802178214,0.599409714,0.5994623788,0.599360149,8.39002265,8.590848821,8.589108928
15.35,60.12447817,63.158861,63.1545909,60.12447817,63.158861,63.1545909,0.04283168854,0.04283168883,4.401966602,4.60180597,3.802147578,0.5994182546,0.5994695075,0.5993691496,8.390166988,8.590970151,8.589262111
15.4,60.12483363,63.15916055,63.1549684,60.12483363,63.15916056,63.1549684,0.04223320578,0.04223320618,4.401938166,4.601782006,3.802117378,0.5994266676,0.5994765475,0.599378022,8.390309171,8.591089971,8.589413112
15.45,60.12518379,63.15945637,63.15534053,60.12518378,63.15945637,63.15534053,0.04164311372,0.0416431142,4.401910153,4.60175834,3.802087608,0.599434955,0.5994834998,0.599386768,8.390449233,8.591208298,8.589561961
15.5,60.12552872,63.15974849,63.15570735,60.12552872,63.1597485,63.15570735,0.04106129361,0.04106129414,4.401882559,4.60173497,3.802058262,0.5994431189,0.5994903653,0.5993953894,8.390587206,8.591325148,8.589708692
15.55,60.12586852,63.16003696,63.15606896,60.12586851,63.16003697,63.15606896,0.04048762846,0.04048762899,4.401855375,4.601711893,3.802029333,0.5994511611,0.5994971448,0.5994038881,8.390723125,8.591440535,8.589853334
15.6,60.12620325,63.16032181,63.15642542,60.12620325,63.16032182,63.15642542,0.03992200293,0.03992200342,4.401828596,4.601689105,3.802000816,0.5994590836,0.5995038393,0.5994122658,8.39085702,8.591554476,8.589995919
15.65,60.12653301,63.16060309,63.15677681,60.12653301,63.16060309,63.15677681,0.03936430338,0.03936430377,4.401802215,4.601666603,3.801972705,0.5994668883,0.5995104497,0.5994205244,8.390988924,8.591666985,8.590136476
15.7,60.12685787,63.16088082,63.15712321,60.12685787,63.16088082,63.15712321,0.03881441777,0.03881441804,4.401776226,4.601644384,3.801944993,0.5994745769,0.5995169769,0.5994286656,8.391118868,8.591778079,8.590275035
15.75,60.12717791,63.16115506,63.15746469,60.12717791,63.16115506,63.15746469,0.03827223572,0.03827223585,4.401750624,4.601622445,3.801917675,0.5994821513,0.5995234218,0.5994366911,8.391246882,8.591887773,8.590411625
15.8,60.1274932,63.16142583,63.15780131,60.1274932,63.16142583,63.15780131,0.03773764838,0.03773764839,4.401725401,4.601600784,3.801890745,0.5994896134,0.5995297853,0.5994446026,8.391372997,8.591996081,8.590546275
15.85,60.12780381,63.16169317,63.15813316,60.12780381,63.16169317,63.15813316,0.03721054848,0.03721054845,4.401700551,4.601579396,3.801864197,0.5994969648,0.5995360683,0.5994524017,8.391497243,8.592103018,8.590679014
15.9,60.12810982,63.16195713,63.1584603,60.12810982,63.16195713,63.1584603,0.03669083039,0.03669083036,4.401676071,4.60155828,3.801838026,0.5995042072,0.5995422716,0.5994600901,8.391619647,8.592208601,8.590809869
15.95,60.1284113,63.16221773,63.15878279,60.1284113,63.16221773,63.15878279,0.03617839,0.03617838996,4.401651952,4.601537431,3.801812227,0.5995113424,0.5995483962,0.5994676694,8.39174024,8.592312843,8.590938867
16,60.12870833,63.16247503,63.15910071,60.12870833,63.16247503,63.15910071,0.03567312465,0.03567312461,4.40162819,4.601516848,3.801786793,0.5995183721,0.5995544429,0.5994751412,8.391859049,8.592415761,8.591066036
16.05,60.12900096,63.16272904,63.15941413,60.12900096,63.16272904,63.15941413,0.03517493316,0.03517493312,4.40160478,4.601496527,3.80176172,0.5995252978,0.5995604125,0.5994825071,8.391976102,8.592517367,8.591191402
16.1,60.12928927,63.16297982,63.1597231,60.12928927,63.16297982,63.1597231,0.03468371582,0.03468371579,4.401581715,4.601476464,3.801737002,0.5995321212,0.5995663061,0.5994897685,8.392091425,8.592617678,8.591314991
16.15,60.12957332,63.16322739,63.1600277,60.12957332,63.16322739,63.1600277,0.03419937434,0.03419937432,4.401558991,4.601456659,3.801712634,0.5995388439,0.5995721243,0.599496927,8.392205047,8.592716707,8.591436829
16.2,60.12985319,63.1634718,63.16032798,60.12985319,63.1634718,63.16032798,0.03372181186,0.03372181184,4.401536602,4.601437106,3.801688612,0.5995454673,0.5995778681,0.5995039842,8.392316992,8.592814469,8.591556942
16.25,60.13012892,63.16371307,63.16062401,60.13012892,63.16371307,63.16062401,0.03325093287,0.03325093287,4.401514542,4.601417804,3.801664929,0.5995519932,0.5995835383,0.5995109414,8.392427288,8.592910979,8.591675354
16.3,60.1304006,63.16395125,63.16091585,60.1304006,63.16395125,63.16091585,0.03278664329,0.03278664328,4.401492808,4.60139875,3.801641582,0.5995584229,0.5995891357,0.5995178001,8.392535958,8.593006251,8.59179209
16.35,60.13066828,63.16418637,63.16120356,60.13066828,63.16418637,63.16120356,0.03232885033,0.0323288503,4.401471394,4.60137994,3.801618565,0.5995647579,0.5995946612,0.5995245617,8.39264303,8.593100299,8.591907174
16.4,60.13093202,63.16441847,63.1614872,60.13093202,63.16441847,63.1614872,0.03187746256,0.03187746251,4.401450295,4.601361373,3.801595874,0.5995709997,0.5996001156,0.5995312277,8.392748526,8.593193136,8.59202063
16.45,60.13119188,63.16464757,63.16176683,60.13119188,63.16464757,63.16176683,0.03143238985,0.03143238976,4.401429506,4.601343045,3.801573504,0.5995771497,0.5996054997,0.5995377993,8.392852471,8.593284777,8.592132482
16.5,60.13144793,63.16487372,63.16204251,60.13144793,63.16487372,63.16204251,0.03099354335,0.03099354322,4.401409022,4.601324953,3.801551449,0.5995832094,0.5996108143,0.5995442781,8.39295489,8.593375236,8.592242753
16.55,60.13170022,63.16509694,63.16231429,60.13170022,63.16509694,63.16231429,0.03056083549,0.0305608353,4.401388839,4.601307095,3.801529707,0.5995891801,0.5996160603,0.5995506653,8.393055805,8.593464527,8.592351465
16.6,60.1319488,63.16531728,63.16258223,60.1319488,63.16531728,63.16258223,0.03013417994,0.03013417968,4.401368952,4.601289468,3.801508272,0.5995950632,0.5996212384,0.5995569622,8.393155239,8.593552662,8.592458641
16.65,60.13219374,63.16553477,63.16284639,60.13219374,63.16553476,63.16284639,0.02971349159,0.02971349128,4.401349357,4.601272069,3.801487139,0.5996008601,0.5996263494,0.5995631702,8.393253215,8.593639656,8.592564304
16.7,60.1324351,63.16574943,63.16310681,60.1324351,63.16574943,63.16310681,0.02929868658,0.02929868621,4.401330049,4.601254896,3.801466305,0.5996065719,0.5996313941,0.5995692905,8.393349756,8.593725522,8.592668474
16.75,60.13267291,63.16596131,63.16336356,60.13267291,63.16596131,63.16336356,0.02888968221,0.02888968179,4.401311023,4.601237945,3.801445765,0.5996122001,0.5996363733,0.5995753244,8.393444883,8.593810273,8.592771174
16.8,60.13290725,63.16617043,63.16361669,60.13290725,63.16617043,63.16361669,0.02848639697,0.02848639651,4.401292276,4.601221216,3.801425515,0.599617746,0.5996412878,0.5995812731,8.393538618,8.593893922,8.592872425
16.85,60.13313816,63.16637683,63.16386624,60.13313816,63.16637683,63.16386624,0.02808875052,0.02808875004,4.401273803,4.601204704,3.801405551,0.5996232107,0.5996461383,0.5995871379,8.393630983,8.593976482,8.592972247
16.9,60.1333657,63.16658054,63.16411228,60.1333657,63.16658054,63.16411228,0.02769666364,0.02769666317,4.401255601,4.601188407,3.801385868,0.5996285955,0.5996509255,0.5995929199,8.393721997,8.594057967,8.593070661
16.95,60.13358991,63.1667816,63.16435484,60.13358991,63.16678159,63.16435484,0.02731005827,0.02731005782,4.401237664,4.601172322,3.801366463,0.5996339017,0.5996556504,0.5995986204,8.393811681,8.594138388,8.593167687
17,60.13381085,63.16698002,63.16459399,60.13381085,63.16698002,63.16459399,0.02692885743,0.02692885703,4.401219989,4.601156448,3.801347331,0.5996391304,0.5996603135,0.5996042405,8.393900057,8.594217759,8.593263345
17.05,60.13402856,63.16717586,63.16482976,60.13402856,63.16717586,63.16482976,0.02655298526,0.02655298493,4.401202571,4.601140781,3.801328469,0.5996442827,0.5996649156,0.5996097813,8.393987143,8.594296093,8.593357654
17.1,60.1342431,63.16736913,63.16506221,60.1342431,63.16736913,63.16506221,0.02618236697,0.02618236673,4.401185408,4.60112532,3.801309873,0.59964936,0.5996694575,0.5996152441,8.394072959,8.594373401,8.593450635
17.15,60.13445451,63.16755987,63.16529139,60.13445452,63.16755987,63.16529139,0.02581692881,0.0258169287,4.401168495,4.601110061,3.801291539,0.5996543632,0.5996739398,0.5996206299,8.394157524,8.594449696,8.593542306
17.2,60.13466285,63.1677481,63.16551734,60.13466285,63.1677481,63.16551734,0.02545659813,0.02545659815,4.401151828,4.601095002,3.801273463,0.5996592935,0.5996783634,0.5996259398,8.394240858,8.594524991,8.593632685
17.25,60.13486815,63.16793387,63.1657401,60.13486815,63.16793387,63.1657401,0.02510130326,0.02510130342,4.401135404,4.601080141,3.801255642,0.5996641521,0.5996827289,0.5996311749,8.394322978,8.594599297,8.593721792
17.3,60.13507046,63.16811719,63.16595974,60.13507046,63.16811719,63.16595973,0.02475097357,0.02475097387,4.401119219,4.601065475,3.801238071,0.5996689399,0.599687037,0.5996363364,8.394403904,8.594672627,8.593809644
17.35,60.13526984,63.1682981,63.16617627,60.13526984,63.16829811,63.16617627,0.02440553945,0.02440553988,4.401103269,4.601051002,3.801220748,0.5996736582,0.5996912884,0.5996414251,8.394483653,8.594744991,8.593896259
17.4,60.13546631,63.16847663,63.16638976,60.13546631,63.16847664,63.16638976,0.02406493224,0.02406493279,4.401087552,4.601036719,3.801203669,0.5996783078,0.5996954839,0.5996464422,8.394562242,8.594816403,8.593981655
17.45,60.13565993,63.16865281,63.16660025,60.13565993,63.16865281,63.16660025,0.02372908428,0.02372908491,4.401072062,4.601022625,3.80118683,0.5996828899,0.599699624,0.5996513887,8.39463969,8.594886874,8.59406585
17.5,60.13585074,63.16882666,63.16680778,60.13585074,63.16882667,63.16680777,0.02339792886,0.02339792953,4.401056797,4.601008717,3.801170228,0.5996874054,0.5997037095,0.5996562656,8.394716014,8.594956415,8.59414886
17.55,60.13603878,63.16899822,63.16701238,60.13603878,63.16899822,63.16701238,0.0230714002,0.02307140088,4.401041754,4.600994992,3.801153859,0.5996918554,0.599707741,0.5996610739,8.39479123,8.595025038,8.594230703
17.6,60.13622409,63.16916751,63.16721411,60.13622409,63.16916751,63.16721411,0.02274943346,0.0227494341,4.401026929,4.600981449,3.801137721,0.5996962409,0.5997117193,0.5996658146,8.394865355,8.595092754,8.594311395
17.65,60.13640672,63.16933456,63.167413,60.13640672,63.16933456,63.167413,0.02243196471,0.02243196526,4.401012319,4.600968085,3.80112181,0.5997005627,0.599715645,0.5996704886,8.394938405,8.595159574,8.594390952
17.7,60.1365867,63.1694994,63.1676091,60.1365867,63.1694994,63.1676091,0.02211893093,0.02211893135,4.400997921,4.600954898,3.801106122,0.599704822,0.5997195186,0.5996750969,8.395010397,8.59522551,8.59446939
17.75,60.13676407,63.16966205,63.16780244,60.13676407,63.16966206,63.16780244,0.02181026995,0.02181027022,4.400983731,4.600941886,3.801090655,0.5997090195,0.5997233409,0.5996796404,8.395081346,8.595290572,8.594546727
17.8,60.13693888,63.16982255,63.16799307,60.13693888,63.16982255,63.16799307,0.02150592049,0.02150592061,4.400969746,4.600929046,3.801075405,0.5997131563,0.5997271126,0.59968412,8.395151269,8.595354771,8.594622976
17.85,60.13711115,63.16998092,63.16818101,60.13711115,63.16998092,63.16818101,0.02120582213,0.02120582214,4.400955964,4.600916377,3.801060369,0.5997172332,0.5997308341,0.5996885367,8.395220179,8.595418117,8.594698154
17.9,60.13728094,63.17013718,63.16836632,60.13728094,63.17013718,63.16836632,0.02090991529,0.02090991526,4.400942381,4.600903875,3.801045545,0.5997212511,0.5997345062,0.5996928914,8.395288093,8.595480623,8.594772276
17.95,60.13744827,63.17029137,63.16854902,60.13744827,63.17029137,63.16854902,0.02061814131,0.02061814127,4.400928995,4.600891541,3.801030928,0.599725211,0.5997381295,0.5996971849,8.395355026,8.595542297,8.594845358
18,60.13761318,63.1704435,63.16872916,60.13761318,63.1704435,63.16872916,0.02033044235,0.0203304423,4.400915802,4.60087937,3.801016518,0.5997291137,0.5997417046,0.5997014181,8.395420992,8.59560315,8.594917412
18.05,60.13777572,63.17059361,63.16890676,60.13777572,63.17059361,63.16890676,0.02004676135,0.0200467613,4.400902799,4.600867361,3.801002309,0.5997329599,0.599745232,0.5997055919,8.395486005,8.595663194,8.594988456
18.1,60.1379359,63.17074172,63.16908188,60.1379359,63.17074172,63.16908188,0.01976704206,0.019767042,4.400889984,4.600855513,3.8009883,0.5997367507,0.5997487125,0.599709707,8.395550079,8.595722437,8.595058502
18.15,60.13809378,63.17088785,63.16925454,60.13809378,63.17088785,63.16925454,0.01949122901,0.01949122897,4.400877354,4.600843822,3.800974487,0.5997404868,0.5997521465,0.5997137644,8.395613229,8.59578089,8.595127564
18.2,60.13824938,63.17103203,63.16942477,60.13824938,63.17103203,63.16942477,0.01921926754,0.0192192675,4.400864906,4.600832287,3.800960868,0.5997441689,0.5997555347,0.5997177648,8.395675468,8.595838563,8.595195658
18.25,60.13840273,63.17117429,63.16959261,60.13840273,63.17117429,63.16959262,0.01895110374,0.01895110371,4.400852638,4.600820907,3.800947441,0.599747798,0.5997588776,0.5997217091,8.39573681,8.595895466,8.595262796
18.3,60.13855388,63.17131465,63.16975811,60.13855388,63.17131464,63.16975811,0.01868668446,0.01868668444,4.400840546,4.600809678,3.800934202,0.5997513748,0.5997621759,0.5997255981,8.395797269,8.595951608,8.595328992
18.35,60.13870284,63.17145312,63.16992127,60.13870284,63.17145312,63.16992127,0.0184259573,0.0184259573,4.400828629,4.6007986,3.800921148,0.5997549001,0.59976543,0.5997294325,8.395856856,8.596006999,8.595394259
18.4,60.13884967,63.17158975,63.17008215,60.13884967,63.17158975,63.17008215,0.01816887062,0.01816887061,4.400816883,4.60078767,3.800908278,0.5997583746,0.5997686406,0.5997332131,8.395915585,8.59606165,8.595458611
18.45,60.13899438,63.17172455,63.17024078,60.13899438,63.17172455,63.17024078,0.01791537347,0.01791537345,4.400805306,4.600776886,3.800895588,0.5997617991,0.5997718082,0.5997369407,8.39597347,8.596115568,8.595522061
18.5,60.13913701,63.17185753,63.17039718,60.13913701,63.17185753,63.17039718,0.01766541564,0.0176654156,4.400793896,4.600766247,3.800883076,0.5997651743,0.5997749333,0.599740616,8.396030521,8.596168764,8.595584621
18.55,60.13927759,63.17198874,63.17055138,60.13927759,63.17198874,63.17055138,0.01741894763,0.01741894755,4.400782649,4.600755751,3.800870739,0.599768501,0.5997780166,0.5997442398,8.396086753,8.596221246,8.595646304
18.6,60.13941614,63.17211819,63.17070343,60.13941614,63.17211819,63.17070343,0.01717592061,0.01717592048,4.400771565,4.600745395,3.800858576,0.5997717799,0.5997810584,0.5997478127,8.396142176,8.596273025,8.595707122
18.65,60.13955271,63.17224589,63.17085334,60.13955271,63.17224589,63.17085334,0.01693628645,0.01693628626,4.40076064,4.600735178,3.800846583,0.5997750117,0.5997840594,0.5997513356,8.396196802,8.596324108,8.595767087
18.7,60.13968732,63.17237189,63.17100116,60.13968732,63.17237189,63.17100116,0.01669999771,0.01669999744,4.400749871,4.600725099,3.800834758,0.599778197,0.5997870201,0.5997548091,8.396250644,8.596374505,8.595826212
18.75,60.13981999,63.17249619,63.1711469,60.13981999,63.17249618,63.1711469,0.01646700758,0.01646700724,4.400739257,4.600715155,3.800823098,0.5997813366,0.599789941,0.5997582339,8.396303714,8.596424224,8.595884509
18.8,60.13995076,63.17261881,63.1712906,60.13995076,63.17261881,63.1712906,0.01623726996,0.01623726953,4.400728796,4.600705345,3.800811602,0.5997844311,0.5997928226,0.5997616108,8.396356021,8.596473275,8.595941989
18.85,60.14007965,63.17273979,63.17143228,60.14007965,63.17273979,63.17143228,0.01601073933,0.01601073883,4.400718484,4.600695667,3.800800267,0.5997874813,0.5997956655,0.5997649403,8.396407578,8.596521665,8.595998663
18.9,60.14020669,63.17285914,63.17157198,60.1402067,63.17285913,63.17157199,0.01578737088,0.0157873703,4.400708321,4.600686119,3.800789091,0.5997904877,0.59979847,0.5997682232,8.396458396,8.596569404,8.596054544
18.95,60.14033192,63.17297687,63.17170973,60.14033192,63.17297687,63.17170973,0.01556712037,0.01556711972,4.400698303,4.6006767,3.800778072,0.599793451,0.5998012367,0.59977146,8.396508485,8.5966165,8.596109642
19,60.14045535,63.17309303,63.17184554,60.14045535,63.17309303,63.17184555,0.01534994421,0.01534994351,4.400688429,4.600667408,3.800767206,0.5997963718,0.5998039662,0.5997746516,8.396557857,8.59666296,8.596163968
19.05,60.14057701,63.17320761,63.17197946,60.14057701,63.17320761,63.17197946,0.01513579943,0.0151357987,4.400678696,4.600658241,3.800756493,0.5997992508,0.5998066588,0.5997777984,8.396606521,8.596708794,8.596217533
19.1,60.14069693,63.17332065,63.1721115,60.14069693,63.17332065,63.1721115,0.01492464364,0.01492464289,4.400669102,4.600649198,3.80074593,0.5998020885,0.599809315,0.5997809012,8.396654489,8.59675401,8.596270349
19.15,60.14081513,63.17343216,63.17224169,60.14081513,63.17343216,63.17224169,0.01471643505,0.01471643433,4.400659646,4.600640277,3.800735515,0.5998048857,0.5998119354,0.5997839606,8.396701769,8.596798615,8.596322425
19.2,60.14093164,63.17354217,63.17237005,60.14093164,63.17354217,63.17237006,0.01451113249,0.0145111318,4.400650325,4.600631477,3.800725246,0.5998076428,0.5998145204,0.5997869771,8.396748374,8.596842617,8.596373771
19.25,60.14104648,63.17365069,63.17249662,60.14104648,63.17365069,63.17249663,0.01430869532,0.0143086947,4.400641138,4.600622795,3.80071512,0.5998103604,0.5998170705,0.5997899514,8.396794311,8.596886024,8.5964244
19.3,60.14115968,63.17375774,63.17262142,60.14115969,63.17375774,63.17262142,0.0141090835,0.01410908298,4.400632082,4.600614231,3.800705136,0.5998130392,0.599819586,0.599792884,8.396839592,8.596928845,8.596474319
19.35,60.14127127,63.17386334,63.17274448,60.14127127,63.17386334,63.17274448,0.01391225755,0.01391225715,4.400623155,4.600605783,3.800695292,0.5998156797,0.5998220676,0.5997957756,8.396884226,8.596971086,8.59652354
19.4,60.14138126,63.17396751,63.17286581,60.14138126,63.17396751,63.17286581,0.01371817854,0.0137181783,4.400614356,4.600597449,3.800685586,0.5998182825,0.5998245155,0.5997986267,8.396928221,8.597012755,8.596572072
19.45,60.14148968,63.17407027,63.17298544,60.14148968,63.17407027,63.17298544,0.0135268081,0.01352680802,4.400605682,4.600589228,3.800676015,0.5998208481,0.5998269302,0.599801438,8.396971588,8.597053859,8.596619925
19.5,60.14159654,63.17417164,63.1731034,60.14159654,63.17417164,63.1731034,0.01333810837,0.01333810848,4.400597133,4.600581119,3.800666578,0.599823377,0.5998293123,0.5998042099,8.397014336,8.597094407,8.596667109
19.55,60.14170189,63.17427164,63.17321971,60.14170189,63.17427164,63.17321971,0.01315204206,0.01315204235,4.400588705,4.600573119,3.800657274,0.5998258698,0.599831662,0.599806943,8.397056474,8.597134405,8.596713632
19.6,60.14180573,63.17437028,63.17333439,60.14180573,63.17437028,63.17333439,0.01296857238,0.01296857286,4.400580398,4.600565228,3.800648099,0.5998283271,0.5998339799,0.5998096379,8.39709801,8.597173861,8.596759505
19.65,60.14190809,63.17446758,63.17344747,60.14190809,63.17446758,63.17344746,0.01278766306,0.01278766371,4.400572209,4.600557444,3.800639053,0.5998307492,0.5998362663,0.599812295,8.397138953,8.597212781,8.596804736
19.7,60.14200899,63.17456356,63.17355896,60.14200898,63.17456356,63.17355896,0.01260927833,0.01260927914,4.400564138,4.600549765,3.800630133,0.5998331369,0.5998385217,0.5998149151,8.397179312,8.597251173,8.596849334
19.75,60.14210845,63.17465823,63.1736689,60.14210844,63.17465824,63.1736689,0.01243338296,0.01243338389,4.400556181,4.600542191,3.800621338,0.5998354905,0.5998407465,0.5998174984,8.397219096,8.597289043,8.596893309
19.8,60.14220649,63.17475162,63.1737773,60.14220649,63.17475163,63.17377729,0.01225994215,0.01225994318,4.400548337,4.60053472,3.800612666,0.5998378105,0.599842941,0.5998200456,8.397258313,8.5973264,8.596936668
19.85,60.14230313,63.17484375,63.17388418,60.14230313,63.17484375,63.17388418,0.01208892165,0.01208892272,4.400540606,4.60052735,3.800604116,0.5998400974,0.5998451057,0.5998225573,8.397296971,8.597363248,8.596979421
19.9,60.1423984,63.17493461,63.17398957,60.1423984,63.17493462,63.17398957,0.01192028765,0.01192028871,4.400532984,4.600520081,3.800595685,0.5998423518,0.599847241,0.5998250337,8.397335078,8.597399595,8.597021577
19.95,60.14249231,63.17502425,63.17409348,60.14249231,63.17502425,63.17409348,0.01175400682,0.01175400782,4.400525472,4.60051291,3.800587372,0.5998445741,0.5998493472,0.5998274756,8.397372642,8.597435448,8.597063142
20,60.14258488,63.17511266,63.17419594,60.14258488,63.17511266,63.17419594,0.01159004629,0.01159004718,4.400518066,4.600505837,3.800579175,0.5998467647,0.5998514248,0.5998298833,8.397409671,8.597470813,8.597104127
20.05,60.14267614,63.17519987,63.17429697,60.14267614,63.17519987,63.17429697,0.01142837365,0.01142837438,4.400510765,4.600498861,3.800571092,0.5998489241,0.599853474,0.5998322573,8.397446173,8.597505697,8.597144539
20.1,60.14276609,63.17528589,63.17439659,60.14276609,63.17528589,63.17439659,0.01126895694,0.01126895748,4.400503569,4.600491979,3.800563123,0.5998510528,0.5998554954,0.5998345982,8.397482156,8.597540106,8.597184386
20.15,60.14285477,63.17537074,63.17449481,60.14285477,63.17537074,63.17449481,0.01111176463,0.01111176496,4.400496475,4.600485191,3.800555265,0.5998531512,0.5998574892,0.5998369063,8.397517627,8.597574046,8.597223675
20.2,60.14294219,63.17545443,63.17459167,60.14294219,63.17545443,63.17459167,0.01095676564,0.01095676577,4.400489481,4.600478495,3.800547517,0.5998552197,0.5998594559,0.5998391822,8.397552593,8.597607523,8.597262416
20.25,60.14302836,63.17553698,63.17468716,60.14302836,63.17553698,63.17468716,0.01080392929,0.01080392928,4.400482588,4.600471891,3.800539877,0.5998572588,0.5998613957,0.5998414263,8.397587062,8.597640544,8.597300615
20.3,60.14311331,63.17561841,63.17478133,60.14311331,63.17561841,63.17478133,0.01065322533,0.01065322528,4.400475792,4.600465377,3.800532344,0.599859269,0.5998633091,0.599843639,8.397621041,8.597673114,8.597338281
20.35,60.14319705,63.17569873,63.17487418,60.14319705,63.17569873,63.17487418,0.01050462406,0.01050462401,4.400469093,4.600458952,3.800524916,0.5998612506,0.5998651964,0.5998458208,8.397654537,8.59770524,8.59737542
20.4,60.1432796,63.17577794,63.17496573,60.1432796,63.17577794,63.17496573,0.01035809616,0.01035809609,4.400462489,4.600452614,3.800517592,0.599863204,0.5998670579,0.5998479721,8.397687557,8.597736928,8.59741204
20.45,60.14336098,63.17585608,63.175056,60.14336098,63.17585608,63.175056,0.01021361267,0.01021361259,4.400455978,4.600446364,3.80051037,0.5998651297,0.5998688939,0.5998500933,8.397720108,8.597768182,8.597448149
20.5,60.1434412,63.17593315,63.17514501,60.1434412,63.17593315,63.17514501,0.01007114503,0.01007114494,4.400449561,4.600440198,3.800503249,0.599867028,0.5998707049,0.5998521849,8.397752197,8.59779901,8.597483753
20.55,60.14352028,63.17600917,63.17523277,60.14352028,63.17600917,63.17523277,0.009930665106,0.009930665023,4.400443234,4.600434117,3.800496228,0.5998688994,0.5998724912,0.5998542472,8.397783831,8.597829417,8.597518859
20.6,60.14359824,63.17608415,63.17531931,60.14359824,63.17608415,63.17531931,0.009792145143,0.009792145069,4.400436997,4.600428118,3.800489305,0.5998707442,0.599874253,0.5998562808,8.397815015,8.597859408,8.597553475
20.65,60.1436751,63.1761581,63.17540464,60.1436751,63.1761581,63.17540464,0.00965555778,0.00965555772,4.400430849,4.600422202,3.800482478,0.5998725628,0.5998759908,0.5998582859,8.397845757,8.597888989,8.597587608
20.7,60.14375086,63.17623104,63.17548878,60.14375086,63.17623104,63.17548878,0.009520876037,0.009520875995,4.400424788,4.600416367,3.800475747,0.5998743556,0.5998777048,0.5998602631,8.397876062,8.597918166,8.597621263
20.75,60.14382555,63.17630298,63.17557175,60.14382555,63.17630298,63.17557175,0.009388073315,0.00938807329,4.400418812,4.600410611,3.80046911,0.599876123,0.5998793953,0.5998622126,8.397905938,8.597946943,8.597654449
20.8,60.14389918,63.17637394,63.17565355,60.14389918,63.17637394,63.17565355,0.009257123387,0.009257123375,4.400412922,4.600404935,3.800462566,0.5998778653,0.5998810627,0.5998641349,8.39793539,8.597975327,8.597687171
20.85,60.14397177,63.17644393,63.17573422,60.14397177,63.17644393,63.17573422,0.009128000391,0.009128000384,4.400407115,4.600399336,3.800456113,0.5998795829,0.5998827073,0.5998660303,8.397964424,8.598003322,8.597719436
20.9,60.14404332,63.17651296,63.17581375,60.14404332,63.17651296,63.17581375,0.009000678827,0.009000678816,4.400401391,4.600393813,3.80044975,0.5998812762,0.5998843294,0.5998678993,8.397993047,8.598030934,8.597751251
20.95,60.14411387,63.17658104,63.17589218,60.14411387,63.17658104,63.17589218,0.008875133551,0.008875133524,4.400395747,4.600388367,3.800443476,0.5998829455,0.5998859292,0.5998697421,8.398021264,8.598058167,8.597782621
21,60.14418341,63.1766482,63.17596951,60.14418341,63.1766482,63.17596951,0.008751339771,0.008751339713,4.400390184,4.600382994,3.800437289,0.5998845911,0.5998875072,0.5998715592,8.398049082,8.598085028,8.597813553
21.05,60.14425197,63.17671443,63.17604576,60.14425197,63.17671443,63.17604576,0.008629273039,0.008629272935,4.400384699,4.600377696,3.800431189,0.5998862134,0.5998890635,0.599873351,8.398076505,8.59811152,8.597844053
21.1,60.14431955,63.17677975,63.17612094,60.14431955,63.17677975,63.17612094,0.00850890925,0.008508909084,4.400379292,4.60037247,3.800425175,0.5998878127,0.5998905984,0.5998751177,8.39810354,8.59813765,8.597874127
21.15,60.14438618,63.17684418,63.17619508,60.14438619,63.17684418,63.17619508,0.008390224633,0.00839022439,4.400373962,4.600367316,3.800419244,0.5998893894,0.5998921123,0.5998768598,8.398130192,8.598163421,8.597903781
21.2,60.14445187,63.17690772,63.17626818,60.14445187,63.17690772,63.17626818,0.008273195751,0.008273195418,4.400368707,4.600362232,3.800413396,0.5998909437,0.5998936055,0.5998785775,8.398156467,8.598188838,8.597933021
21.25,60.14451663,63.17697039,63.17634026,60.14451663,63.17697039,63.17634026,0.00815779949,0.008157799056,4.400363526,4.600357219,3.800407629,0.5998924761,0.5998950782,0.5998802712,8.39818237,8.598213907,8.597961853
21.3,60.14458047,63.1770322,63.17641133,60.14458047,63.1770322,63.17641133,0.008044013063,0.00804401252,4.400358419,4.600352274,3.800401943,0.5998939867,0.5998965306,0.5998819413,8.398207906,8.598238632,8.597990283
21.35,60.14464341,63.17709317,63.17648141,60.14464341,63.17709317,63.17648141,0.007931813997,0.00793181334,4.400353384,4.600347397,3.800396337,0.599895476,0.5998979631,0.5998835881,8.398233081,8.598263017,8.598018315
21.4,60.14470545,63.17715329,63.17655052,60.14470545,63.17715329,63.17655052,0.007821180135,0.007821179363,4.40034842,4.600342586,3.800390809,0.5998969442,0.599899376,0.5998852119,8.3982579,8.598287068,8.598045956
21.45,60.14476662,63.1772126,63.17661865,60.14476662,63.17721259,63.17661866,0.007712089627,0.007712088745,4.400343527,4.600337842,3.800385358,0.5998983917,0.5999007694,0.599886813,8.398282367,8.598310788,8.598073212
21.5,60.14482693,63.17727108,63.17668584,60.14482693,63.17727108,63.17668584,0.00760452093,0.007604519946,4.400338702,4.600333164,3.800379983,0.5998998187,0.5999021437,0.5998883918,8.398306489,8.598334182,8.598100086
21.55,60.14488638,63.17732876,63.17675209,60.14488638,63.17732876,63.17675209,0.007498452801,0.007498451727,4.400333946,4.600328549,3.800374683,0.5999012255,0.5999034992,0.5998899485,8.39833027,8.598357255,8.598126586
21.6,60.14494499,63.17738565,63.17681742,60.14494499,63.17738565,63.17681742,0.007393864294,0.007393863149,4.400329257,4.600323998,3.800369457,0.5999026124,0.599904836,0.5998914835,8.398353715,8.598380011,8.598152716
21.65,60.14500278,63.17744176,63.17688183,60.14500278,63.17744176,63.17688183,0.007290734756,0.00729073356,4.400324634,4.600319509,3.800364304,0.5999039797,0.5999061544,0.5998929971,8.398376828,8.598402454,8.598178481
21.7,60.14505974,63.1774971,63.17694534,60.14505974,63.1774971,63.17694534,0.007189043823,0.007189042602,4.400320077,4.600315082,3.800359223,0.5999053277,0.5999074547,0.5998944895,8.398399615,8.598424589,8.598203886
21.75,60.1451159,63.17755167,63.17700797,60.14511591,63.17755167,63.17700797,0.007088771415,0.007088770199,4.400315584,4.600310716,3.800354213,0.5999066567,0.5999087371,0.5998959611,8.39842208,8.598446419,8.598228937
21.8,60.14517127,63.1776055,63.17706972,60.14517127,63.1776055,63.17706972,0.006989897734,0.006989896554,4.400311155,4.60030641,3.800349272,0.5999079669,0.5999100018,0.5998974122,8.398444227,8.598467949,8.598253639
21.85,60.14522586,63.17765858,63.17713061,60.14522586,63.17765858,63.17713061,0.00689240326,0.006892402148,4.400306788,4.600302164,3.800344401,0.5999092586,0.5999112492,0.599898843,8.398466062,8.598489182,8.598277995
21.9,60.14527968,63.17771093,63.17719065,60.14527968,63.17771093,63.17719066,0.006796268746,0.006796267736,4.400302482,4.600297975,3.800339598,0.599910532,0.5999124794,0.5999002539,8.398487589,8.598510124,8.598302012
21.95,60.14533273,63.17776257,63.17724986,60.14533273,63.17776257,63.17724986,0.006701475214,0.00670147434,4.400298238,4.600293845,3.800334861,0.5999117875,0.5999136926,0.599901645,8.398508811,8.598530777,8.598325693
22,60.14538504,63.17781349,63.17730824,60.14538504,63.17781349,63.17730824,0.006608003954,0.006608003248,4.400294053,4.600289771,3.800330191,0.5999130252,0.5999148892,0.5999030168,8.398529734,8.598551146,8.598349044
22.05,60.14543661,63.17786371,63.1773658,60.14543661,63.17786371,63.1773658,0.006515836518,0.006515836007,4.400289928,4.600285753,3.800325586,0.5999142455,0.5999160692,0.5999043694,8.398550362,8.598571234,8.598372069
22.1,60.14548745,63.17791324,63.17742256,60.14548745,63.17791324,63.17742256,0.006424954714,0.006424954426,4.40028586,4.600281791,3.800321045,0.5999154486,0.5999172331,0.5999057031,8.398570699,8.598591045,8.598394773
22.15,60.14553758,63.17796209,63.17747853,60.14553758,63.17796209,63.17747853,0.006335340611,0.006335340564,4.40028185,4.600277883,3.800316568,0.5999166347,0.5999183809,0.5999070183,8.398590749,8.598610584,8.59841716
22.2,60.14558699,63.17801026,63.17753371,60.14558699,63.17801026,63.17753371,0.006246976524,0.006246976734,4.400277897,4.600274029,3.800312153,0.599917804,0.5999195128,0.599908315,8.398610516,8.598629853,8.598439235
22.25,60.14563572,63.17805777,63.17758813,60.14563571,63.17805777,63.17758813,0.00615984502,0.006159845492,4.400273999,4.600270229,3.8003078,0.5999189569,0.5999206292,0.5999095937,8.398630004,8.598648857,8.598461002
22.3,60.14568375,63.17810462,63.17764179,60.14568375,63.17810462,63.17764179,0.006073928907,0.006073929641,4.400270156,4.60026648,3.800303507,0.5999200935,0.5999217302,0.5999108546,8.398649218,8.598667599,8.598482465
22.35,60.1457311,63.17815083,63.1776947,60.1457311,63.17815083,63.1776947,0.005989211238,0.005989212223,4.400266368,4.600262783,3.800299274,0.5999212141,0.599922816,0.5999120978,8.39866816,8.598686083,8.598503628
22.4,60.14577779,63.1781964,63.17774687,60.14577779,63.1781964,63.17774687,0.0059056753,0.005905676517,4.400262633,4.600259138,3.800295101,0.5999223188,0.5999238868,0.5999133237,8.398686835,8.598704311,8.598524497
22.45,60.14582382,63.17824135,63.17779831,60.14582382,63.17824135,63.17779831,0.005823304615,0.005823306035,4.40025895,4.600255542,3.800290985,0.599923408,0.5999249429,0.5999145325,8.398705248,8.598722289,8.598545074
22.5,60.14586921,63.17828567,63.17784903,60.1458692,63.17828567,63.17784903,0.005742082935,0.005742084519,4.40025532,4.600251996,3.800286927,0.5999244819,0.5999259844,0.5999157244,8.3987234,8.598740018,8.598565364
22.55,60.14591395,63.17832938,63.17789905,60.14591395,63.17832938,63.17789905,0.005661994236,0.005661995939,4.400251741,4.600248499,3.800282926,0.5999255406,0.5999270115,0.5999168997,8.398741297,8.598757503,8.598585371
22.6,60.14595806,63.17837249,63.17794837,60.14595806,63.17837249,63.17794837,0.005583022721,0.005583024488,4.400248212,4.600245051,3.80027898,0.5999265844,0.5999280245,0.5999180586,8.398758942,8.598774746,8.598605098
22.65,60.14600155,63.178415,63.177997,60.14600155,63.17841501,63.177997,0.005505152809,0.00550515458,4.400244732,4.60024165,3.80027509,0.5999276135,0.5999290234,0.5999192013,8.398776338,8.598791752,8.598624551
22.7,60.14604443,63.17845693,63.17804496,60.14604442,63.17845693,63.17804495,0.005428369135,0.005428370847,4.400241302,4.600238295,3.800271254,0.5999286281,0.5999300086,0.5999203281,8.398793489,8.598808523,8.598643732
22.75,60.1460867,63.17849828,63.17809224,60.1460867,63.17849828,63.17809224,0.005352656545,0.005352658134,4.40023792,4.600234988,3.800267471,0.5999296284,0.5999309802,0.5999214392,8.398810398,8.598825062,8.598662645
22.8,60.14612838,63.17853906,63.17813886,60.14612838,63.17853906,63.17813886,0.005278000095,0.0052780015,4.400234586,4.600231725,3.800263741,0.5999306146,0.5999319384,0.5999225347,8.39882707,8.598841373,8.598681295
22.85,60.14616947,63.17857927,63.17818484,60.14616947,63.17857927,63.17818484,0.005204385041,0.005204386211,4.400231299,4.600228508,3.800260063,0.5999315869,0.5999328833,0.599923615,8.398843506,8.598857459,8.598699684
22.9,60.14620998,63.17861893,63.17823017,60.14620998,63.17861893,63.17823017,0.005131796843,0.005131797738,4.400228058,4.600225336,3.800256437,0.5999325456,0.5999338152,0.5999246802,8.398859711,8.598873322,8.598717817
22.95,60.14624992,63.17865804,63.17827487,60.14624992,63.17865804,63.17827487,0.005060221154,0.005060221756,4.400224862,4.600222207,3.800252861,0.5999334907,0.5999347342,0.5999257306,8.398875688,8.598888967,8.598735697
23,60.1462893,63.17869661,63.17831895,60.1462893,63.17869661,63.17831894,0.004989643821,0.004989644141,4.400221712,4.600219121,3.800249334,0.5999344225,0.5999356405,0.5999267662,8.39889144,8.598904395,8.598753328
23.05,60.14632813,63.17873465,63.17836241,60.14632813,63.17873465,63.17836241,0.004920050879,0.004920050963,4.400218606,4.600216078,3.800245858,0.5999353413,0.5999365343,0.5999277875,8.39890697,8.59891961,8.598770712
23.1,60.14636641,63.17877216,63.17840526,60.14636641,63.17877216,63.17840526,0.004851428545,0.00485142849,4.400215544,4.600213077,3.800242429,0.5999362471,0.5999374158,0.5999287945,8.398922282,8.598934615,8.598787855
23.15,60.14640415,63.17880916,63.17844752,60.14640415,63.17880916,63.17844752,0.004783763252,0.004783763179,4.400212524,4.600210118,3.800239048,0.5999371401,0.599938285,0.5999297875,8.398937379,8.598949412,8.598804758
23.2,60.14644136,63.17884564,63.17848919,60.14644136,63.17884564,63.17848919,0.004717041762,0.004717041677,4.400209547,4.600207199,3.800235715,0.5999380206,0.5999391423,0.5999307666,8.398952263,8.598964005,8.598821425
23.25,60.14647805,63.17888162,63.17853028,60.14647805,63.17888161,63.17853028,0.00465125092,0.004651250818,4.400206612,4.600204321,3.800232428,0.5999388887,0.5999399877,0.599931732,8.398966938,8.598978396,8.59883786
23.3,60.14651422,63.1789171,63.17857079,60.14651422,63.1789171,63.17857079,0.004586377735,0.004586377618,4.400203719,4.600201482,3.800229187,0.5999397446,0.5999408214,0.599932684,8.398981407,8.598992588,8.598854066
23.35,60.14654988,63.17895208,63.17861074,60.14654988,63.17895208,63.17861074,0.004522409402,0.004522409277,4.400200866,4.600198683,3.800225991,0.5999405885,0.5999416435,0.5999336227,8.398995672,8.599006584,8.598870045
23.4,60.14658504,63.17898659,63.17865013,60.14658504,63.17898659,63.17865013,0.004459333297,0.004459333171,4.400198053,4.600195923,3.80022284,0.5999414205,0.5999424543,0.5999345483,8.399009736,8.599020386,8.598885802
23.45,60.14661971,63.17902062,63.17868897,60.14661971,63.17902062,63.17868897,0.004397136973,0.004397136853,4.400195279,4.600193201,3.800219732,0.5999422408,0.5999432539,0.599935461,8.399023603,8.599033997,8.598901339
23.5,60.14665389,63.17905418,63.17872727,60.14665389,63.17905417,63.17872727,0.004335808157,0.004335808051,4.400192545,4.600190516,3.800216668,0.5999430496,0.5999440424,0.599936361,8.399037274,8.59904742,8.598916659
23.55,60.14668759,63.17908727,63.17876504,60.14668759,63.17908727,63.17876504,0.00427533475,0.004275334662,4.400189849,4.600187869,3.800213647,0.599943847,0.59994482,0.5999372484,8.399050754,8.599060657,8.598931766
23.6,60.14672081,63.1791199,63.17880228,60.14672081,63.1791199,63.17880228,0.004215704821,0.004215704753,4.400187191,4.600185258,3.800210668,0.5999446332,0.5999455868,0.5999381235,8.399064044,8.599073711,8.598946662
23.65,60.14675357,63.17915209,63.178839,60.14675357,63.17915209,63.178839,0.004156906607,0.004156906559,4.400184571,4.600182683,3.80020773,0.5999454083,0.5999463431,0.5999389863,8.399077147,8.599086584,8.59896135
23.7,60.14678587,63.17918382,63.17887521,60.14678587,63.17918382,63.17887521,0.004098928508,0.004098928477,4.400181987,4.600180144,3.800204833,0.5999461725,0.5999470888,0.5999398371,8.399090067,8.599099279,8.598975833
23.75,60.14681772,63.17921512,63.17891091,60.14681772,63.17921512,63.17891091,0.004041759088,0.004041759067,4.400179439,4.60017764,3.800201977,0.5999469261,0.5999478243,0.5999406761,8.399102804,8.599111799,8.598990114
23.8,60.14684911,63.17924599,63.17894612,60.14684911,63.17924599,63.17894612,0.003985387067,0.003985387048,4.400176927,4.600175171,3.800199161,0.599947669,0.5999485495,0.5999415033,8.399115363,8.599124145,8.599004197
23.85,60.14688007,63.17927642,63.17898083,60.14688007,63.17927642,63.17898083,0.003929801326,0.003929801297,4.400174451,4.600172736,3.800196384,0.5999484015,0.5999492647,0.599942319,8.399127745,8.59913632,8.599018082
23.9,60.14691059,63.17930644,63.17901506,60.14691059,63.17930644,63.17901506,0.003874990898,0.003874990845,4.400172009,4.600170335,3.800193645,0.5999491237,0.59994997,0.5999431233,8.399139954,8.599148326,8.599031774
23.95,60.14694068,63.17933604,63.17904881,60.14694068,63.17933604,63.17904881,0.003820944969,0.003820944879,4.400169602,4.600167967,3.800190945,0.5999498357,0.5999506656,0.5999439164,8.399151991,8.599160166,8.599045275
24,60.14697035,63.17936523,63.1790821,60.14697035,63.17936523,63.1790821,0.003767652877,0.003767652734,4.400167228,4.600165631,3.800188282,0.5999505378,0.5999513515,0.5999446985,8.399163859,8.599171843,8.599058588
24.05,60.1469996,63.17939402,63.17911491,60.1469996,63.17939402,63.17911491,0.003715104106,0.003715103895,4.400164888,4.600163329,3.800185657,0.59995123,0.5999520279,0.5999454696,8.39917556,8.599183357,8.599071716
24.1,60.14702845,63.1794224,63.17914727,60.14702845,63.1794224,63.17914727,0.003663288288,0.003663287993,4.400162581,4.600161058,3.800183068,0.5999519125,0.5999526949,0.59994623,8.399187097,8.599194712,8.59908466
24.15,60.14705688,63.1794504,63.17917918,60.14705688,63.1794504,63.17917918,0.003612195197,0.003612194804,4.400160306,4.600158818,3.800180515,0.5999525854,0.5999533527,0.5999469798,8.399198472,8.599205909,8.599097423
24.2,60.14708492,63.179478,63.17921065,60.14708492,63.179478,63.17921065,0.00356181475,0.003561814248,4.400158063,4.60015661,3.800177998,0.5999532488,0.5999540013,0.5999477191,8.399209687,8.599216952,8.599110009
24.25,60.14711257,63.17950523,63.17924167,60.14711257,63.17950523,63.17924167,0.003512137006,0.003512136383,4.400155851,4.600154432,3.800175516,0.5999539029,0.599954641,0.5999484481,8.399220745,8.599227841,8.599122419
24.3,60.14713982,63.17953207,63.17927227,60.14713982,63.17953207,63.17927227,0.003463152159,0.003463151409,4.400153671,4.600152284,3.800173069,0.5999545479,0.5999552718,0.599949167,8.399231647,8.599238579,8.599134656
24.35,60.1471667,63.17955855,63.17930243,60.1471667,63.17955855,63.17930243,0.003414850542,0.003414849659,4.400151521,4.600150166,3.800170656,0.5999551838,0.5999558939,0.5999498758,8.399242397,8.599249169,8.599146722
24.4,60.14719319,63.17958465,63.17933218,60.14719319,63.17958465,63.17933218,0.00336722262,0.003367221605,4.400149401,4.600148078,3.800168276,0.5999558108,0.5999565073,0.5999505747,8.399252996,8.599259612,8.59915862
24.45,60.14721932,63.1796104,63.17936151,60.14721932,63.1796104,63.17936151,0.003320258993,0.003320257848,4.400147311,4.600146018,3.800165929,0.5999564289,0.5999571123,0.5999512639,8.399263446,8.59926991,8.599170353
24.5,60.14724508,63.17963579,63.17939043,60.14724508,63.17963579,63.17939043,0.003273950391,0.003273949122,4.40014525,4.600143987,3.800163616,0.5999570384,0.5999577088,0.5999519435,8.399273749,8.599280065,8.599181921
24.55,60.14727047,63.17966082,63.17941895,60.14727048,63.17966082,63.17941895,0.003228287673,0.003228286292,4.400143218,4.600141984,3.800161334,0.5999576394,0.5999582971,0.5999526136,8.399283908,8.599290079,8.599193329
24.6,60.14729551,63.17968551,63.17944707,60.14729552,63.17968551,63.17944707,0.003183261826,0.003183260346,4.400141215,4.600140009,3.800159085,0.5999582319,0.5999588772,0.5999532744,8.399293924,8.599299955,8.599204577
24.65,60.1473202,63.17970986,63.1794748,60.14732021,63.17970986,63.1794748,0.003138863961,0.003138862402,4.40013924,4.600138061,3.800156866,0.5999588161,0.5999594493,0.5999539259,8.3993038,8.599309693,8.599215668
24.7,60.14734455,63.17973387,63.17950214,60.14734455,63.17973387,63.17950214,0.003095085317,0.003095083701,4.400137293,4.600136141,3.800154679,0.5999593922,0.5999600134,0.5999545684,8.399313537,8.599319297,8.599226605
24.75,60.14736855,63.17975754,63.1795291,60.14736855,63.17975754,63.1795291,0.003051917252,0.003051915604,4.400135372,4.600134247,3.800152522,0.5999599601,0.5999605697,0.5999552019,8.399323138,8.599328767,8.599237389
24.8,60.14739221,63.17978089,63.17955568,60.14739222,63.17978089,63.17955568,0.003009351246,0.003009349594,4.400133479,4.600132379,3.800150395,0.5999605201,0.5999611183,0.5999558266,8.399332604,8.599338106,8.599248023
24.85,60.14741555,63.17980391,63.1795819,60.14741555,63.17980391,63.1795819,0.002967378899,0.002967377274,4.400131613,4.600130537,3.800148298,0.5999610722,0.5999616593,0.5999564425,8.399341937,8.599347315,8.599258508
24.9,60.14743855,63.17982662,63.17960775,60.14743856,63.17982662,63.17960775,0.002925991928,0.002925990362,4.400129772,4.600128721,3.80014623,0.5999616166,0.5999621928,0.5999570499,8.39935114,8.599356396,8.599268848
24.95,60.14746124,63.179849,63.17963323,60.14746124,63.179849,63.17963323,0.002885182166,0.002885180694,4.400127957,4.60012693,3.800144191,0.5999621533,0.5999627189,0.5999576488,8.399360214,8.599365352,8.599279043
25,60.1474836,63.17987108,63.17965837,60.14748361,63.17987108,63.17965837,0.002844941562,0.002844940216,4.400126168,4.600125163,3.800142181,0.5999626826,0.5999632376,0.5999582394,8.39936916,8.599374183,8.599289096
25.05,60.14750566,63.17989285,63.17968315,60.14750566,63.17989285,63.17968315,0.002805262178,0.002805260991,4.400124404,4.600123422,3.800140198,0.5999632044,0.5999637492,0.5999588217,8.399377981,8.599382891,8.599299009
25.1,60.1475274,63.17991432,63.17970758,60.1475274,63.17991432,63.17970759,0.002766136185,0.00276613519,4.400122664,4.600121704,3.800138243,0.5999637189,0.5999642537,0.5999593959,8.399386678,8.599391479,8.599308784
25.15,60.14754884,63.17993549,63.17973168,60.14754884,63.17993549,63.17973168,0.002727555866,0.002727555093,4.400120949,4.60012001,3.800136316,0.5999642261,0.5999647512,0.5999599621,8.399395253,8.599399948,8.599318422
25.2,60.14756998,63.17995637,63.17975544,60.14756998,63.17995637,63.17975544,0.002689513615,0.002689513089,4.400119258,4.60011834,3.800134415,0.5999647263,0.5999652417,0.5999605204,8.399403709,8.599408299,8.599327926
25.25,60.14759082,63.17997696,63.17977887,60.14759082,63.17997696,63.17977887,0.002652001928,0.002652001673,4.400117591,4.600116693,3.800132541,0.5999652195,0.5999657255,0.5999610709,8.399412045,8.599416534,8.599337297
25.3,60.14761137,63.17999726,63.17980197,60.14761137,63.17999726,63.17980197,0.002615013411,0.002615013443,4.400115947,4.600115069,3.800130692,0.5999657057,0.5999662025,0.5999616137,8.399420265,8.599424654,8.599346538
25.35,60.14763163,63.18001728,63.17982475,60.14763163,63.18001728,63.17982475,0.002578540772,0.002578541103,4.400114326,4.600113468,3.80012887,0.5999661852,0.5999666729,0.599962149,8.39942837,8.599432662,8.59935565
25.4,60.14765161,63.18003702,63.17984721,60.14765161,63.18003702,63.17984721,0.002542576821,0.002542577457,4.400112728,4.600111888,3.800127073,0.5999666579,0.5999671368,0.5999626768,8.399436361,8.599440559,8.599364635
25.45,60.14767131,63.18005649,63.17986936,60.1476713,63.18005649,63.17986936,0.00250711447,0.00250711541,4.400111152,4.600110331,3.800125301,0.599967124,0.5999675942,0.5999631972,8.39944424,8.599448346,8.599373495
25.5,60.14769073,63.18007569,63.1798912,60.14769073,63.18007569,63.1798912,0.002472146731,0.002472147965,4.400109598,4.600108795,3.800123554,0.5999675836,0.5999680453,0.5999637104,8.399452009,8.599456025,8.599382231
25.55,60.14770988,63.18009462,63.17991274,60.14770988,63.18009462,63.17991274,0.002437666712,0.002437668223,4.400108066,4.600107281,3.800121831,0.5999680367,0.5999684901,0.5999642164,8.399459669,8.599463597,8.599390845
25.6,60.14772876,63.18011329,63.17993397,60.14772876,63.18011329,63.17993397,0.002403667621,0.002403669383,4.400106556,4.600105787,3.800120132,0.5999684835,0.5999689288,0.5999647154,8.399467222,8.599471064,8.599399339
25.65,60.14774738,63.18013169,63.17995491,60.14774737,63.18013169,63.17995491,0.002370142756,0.002370144737,4.400105066,4.600104314,3.800118457,0.599968924,0.5999693613,0.5999652074,8.399474669,8.599478428,8.599407715
25.7,60.14776573,63.18014985,63.17997556,60.14776573,63.18014985,63.17997556,0.002337085512,0.00233708767,4.400103598,4.600102862,3.800116805,0.5999693583,0.5999697879,0.5999656926,8.399482011,8.599485689,8.599415974
25.75,60.14778383,63.18016775,63.17999592,60.14778383,63.18016775,63.17999592,0.002304489375,0.002304491661,4.40010215,4.60010143,3.800115176,0.5999697866,0.5999702085,0.599966171,8.399489251,8.599492849,8.599424118
25.8,60.14780168,63.1801854,63.180016,60.14780167,63.1801854,63.18001599,0.00227234792,0.002272350279,4.400100722,4.600100018,3.80011357,0.5999702089,0.5999706233,0.5999666427,8.399496389,8.59949991,8.599432148
25.85,60.14781927,63.18020281,63.18003579,60.14781927,63.18020281,63.18003579,0.00224065481,0.002240657184,4.400099315,4.600098626,3.800111987,0.5999706252,0.5999710323,0.5999671078,8.399503427,8.599506872,8.599440066
25.9,60.14783662,63.18021997,63.18005531,60.14783662,63.18021997,63.18005531,0.002209403798,0.002209406122,4.400097927,4.600097252,3.800110425,0.5999710357,0.5999714356,0.5999675665,8.399510367,8.599513738,8.599447874
25.95,60.14785373,63.1802369,63.18007456,60.14785373,63.1802369,63.18007456,0.002178588717,0.002178590929,4.400096558,4.600095898,3.800108885,0.5999714405,0.5999718333,0.5999680188,8.399517209,8.599520509,8.599455573
26,60.14787059,63.18025359,63.18009354,60.14787059,63.18025359,63.18009353,0.002148203489,0.002148205524,4.400095209,4.600094563,3.800107367,0.5999718396,0.5999722255,0.5999684647,8.399523956,8.599527185,8.599463164
26.05,60.14788723,63.18027005,63.18011225,60.14788722,63.18027005,63.18011225,0.002118242112,0.002118243914,4.400093878,4.600093246,3.80010587,0.5999722331,0.5999726122,0.5999689044,8.399530608,8.599533769,8.59947065
26.1,60.14790362,63.18028628,63.1801307,60.14790362,63.18028628,63.1801307,0.002088698669,0.002088700188,4.400092567,4.600091948,3.800104394,0.5999726211,0.5999729936,0.599969338,8.399537167,8.599540261,8.599478031
26.15,60.14791979,63.18030228,63.1801489,60.14791979,63.18030228,63.1801489,0.002059567318,0.002059568516,4.400091273,4.600090667,3.800102938,0.5999730037,0.5999733697,0.5999697656,8.399543634,8.599546663,8.59948531
26.2,60.14793573,63.18031806,63.18016684,60.14793573,63.18031806,63.18016684,0.002030842293,0.002030843152,4.400089998,4.600089405,3.800101503,0.5999733809,0.5999737405,0.5999701872,8.399550011,8.599552975,8.599492486
26.25,60.14795145,63.18033363,63.18018453,60.14795145,63.18033363,63.18018453,0.002002517904,0.002002518429,4.40008874,4.60008816,3.800100087,0.5999737528,0.5999741062,0.5999706029,8.399556298,8.599559201,8.599499563
26.3,60.14796695,63.18034897,63.18020198,60.14796695,63.18034897,63.18020198,0.001974588532,0.001974588758,4.4000875,4.600086932,3.800098692,0.5999741195,0.5999744668,0.5999710128,8.399562498,8.599565339,8.599506541
26.35,60.14798223,63.18036411,63.18021918,60.14798223,63.18036411,63.18021918,0.001947048629,0.001947048631,4.400086278,4.600085722,3.800097316,0.5999744811,0.5999748224,0.599971417,8.39956861,8.599571392,8.599513422
26.4,60.1479973,63.18037903,63.18023614,60.1479973,63.18037903,63.18023614,0.001919892716,0.001919892613,4.400085073,4.600084528,3.800095959,0.5999748377,0.599975173,0.5999718156,8.399574637,8.599577361,8.599520207
26.45,60.14801215,63.18039374,63.18025287,60.14801216,63.18039374,63.18025287,0.001893115456,0.001893115347,4.400083884,4.60008335,3.800094621,0.5999751892,0.5999755188,0.5999722086,8.39958058,8.599583248,8.599526897
26.5,60.1480268,63.18040826,63.18026936,60.1480268,63.18040826,63.18026936,0.001866711671,0.001866711551,4.400082712,4.60008219,3.800093301,0.5999755358,0.5999758597,0.5999725961,8.39958644,8.599589052,8.599533494
26.55,60.14804125,63.18042256,63.18028562,60.14804125,63.18042256,63.18028562,0.001840676149,0.001840676015,4.400081557,4.600081045,3.800092,0.5999758776,0.599976196,0.5999729783,8.399592217,8.599594775,8.599539999
26.6,60.14805549,63.18043667,63.18030166,60.14805549,63.18043667,63.18030166,0.00181500375,0.001815003603,4.400080417,4.600079916,3.800090717,0.5999762146,0.5999765275,0.5999733551,8.399597914,8.599600419,8.599546414
26.65,60.14806953,63.18045059,63.18031747,60.14806953,63.18045059,63.18031747,0.001789689407,0.001789689252,4.400079294,4.600078803,3.800089452,0.5999765469,0.5999768544,0.5999737266,8.399603531,8.599605985,8.599552739
26.7,60.14808338,63.18046431,63.18033306,60.14808338,63.18046431,63.18033306,0.001764728123,0.001764727966,4.400078186,4.600077705,3.800088205,0.5999768745,0.5999771768,0.599974093,8.39960907,8.599611473,8.599558976
26.75,60.14809703,63.18047784,63.18034844,60.14809703,63.18047784,63.18034844,0.001740114975,0.001740114821,4.400077094,4.600076623,3.800086975,0.5999771976,0.5999774947,0.5999744542,8.399614531,8.599616885,8.599565125
26.8,60.14811049,63.18049118,63.1803636,60.14811049,63.18049118,63.1803636,0.001715845106,0.001715844961,4.400076017,4.600075556,3.800085762,0.5999775161,0.5999778082,0.5999748105,8.399619915,8.599622221,8.599571189
26.85,60.14812377,63.18050433,63.18037855,60.14812377,63.18050433,63.18037855,0.001691913731,0.0016919136,4.400074955,4.600074503,3.800084566,0.5999778302,0.5999781173,0.5999751617,8.399625224,8.599627483,8.599577169
26.9,60.14813685,63.18051731,63.18039329,60.14813685,63.18051731,63.18039329,0.001668316128,0.001668316015,4.400073908,4.600073465,3.800083387,0.5999781398,0.5999784222,0.5999755081,8.399630459,8.599632673,8.599583065
26.95,60.14814976,63.1805301,63.18040782,60.14814976,63.1805301,63.18040782,0.001645047645,0.00164504755,4.400072876,4.600072442,3.800082224,0.5999784452,0.5999787227,0.5999758496,8.399635621,8.599637789,8.599588879
27,60.14816248,63.18054271,63.18042215,60.14816248,63.18054271,63.18042215,0.001622103694,0.001622103617,4.400071858,4.600071433,3.800081078,0.5999787463,0.5999790191,0.5999761864,8.399640711,8.599642835,8.599594612
27.05,60.14817503,63.18055515,63.18043629,60.14817503,63.18055515,63.18043629,0.001599479749,0.001599479688,4.400070854,4.600070438,3.800079947,0.5999790431,0.5999793114,0.5999765184,8.399645729,8.599647811,8.599600265
27.1,60.1481874,63.18056742,63.18045022,60.1481874,63.18056742,63.18045022,0.00157717135,0.001577171301,4.400069865,4.600069457,3.800078832,0.5999793358,0.5999795996,0.5999768459,8.399650677,8.599652717,8.599605839
27.15,60.14819959,63.18057951,63.18046396,60.14819959,63.18057951,63.18046396,0.001555174098,0.001555174053,4.400068889,4.600068489,3.800077733,0.5999796244,0.5999798838,0.5999771687,8.399655556,8.599657555,8.599611335
27.2,60.14821162,63.18059144,63.18047751,60.14821162,63.18059144,63.18047751,0.001533483655,0.001533483607,4.400067927,4.600067535,3.800076649,0.599979909,0.5999801641,0.5999774871,8.399660367,8.599662326,8.599616755
27.25,60.14822348,63.1806032,63.18049087,60.14822348,63.1806032,63.18049087,0.001512095742,0.001512095681,4.400066978,4.600066594,3.80007558,0.5999801896,0.5999804404,0.599977801,8.39966511,8.59966703,8.599622099
27.3,60.14823517,63.1806148,63.18050405,60.14823517,63.1806148,63.18050405,0.001491006143,0.001491006059,4.400066043,4.600065666,3.800074526,0.5999804663,0.5999807129,0.5999781106,8.399669787,8.599671669,8.599627369
27.35,60.1482467,63.18062623,63.18051704,60.1482467,63.18062623,63.18051704,0.001470210697,0.001470210577,4.40006512,4.600064751,3.800073487,0.5999807391,0.5999809816,0.5999784158,8.399674399,8.599676243,8.599632565
27.4,60.14825807,63.18063751,63.18052985,60.14825807,63.18063751,63.18052985,0.001449705303,0.001449705135,4.400064211,4.600063849,3.800072462,0.5999810081,0.5999812466,0.5999787168,8.399678946,8.599680754,8.599637689
27.45,60.14826928,63.18064863,63.18054248,60.14826928,63.18064863,63.18054248,0.001429485914,0.001429485688,4.400063314,4.60006296,3.800071452,0.5999812733,0.5999815079,0.5999790136,8.39968343,8.599685202,8.599642741
27.5,60.14828033,63.1806596,63.18055493,60.14828033,63.1806596,63.18055493,0.001409548543,0.001409548245,4.40006243,4.600062082,3.800070455,0.5999815348,0.5999817655,0.5999793062,8.39968785,8.599689588,8.599647723
27.55,60.14829123,63.18067041,63.18056721,60.14829123,63.18067041,63.18056721,0.001389889255,0.001389888874,4.400061558,4.600061217,3.800069473,0.5999817927,0.5999820196,0.5999795948,8.399692209,8.599693913,8.599652635
27.6,60.14830197,63.18068107,63.18057932,60.14830197,63.18068107,63.18057932,0.00137050417,0.001370503697,4.400060698,4.600060364,3.800068504,0.5999820469,0.5999822701,0.5999798794,8.399696508,8.599698178,8.599657479
27.65,60.14831257,63.18069158,63.18059126,60.14831257,63.18069158,63.18059126,0.001351389464,0.001351388889,4.400059851,4.600059523,3.800067549,0.5999822976,0.5999825172,0.5999801599,8.399700746,8.599702383,8.599662255
27.7,60.14832302,63.18070195,63.18060304,60.14832302,63.18070195,63.18060304,0.001332541363,0.001332540679,4.400059015,4.600058694,3.800066607,0.5999825448,0.5999827608,0.5999804366,8.399704924,8.59970653,8.599666965
27.75,60.14833332,63.18071217,63.18061465,60.14833332,63.18071217,63.18061465,0.001313956148,0.00131395535,4.400058191,4.600057876,3.800065678,0.5999827886,0.599983001,0.5999807094,8.399709045,8.599710619,8.599671609
27.8,60.14834347,63.18072225,63.1806261,60.14834347,63.18072225,63.1806261,0.001295630149,0.001295629234,4.400057379,4.60005707,3.800064762,0.5999830289,0.5999832379,0.5999809784,8.399713107,8.599714652,8.599676188
27.85,60.14835349,63.18073219,63.18063738,60.14835349,63.1807322,63.18063739,0.001277559749,0.001277558717,4.400056577,4.600056274,3.800063859,0.5999832659,0.5999834714,0.5999812437,8.399717113,8.599718628,8.599680704
27.9,60.14836336,63.180742,63.18064852,60.14836336,63.180742,63.18064852,0.001259741381,0.001259740233,4.400055787,4.60005549,3.800062969,0.5999834995,0.5999837017,0.5999815052,8.399721063,8.599722549,8.599685156
27.95,60.1483731,63.18075166,63.18065949,60.1483731,63.18075166,63.18065949,0.001242171526,0.001242170268,4.400055008,4.600054717,3.800062091,0.5999837299,0.5999839289,0.5999817631,8.399724958,8.599726415,8.599689546
28,60.1483827,63.18076119,63.18067031,60.1483827,63.18076119,63.18067032,0.001224846715,0.001224845354,4.40005424,4.600053955,3.800061225,0.5999839571,0.5999841528,0.5999820174,8.399728798,8.599730227,8.599693876
28.05,60.14839217,63.18077059,63.18068099,60.14839217,63.18077059,63.18068099,0.001207763529,0.001207762075,4.400053483,4.600053203,3.800060371,0.5999841811,0.5999843736,0.5999822682,8.399732585,8.599733986,8.599698144
28.1,60.1484015,63.18077986,63.18069151,60.1484015,63.18077986,63.18069151,0.001190918594,0.001190917061,4.400052736,4.600052461,3.800059529,0.599984402,0.5999845914,0.5999825154,8.399736318,8.599737693,8.599702354
28.15,60.1484107,63.180789,63.18070189,60.14841071,63.180789,63.18070189,0.001174308585,0.001174306987,4.400052,4.60005173,3.800058699,0.5999846197,0.5999848061,0.5999827593,8.39974,8.599741349,8.599706504
28.2,60.14841978,63.18079801,63.18071212,60.14841978,63.18079801,63.18071212,0.001157930221,0.001157928577,4.400051274,4.600051009,3.800057881,0.5999848345,0.5999850179,0.5999829997,8.39974363,8.599744953,8.599710597
28.25,60.14842873,63.18080689,63.18072221,60.14842873,63.1808069,63.18072221,0.001141780271,0.001141778601,4.400050558,4.600050298,3.800057073,0.5999850462,0.5999852267,0.5999832368,8.399747209,8.599748508,8.599714633
28.3,60.14843755,63.18081566,63.18073216,60.14843755,63.18081566,63.18073216,0.001125855546,0.001125853873,4.400049852,4.600049597,3.800056278,0.599985255,0.5999854325,0.5999834705,8.399750739,8.599752013,8.599718612
28.35,60.14844625,63.1808243,63.18074197,60.14844625,63.1808243,63.18074197,0.001110152903,0.001110151249,4.400049156,4.600048906,3.800055493,0.5999854608,0.5999856356,0.599983701,8.399754219,8.599755469,8.599722536
28.4,60.14845483,63.18083282,63.18075164,60.14845483,63.18083282,63.18075164,0.001094669242,0.001094667634,4.40004847,4.600048225,3.800054719,0.5999856638,0.5999858358,0.5999839283,8.39975765,8.599758876,8.599726405
28.45,60.14846329,63.18084122,63.18076118,60.14846329,63.18084122,63.18076118,0.001079401509,0.001079399972,4.400047793,4.600047553,3.800053956,0.599985864,0.5999860332,0.5999841524,8.399761033,8.599762237,8.599730221
28.5,60.14847163,63.1808495,63.18077058,60.14847163,63.1808495,63.18077058,0.001064346692,0.001064345252,4.400047126,4.60004689,3.800053203,0.5999860613,0.5999862278,0.5999843734,8.399764369,8.599765551,8.599733983
28.55,60.14847985,63.18085767,63.18077986,60.14847985,63.18085767,63.18077986,0.001049501819,0.001049500503,4.400046468,4.600046236,3.800052462,0.5999862559,0.5999864198,0.5999845913,8.399767659,8.599768818,8.599737692
28.6,60.14848796,63.18086573,63.180789,60.14848796,63.18086573,63.180789,0.001034863964,0.001034862797,4.400045819,4.600045592,3.80005173,0.5999864478,0.599986609,0.5999848062,8.399770903,8.59977204,8.59974135
28.65,60.14849596,63.18087367,63.18079802,60.14849596,63.18087367,63.18079802,0.001020430239,0.001020429247,4.40004518,4.600044957,3.800051009,0.599986637,0.5999867957,0.5999850181,8.399774101,8.599775217,8.599744957
28.7,60.14850384,63.1808815,63.18080691,60.14850384,63.1808815,63.18080691,0.0010061978,0.001006197005,4.400044549,4.60004433,3.800050297,0.5999868235,0.5999869797,0.599985227,8.399777254,8.59977835,8.599748514
28.75,60.14851161,63.18088922,63.18081568,60.14851161,63.18088922,63.18081568,0.0009921638396,0.0009921632623,4.400043927,4.600043712,3.800049596,0.5999870075,0.5999871612,0.599985433,8.399780364,8.59978144,8.599752021
28.8,60.14851928,63.18089684,63.18082432,60.14851928,63.18089684,63.18082432,0.0009783255935,0.0009783252519,4.400043314,4.600043103,3.800048904,0.5999871888,0.5999873401,0.5999856362,8.39978343,8.599784486,8.599755479
28.85,60.14852684,63.18090435,63.18083285,60.14852684,63.18090435,63.18083285,0.0009646803346,0.0009646802433,4.400042709,4.600042502,3.800048222,0.5999873677,0.5999875166,0.5999858365,8.399786453,8.59978749,8.599758889
28.9,60.14853429,63.18091176,63.18084125,60.14853429,63.18091176,63.18084125,0.0009512253749,0.0009512255447,4.400042113,4.60004191,3.80004755,0.599987544,0.5999876906,0.599986034,8.399789434,8.599790452,8.599762251
28.95,60.14854164,63.18091906,63.18084954,60.14854164,63.18091906,63.18084954,0.0009379580642,0.0009379585019,4.400041525,4.600041325,3.800046887,0.5999877179,0.5999878622,0.5999862288,8.399792374,8.599793373,8.599765567
29,60.14854888,63.18092626,63.18085772,60.14854888,63.18092626,63.18085772,0.0009248757902,0.0009248764976,4.400040946,4.600040749,3.800046233,0.5999878893,0.5999880313,0.5999864208,8.399795272,8.599796253,8.599768836
29.05,60.14855603,63.18093336,63.18086578,60.14855603,63.18093336,63.18086577,0.0009119759769,0.000911976951,4.400040374,4.600040181,3.800045588,0.5999880584,0.5999881982,0.5999866102,8.39979813,8.599799093,8.59977206
29.1,60.14856307,63.18094036,63.18087372,60.14856307,63.18094036,63.18087372,0.0008992560851,0.0008992573174,4.40003981,4.600039621,3.800044952,0.5999882251,0.5999883627,0.5999867969,8.399800948,8.599801893,8.599775239
29.15,60.14857002,63.18094726,63.18088156,60.14857002,63.18094726,63.18088156,0.0008867136109,0.0008867150874,4.400039255,4.600039069,3.800044325,0.5999883895,0.5999885249,0.599986981,8.399803726,8.599804655,8.599778373
29.2,60.14857687,63.18095407,63.18088928,60.14857687,63.18095407,63.18088928,0.0008743460857,0.0008743477868,4.400038707,4.600038524,3.800043707,0.5999885515,0.5999886848,0.5999871626,8.399806466,8.599807378,8.599781464
29.25,60.14858362,63.18096078,63.1808969,60.14858362,63.18096078,63.1808969,0.0008621510753,0.0008621529759,4.400038167,4.600037987,3.800043098,0.5999887113,0.5999888426,0.5999873416,8.399809167,8.599810063,8.599784511
29.3,60.14859028,63.1809674,63.18090442,60.14859028,63.1809674,63.18090442,0.0008501261795,0.0008501282489,4.400037634,4.600037458,3.800042497,0.5999888689,0.5999889981,0.5999875181,8.399811831,8.59981271,8.599787516
29.35,60.14859685,63.18097393,63.18091182,60.14859685,63.18097393,63.18091182,0.0008382690311,0.0008382712335,4.400037109,4.600036936,3.800041904,0.5999890243,0.5999891515,0.5999876922,8.399814457,8.599815321,8.59979048
29.4,60.14860332,63.18098036,63.18091913,60.14860332,63.18098036,63.18091913,0.0008265772958,0.0008265795908,4.400036591,4.600036421,3.80004132,0.5999891775,0.5999893027,0.5999878639,8.399817047,8.599817895,8.599793402
29.45,60.14860971,63.18098671,63.18092633,60.1486097,63.18098671,63.18092633,0.0008150486711,0.0008150510142,4.40003608,4.600035913,3.800040743,0.5999893285,0.5999894518,0.5999880331,8.399819601,8.599820434,8.599796283
29.5,60.148616,63.18099297,63.18093343,60.148616,63.18099297,63.18093343,0.0008036808856,0.0008036832295,4.400035576,4.600035413,3.800040175,0.5999894775,0.5999895988,0.5999882,8.399822119,8.599822937,8.599799124
29.55,60.14862221,63.18099914,63.18094044,60.14862221,63.18099914,63.18094044,0.000792471699,0.0007924739939,4.40003508,4.600034919,3.800039615,0.5999896243,0.5999897438,0.5999883645,8.399824601,8.599825405,8.599801925
29.6,60.14862833,63.18100522,63.18094734,60.14862833,63.18100522,63.18094734,0.0007814189004,0.0007814210963,4.40003459,4.600034432,3.800039063,0.5999897691,0.5999898868,0.5999885268,8.399827049,8.599827839,8.599804687
29.65,60.14863436,63.18101122,63.18095415,60.14863436,63.18101122,63.18095415,0.0007705203084,0.0007705223562,4.400034107,4.600033952,3.800038518,0.5999899119,0.5999900278,0.5999886868,8.399829463,8.599830239,8.599807411
29.7,60.14864031,63.18101714,63.18096087,60.14864031,63.18101714,63.18096087,0.0007597737701,0.0007597756234,4.400033631,4.600033479,3.800037981,0.5999900527,0.5999901668,0.5999888446,8.399831843,8.599832605,8.599810096
29.75,60.14864618,63.18102297,63.18096749,60.14864618,63.18102297,63.18096749,0.0007491771602,0.000749178778,4.400033162,4.600033012,3.800037451,0.5999901916,0.5999903039,0.5999890001,8.39983419,8.599834939,8.599812745
29.8,60.14865197,63.18102873,63.18097402,60.14865196,63.18102872,63.18097401,0.0007387283805,0.0007387297294,4.400032699,4.600032552,3.800036929,0.5999903284,0.599990439,0.5999891535,8.399836504,8.59983724,8.599815356
29.85,60.14865767,63.1810344,63.18098045,60.14865767,63.1810344,63.18098045,0.000728425359,0.0007284264163,4.400032243,4.600032098,3.800036414,0.5999904634,0.5999905723,0.5999893048,8.399838786,8.599839509,8.599817931
29.9,60.14866329,63.18103999,63.1809868,60.14866329,63.18103999,63.1809868,0.0007182660491,0.0007182668061,4.400031793,4.600031651,3.800035906,0.5999905965,0.5999907038,0.5999894539,8.399841036,8.599841746,8.59982047
29.95,60.14866884,63.18104551,63.18099306,60.14866884,63.18104551,63.18099306,0.0007082484286,0.0007082488945,4.400031349,4.60003121,3.800035405,0.5999907277,0.5999908333,0.599989601,8.399843254,8.599843952,8.599822973
30,60.14867431,63.18105094,63.18099923,60.14867431,63.18105094,63.18099923,0.0006983704994,0.0006983707052,4.400030912,4.600030774,3.800034912,0.5999908571,0.5999909611,0.599989746,8.399845442,8.599846128,8.599825442
30.05,60.1486797,63.18105631,63.18100532,60.1486797,63.18105631,63.18100532,0.000688630286,0.0006886302896,4.40003048,4.600030345,3.800034425,0.5999909847,0.5999910871,0.599989889,8.399847599,8.599848273,8.599827876
30.1,60.14868502,63.1810616,63.18101132,60.14868502,63.1810616,63.18101132,0.0006790258351,0.0006790257261,4.400030055,4.600029922,3.800033945,0.5999911105,0.5999912114,0.59999003,8.399849725,8.599850388,8.599830277
30.15,60.14869026,63.18106681,63.18101723,60.14869026,63.18106681,63.18101723,0.0006695552411,0.0006695551198,4.400029635,4.600029505,3.800033471,0.5999912346,0.5999913339,0.599990169,8.399851823,8.599852474,8.599832644
30.2,60.14869543,63.18107195,63.18102307,60.14869543,63.18107195,63.18102307,0.00066021673,0.0006602166026,4.400029222,4.600029094,3.800033005,0.5999913569,0.5999914547,0.5999903061,8.399853891,8.599854531,8.599834977
30.25,60.14870053,63.18107702,63.18102882,60.14870053,63.18107702,63.18102882,0.0006510084691,0.0006510083321,4.400028814,4.600028688,3.800032544,0.5999914775,0.5999915739,0.5999904413,8.39985593,8.599856559,8.599837279
30.3,60.14870555,63.18108202,63.1810345,60.14870555,63.18108202,63.1810345,0.0006419286386,0.0006419284918,4.400028412,4.600028288,3.80003209,0.5999915965,0.5999916914,0.5999905746,8.39985794,8.599858558,8.599839548
30.35,60.14871051,63.18108695,63.18104009,60.14871051,63.18108695,63.18104009,0.0006329754453,0.0006329752903,4.400028015,4.600027894,3.800031643,0.5999917138,0.5999918072,0.5999907061,8.399859923,8.59986053,8.599841786
30.4,60.1487154,63.18109181,63.18104561,60.1487154,63.18109181,63.18104561,0.0006241471215,0.0006241469616,4.400027625,4.600027505,3.800031202,0.5999918294,0.5999919214,0.5999908357,8.399861877,8.599862475,8.599843992
30.45,60.14872022,63.18109661,63.18105104,60.14872022,63.18109661,63.18105104,0.0006154419248,0.0006154417639,4.400027239,4.600027122,3.800030766,0.5999919434,0.599992034,0.5999909635,8.399863805,8.599864392,8.599846168
30.5,60.14872497,63.18110133,63.18105641,60.14872497,63.18110133,63.18105641,0.0006068581377,0.0006068579799,4.400026859,4.600026743,3.800030337,0.5999920558,0.5999921451,0.5999910895,8.399865705,8.599866283,8.599848313
30.55,60.14872965,63.18110599,63.1810617,60.14872965,63.18110599,63.1810617,0.000598394067,0.0005983939163,4.400026484,4.600026371,3.800029914,0.5999921667,0.5999922546,0.5999912138,8.399867579,8.599868147,8.599850428
30.6,60.14873427,63.18111059,63.18106691,60.14873427,63.18111059,63.18106691,0.0005900480436,0.0005900479032,4.400026115,4.600026003,3.800029497,0.599992276,0.5999923626,0.5999913363,8.399869427,8.599869985,8.599852514
30.65,60.14873883,63.18111512,63.18107205,60.14873883,63.18111512,63.18107205,0.0005818184217,0.0005818182943,4.40002575,4.60002564,3.800029086,0.5999923838,0.5999924691,0.5999914571,8.399871249,8.599871798,8.599854571
30.7,60.14874332,63.18111959,63.18107712,60.14874332,63.18111959,63.18107712,0.0005737035789,0.000573703466,4.400025391,4.600025283,3.80002868,0.5999924901,0.5999925741,0.5999915763,8.399873046,8.599873586,8.599856599
30.75,60.14874775,63.181124,63.18108212,60.14874775,63.181124,63.18108212,0.0005657019154,0.0005657018174,4.400025036,4.60002493,3.80002828,0.5999925949,0.5999926776,0.5999916937,8.399874818,8.599875348,8.599858599
30.8,60.14875212,63.18112834,63.18108705,60.14875212,63.18112834,63.18108705,0.000557811854,0.00055781177,4.400024687,4.600024583,3.800027886,0.5999926982,0.5999927797,0.5999918096,8.399876564,8.599877086,8.599860571
30.85,60.14875642,63.18113262,63.18109191,60.14875642,63.18113262,63.18109191,0.0005500318393,0.0005500317673,4.400024343,4.60002424,3.800027497,0.5999928001,0.5999928804,0.5999919238,8.399878287,8.5998788,8.599862515
30.9,60.14876067,63.18113685,63.18109671,60.14876067,63.18113685,63.18109671,0.0005423603378,0.0005423602745,4.400024003,4.600023902,3.800027113,0.5999929006,0.5999929796,0.5999920364,8.399879985,8.59988049,8.599864433
30.95,60.14876485,63.18114102,63.18110143,60.14876485,63.18114102,63.18110143,0.0005347958373,0.0005347957782,4.400023668,4.600023569,3.800026735,0.5999929996,0.5999930775,0.5999921475,8.39988166,8.599882156,8.599866323
31,60.14876898,63.18114512,63.18110609,60.14876898,63.18114512,63.18110609,0.0005273368463,0.000527336786,4.400023338,4.60002324,3.800026362,0.5999930973,0.599993174,0.599992257,8.399883311,8.599883799,8.599868188
31.05,60.14877305,63.18114917,63.18111069,60.14877305,63.18114917,63.18111069,0.0005199818944,0.0005199818265,4.400023012,4.600022916,3.800025995,0.5999931936,0.5999932692,0.599992365,8.399884939,8.599885419,8.599870026
31.1,60.14877707,63.18115317,63.18111522,60.14877707,63.18115317,63.18111522,0.0005127295313,0.0005127294487,4.400022691,4.600022597,3.800025632,0.5999932886,0.5999933631,0.5999924715,8.399886545,8.599887017,8.599871838
31.15,60.14878102,63.18115711,63.18111969,60.14878103,63.18115711,63.18111969,0.0005055783269,0.000505578222,4.400022374,4.600022282,3.800025275,0.5999933822,0.5999934556,0.5999925764,8.399888128,8.599888592,8.599873626
31.2,60.14878493,63.18116099,63.1811241,60.14878493,63.18116099,63.1811241,0.0004985268708,0.0004985267354,4.400022062,4.600021971,3.800024922,0.5999934746,0.5999935469,0.59999268,8.399889689,8.599890145,8.599875388
31.25,60.14878878,63.18116482,63.18112844,60.14878878,63.18116482,63.18112844,0.0004915737721,0.000491573598,4.400021754,4.600021665,3.800024575,0.5999935656,0.5999936368,0.5999927821,8.399891228,8.599891677,8.599877126
31.3,60.14879257,63.18116859,63.18113272,60.14879257,63.18116859,63.18113272,0.0004847176591,0.0004847174381,4.400021451,4.600021363,3.800024232,0.5999936554,0.5999937256,0.5999928827,8.399892746,8.599893187,8.59987884
31.35,60.14879631,63.18117232,63.18113695,60.14879631,63.18117232,63.18113695,0.000477957179,0.000477956903,4.400021151,4.600021065,3.800023894,0.5999937439,0.599993813,0.599992982,8.399894243,8.599894677,8.599880529
31.4,60.1488,63.18117599,63.18114111,60.1488,63.18117599,63.18114111,0.0004712909977,0.0004712906591,4.400020856,4.600020771,3.800023561,0.5999938312,0.5999938993,0.5999930798,8.399895718,8.599896145,8.599882195
31.45,60.14880364,63.18117961,63.18114522,60.14880364,63.18117961,63.18114522,0.0004647177995,0.0004647173913,4.400020565,4.600020481,3.800023232,0.5999939173,0.5999939844,0.5999931764,8.399897173,8.599897593,8.599883838
31.5,60.14880722,63.18118318,63.18114927,60.14880722,63.18118318,63.18114927,0.0004582362869,0.0004582358028,4.400020278,4.600020196,3.800022908,0.5999940022,0.5999940682,0.5999932715,8.399898608,8.599899021,8.599885458
31.55,60.14881076,63.1811867,63.18115326,60.14881076,63.1811867,63.18115326,0.0004518451801,0.0004518446149,4.400019995,4.600019914,3.800022589,0.5999940859,0.599994151,0.5999933654,8.399900023,8.599900429,8.599887056
31.6,60.14881425,63.18119017,63.1811572,60.14881425,63.18119017,63.1811572,0.0004455432173,0.0004455425669,4.400019716,4.600019636,3.800022274,0.5999941684,0.5999942325,0.5999934579,8.399901418,8.599901818,8.599888631
31.65,60.14881769,63.18119359,63.18116109,60.14881769,63.18119359,63.18116109,0.0004393291539,0.0004393284155,4.400019441,4.600019363,3.800021963,0.5999942497,0.5999943129,0.5999935491,8.399902793,8.599903187,8.599890184
31.7,60.14882108,63.18119697,63.18116491,60.14882108,63.18119697,63.18116491,0.0004332017625,0.0004332009347,4.40001917,4.600019093,3.800021657,0.59999433,0.5999943922,0.5999936391,8.399904149,8.599904537,8.599891715
31.75,60.14882442,63.18120029,63.18116869,60.14882442,63.18120029,63.18116869,0.000427159833,0.0004271589158,4.400018903,4.600018826,3.800021355,0.5999944091,0.5999944704,0.5999937278,8.399905487,8.599905868,8.599893225
31.8,60.14882772,63.18120358,63.18117241,60.14882772,63.18120358,63.18117241,0.0004212021718,0.0004212011667,4.400018639,4.600018564,3.800021057,0.5999944871,0.5999945475,0.5999938153,8.399906805,8.59990718,8.599894715
31.85,60.14883097,63.18120681,63.18117608,60.14883097,63.18120681,63.18117608,0.0004153276018,0.0004153265123,4.400018379,4.600018305,3.800020763,0.599994564,0.5999946235,0.5999939015,8.399908106,8.599908474,8.599896183
31.9,60.14883417,63.18121,63.1811797,60.14883417,63.18121,63.1811797,0.0004095349625,0.0004095337934,4.400018122,4.60001805,3.800020474,0.5999946399,0.5999946985,0.5999939866,8.399909388,8.599909751,8.599897631
31.95,60.14883733,63.18121315,63.18118327,60.14883734,63.18121315,63.18118327,0.0004038231095,0.0004038218675,4.40001787,4.600017798,3.800020188,0.5999947146,0.5999947724,0.5999940704,8.399910652,8.599911009,8.599899058
32,60.14884045,63.18121625,63.18118679,60.14884045,63.18121625,63.18118679,0.0003981909143,0.0003981896075,4.40001762,4.60001755,3.800019907,0.5999947884,0.5999948453,0.5999941531,8.399911899,8.59991225,8.599900466
32.05,60.14884352,63.18121931,63.18119026,60.14884352,63.18121931,63.18119026,0.0003926372641,0.0003926359025,4.400017374,4.600017305,3.800019629,0.5999948611,0.5999949172,0.5999942347,8.399913128,8.599913473,8.599901854
32.1,60.14884655,63.18122233,63.18119368,60.14884655,63.18122233,63.18119368,0.0003871610618,0.0003871596567,4.400017132,4.600017064,3.800019355,0.5999949328,0.5999949881,0.5999943151,8.39991434,8.59991468,8.599903223
32.15,60.14884954,63.1812253,63.18119706,60.14884954,63.1812253,63.18119706,0.0003817612257,0.0003817597899,4.400016893,4.600016826,3.800019085,0.5999950035,0.599995058,0.5999943943,8.399915535,8.59991587,8.599904573
32.2,60.14885249,63.18122823,63.18120038,60.14885249,63.18122823,63.18120038,0.0003764366892,0.0003764352367,4.400016657,4.600016591,3.800018819,0.5999950732,0.5999951269,0.5999944725,8.399916713,8.599917043,8.599905903
32.25,60.14885539,63.18123112,63.18120366,60.14885539,63.18123113,63.18120367,0.0003711864007,0.0003711849468,4.400016425,4.60001636,3.800018557,0.5999951419,0.5999951948,0.5999945496,8.399917875,8.5999182,8.599907216
32.3,60.14885826,63.18123398,63.1812069,60.14885826,63.18123398,63.1812069,0.0003660093235,0.0003660078844,4.400016196,4.600016132,3.800018298,0.5999952097,0.5999952618,0.5999946256,8.399919021,8.59991934,8.59990851
32.35,60.14886108,63.18123679,63.18121009,60.14886108,63.18123679,63.18121009,0.0003609044355,0.0003609030282,4.40001597,4.600015907,3.800018043,0.5999952765,0.5999953279,0.5999947006,8.399920151,8.599920465,8.599909786
32.4,60.14886387,63.18123956,63.18121323,60.14886387,63.18123956,63.18121324,0.0003558707291,0.000355869371,4.400015747,4.600015685,3.800017791,0.5999953425,0.5999953931,0.5999947745,8.399921265,8.599921574,8.599911044
32.45,60.14886661,63.18124229,63.18121634,60.14886661,63.1812423,63.18121634,0.0003509072109,0.0003509059199,4.400015527,4.600015466,3.800017543,0.5999954074,0.5999954573,0.5999948474,8.399922363,8.599922668,8.599912284
32.5,60.14886932,63.18124499,63.18121939,60.14886932,63.18124499,63.1812194,0.0003460129017,0.0003460116957,4.400015311,4.600015251,3.800017298,0.5999954715,0.5999955207,0.5999949192,8.399923447,8.599923746,8.599913508
32.55,60.14887199,63.18124765,63.18122241,60.14887199,63.18124765,63.18122241,0.0003411868362,0.0003411857329,4.400015097,4.600015038,3.800017057,0.5999955347,0.5999955831,0.5999949901,8.399924515,8.599924809,8.599914714
32.6,60.14887462,63.18125027,63.18122538,60.14887462,63.18125027,63.18122538,0.0003364280628,0.0003364270793,4.400014886,4.600014828,3.800016819,0.599995597,0.5999956447,0.5999950599,8.399925568,8.599925858,8.599915903
32.65,60.14887722,63.18125286,63.18122832,60.14887722,63.18125286,63.18122832,0.0003317356435,0.0003317347963,4.400014679,4.600014622,3.800016585,0.5999956584,0.5999957054,0.5999951288,8.399926606,8.599926892,8.599917076
32.7,60.14887978,63.1812554,63.18123121,60.14887978,63.1812554,63.18123121,0.0003271086536,0.0003271079582,4.400014474,4.600014418,3.800016353,0.599995719,0.5999957653,0.5999951968,8.39992763,8.599927911,8.599918233
32.75,60.1488823,63.18125792,63.18123406,60.1488823,63.18125792,63.18123406,0.0003225461819,0.000322545652,4.400014272,4.600014217,3.800016125,0.5999957787,0.5999958244,0.5999952638,8.39992864,8.599928917,8.599919373
32.8,60.14888479,63.1812604,63.18123687,60.14888479,63.1812604,63.18123687,0.0003180473298,0.000318046978,4.400014073,4.600014018,3.8000159,0.5999958376,0.5999958826,0.5999953298,8.399929636,8.599929908,8.599920498
32.85,60.14888725,63.18126284,63.18123964,60.14888725,63.18126284,63.18123964,0.0003136112119,0.0003136110484,4.400013877,4.600013823,3.800015679,0.5999958957,0.59999594,0.599995395,8.399930617,8.599930885,8.599921607
32.9,60.14888967,63.18126525,63.18124238,60.14888967,63.18126525,63.18124238,0.0003092369552,0.0003092369883,4.400013683,4.60001363,3.80001546,0.5999959529,0.5999959967,0.5999954592,8.399931585,8.599931849,8.5999227
32.95,60.14889205,63.18126762,63.18124507,60.14889205,63.18126762,63.18124507,0.0003049236992,0.0003049239346,4.400013492,4.60001344,3.800015244,0.5999960094,0.5999960525,0.5999955225,8.39993254,8.5999328,8.599923778
33,60.14889441,63.18126997,63.18124773,60.14889441,63.18126997,63.18124773,0.0003006705959,0.0003006710366,4.400013304,4.600013253,3.800015032,0.5999960651,0.5999961075,0.599995585,8.399933481,8.599933737,8.599924841
33.05,60.14889673,63.18127228,63.18125035,60.14889673,63.18127228,63.18125035,0.0002964768092,0.0002964774553,4.400013118,4.600013068,3.800014822,0.59999612,0.5999961618,0.5999956465,8.399934409,8.599934661,8.599925889
33.1,60.14889902,63.18127456,63.18125293,60.14889901,63.18127456,63.18125293,0.0002923415148,0.0002923423632,4.400012935,4.600012886,3.800014615,0.5999961741,0.5999962153,0.5999957073,8.399935324,8.599935572,8.599926923
33.15,60.14890127,63.1812768,63.18125548,60.14890127,63.1812768,63.18125548,0.0002882639001,0.0002882649448,4.400012755,4.600012706,3.800014412,0.5999962275,0.5999962681,0.5999957671,8.399936226,8.599936471,8.599927942
33.2,60.1489035,63.18127902,63.18125799,60.14890349,63.18127902,63.18125799,0.0002842431643,0.0002842443955,4.400012577,4.600012529,3.800014211,0.5999962801,0.5999963202,0.5999958262,8.399937116,8.599937357,8.599928947
33.25,60.14890569,63.1812812,63.18126047,60.14890569,63.1812812,63.18126047,0.0002802785174,0.0002802799222,4.400012401,4.600012354,3.800014012,0.599996332,0.5999963715,0.5999958844,8.399937994,8.59993823,8.599929938
33.3,60.14890785,63.18128335,63.18126291,60.14890785,63.18128335,63.18126291,0.0002763691808,0.0002763707428,4.400012228,4.600012182,3.800013817,0.5999963832,0.5999964221,0.5999959418,8.399938859,8.599939092,8.599930915
33.35,60.14890998,63.18128548,63.18126532,60.14890998,63.18128548,63.18126532,0.0002725143866,0.0002725160861,4.400012058,4.600012012,3.800013624,0.5999964337,0.599996472,0.5999959984,8.399939712,8.599939941,8.599931879
33.4,60.14891209,63.18128757,63.1812677,60.14891209,63.18128757,63.1812677,0.0002687133774,0.0002687151917,4.400011889,4.600011844,3.800013434,0.5999964834,0.5999965212,0.5999960542,8.399940553,8.599940779,8.599932829
33.45,60.14891416,63.18128964,63.18127004,60.14891416,63.18128964,63.18127004,0.0002649654066,0.0002649673097,4.400011724,4.600011679,3.800013247,0.5999965325,0.5999965697,0.5999961092,8.399941382,8.599941605,8.599933766
33.5,60.1489162,63.18129167,63.18127235,60.1489162,63.18129167,63.18127235,0.0002612697372,0.0002612717007,4.40001156,4.600011516,3.800013062,0.5999965809,0.5999966175,0.5999961635,8.3999422,8.599942419,8.59993469
33.55,60.14891822,63.18129368,63.18127463,60.14891822,63.18129368,63.18127463,0.0002576256425,0.0002576276357,4.400011399,4.600011356,3.80001288,0.5999966285,0.5999966647,0.599996217,8.399943006,8.599943222,8.5999356
33.6,60.14892021,63.18129566,63.18127687,60.14892021,63.18129566,63.18127687,0.0002540324053,0.0002540343958,4.40001124,4.600011197,3.8000127,0.5999966756,0.5999967112,0.5999962698,8.399943801,8.599944014,8.599936499
33.65,60.14892217,63.18129761,63.18127909,60.14892217,63.18129761,63.18127908,0.0002504893179,0.0002504912722,4.400011083,4.600011041,3.800012523,0.599996722,0.5999967571,0.5999963218,8.399944585,8.599944794,8.599937384
33.7,60.1489241,63.18129954,63.18128127,60.1489241,63.18129954,63.18128127,0.0002469956817,0.0002469975657,4.400010928,4.600010887,3.800012349,0.5999967677,0.5999968023,0.5999963731,8.399945358,8.599945564,8.599938257
33.75,60.14892601,63.18130143,63.18128342,60.14892601,63.18130143,63.18128342,0.0002435508071,0.0002435525872,4.400010776,4.600010735,3.800012176,0.5999968128,0.5999968469,0.5999964237,8.399946121,8.599946323,8.599939119
33.8,60.14892789,63.18130331,63.18128554,60.14892788,63.1813033,63.18128554,0.0002401540129,0.0002401556571,4.400010626,4.600010586,3.800012006,0.5999968572,0.5999968909,0.5999964735,8.399946872,8.599947072,8.599939968
33.85,60.14892974,63.18130515,63.18128764,60.14892974,63.18130515,63.18128764,0.0002368046264,0.0002368061052,4.400010477,4.600010438,3.800011839,0.5999969011,0.5999969342,0.5999965227,8.399947613,8.59994781,8.599940805
33.9,60.14893156,63.18130697,63.1812897,60.14893156,63.18130697,63.1812897,0.0002335019828,0.0002335032708,4.400010331,4.600010292,3.800011674,0.5999969443,0.599996977,0.5999965712,8.399948344,8.599948538,8.59994163
33.95,60.14893337,63.18130876,63.18129174,60.14893337,63.18130876,63.18129174,0.0002302454252,0.0002302465022,4.400010187,4.600010149,3.800011511,0.5999969869,0.5999970191,0.599996619,8.399949065,8.599949255,8.599942444
34,60.14893514,63.18131053,63.18129374,60.14893514,63.18131053,63.18129374,0.0002270343041,0.000227035157,4.400010045,4.600010007,3.800011351,0.599997029,0.5999970607,0.5999966662,8.399949775,8.599949963,8.599943247
34.05,60.14893689,63.18131228,63.18129572,60.14893689,63.18131228,63.18129572,0.000223867977,0.0002238686015,4.400009905,4.600009868,3.800011192,0.5999970704,0.5999971017,0.5999967127,8.399950476,8.599950661,8.599944038
34.1,60.14893862,63.181314,63.18129767,60.14893862,63.181314,63.18129767,0.0002207458083,0.0002207462112,4.400009767,4.60000973,3.800011036,0.5999971113,0.5999971421,0.5999967585,8.399951167,8.599951349,8.599944819
34.15,60.14894032,63.18131569,63.1812996,60.14894032,63.18131569,63.1812996,0.0002176671687,0.0002176673701,4.40000963,4.600009595,3.800010882,0.5999971516,0.599997182,0.5999968037,8.399951848,8.599952027,8.599945588
34.2,60.148942,63.18131737,63.18130149,60.148942,63.18131737,63.18130149,0.0002146314353,0.0002146314706,4.400009496,4.600009461,3.800010731,0.5999971913,0.5999972213,0.5999968483,8.399952519,8.599952696,8.599946347
34.25,60.14894366,63.18131902,63.18130336,60.14894366,63.18131902,63.18130336,0.0002116379905,0.0002116379141,4.400009364,4.600009329,3.800010581,0.5999972305,0.59999726,0.5999968923,8.399953182,8.599953356,8.599947095
34.3,60.14894529,63.18132064,63.18130521,60.14894529,63.18132064,63.18130521,0.0002086862229,0.0002086861097,4.400009233,4.600009199,3.800010433,0.5999972691,0.5999972982,0.5999969356,8.399953835,8.599954006,8.599947833
34.35,60.1489469,63.18132225,63.18130703,60.1489469,63.18132225,63.18130703,0.0002057755899,0.0002057754753,4.400009104,4.60000907,3.800010288,0.5999973072,0.5999973359,0.5999969783,8.399954479,8.599954648,8.599948561
34.4,60.14894849,63.18132383,63.18130882,60.14894849,63.18132383,63.18130882,0.0002029055561,0.0002029054366,4.400008977,4.600008944,3.800010144,0.5999973448,0.5999973731,0.5999970205,8.399955114,8.59995528,8.599949278
34.45,60.14895005,63.18132539,63.18131059,60.14895005,63.18132539,63.18131059,0.0002000755534,0.0002000754275,4.400008852,4.600008819,3.800010003,0.5999973818,0.5999974097,0.599997062,8.39995574,8.599955904,8.599949986
34.5,60.1489516,63.18132692,63.18131233,60.1489516,63.18132692,63.18131233,0.0001972850219,0.0001972848895,4.400008729,4.600008696,3.800009863,0.5999974183,0.5999974458,0.599997103,8.399956357,8.599956519,8.599950683
34.55,60.14895312,63.18132844,63.18131405,60.14895312,63.18132844,63.18131405,0.0001945334099,0.0001945332723,4.400008607,4.600008575,3.800009726,0.5999974544,0.5999974814,0.5999971434,8.399956966,8.599957125,8.599951371
34.6,60.14895462,63.18132993,63.18131575,60.14895462,63.18132993,63.18131575,0.0001918201738,0.0001918200329,4.400008487,4.600008455,3.80000959,0.5999974899,0.5999975166,0.5999971832,8.399957567,8.599957723,8.599952049
34.65,60.1489561,63.18133141,63.18131742,60.1489561,63.18133141,63.18131742,0.000189144778,0.0001891446361,4.400008368,4.600008337,3.800009456,0.5999975249,0.5999975512,0.5999972225,8.399958158,8.599958313,8.599952718
34.7,60.14895756,63.18133286,63.18131907,60.14895756,63.18133286,63.18131907,0.0001865066944,0.0001865065541,4.400008252,4.600008221,3.800009325,0.5999975594,0.5999975853,0.5999972613,8.399958742,8.599958894,8.599953377
34.75,60.148959,63.18133429,63.18132069,60.148959,63.18133429,63.18132069,0.0001839054027,0.0001839052664,4.400008136,4.600008106,3.800009194,0.5999975934,0.599997619,0.5999972995,8.399959318,8.599959468,8.599954028
34.8,60.14896042,63.18133571,63.1813223,60.14896042,63.18133571,63.1813223,0.0001813403898,0.0001813402599,4.400008023,4.600007993,3.800009066,0.599997627,0.5999976522,0.5999973371,8.399959885,8.599960033,8.599954669
34.85,60.14896182,63.1813371,63.18132388,60.14896182,63.1813371,63.18132388,0.0001788111501,0.0001788110286,4.400007911,4.600007882,3.80000894,0.5999976601,0.599997685,0.5999973743,8.399960445,8.59996059,8.599955301
34.9,60.1489632,63.18133848,63.18132544,60.1489632,63.18133848,63.18132544,0.0001763171852,0.0001763170734,4.400007801,4.600007772,3.800008815,0.5999976928,0.5999977173,0.5999974109,8.399960997,8.59996114,8.599955924
34.95,60.14896456,63.18133983,63.18132697,60.14896456,63.18133983,63.18132697,0.0001738580035,0.0001738579024,4.400007692,4.600007664,3.800008692,0.5999977249,0.5999977491,0.599997447,8.399961541,8.599961682,8.599956539
35,60.1489659,63.18134117,63.18132849,60.1489659,63.18134117,63.18132849,0.0001714331207,0.0001714330304,4.400007585,4.600007557,3.800008571,0.5999977567,0.5999977805,0.5999974826,8.399962077,8.599962216,8.599957145
35.05,60.14896722,63.18134248,63.18132998,60.14896722,63.18134248,63.18132998,0.0001690420589,0.0001690419791,4.400007479,4.600007451,3.800008451,0.599997788,0.5999978114,0.5999975177,8.399962606,8.599962743,8.599957743
35.1,60.14896852,63.18134378,63.18133146,60.14896852,63.18134378,63.18133146,0.0001666843471,0.0001666842766,4.400007374,4.600007347,3.800008334,0.5999978188,0.599997842,0.5999975523,8.399963128,8.599963263,8.599958332
35.15,60.14896981,63.18134506,63.18133291,60.14896981,63.18134506,63.18133291,0.000164359521,0.000164359458,4.400007272,4.600007245,3.800008217,0.5999978493,0.5999978721,0.5999975865,8.399963642,8.599963775,8.599958913
35.2,60.14897108,63.18134633,63.18133434,60.14897108,63.18134633,63.18133434,0.0001620671224,0.0001620670646,4.40000717,4.600007144,3.800008103,0.5999978793,0.5999979017,0.5999976201,8.399964149,8.59996428,8.599959487
35.25,60.14897233,63.18134757,63.18133575,60.14897233,63.18134757,63.18133575,0.0001598066998,0.0001598066441,4.40000707,4.600007044,3.80000799,0.5999979088,0.599997931,0.5999976533,8.399964649,8.599964778,8.599960052
35.3,60.14897356,63.1813488,63.18133715,60.14897356,63.1813488,63.18133715,0.0001575778078,0.0001575777505,4.400006972,4.600006946,3.800007878,0.599997938,0.5999979598,0.5999976861,8.399965142,8.59996527,8.599960609
35.35,60.14897478,63.18135001,63.18133852,60.14897478,63.18135001,63.18133852,0.0001553800071,0.0001553799443,4.400006874,4.600006849,3.800007768,0.5999979668,0.5999979883,0.5999977183,8.399965629,8.599965754,8.599961158
35.4,60.14897598,63.1813512,63.18133988,60.14897598,63.1813512,63.18133988,0.0001532128645,0.0001532127917,4.400006778,4.600006754,3.80000766,0.5999979951,0.5999980164,0.5999977501,8.399966108,8.599966232,8.5999617
35.45,60.14897716,63.18135238,63.18134121,60.14897716,63.18135238,63.18134121,0.0001510759528,0.0001510758652,4.400006684,4.600006659,3.800007553,0.5999980231,0.599998044,0.5999977815,8.399966581,8.599966703,8.599962234
35.5,60.14897832,63.18135354,63.18134253,60.14897832,63.18135354,63.18134253,0.0001489688508,0.0001489687433,4.400006591,4.600006567,3.800007448,0.5999980507,0.5999980713,0.5999978125,8.399967047,8.599967167,8.599962761
35.55,60.14897947,63.18135469,63.18134383,60.14897947,63.18135469,63.18134383,0.0001468911427,0.0001468910103,4.400006499,4.600006475,3.800007344,0.5999980779,0.5999980982,0.599997843,8.399967507,8.599967625,8.59996328
35.6,60.1489806,63.18135582,63.18134511,60.1489806,63.18135582,63.18134511,0.0001448424189,0.0001448422563,4.400006408,4.600006385,3.800007242,0.5999981047,0.5999981247,0.5999978731,8.39996796,8.599968076,8.599963792
35.65,60.14898172,63.18135693,63.18134637,60.14898172,63.18135693,63.18134637,0.0001428222749,0.0001428220771,4.400006319,4.600006296,3.800007141,0.5999981311,0.5999981509,0.5999979027,8.399968407,8.599968522,8.599964297
35.7,60.14898282,63.18135803,63.18134761,60.14898282,63.18135803,63.18134761,0.0001408303122,0.0001408300742,4.40000623,4.600006208,3.800007041,0.5999981572,0.5999981767,0.599997932,8.399968848,8.599968961,8.599964795
35.75,60.14898391,63.18135911,63.18134884,60.14898391,63.18135911,63.18134884,0.0001388661374,0.0001388658545,4.400006144,4.600006121,3.800006943,0.5999981829,0.5999982021,0.5999979608,8.399969282,8.599969393,8.599965286
35.8,60.14898498,63.18136018,63.18135005,60.14898498,63.18136018,63.18135005,0.0001369293628,0.0001369290306,4.400006058,4.600006036,3.800006846,0.5999982082,0.5999982272,0.5999979893,8.399969711,8.59996982,8.59996577
35.85,60.14898604,63.18136123,63.18135124,60.14898604,63.18136123,63.18135124,0.0001350196057,0.0001350192203,4.400005973,4.600005952,3.80000675,0.5999982332,0.5999982519,0.5999980173,8.399970133,8.599970241,8.599966248
35.9,60.14898708,63.18136227,63.18135242,60.14898708,63.18136227,63.18135242,0.000133136489,0.000133136047,4.40000589,4.600005869,3.800006656,0.5999982579,0.5999982763,0.5999980449,8.39997055,8.599970656,8.599966718
35.95,60.14898811,63.18136329,63.18135358,60.14898811,63.18136329,63.18135358,0.0001312796404,0.0001312791391,4.400005808,4.600005787,3.800006564,0.5999982822,0.5999983003,0.5999980722,8.39997096,8.599971065,8.599967182
36,60.14898912,63.1813643,63.18135473,60.14898912,63.1813643,63.18135473,0.000129448693,0.0001294481302,4.400005727,4.600005706,3.800006472,0.5999983061,0.599998324,0.5999980991,8.399971366,8.599971469,8.59996764
36.05,60.14899012,63.18136529,63.18135585,60.14899012,63.18136529,63.18135585,0.0001276432848,0.0001276426591,4.400005647,4.600005627,3.800006382,0.5999983298,0.5999983474,0.5999981256,8.399971765,8.599971867,8.599968091
36.1,60.1489911,63.18136627,63.18135697,60.1489911,63.18136627,63.18135697,0.0001258630588,0.0001258623697,4.400005568,4.600005548,3.800006293,0.5999983531,0.5999983704,0.5999981518,8.399972159,8.599972259,8.599968536
36.15,60.14899207,63.18136724,63.18135806,60.14899207,63.18136724,63.18135806,0.000124107663,0.0001241069108,4.400005491,4.600005471,3.800006205,0.599998376,0.5999983932,0.5999981775,8.399972547,8.599972646,8.599968975
36.2,60.14899303,63.18136819,63.18135915,60.14899303,63.18136819,63.18135915,0.0001223767502,0.0001223759359,4.400005414,4.600005394,3.800006118,0.5999983987,0.5999984156,0.5999982029,8.39997293,8.599973028,8.599969408
36.25,60.14899397,63.18136913,63.18136021,60.14899397,63.18136914,63.18136021,0.000120669978,0.0001206691037,4.400005338,4.600005319,3.800006033,0.599998421,0.5999984377,0.599998228,8.399973308,8.599973404,8.599969835
36.3,60.1489949,63.18137006,63.18136126,60.14899491,63.18137006,63.18136126,0.0001189870088,0.0001189860773,4.400005264,4.600005245,3.800005949,0.599998443,0.5999984595,0.5999982527,8.39997368,8.599973775,8.599970255
36.35,60.14899582,63.18137098,63.1813623,60.14899582,63.18137098,63.1813623,0.0001173275095,0.0001173265249,4.400005191,4.600005172,3.800005866,0.5999984648,0.5999984809,0.5999982771,8.399974047,8.59997414,8.59997067
36.4,60.14899673,63.18137188,63.18136332,60.14899673,63.18137188,63.18136332,0.000115691152,0.0001156901189,4.400005118,4.6000051,3.800005784,0.5999984862,0.5999985021,0.5999983011,8.399974409,8.599974501,8.599971079
36.45,60.14899762,63.18137277,63.18136433,60.14899762,63.18137277,63.18136433,0.0001140776124,0.0001140765365,4.400005047,4.600005029,3.800005703,0.5999985073,0.599998523,0.5999983248,8.399974766,8.599974857,8.599971483
36.5,60.1489985,63.18137364,63.18136533,60.1489985,63.18137364,63.18136533,0.0001124865717,0.0001124854595,4.400004976,4.600004959,3.800005624,0.5999985281,0.5999985436,0.5999983482,8.399975118,8.599975207,8.59997188
36.55,60.14899937,63.18137451,63.18136631,60.14899937,63.18137451,63.18136631,0.000110917715,0.0001109165739,4.400004907,4.600004889,3.800005546,0.5999985486,0.5999985639,0.5999983712,8.399975465,8.599975553,8.599972272
36.6,60.14900022,63.18137536,63.18136727,60.14900022,63.18137536,63.18136727,0.0001093707321,0.0001093695702,4.400004839,4.600004821,3.800005468,0.5999985689,0.599998584,0.5999983939,8.399975807,8.599975894,8.599972659
36.65,60.14900107,63.1813762,63.18136823,60.14900107,63.1813762,63.18136823,0.0001078453171,0.0001078441432,4.400004771,4.600004754,3.800005392,0.5999985888,0.5999986037,0.5999984163,8.399976145,8.59997623,8.59997304
36.7,60.1490019,63.18137703,63.18136917,60.1490019,63.18137703,63.18136917,0.0001063411685,0.0001063399919,4.400004705,4.600004688,3.800005317,0.5999986085,0.5999986232,0.5999984384,8.399976477,8.599976562,8.599973416
36.75,60.14900272,63.18137785,63.18137009,60.14900272,63.18137785,63.18137009,0.0001048579889,0.0001048568197,4.400004639,4.600004622,3.800005243,0.5999986279,0.5999986424,0.5999984602,8.399976806,8.599976889,8.599973787
36.8,60.14900353,63.18137865,63.18137101,60.14900353,63.18137865,63.18137101,0.0001033954853,0.000103394334,4.400004574,4.600004558,3.800005169,0.5999986471,0.5999986613,0.5999984817,8.399977129,8.599977211,8.599974153
36.85,60.14900432,63.18137945,63.18137191,60.14900433,63.18137945,63.18137191,0.0001019533688,0.0001019522461,4.40000451,4.600004494,3.800005097,0.5999986659,0.59999868,0.5999985028,8.399977448,8.599977529,8.599974513
36.9,60.14900511,63.18138023,63.1813728,60.14900511,63.18138023,63.1813728,0.0001005313547,0.0001005302717,4.400004447,4.600004432,3.800005026,0.5999986846,0.5999986984,0.5999985237,8.399977763,8.599977842,8.599974869
36.95,60.14900589,63.181381,63.18137367,60.14900589,63.181381,63.18137367,9.912916237e-05,9.912813013e-05,4.400004385,4.60000437,3.800004956,0.5999987029,0.5999987165,0.5999985443,8.399978073,8.599978151,8.599975219
37,60.14900665,63.18138177,63.18137454,60.14900665,63.18138177,63.18137454,9.774651516e-05,9.774554484e-05,4.400004324,4.600004309,3.800004887,0.599998721,0.5999987344,0.5999985646,8.399978379,8.599978456,8.599975565
37.05,60.14900741,63.18138252,63.18137539,60.14900741,63.18138252,63.18137539,9.638314047e-05,9.638224306e-05,4.400004264,4.600004249,3.800004819,0.5999987388,0.5999987521,0.5999985846,8.39997868,8.599978756,8.599975906
37.1,60.14900815,63.18138326,63.18137623,60.14900815,63.18138326,63.18137623,9.503876961e-05,9.503795584e-05,4.400004204,4.600004189,3.800004752,0.5999987564,0.5999987695,0.5999986044,8.399978978,8.599979053,8.599976242
37.15,60.14900888,63.18138399,63.18137706,60.14900888,63.18138399,63.18137706,9.371313779e-05,9.371241796e-05,4.400004146,4.600004131,3.800004685,0.5999987738,0.5999987867,0.5999986238,8.399979271,8.599979345,8.599976573
37.2,60.14900961,63.18138471,63.18137788,60.14900961,63.18138471,63.18137788,9.240598405e-05,9.240536793e-05,4.400004088,4.600004073,3.80000462,0.5999987909,0.5999988036,0.599998643,8.39997956,8.599979633,8.5999769
37.25,60.14901032,63.18138542,63.18137868,60.14901032,63.18138542,63.18137868,9.111705125e-05,9.111654788e-05,4.400004031,4.600004017,3.800004556,0.5999988078,0.5999988203,0.599998662,8.399979845,8.599979917,8.599977222
37.3,60.14901102,63.18138612,63.18137948,60.14901102,63.18138612,63.18137948,8.984608593e-05,8.984570357e-05,4.400003975,4.600003961,3.800004492,0.5999988244,0.5999988367,0.5999986806,8.399980126,8.599980197,8.59997754
37.35,60.14901171,63.18138681,63.18138026,60.14901171,63.18138681,63.18138026,8.85928384e-05,8.859258427e-05,4.400003919,4.600003905,3.800004429,0.5999988408,0.599998853,0.599998699,8.399980404,8.599980473,8.599977853
37.4,60.1490124,63.18138749,63.18138103,60.1490124,63.18138749,63.18138103,8.735706253e-05,8.735694277e-05,4.400003865,4.600003851,3.800004368,0.599998857,0.599998869,0.5999987172,8.399980677,8.599980746,8.599978162
37.45,60.14901307,63.18138816,63.18138179,60.14901307,63.18138816,63.18138179,8.613851579e-05,8.61385353e-05,4.400003811,4.600003797,3.800004307,0.5999988729,0.5999988847,0.5999987351,8.399980947,8.599981014,8.599978467
37.5,60.14901374,63.18138882,63.18138254,60.14901374,63.18138882,63.18138254,8.493695918e-05,8.493712148e-05,4.400003758,4.600003744,3.800004247,0.5999988886,0.5999989003,0.5999987527,8.399981212,8.599981279,8.599978767
37.55,60.14901439,63.18138948,63.18138328,60.14901439,63.18138948,63.18138328,8.375215717e-05,8.37524643e-05,4.400003705,4.600003692,3.800004187,0.5999989041,0.5999989156,0.5999987701,8.399981474,8.59998154,8.599979063
37.6,60.14901504,63.18139012,63.18138401,60.14901504,63.18139012,63.18138401,8.258387763e-05,8.258433006e-05,4.400003653,4.60000364,3.800004129,0.5999989194,0.5999989308,0.5999987873,8.399981733,8.599981798,8.599979355
37.65,60.14901567,63.18139075,63.18138473,60.14901567,63.18139075,63.18138473,8.14318918e-05,8.143248829e-05,4.400003602,4.60000359,3.800004071,0.5999989345,0.5999989457,0.5999988042,8.399981988,8.599982052,8.599979643
37.7,60.1490163,63.18139138,63.18138544,60.1490163,63.18139138,63.18138544,8.029597418e-05,8.029671176e-05,4.400003552,4.60000354,3.800004015,0.5999989494,0.5999989604,0.5999988209,8.399982239,8.599982302,8.599979927
37.75,60.14901692,63.181392,63.18138614,60.14901692,63.181392,63.18138614,7.91759025e-05,7.91767764e-05,4.400003503,4.60000349,3.800003959,0.599998964,0.5999989749,0.5999988373,8.399982487,8.599982549,8.599980207
37.8,60.14901753,63.18139261,63.18138683,60.14901753,63.18139261,63.18138683,7.807145768e-05,7.807246127e-05,4.400003454,4.600003442,3.800003903,0.5999989785,0.5999989892,0.5999988535,8.399982731,8.599982792,8.599980483
37.85,60.14901813,63.18139321,63.18138751,60.14901813,63.18139321,63.18138751,7.698242372e-05,7.698354851e-05,4.400003406,4.600003394,3.800003849,0.5999989927,0.5999990033,0.5999988695,8.399982972,8.599983032,8.599980755
37.9,60.14901873,63.1813938,63.18138819,60.14901873,63.1813938,63.18138818,7.590858765e-05,7.590982329e-05,4.400003358,4.600003346,3.800003795,0.5999990068,0.5999990172,0.5999988853,8.39998321,8.599983269,8.599981024
37.95,60.14901931,63.18139438,63.18138885,60.14901931,63.18139438,63.18138885,7.484973945e-05,7.485107379e-05,4.400003311,4.6000033,3.800003742,0.5999990206,0.5999990309,0.5999989008,8.399983444,8.599983502,8.599981289
38,60.14901989,63.18139496,63.1813895,60.14901989,63.18139496,63.1813895,7.380567202e-05,7.380709113e-05,4.400003265,4.600003254,3.80000369,0.5999990343,0.5999990444,0.5999989162,8.399983675,8.599983732,8.59998155
38.05,60.14902046,63.18139552,63.18139014,60.14902046,63.18139552,63.18139014,7.277618102e-05,7.277766936e-05,4.40000322,4.600003208,3.800003639,0.5999990478,0.5999990577,0.5999989313,8.399983902,8.599983959,8.599981807
38.1,60.14902102,63.18139608,63.18139078,60.14902102,63.18139608,63.18139078,7.176106491e-05,7.176260539e-05,4.400003175,4.600003163,3.800003588,0.599999061,0.5999990709,0.5999989462,8.399984127,8.599984183,8.599982061
38.15,60.14902158,63.18139663,63.1813914,60.14902157,63.18139663,63.1813914,7.076012475e-05,7.076169897e-05,4.40000313,4.600003119,3.800003538,0.5999990741,0.5999990838,0.5999989609,8.399984348,8.599984404,8.599982311
38.2,60.14902212,63.18139718,63.18139202,60.14902212,63.18139718,63.18139202,6.977316421e-05,6.977475263e-05,4.400003087,4.600003076,3.800003488,0.5999990871,0.5999990966,0.5999989754,8.399984567,8.599984621,8.599982558
38.25,60.14902266,63.18139771,63.18139263,60.14902266,63.18139771,63.18139263,6.879998946e-05,6.880157167e-05,4.400003044,4.600003033,3.80000344,0.5999990998,0.5999991092,0.5999989897,8.399984782,8.599984836,8.599982801
38.3,60.14902319,63.18139824,63.18139323,60.14902319,63.18139824,63.18139323,6.784040903e-05,6.784196409e-05,4.400003001,4.600002991,3.800003392,0.5999991123,0.5999991216,0.5999990038,8.399984994,8.599985047,8.599983041
38.35,60.14902371,63.18139876,63.18139382,60.14902371,63.18139876,63.18139382,6.689423383e-05,6.689574059e-05,4.400002959,4.600002949,3.800003345,0.5999991247,0.5999991339,0.5999990177,8.399985204,8.599985256,8.599983277
38.4,60.14902423,63.18139928,63.1813944,60.14902423,63.18139928,63.1813944,6.596127693e-05,6.596271448e-05,4.400002918,4.600002908,3.800003298,0.5999991369,0.599999146,0.5999990314,8.39998541,8.599985461,8.599983511
38.45,60.14902474,63.18139979,63.18139498,60.14902474,63.18139979,63.18139498,6.504135356e-05,6.504270171e-05,4.400002877,4.600002867,3.800003252,0.599999149,0.5999991579,0.5999990449,8.399985613,8.599985664,8.599983741
38.5,60.14902524,63.18140029,63.18139554,60.14902524,63.18140029,63.18139554,6.413428099e-05,6.413552077e-05,4.400002837,4.600002827,3.800003207,0.5999991608,0.5999991696,0.5999990582,8.399985814,8.599985864,8.599983967
38.55,60.14902573,63.18140078,63.1813961,60.14902573,63.18140078,63.1813961,6.323987838e-05,6.324099268e-05,4.400002798,4.600002788,3.800003162,0.5999991725,0.5999991812,0.5999990713,8.399986012,8.599986061,8.599984191
38.6,60.14902622,63.18140126,63.18139665,60.14902622,63.18140126,63.18139665,6.235796673e-05,6.235894097e-05,4.400002759,4.600002749,3.800003118,0.5999991841,0.5999991926,0.5999990843,8.399986207,8.599986256,8.599984411
38.65,60.1490267,63.18140174,63.1813972,60.1490267,63.18140174,63.1813972,6.148836877e-05,6.148919164e-05,4.40000272,4.600002711,3.800003074,0.5999991955,0.5999992039,0.5999990971,8.399986399,8.599986447,8.599984629
38.7,60.14902718,63.18140222,63.18139773,60.14902718,63.18140222,63.18139773,6.063090878e-05,6.063157309e-05,4.400002682,4.600002673,3.800003031,0.5999992067,0.599999215,0.5999991096,8.399986589,8.599986636,8.599984843
38.75,60.14902764,63.18140268,63.18139826,60.14902764,63.18140268,63.18139826,5.978541256e-05,5.978591613e-05,4.400002645,4.600002635,3.800002989,0.5999992177,0.5999992259,0.5999991221,8.399986776,8.599986823,8.599985054
38.8,60.14902811,63.18140314,63.18139878,60.14902811,63.18140314,63.18139878,5.895170729e-05,5.895205392e-05,4.400002608,4.600002599,3.800002947,0.5999992287,0.5999992367,0.5999991343,8.39998696,8.599987006,8.599985263
38.85,60.14902856,63.18140359,63.1813993,60.14902856,63.18140359,63.1813993,5.812962133e-05,5.812982198e-05,4.400002572,4.600002562,3.800002906,0.5999992394,0.5999992474,0.5999991464,8.399987142,8.599987188,8.599985468
38.9,60.14902901,63.18140404,63.1813998,60.14902901,63.18140404,63.1813998,5.73189842e-05,5.731905806e-05,4.400002536,4.600002527,3.800002866,0.59999925,0.5999992579,0.5999991583,8.399987322,8.599987366,8.599985671
38.95,60.14902945,63.18140448,63.1814003,60.14902945,63.18140448,63.1814003,5.651962638e-05,5.651960224e-05,4.4000025,4.600002492,3.800002826,0.5999992605,0.5999992682,0.59999917,8.399987498,8.599987542,8.599985871
39,60.14902989,63.18140492,63.1814008,60.14902989,63.18140492,63.1814008,5.573137919e-05,5.573129678e-05,4.400002465,4.600002457,3.800002786,0.5999992708,0.5999992784,0.5999991816,8.399987673,8.599987716,8.599986068
39.05,60.14903032,63.18140534,63.18140128,60.14903032,63.18140534,63.18140128,5.495407909e-05,5.495398618e-05,4.400002431,4.600002423,3.800002748,0.599999281,0.5999992885,0.599999193,8.399987845,8.599987887,8.599986262
39.1,60.14903074,63.18140577,63.18140176,60.14903074,63.18140577,63.18140176,5.418761114e-05,5.418751707e-05,4.400002397,4.600002389,3.800002709,0.599999291,0.5999992984,0.5999992043,8.399988014,8.599988056,8.599986454
39.15,60.14903116,63.18140618,63.18140223,60.14903116,63.18140618,63.18140223,5.34318353e-05,5.343173827e-05,4.400002364,4.600002355,3.800002671,0.5999993009,0.5999993082,0.5999992154,8.399988181,8.599988223,8.599986643
39.2,60.14903157,63.18140659,63.1814027,60.14903157,63.18140659,63.1814027,5.268660149e-05,5.268650065e-05,4.400002331,4.600002323,3.800002634,0.5999993106,0.5999993178,0.5999992263,8.399988346,8.599988387,8.599986829
39.25,60.14903198,63.181407,63.18140316,60.14903198,63.181407,63.18140316,5.195176193e-05,5.19516572e-05,4.400002298,4.60000229,3.800002597,0.5999993202,0.5999993274,0.5999992371,8.399988509,8.599988549,8.599987013
39.3,60.14903238,63.1814074,63.18140361,60.14903238,63.1814074,63.18140361,5.122717106e-05,5.122706294e-05,4.400002266,4.600002258,3.800002561,0.5999993297,0.5999993367,0.5999992477,8.399988669,8.599988709,8.599987194
39.35,60.14903277,63.18140779,63.18140406,60.14903277,63.18140779,63.18140406,5.051268549e-05,5.051257493e-05,4.400002235,4.600002227,3.800002526,0.5999993391,0.599999346,0.5999992582,8.399988827,8.599988866,8.599987372
39.4,60.14903316,63.18140818,63.1814045,60.14903316,63.18140818,63.1814045,4.980816399e-05,4.98080522e-05,4.400002203,4.600002196,3.80000249,0.5999993483,0.5999993551,0.5999992686,8.399988983,8.599989022,8.599987549
39.45,60.14903355,63.18140856,63.18140493,60.14903355,63.18140856,63.18140493,4.911346739e-05,4.911335578e-05,4.400002173,4.600002165,3.800002456,0.5999993574,0.5999993641,0.5999992788,8.399989137,8.599989175,8.599987722
39.5,60.14903393,63.18140894,63.18140536,60.14903393,63.18140894,63.18140536,4.842845859e-05,4.842834861e-05,4.400002142,4.600002135,3.800002421,0.5999993663,0.599999373,0.5999992888,8.399989288,8.599989326,8.599987893
39.55,60.1490343,63.18140931,63.18140578,60.1490343,63.18140931,63.18140578,4.775300249e-05,4.775289553e-05,4.400002112,4.600002105,3.800002388,0.5999993752,0.5999993817,0.5999992988,8.399989438,8.599989475,8.599988062
39.6,60.14903467,63.18140968,63.1814062,60.14903467,63.18140968,63.1814062,4.708696593e-05,4.708686332e-05,4.400002083,4.600002076,3.800002354,0.5999993839,0.5999993903,0.5999993085,8.399989585,8.599989621,8.599988229
39.65,60.14903503,63.18141004,63.18140661,60.14903503,63.18141004,63.18140661,4.64302177e-05,4.643012055e-05,4.400002054,4.600002047,3.800002321,0.5999993925,0.5999993988,0.5999993182,8.39998973,8.599989766,8.599988393
39.7,60.14903539,63.1814104,63.18140701,60.14903539,63.1814104,63.18140701,4.578262847e-05,4.578253768e-05,4.400002025,4.600002018,3.800002289,0.599999401,0.5999994072,0.5999993277,8.399989873,8.599989909,8.599988555
39.75,60.14903574,63.18141075,63.18140741,60.14903574,63.18141075,63.18140741,4.514407074e-05,4.514398695e-05,4.400001997,4.60000199,3.800002257,0.5999994093,0.5999994155,0.5999993371,8.399990015,8.59999005,8.599988715
39.8,60.14903609,63.1814111,63.18140781,60.14903609,63.1814111,63.18140781,4.451441886e-05,4.451434237e-05,4.400001969,4.600001962,3.800002226,0.5999994176,0.5999994236,0.5999993463,8.399990154,8.599990188,8.599988872
39.85,60.14903643,63.18141144,63.18140819,60.14903643,63.18141144,63.18140819,4.38935489e-05,4.389347973e-05,4.400001942,4.600001935,3.800002195,0.5999994257,0.5999994317,0.5999993554,8.399990291,8.599990325,8.599989027
39.9,60.14903677,63.18141178,63.18140858,60.14903677,63.18141178,63.18140858,4.328133874e-05,4.328127656e-05,4.400001915,4.600001908,3.800002164,0.5999994337,0.5999994396,0.5999993644,8.399990427,8.59999046,8.59998918
39.95,60.14903711,63.18141211,63.18140895,60.14903711,63.18141211,63.18140895,4.267766792e-05,4.267761205e-05,4.400001888,4.600001881,3.800002134,0.5999994416,0.5999994474,0.5999993733,8.39999056,8.599990593,8.599989331
40,60.14903743,63.18141244,63.18140933,60.14903743,63.18141244,63.18140933,4.208241769e-05,4.208236714e-05,4.400001862,4.600001855,3.800002104,0.5999994494,0.5999994551,0.599999382,8.399990692,8.599990724,8.59998948
40.05,60.14903776,63.18141276,63.18140969,60.14903776,63.18141276,63.18140969,4.149547093e-05,4.149542438e-05,4.400001836,4.600001829,3.800002075,0.5999994571,0.5999994627,0.5999993906,8.399990822,8.599990854,8.599989627
40.1,60.14903808,63.18141308,63.18141005,60.14903808,63.18141308,63.18141005,4.091671216e-05,4.091666798e-05,4.40000181,4.600001804,3.800002046,0.5999994646,0.5999994702,0.5999993991,8.39999095,8.599990981,8.599989771
40.15,60.14903839,63.18141339,63.18141041,60.14903839,63.18141339,63.18141041,4.034602747e-05,4.034598377e-05,4.400001785,4.600001779,3.800002017,0.5999994721,0.5999994776,0.5999994075,8.399991076,8.599991107,8.599989914
40.2,60.14903871,63.1814137,63.18141076,60.14903871,63.1814137,63.18141076,3.978330455e-05,3.978325915e-05,4.40000176,4.600001754,3.800001989,0.5999994795,0.5999994849,0.5999994158,8.3999912,8.599991231,8.599990055
40.25,60.14903901,63.18141401,63.18141111,60.14903901,63.18141401,63.18141111,3.92284326e-05,3.92283831e-05,4.400001735,4.600001729,3.800001961,0.5999994867,0.5999994921,0.5999994239,8.399991323,8.599991354,8.599990193
40.3,60.14903932,63.18141431,63.18141145,60.14903932,63.18141431,63.18141145,3.868130234e-05,3.868124617e-05,4.400001711,4.600001705,3.800001934,0.5999994939,0.5999994992,0.599999432,8.399991444,8.599991474,8.59999033
40.35,60.14903961,63.18141461,63.18141179,60.14903961,63.18141461,63.18141179,3.814180599e-05,3.814174042e-05,4.400001687,4.600001681,3.800001907,0.5999995009,0.5999995062,0.5999994399,8.399991564,8.599991593,8.599990465
40.4,60.14903991,63.1814149,63.18141212,60.14903991,63.1814149,63.18141212,3.760983723e-05,3.760975939e-05,4.400001664,4.600001658,3.80000188,0.5999995079,0.599999513,0.5999994477,8.399991681,8.59999171,8.599990598
40.45,60.1490402,63.18141519,63.18141245,60.1490402,63.18141519,63.18141245,3.708529119e-05,3.708519816e-05,4.400001641,4.600001635,3.800001854,0.5999995148,0.5999995198,0.5999994554,8.399991797,8.599991826,8.599990729
40.5,60.14904048,63.18141548,63.18141277,60.14904048,63.18141548,63.18141277,3.656806441e-05,3.656795322e-05,4.400001618,4.600001612,3.800001828,0.5999995215,0.5999995265,0.599999463,8.399991912,8.59999194,8.599990858
40.55,60.14904077,63.18141576,63.18141309,60.14904077,63.18141576,63.18141309,3.605805483e-05,3.605792254e-05,4.400001595,4.60000159,3.800001803,0.5999995282,0.5999995331,0.5999994705,8.399992024,8.599992052,8.599990986
40.6,60.14904104,63.18141603,63.1814134,60.14904104,63.18141603,63.1814134,3.555516181e-05,3.55550055e-05,4.400001573,4.600001567,3.800001778,0.5999995348,0.5999995396,0.5999994779,8.399992136,8.599992163,8.599991112
40.65,60.14904132,63.18141631,63.18141371,60.14904132,63.18141631,63.18141371,3.5059286e-05,3.505910286e-05,4.400001551,4.600001546,3.800001753,0.5999995413,0.5999995461,0.5999994852,8.399992245,8.599992272,8.599991236
40.7,60.14904159,63.18141658,63.18141402,60.14904159,63.18141658,63.18141402,3.457032946e-05,3.457011682e-05,4.400001529,4.600001524,3.800001728,0.5999995477,0.5999995524,0.5999994923,8.399992354,8.59999238,8.599991358
40.75,60.14904186,63.18141684,63.18141432,60.14904186,63.18141684,63.18141432,3.408819554e-05,3.408795089e-05,4.400001508,4.600001503,3.800001704,0.599999554,0.5999995586,0.5999994994,8.39999246,8.599992486,8.599991478
40.8,60.14904212,63.1814171,63.18141462,60.14904212,63.1814171,63.18141462,3.36127889e-05,3.361250995e-05,4.400001487,4.600001482,3.800001681,0.5999995602,0.5999995648,0.5999995064,8.399992565,8.599992591,8.599991597
40.85,60.14904238,63.18141736,63.18141491,60.14904238,63.18141736,63.18141491,3.31440155e-05,3.314370021e-05,4.400001466,4.600001461,3.800001657,0.5999995663,0.5999995709,0.5999995133,8.399992669,8.599992695,8.599991714
40.9,60.14904263,63.18141762,63.1814152,60.14904263,63.18141762,63.1814152,3.268178257e-05,3.268142917e-05,4.400001446,4.600001441,3.800001634,0.5999995724,0.5999995768,0.5999995201,8.399992771,8.599992796,8.59999183
40.95,60.14904288,63.18141787,63.18141549,60.14904289,63.18141787,63.18141549,3.222599859e-05,3.222560565e-05,4.400001426,4.600001421,3.800001611,0.5999995783,0.5999995827,0.5999995268,8.399992872,8.599992897,8.599991944
41,60.14904313,63.18141812,63.18141577,60.14904313,63.18141812,63.18141577,3.177657328e-05,3.17761397e-05,4.400001406,4.600001401,3.800001589,0.5999995842,0.5999995886,0.5999995334,8.399992971,8.599992996,8.599992056
41.05,60.14904338,63.18141836,63.18141604,60.14904338,63.18141836,63.18141604,3.133341761e-05,3.133294268e-05,4.400001386,4.600001381,3.800001567,0.59999959,0.5999995943,0.5999995399,8.39999307,8.599993094,8.599992167
41.1,60.14904362,63.1814186,63.18141632,60.14904362,63.1814186,63.18141632,3.089644375e-05,3.089592712e-05,4.400001367,4.600001362,3.800001545,0.5999995957,0.5999996,0.5999995463,8.399993166,8.59999319,8.599992276
41.15,60.14904386,63.18141884,63.18141659,60.14904386,63.18141884,63.18141659,3.046556506e-05,3.046500683e-05,4.400001348,4.600001343,3.800001523,0.5999996014,0.5999996055,0.5999995526,8.399993261,8.599993285,8.599992384
41.2,60.14904409,63.18141907,63.18141685,60.14904409,63.18141907,63.18141685,3.004069611e-05,3.004009679e-05,4.400001329,4.600001324,3.800001502,0.5999996069,0.599999611,0.5999995589,8.399993355,8.599993379,8.59999249
41.25,60.14904432,63.1814193,63.18141711,60.14904433,63.1814193,63.18141711,2.962175262e-05,2.962111316e-05,4.40000131,4.600001306,3.800001481,0.5999996124,0.5999996165,0.599999565,8.399993448,8.599993471,8.599992595
41.3,60.14904455,63.18141953,63.18141737,60.14904455,63.18141953,63.18141737,2.920865149e-05,2.920797329e-05,4.400001292,4.600001288,3.80000146,0.5999996178,0.5999996218,0.5999995711,8.399993539,8.599993562,8.599992698
41.35,60.14904478,63.18141975,63.18141763,60.14904478,63.18141976,63.18141763,2.880131074e-05,2.880059568e-05,4.400001274,4.60000127,3.80000144,0.5999996232,0.5999996271,0.5999995771,8.39999363,8.599993652,8.5999928
41.4,60.149045,63.18141998,63.18141788,60.149045,63.18141998,63.18141788,2.839964958e-05,2.839889996e-05,4.400001256,4.600001252,3.80000142,0.5999996284,0.5999996323,0.599999583,8.399993718,8.59999374,8.5999929
41.45,60.14904522,63.18142019,63.18141812,60.14904522,63.18142019,63.18141812,2.800358829e-05,2.800280687e-05,4.400001239,4.600001234,3.8000014,0.5999996336,0.5999996374,0.5999995888,8.399993806,8.599993828,8.599992999
41.5,60.14904544,63.18142041,63.18141837,60.14904544,63.18142041,63.18141837,2.761304829e-05,2.761223828e-05,4.400001222,4.600001217,3.800001381,0.5999996387,0.5999996425,0.5999995945,8.399993892,8.599993914,8.599993097
41.55,60.14904565,63.18142062,63.18141861,60.14904565,63.18142062,63.18141861,2.722795211e-05,2.722711713e-05,4.400001204,4.6000012,3.800001361,0.5999996437,0.5999996475,0.5999996002,8.399993978,8.599993999,8.599993193
41.6,60.14904586,63.18142083,63.18141885,60.14904586,63.18142083,63.18141885,2.684822335e-05,2.684736745e-05,4.400001188,4.600001184,3.800001342,0.5999996487,0.5999996524,0.5999996057,8.399994062,8.599994082,8.599993288
41.65,60.14904607,63.18142104,63.18141908,60.14904607,63.18142104,63.18141908,2.647378671e-05,2.647291432e-05,4.400001171,4.600001167,3.800001324,0.5999996536,0.5999996572,0.5999996112,8.399994144,8.599994165,8.599993382
41.7,60.14904627,63.18142124,63.18141931,60.14904627,63.18142124,63.18141931,2.610456795e-05,2.610368386e-05,4.400001155,4.600001151,3.800001305,0.5999996584,0.599999662,0.5999996167,8.399994226,8.599994246,8.599993474
41.75,60.14904647,63.18142144,63.18141954,60.14904647,63.18142144,63.18141954,2.574049388e-05,2.573960323e-05,4.400001139,4.600001135,3.800001287,0.5999996632,0.5999996667,0.599999622,8.399994307,8.599994326,8.599993565
41.8,60.14904667,63.18142164,63.18141976,60.14904667,63.18142164,63.18141976,2.53814924e-05,2.538060061e-05,4.400001123,4.600001119,3.800001269,0.5999996679,0.5999996714,0.5999996273,8.399994386,8.599994406,8.599993655
41.85,60.14904687,63.18142183,63.18141998,60.14904687,63.18142183,63.18141998,2.502749239e-05,2.502660516e-05,4.400001107,4.600001103,3.800001251,0.5999996725,0.599999676,0.5999996325,8.399994464,8.599994484,8.599993743
41.9,60.14904706,63.18142203,63.1814202,60.14904706,63.18142203,63.1814202,2.467842381e-05,2.467754706e-05,4.400001092,4.600001088,3.800001234,0.5999996771,0.5999996805,0.5999996376,8.399994542,8.599994561,8.599993831
41.95,60.14904725,63.18142222,63.18142042,60.14904725,63.18142222,63.18142042,2.43342176e-05,2.433335743e-05,4.400001076,4.600001073,3.800001217,0.5999996816,0.5999996849,0.5999996427,8.399994618,8.599994636,8.599993917
42,60.14904744,63.1814224,63.18142063,60.14904744,63.1814224,63.18142063,2.399480573e-05,2.399396838e-05,4.400001061,4.600001058,3.8000012,0.5999996861,0.5999996893,0.5999996476,8.399994693,8.599994711,8.599994002
42.05,60.14904762,63.18142259,63.18142084,60.14904762,63.18142259,63.18142084,2.366012118e-05,2.365931295e-05,4.400001047,4.600001043,3.800001183,0.5999996904,0.5999996937,0.5999996525,8.399994767,8.599994785,8.599994085
42.1,60.1490478,63.18142277,63.18142104,60.1490478,63.18142277,63.18142105,2.333009785e-05,2.332932512e-05,4.400001032,4.600001028,3.800001166,0.5999996947,0.5999996979,0.5999996574,8.39999484,8.599994858,8.599994168
42.15,60.14904798,63.18142295,63.18142125,60.14904798,63.18142295,63.18142125,2.300467072e-05,2.300393977e-05,4.400001018,4.600001014,3.80000115,0.599999699,0.5999997021,0.5999996622,8.399994912,8.599994929,8.599994249
42.2,60.14904816,63.18142313,63.18142145,60.14904816,63.18142313,63.18142145,2.268377563e-05,2.268309274e-05,4.400001003,4.600001,3.800001134,0.5999997032,0.5999997063,0.5999996669,8.399994983,8.599995,8.599994329
42.25,60.14904834,63.1814233,63.18142165,60.14904834,63.1814233,63.18142165,2.236734944e-05,2.236672071e-05,4.400000989,4.600000986,3.800001118,0.5999997073,0.5999997104,0.5999996715,8.399995053,8.59999507,8.599994408
42.3,60.14904851,63.18142347,63.18142184,60.14904851,63.18142347,63.18142184,2.205532995e-05,2.205476127e-05,4.400000976,4.600000972,3.800001103,0.5999997114,0.5999997144,0.5999996761,8.399995122,8.599995139,8.599994486
42.35,60.14904868,63.18142364,63.18142203,60.14904868,63.18142364,63.18142203,2.174765585e-05,2.174715288e-05,4.400000962,4.600000959,3.800001087,0.5999997155,0.5999997184,0.5999996806,8.39999519,8.599995206,8.599994563
42.4,60.14904885,63.18142381,63.18142222,60.14904885,63.18142381,63.18142222,2.144426678e-05,2.144383485e-05,4.400000949,4.600000945,3.800001072,0.5999997194,0.5999997223,0.5999996851,8.399995257,8.599995273,8.599994639
42.45,60.14904901,63.18142397,63.18142241,60.14904901,63.18142397,63.18142241,2.114510329e-05,2.114474733e-05,4.400000935,4.600000932,3.800001057,0.5999997233,0.5999997262,0.5999996895,8.399995323,8.599995339,8.599994714
42.5,60.14904918,63.18142414,63.18142259,60.14904918,63.18142414,63.18142259,2.085010681e-05,2.084983134e-05,4.400000922,4.600000919,3.800001042,0.5999997272,0.59999973,0.5999996938,8.399995388,8.599995404,8.599994788
42.55,60.14904934,63.1814243,63.18142278,60.14904934,63.1814243,63.18142278,2.055921967e-05,2.055902867e-05,4.400000909,4.600000906,3.800001028,0.599999731,0.5999997338,0.5999996981,8.399995453,8.599995468,8.59999486
42.6,60.14904949,63.18142445,63.18142296,60.14904949,63.18142445,63.18142296,2.027238504e-05,2.027228197e-05,4.400000897,4.600000894,3.800001014,0.5999997348,0.5999997375,0.5999997023,8.399995516,8.599995532,8.599994932
42.65,60.14904965,63.18142461,63.18142313,60.14904965,63.18142461,63.18142313,1.998954699e-05,1.998953466e-05,4.400000884,4.600000881,3.800000999,0.5999997385,0.5999997412,0.5999997065,8.399995579,8.599995594,8.599995003
42.7,60.14904981,63.18142476,63.18142331,60.14904981,63.18142476,63.18142331,1.971065039e-05,1.971073097e-05,4.400000872,4.600000869,3.800000985,0.5999997421,0.5999997448,0.5999997105,8.39999564,8.599995655,8.599995073
42.75,60.14904996,63.18142492,63.18142348,60.14904996,63.18142492,63.18142348,1.943564096e-05,1.943581588e-05,4.40000086,4.600000857,3.800000972,0.5999997457,0.5999997484,0.5999997146,8.399995701,8.599995716,8.599995141
42.8,60.14905011,63.18142507,63.18142365,60.14905011,63.18142507,63.18142365,1.916446523e-05,1.916473516e-05,4.400000848,4.600000845,3.800000958,0.5999997493,0.5999997519,0.5999997186,8.399995761,8.599995776,8.599995209
42.85,60.14905026,63.18142521,63.18142382,60.14905026,63.18142521,63.18142382,1.889707053e-05,1.889743533e-05,4.400000836,4.600000833,3.800000945,0.5999997528,0.5999997553,0.5999997225,8.39999582,8.599995835,8.599995276
42.9,60.1490504,63.18142536,63.18142398,60.1490504,63.18142536,63.18142398,1.863340495e-05,1.863386366e-05,4.400000824,4.600000821,3.800000932,0.5999997562,0.5999997587,0.5999997264,8.399995879,8.599995893,8.599995342
42.95,60.14905054,63.1814255,63.18142414,60.14905054,63.1814255,63.18142414,1.837341738e-05,1.837396815e-05,4.400000813,4.60000081,3.800000919,0.5999997596,0.5999997621,0.5999997302,8.399995936,8.59999595,8.599995407
43,60.14905069,63.18142564,63.1814243,60.14905069,63.18142564,63.1814243,1.811705745e-05,1.811769753e-05,4.400000801,4.600000799,3.800000906,0.599999763,0.5999997654,0.5999997339,8.399995993,8.599996007,8.599995471
43.05,60.14905083,63.18142578,63.18142446,60.14905083,63.18142578,63.18142446,1.786427549e-05,1.786500124e-05,4.40000079,4.600000788,3.800000893,0.5999997663,0.5999997687,0.5999997377,8.399996049,8.599996062,8.599995534
43.1,60.14905096,63.18142592,63.18142462,60.14905096,63.18142592,63.18142462,1.76150226e-05,1.761582942e-05,4.400000779,4.600000777,3.800000881,0.5999997695,0.5999997719,0.5999997413,8.399996104,8.599996117,8.599995596
43.15,60.1490511,63.18142605,63.18142477,60.1490511,63.18142605,63.18142477,1.736925051e-05,1.737013292e-05,4.400000768,4.600000766,3.800000868,0.5999997727,0.5999997751,0.5999997449,8.399996158,8.599996172,8.599995658
43.2,60.14905123,63.18142619,63.18142492,60.14905123,63.18142619,63.18142492,1.712691166e-05,1.712786326e-05,4.400000758,4.600000755,3.800000856,0.5999997759,0.5999997782,0.5999997485,8.399996212,8.599996225,8.599995718
43.25,60.14905137,63.18142632,63.18142507,60.14905137,63.18142632,63.18142507,1.688795916e-05,1.688897266e-05,4.400000747,4.600000744,3.800000844,0.599999779,0.5999997813,0.599999752,8.399996265,8.599996278,8.599995778
43.3,60.1490515,63.18142645,63.18142522,60.1490515,63.18142645,63.18142522,1.665234671e-05,1.665341398e-05,4.400000737,4.600000734,3.800000833,0.5999997821,0.5999997844,0.5999997555,8.399996317,8.59999633,8.599995837
43.35,60.14905163,63.18142658,63.18142536,60.14905162,63.18142658,63.18142536,1.642002865e-05,1.642114074e-05,4.400000726,4.600000724,3.800000821,0.5999997852,0.5999997874,0.5999997589,8.399996368,8.599996381,8.599995895
43.4,60.14905175,63.1814267,63.18142551,60.14905175,63.1814267,63.18142551,1.619095989e-05,1.619210714e-05,4.400000716,4.600000714,3.80000081,0.5999997882,0.5999997904,0.5999997622,8.399996419,8.599996431,8.599995952
43.45,60.14905188,63.18142683,63.18142565,60.14905188,63.18142683,63.18142565,1.596509593e-05,1.596626797e-05,4.400000706,4.600000704,3.800000798,0.5999997911,0.5999997933,0.5999997656,8.399996469,8.599996481,8.599996009
43.5,60.149052,63.18142695,63.18142579,60.149052,63.18142695,63.18142579,1.574239278e-05,1.574357869e-05,4.400000696,4.600000694,3.800000787,0.599999794,0.5999997962,0.5999997688,8.399996518,8.59999653,8.599996065
43.55,60.14905212,63.18142707,63.18142592,60.14905212,63.18142707,63.18142592,1.552280699e-05,1.552399537e-05,4.400000687,4.600000684,3.800000776,0.5999997969,0.599999799,0.599999772,8.399996567,8.599996579,8.599996119
43.6,60.14905224,63.18142719,63.18142606,60.14905224,63.18142719,63.18142606,1.530629559e-05,1.530747467e-05,4.400000677,4.600000675,3.800000765,0.5999997997,0.5999998018,0.5999997752,8.399996615,8.599996626,8.599996174
43.65,60.14905236,63.18142731,63.18142619,60.14905236,63.18142731,63.18142619,1.509281605e-05,1.50939739e-05,4.400000668,4.600000665,3.800000755,0.5999998025,0.5999998046,0.5999997784,8.399996662,8.599996673,8.599996227
43.7,60.14905248,63.18142742,63.18142632,60.14905247,63.18142742,63.18142632,1.488232629e-05,1.488345092e-05,4.400000658,4.600000656,3.800000744,0.5999998053,0.5999998073,0.5999997815,8.399996708,8.59999672,8.59999628
43.75,60.14905259,63.18142754,63.18142645,60.14905259,63.18142754,63.18142645,1.467478465e-05,1.467586421e-05,4.400000649,4.600000647,3.800000734,0.599999808,0.59999981,0.5999997845,8.399996754,8.599996765,8.599996331
43.8,60.1490527,63.18142765,63.18142658,60.1490527,63.18142765,63.18142658,1.447014983e-05,1.447117281e-05,4.40000064,4.600000638,3.800000723,0.5999998107,0.5999998126,0.5999997875,8.399996799,8.599996811,8.599996383
43.85,60.14905281,63.18142776,63.18142671,60.14905281,63.18142776,63.18142671,1.426838084e-05,1.426933635e-05,4.400000631,4.600000629,3.800000713,0.5999998133,0.5999998153,0.5999997905,8.399996844,8.599996855,8.599996433
43.9,60.14905292,63.18142787,63.18142683,60.14905292,63.18142787,63.18142683,1.406943704e-05,1.407031498e-05,4.400000622,4.60000062,3.800000703,0.5999998159,0.5999998178,0.5999997934,8.399996888,8.599996899,8.599996483
43.95,60.14905303,63.18142798,63.18142696,60.14905303,63.18142798,63.18142695,1.387327805e-05,1.387406947e-05,4.400000614,4.600000612,3.800000694,0.5999998185,0.5999998204,0.5999997963,8.399996931,8.599996942,8.599996532
44,60.14905314,63.18142809,63.18142708,60.14905314,63.18142809,63.18142708,1.367986375e-05,1.368056108e-05,4.400000605,4.600000603,3.800000684,0.599999821,0.5999998229,0.5999997991,8.399996974,8.599996985,8.59999658
44.05,60.14905325,63.18142819,63.1814272,60.14905325,63.18142819,63.18142719,1.348915418e-05,1.348975165e-05,4.400000597,4.600000595,3.800000674,0.5999998235,0.5999998253,0.5999998019,8.399997016,8.599997027,8.599996628
44.1,60.14905335,63.1814283,63.18142731,60.14905335,63.1814283,63.18142731,1.330110958e-05,1.330160354e-05,4.400000588,4.600000586,3.800000665,0.599999826,0.5999998278,0.5999998047,8.399997058,8.599997068,8.599996675
44.15,60.14905345,63.1814284,63.18142743,60.14905345,63.1814284,63.18142743,1.311569032e-05,1.311607961e-05,4.40000058,4.600000578,3.800000656,0.5999998284,0.5999998302,0.5999998074,8.399997099,8.599997109,8.599996721
44.2,60.14905355,63.1814285,63.18142754,60.14905355,63.1814285,63.18142754,1.293285683e-05,1.293314327e-05,4.400000572,4.60000057,3.800000647,0.5999998308,0.5999998325,0.5999998101,8.399997139,8.599997149,8.599996767
44.25,60.14905365,63.1814286,63.18142766,60.14905365,63.1814286,63.18142766,1.275256964e-05,1.275275844e-05,4.400000564,4.600000562,3.800000638,0.5999998331,0.5999998349,0.5999998127,8.399997179,8.599997189,8.599996812
44.3,60.14905375,63.1814287,63.18142777,60.14905375,63.1814287,63.18142777,1.257478922e-05,1.257488952e-05,4.400000556,4.600000554,3.800000629,0.5999998355,0.5999998372,0.5999998153,8.399997219,8.599997228,8.599996856
44.35,60.14905385,63.18142879,63.18142788,60.14905385,63.18142879,63.18142788,1.239947606e-05,1.239950142e-05,4.400000549,4.600000547,3.80000062,0.5999998378,0.5999998395,0.5999998179,8.399997257,8.599997267,8.5999969
44.4,60.14905394,63.18142889,63.18142798,60.14905394,63.18142889,63.18142798,1.222659053e-05,1.222655955e-05,4.400000541,4.600000539,3.800000611,0.59999984,0.5999998417,0.5999998205,8.399997296,8.599997305,8.599996943
44.45,60.14905404,63.18142898,63.18142809,60.14905404,63.18142898,63.18142809,1.205609288e-05,1.205602977e-05,4.400000533,4.600000531,3.800000603,0.5999998423,0.5999998439,0.599999823,8.399997333,8.599997343,8.599996986
44.5,60.14905413,63.18142907,63.1814282,60.14905413,63.18142907,63.1814282,1.188794639e-05,1.188787846e-05,4.400000526,4.600000524,3.800000594,0.5999998445,0.5999998461,0.5999998254,8.399997371,8.59999738,8.599997028
44.55,60.14905422,63.18142917,63.1814283,60.14905422,63.18142917,63.1814283,1.172214073e-05,1.172207244e-05,4.400000519,4.600000517,3.800000586,0.5999998466,0.5999998482,0.5999998279,8.399997407,8.599997416,8.59999707
44.6,60.14905431,63.18142926,63.1814284,60.14905431,63.18142926,63.1814284,1.155864862e-05,1.155857899e-05,4.400000511,4.60000051,3.800000578,0.5999998488,0.5999998503,0.5999998303,8.399997443,8.599997452,8.59999711
44.65,60.1490544,63.18142935,63.1814285,60.1490544,63.18142935,63.1814285,1.139743738e-05,1.139736587e-05,4.400000504,4.600000502,3.80000057,0.5999998509,0.5999998524,0.5999998326,8.399997479,8.599997488,8.599997151
44.7,60.14905449,63.18142943,63.1814286,60.14905449,63.18142943,63.1814286,1.123847484e-05,1.123840126e-05,4.400000497,4.600000495,3.800000562,0.599999853,0.5999998545,0.599999835,8.399997514,8.599997523,8.59999719
44.75,60.14905458,63.18142952,63.1814287,60.14905458,63.18142952,63.1814287,1.108172936e-05,1.10816538e-05,4.40000049,4.600000489,3.800000554,0.599999855,0.5999998565,0.5999998373,8.399997549,8.599997557,8.59999723
44.8,60.14905466,63.1814296,63.1814288,60.14905466,63.1814296,63.1814288,1.092716979e-05,1.092709259e-05,4.400000483,4.600000482,3.800000546,0.599999857,0.5999998585,0.5999998395,8.399997583,8.599997591,8.599997268
44.85,60.14905475,63.18142969,63.18142889,60.14905475,63.18142969,63.18142889,1.077476546e-05,1.077468711e-05,4.400000477,4.600000475,3.800000539,0.599999859,0.5999998605,0.5999998418,8.399997617,8.599997625,8.599997306
44.9,60.14905483,63.18142977,63.18142899,60.14905483,63.18142977,63.18142899,1.062448619e-05,1.06244073e-05,4.40000047,4.600000468,3.800000531,0.599999861,0.5999998624,0.599999844,8.39999765,8.599997658,8.599997344
44.95,60.14905491,63.18142985,63.18142908,60.14905491,63.18142985,63.18142908,1.047630226e-05,1.047622352e-05,4.400000463,4.600000462,3.800000524,0.5999998629,0.5999998644,0.5999998462,8.399997683,8.599997691,8.599997381
45,60.14905499,63.18142993,63.18142917,60.14905499,63.18142993,63.18142917,1.033018439e-05,1.033010652e-05,4.400000457,4.600000455,3.800000516,0.5999998648,0.5999998662,0.5999998483,8.399997715,8.599997723,8.599997418
45.05,60.14905507,63.18143001,63.18142926,60.14905507,63.18143001,63.18142926,1.018610377e-05,1.01860275e-05,4.400000451,4.600000449,3.800000509,0.5999998667,0.5999998681,0.5999998504,8.399997747,8.599997755,8.599997454
45.1,60.14905515,63.18143009,63.18142935,60.14905515,63.18143009,63.18142935,1.0044032e-05,1.004395801e-05,4.400000444,4.600000443,3.800000502,0.5999998686,0.59999987,0.5999998525,8.399997778,8.599997786,8.599997489
45.15,60.14905523,63.18143017,63.18142944,60.14905523,63.18143017,63.18142944,9.903941112e-06,9.903870037e-06,4.400000438,4.600000437,3.800000495,0.5999998704,0.5999998718,0.5999998546,8.399997809,8.599997817,8.599997524
45.2,60.1490553,63.18143024,63.18142952,60.1490553,63.18143024,63.18142952,9.765803553e-06,9.765735934e-06,4.400000432,4.600000431,3.800000488,0.5999998722,0.5999998736,0.5999998566,8.39999784,8.599997847,8.599997559
45.25,60.14905538,63.18143032,63.18142961,60.14905538,63.18143032,63.18142961,9.629592173e-06,9.629528457e-06,4.400000426,4.600000425,3.800000481,0.599999874,0.5999998753,0.5999998586,8.39999787,8.599997877,8.599997593
45.3,60.14905545,63.18143039,63.18142969,60.14905545,63.18143039,63.18142969,9.495280211e-06,9.495220728e-06,4.40000042,4.600000419,3.800000475,0.5999998758,0.5999998771,0.5999998606,8.3999979,8.599997907,8.599997626
45.35,60.14905553,63.18143047,63.18142977,60.14905553,63.18143047,63.18142977,9.362841306e-06,9.362786256e-06,4.400000414,4.600000413,3.800000468,0.5999998775,0.5999998788,0.5999998625,8.399997929,8.599997936,8.599997659
45.4,60.1490556,63.18143054,63.18142986,60.1490556,63.18143054,63.18142986,9.232249455e-06,9.232198914e-06,4.400000408,4.600000407,3.800000462,0.5999998792,0.5999998805,0.5999998644,8.399997958,8.599997965,8.599997692
45.45,60.14905567,63.18143061,63.18142994,60.14905567,63.18143061,63.18142994,9.103479048e-06,9.103432936e-06,4.400000403,4.600000401,3.800000455,0.5999998809,0.5999998821,0.5999998663,8.399997986,8.599997993,8.599997724
45.5,60.14905574,63.18143068,63.18143002,60.14905574,63.18143068,63.18143002,8.976504819e-06,8.976462918e-06,4.400000397,4.600000396,3.800000449,0.5999998826,0.5999998838,0.5999998682,8.399998015,8.599998021,8.599997756
45.55,60.14905581,63.18143075,63.18143009,60.14905581,63.18143075,63.18143009,8.85130187e-06,8.851263808e-06,4.400000392,4.60000039,3.800000443,0.5999998842,0.5999998854,0.59999987,8.399998042,8.599998049,8.599997787
45.6,60.14905588,63.18143082,63.18143017,60.14905588,63.18143082,63.18143017,8.727845641e-06,8.727810914e-06,4.400000386,4.600000385,3.800000436,0.5999998858,0.599999887,0.5999998718,8.39999807,8.599998076,8.599997818
45.65,60.14905595,63.18143088,63.18143025,60.14905595,63.18143088,63.18143025,8.606111915e-06,8.606079879e-06,4.400000381,4.600000379,3.80000043,0.5999998874,0.5999998886,0.5999998736,8.399998096,8.599998103,8.599997849
45.7,60.14905601,63.18143095,63.18143032,60.14905601,63.18143095,63.18143032,8.48607682e-06,8.486046683e-06,4.400000375,4.600000374,3.800000424,0.599999889,0.5999998901,0.5999998754,8.399998123,8.59999813,8.599997879
45.75,60.14905608,63.18143101,63.1814304,60.14905608,63.18143101,63.1814304,8.367716784e-06,8.367687654e-06,4.40000037,4.600000369,3.800000418,0.5999998905,0.5999998917,0.5999998771,8.399998149,8.599998156,8.599997908
45.8,60.14905614,63.18143108,63.18143047,60.14905614,63.18143108,63.18143047,8.251008587e-06,8.250979428e-06,4.400000365,4.600000364,3.800000413,0.599999892,0.5999998932,0.5999998788,8.399998175,8.599998181,8.599997937
45.85,60.14905621,63.18143114,63.18143054,60.14905621,63.18143114,63.18143054,8.135929314e-06,8.135898992e-06,4.40000036,4.600000359,3.800000407,0.5999998936,0.5999998947,0.5999998805,8.3999982,8.599998207,8.599997966
45.9,60.14905627,63.1814312,63.18143061,60.14905627,63.1814312,63.18143061,8.022456346e-06,8.02242364e-06,4.400000355,4.600000354,3.800000401,0.599999895,0.5999998961,0.5999998822,8.399998226,8.599998232,8.599997994
45.95,60.14905633,63.18143127,63.18143068,60.14905633,63.18143127,63.18143068,7.910567383e-06,7.910530979e-06,4.40000035,4.600000349,3.800000396,0.5999998965,0.5999998976,0.5999998838,8.39999825,8.599998256,8.599998022
46,60.14905639,63.18143133,63.18143075,60.14905639,63.18143133,63.18143075,7.800240427e-06,7.800198944e-06,4.400000345,4.600000344,3.80000039,0.5999998979,0.599999899,0.5999998855,8.399998275,8.599998281,8.59999805
46.05,60.14905645,63.18143139,63.18143082,60.14905645,63.18143139,63.18143082,7.691453759e-06,7.691405762e-06,4.40000034,4.600000339,3.800000385,0.5999998994,0.5999999004,0.599999887,8.399998299,8.599998305,8.599998077
46.1,60.14905651,63.18143145,63.18143089,60.14905651,63.18143145,63.18143089,7.584185955e-06,7.584129969e-06,4.400000335,4.600000334,3.800000379,0.5999999008,0.5999999018,0.5999998886,8.399998323,8.599998328,8.599998104
46.15,60.14905657,63.1814315,63.18143095,60.14905657,63.1814315,63.18143095,7.478415875e-06,7.478350405e-06,4.400000331,4.60000033,3.800000374,0.5999999022,0.5999999032,0.5999998902,8.399998346,8.599998352,8.59999813
46.2,60.14905663,63.18143156,63.18143102,60.14905663,63.18143156,63.18143102,7.37412267e-06,7.374046205e-06,4.400000326,4.600000325,3.800000369,0.5999999035,0.5999999045,0.5999998917,8.399998369,8.599998375,8.599998157
46.25,60.14905668,63.18143162,63.18143108,60.14905668,63.18143162,63.18143108,7.271285753e-06,7.271196779e-06,4.400000322,4.600000321,3.800000364,0.5999999049,0.5999999059,0.5999998932,8.399998392,8.599998397,8.599998182
46.3,60.14905674,63.18143167,63.18143114,60.14905674,63.18143167,63.18143114,7.169884808e-06,7.169781846e-06,4.400000317,4.600000316,3.800000358,0.5999999062,0.5999999072,0.5999998947,8.399998414,8.59999842,8.599998208
46.35,60.1490568,63.18143173,63.18143121,60.1490568,63.18143173,63.18143121,7.069899798e-06,7.069781398e-06,4.400000313,4.600000312,3.800000353,0.5999999075,0.5999999085,0.5999998962,8.399998436,8.599998442,8.599998233
46.4,60.14905685,63.18143178,63.18143127,60.14905685,63.18143178,63.18143127,6.97131093e-06,6.971175704e-06,4.400000308,4.600000307,3.800000349,0.5999999088,0.5999999097,0.5999998976,8.399998458,8.599998463,8.599998257
46.45,60.1490569,63.18143184,63.18143133,60.1490569,63.18143184,63.18143133,6.874098693e-06,6.873945308e-06,4.400000304,4.600000303,3.800000344,0.5999999101,0.599999911,0.5999998991,8.39999848,8.599998485,8.599998282
46.5,60.14905696,63.18143189,63.18143139,60.14905696,63.18143189,63.18143139,6.778243823e-06,6.778071034e-06,4.4000003,4.600000299,3.800000339,0.5999999113,0.5999999122,0.5999999005,8.399998501,8.599998506,8.599998305
46.55,60.14905701,63.18143194,63.18143145,60.14905701,63.18143194,63.18143145,6.683727306e-06,6.683533968e-06,4.400000296,4.600000295,3.800000334,0.5999999126,0.5999999135,0.5999999018,8.399998522,8.599998527,8.599998329
46.6,60.14905706,63.18143199,63.18143151,60.14905706,63.18143199,63.18143151,6.590530386e-06,6.59031545e-06,4.400000292,4.600000291,3.80000033,0.5999999138,0.5999999147,0.5999999032,8.399998542,8.599998547,8.599998352
46.65,60.14905711,63.18143204,63.18143156,60.14905711,63.18143204,63.18143156,6.498634549e-06,6.498397099e-06,4.400000287,4.600000286,3.800000325,0.599999915,0.5999999159,0.5999999046,8.399998563,8.599998568,8.599998375
46.7,60.14905716,63.18143209,63.18143162,60.14905716,63.18143209,63.18143162,6.408021527e-06,6.407760782e-06,4.400000283,4.600000282,3.80000032,0.5999999162,0.599999917,0.5999999059,8.399998583,8.599998588,8.599998398
46.75,60.14905721,63.18143214,63.18143168,60.14905721,63.18143214,63.18143168,6.318673292e-06,6.318388607e-06,4.40000028,4.600000279,3.800000316,0.5999999173,0.5999999182,0.5999999072,8.399998602,8.599998607,8.59999842
46.8,60.14905726,63.18143219,63.18143173,60.14905726,63.18143219,63.18143173,6.23057206e-06,6.230262951e-06,4.400000276,4.600000275,3.800000312,0.5999999185,0.5999999193,0.5999999085,8.399998622,8.599998627,8.599998442
46.85,60.14905731,63.18143224,63.18143179,60.14905731,63.18143224,63.18143179,6.143700277e-06,6.143366432e-06,4.400000272,4.600000271,3.800000307,0.5999999196,0.5999999205,0.5999999098,8.399998641,8.599998646,8.599998464
46.9,60.14905735,63.18143229,63.18143184,60.14905736,63.18143229,63.18143184,6.058040637e-06,6.057681894e-06,4.400000268,4.600000267,3.800000303,0.5999999207,0.5999999216,0.599999911,8.39999866,8.599998665,8.599998486
46.95,60.1490574,63.18143233,63.18143189,60.1490574,63.18143233,63.18143189,5.973576043e-06,5.973192443e-06,4.400000264,4.600000263,3.800000299,0.5999999218,0.5999999227,0.5999999123,8.399998679,8.599998683,8.599998507
47,60.14905745,63.18143238,63.18143194,60.14905745,63.18143238,63.18143194,5.890289654e-06,5.889881408e-06,4.400000261,4.60000026,3.800000295,0.5999999229,0.5999999237,0.5999999135,8.399998697,8.599998702,8.599998527
47.05,60.14905749,63.18143242,63.181432,60.14905749,63.18143243,63.181432,5.808164834e-06,5.807732357e-06,4.400000257,4.600000256,3.80000029,0.599999924,0.5999999248,0.5999999147,8.399998715,8.59999872,8.599998548
47.1,60.14905754,63.18143247,63.18143205,60.14905754,63.18143247,63.18143205,5.727185186e-06,5.726729066e-06,4.400000253,4.600000252,3.800000286,0.5999999251,0.5999999258,0.5999999159,8.399998733,8.599998738,8.599998568
47.15,60.14905758,63.18143251,63.1814321,60.14905758,63.18143251,63.1814321,5.647334535e-06,5.646855576e-06,4.40000025,4.600000249,3.800000282,0.5999999261,0.5999999269,0.5999999171,8.399998751,8.599998755,8.599998588
47.2,60.14905763,63.18143256,63.18143215,60.14905763,63.18143256,63.18143215,5.568596935e-06,5.56809612e-06,4.400000246,4.600000245,3.800000278,0.5999999271,0.5999999279,0.5999999182,8.399998768,8.599998773,8.599998608
47.25,60.14905767,63.1814326,63.18143219,60.14905767,63.1814326,63.18143219,5.490956638e-06,5.490435159e-06,4.400000243,4.600000242,3.800000275,0.5999999282,0.5999999289,0.5999999194,8.399998786,8.59999879,8.599998627
47.3,60.14905771,63.18143264,63.18143224,60.14905771,63.18143264,63.18143224,5.414398139e-06,5.413857372e-06,4.40000024,4.600000239,3.800000271,0.5999999292,0.5999999299,0.5999999205,8.399998802,8.599998807,8.599998646
47.35,60.14905775,63.18143268,63.18143229,60.14905775,63.18143268,63.18143229,5.338906133e-06,5.338347656e-06,4.400000236,4.600000235,3.800000267,0.5999999301,0.5999999309,0.5999999216,8.399998819,8.599998823,8.599998665
47.4,60.14905779,63.18143272,63.18143234,60.14905779,63.18143272,63.18143234,5.264465538e-06,5.26389111e-06,4.400000233,4.600000232,3.800000263,0.5999999311,0.5999999318,0.5999999227,8.399998836,8.59999884,8.599998684
47.45,60.14905783,63.18143277,63.18143238,60.14905783,63.18143277,63.18143238,5.191061482e-06,5.190473047e-06,4.40000023,4.600000229,3.80000026,0.5999999321,0.5999999328,0.5999999238,8.399998852,8.599998856,8.599998702
47.5,60.14905787,63.1814328,63.18143243,60.14905787,63.18143281,63.18143243,5.118679314e-06,5.118078974e-06,4.400000226,4.600000226,3.800000256,0.599999933,0.5999999337,0.5999999248,8.399998868,8.599998872,8.59999872
47.55,60.14905791,63.18143284,63.18143247,60.14905791,63.18143284,63.18143247,5.047304579e-06,5.046694624e-06,4.400000223,4.600000223,3.800000252,0.599999934,0.5999999346,0.5999999259,8.399998884,8.599998887,8.599998738
47.6,60.14905795,63.18143288,63.18143252,60.14905795,63.18143288,63.18143252,4.976923043e-06,4.976305906e-06,4.40000022,4.600000219,3.800000249,0.5999999349,0.5999999356,0.5999999269,8.399998899,8.599998903,8.599998756
47.65,60.14905799,63.18143292,63.18143256,60.14905799,63.18143292,63.18143256,4.90752067e-06,4.906898932e-06,4.400000217,4.600000216,3.800000245,0.5999999358,0.5999999365,0.5999999279,8.399998915,8.599998918,8.599998773
47.7,60.14905803,63.18143296,63.1814326,60.14905803,63.18143296,63.1814326,4.839083641e-06,4.838460009e-06,4.400000214,4.600000213,3.800000242,0.5999999367,0.5999999373,0.5999999289,8.39999893,8.599998933,8.59999879
47.75,60.14905807,63.181433,63.18143264,60.14905807,63.181433,63.18143264,4.771598324e-06,4.770975642e-06,4.400000211,4.60000021,3.800000239,0.5999999376,0.5999999382,0.5999999299,8.399998945,8.599998948,8.599998807
47.8,60.1490581,63.18143303,63.18143268,60.1490581,63.18143303,63.18143269,4.705051309e-06,4.704432506e-06,4.400000208,4.600000207,3.800000235,0.5999999384,0.5999999391,0.5999999309,8.399998959,8.599998963,8.599998824
47.85,60.14905814,63.18143307,63.18143273,60.14905814,63.18143307,63.18143273,4.639429379e-06,4.638817484e-06,4.400000205,4.600000205,3.800000232,0.5999999393,0.5999999399,0.5999999319,8.399998974,8.599998977,8.59999884
47.9,60.14905818,63.1814331,63.18143277,60.14905818,63.18143311,63.18143277,4.574719507e-06,4.574117623e-06,4.400000202,4.600000202,3.800000229,0.5999999401,0.5999999408,0.5999999328,8.399998988,8.599998992,8.599998856
47.95,60.14905821,63.18143314,63.18143281,60.14905821,63.18143314,63.18143281,4.510908884e-06,4.510320165e-06,4.4000002,4.600000199,3.800000226,0.599999941,0.5999999416,0.5999999338,8.399999002,8.599999006,8.599998872
48,60.14905825,63.18143317,63.18143285,60.14905825,63.18143317,63.18143285,4.447984876e-06,4.447412524e-06,4.400000197,4.600000196,3.800000222,0.5999999418,0.5999999424,0.5999999347,8.399999016,8.59999902,8.599998888
48.05,60.14905828,63.18143321,63.18143288,60.14905828,63.18143321,63.18143288,4.385935064e-06,4.385382281e-06,4.400000194,4.600000193,3.800000219,0.5999999426,0.5999999432,0.5999999356,8.39999903,8.599999033,8.599998904
48.1,60.14905831,63.18143324,63.18143292,60.14905831,63.18143324,63.18143292,4.324747206e-06,4.324217212e-06,4.400000191,4.600000191,3.800000216,0.5999999434,0.599999944,0.5999999365,8.399999043,8.599999047,8.599998919
48.15,60.14905835,63.18143328,63.18143296,60.14905835,63.18143328,63.18143296,4.264409255e-06,4.263905235e-06,4.400000189,4.600000188,3.800000213,0.5999999442,0.5999999448,0.5999999374,8.399999057,8.59999906,8.599998934
48.2,60.14905838,63.18143331,63.181433,60.14905838,63.18143331,63.181433,4.204909369e-06,4.204434459e-06,4.400000186,4.600000185,3.80000021,0.599999945,0.5999999456,0.5999999383,8.39999907,8.599999073,8.599998949
48.25,60.14905841,63.18143334,63.18143303,60.14905841,63.18143334,63.18143303,4.146235868e-06,4.145793152e-06,4.400000183,4.600000183,3.800000207,0.5999999458,0.5999999463,0.5999999391,8.399999083,8.599999086,8.599998963
48.3,60.14905844,63.18143337,63.18143307,60.14905844,63.18143337,63.18143307,4.088377273e-06,4.087969744e-06,4.400000181,4.60000018,3.800000204,0.5999999465,0.5999999471,0.59999994,8.399999096,8.599999099,8.599998978
48.35,60.14905848,63.1814334,63.18143311,60.14905848,63.1814334,63.18143311,4.031322287e-06,4.030952826e-06,4.400000178,4.600000178,3.800000202,0.5999999473,0.5999999478,0.5999999408,8.399999108,8.599999111,8.599998992
48.4,60.14905851,63.18143344,63.18143314,60.14905851,63.18143344,63.18143314,3.975059793e-06,3.974731152e-06,4.400000176,4.600000175,3.800000199,0.599999948,0.5999999485,0.5999999416,8.399999121,8.599999124,8.599999006
48.45,60.14905854,63.18143347,63.18143318,60.14905854,63.18143347,63.18143318,3.919578865e-06,3.919293633e-06,4.400000173,4.600000173,3.800000196,0.5999999487,0.5999999493,0.5999999424,8.399999133,8.599999136,8.59999902
48.5,60.14905857,63.1814335,63.18143321,60.14905857,63.1814335,63.18143321,3.864868723e-06,3.864629324e-06,4.400000171,4.60000017,3.800000193,0.5999999494,0.59999995,0.5999999432,8.399999145,8.599999148,8.599999034
48.55,60.1490586,63.18143353,63.18143324,60.1490586,63.18143353,63.18143324,3.810918791e-06,3.810727445e-06,4.400000169,4.600000168,3.800000191,0.5999999501,0.5999999507,0.599999944,8.399999157,8.59999916,8.599999047
48.6,60.14905863,63.18143355,63.18143328,60.14905863,63.18143355,63.18143328,3.757718665e-06,3.757577364e-06,4.400000166,4.600000166,3.800000188,0.5999999508,0.5999999513,0.5999999448,8.399999169,8.599999172,8.599999061
48.65,60.14905866,63.18143358,63.18143331,60.14905866,63.18143358,63.18143331,3.705258096e-06,3.705168586e-06,4.400000164,4.600000163,3.800000185,0.5999999515,0.599999952,0.5999999456,8.39999918,8.599999183,8.599999074
48.7,60.14905868,63.18143361,63.18143334,60.14905868,63.18143361,63.18143334,3.653526994e-06,3.653490788e-06,4.400000162,4.600000161,3.800000183,0.5999999522,0.5999999527,0.5999999463,8.399999192,8.599999195,8.599999087
48.75,60.14905871,63.18143364,63.18143337,60.14905871,63.18143364,63.18143337,3.602515463e-06,3.60253376e-06,4.400000159,4.600000159,3.80000018,0.5999999529,0.5999999534,0.5999999471,8.399999203,8.599999206,8.599999099
48.8,60.14905874,63.18143367,63.18143341,60.14905874,63.18143367,63.18143341,3.552213747e-06,3.552287456e-06,4.400000157,4.600000157,3.800000178,0.5999999535,0.599999954,0.5999999478,8.399999214,8.599999217,8.599999112
48.85,60.14905877,63.1814337,63.18143344,60.14905877,63.1814337,63.18143344,3.50261225e-06,3.502741962e-06,4.400000155,4.600000154,3.800000175,0.5999999542,0.5999999546,0.5999999486,8.399999225,8.599999228,8.599999124
48.9,60.14905879,63.18143372,63.18143347,60.14905879,63.18143372,63.18143347,3.453701532e-06,3.453887505e-06,4.400000153,4.600000152,3.800000173,0.5999999548,0.5999999553,0.5999999493,8.399999236,8.599999239,8.599999137
48.95,60.14905882,63.18143375,63.1814335,60.14905882,63.18143375,63.1814335,3.405472305e-06,3.405714442e-06,4.400000151,4.60000015,3.80000017,0.5999999554,0.5999999559,0.59999995,8.399999247,8.599999249,8.599999149
49,60.14905885,63.18143378,63.18143353,60.14905885,63.18143378,63.18143353,3.35791543e-06,3.358213273e-06,4.400000149,4.600000148,3.800000168,0.5999999561,0.5999999565,0.5999999507,8.399999257,8.59999926,8.599999161
49.05,60.14905887,63.1814338,63.18143356,60.14905887,63.1814338,63.18143356,3.311021914e-06,3.311374626e-06,4.400000146,4.600000146,3.800000166,0.5999999567,0.5999999571,0.5999999514,8.399999268,8.59999927,8.599999172
49.1,60.1490589,63.18143383,63.18143359,60.1490589,63.18143383,63.18143358,3.264782885e-06,3.265189261e-06,4.400000144,4.600000144,3.800000163,0.5999999573,0.5999999577,0.5999999521,8.399999278,8.59999928,8.599999184
49.15,60.14905892,63.18143385,63.18143361,60.14905892,63.18143385,63.18143361,3.219189646e-06,3.219648064e-06,4.400000142,4.600000142,3.800000161,0.5999999579,0.5999999583,0.5999999527,8.399999288,8.59999929,8.599999195
49.2,60.14905895,63.18143388,63.18143364,60.14905895,63.18143388,63.18143364,3.174233585e-06,3.174742056e-06,4.40000014,4.60000014,3.800000159,0.5999999585,0.5999999589,0.5999999534,8.399999298,8.5999993,8.599999206
49.25,60.14905897,63.1814339,63.18143367,60.14905897,63.1814339,63.18143367,3.129906251e-06,3.130462374e-06,4.400000138,4.600000138,3.800000156,0.599999959,0.5999999595,0.599999954,8.399999308,8.59999931,8.599999218
49.3,60.149059,63.18143392,63.1814337,60.149059,63.18143392,63.1814337,3.086199298e-06,3.086800276e-06,4.400000137,4.600000136,3.800000154,0.5999999596,0.59999996,0.5999999547,8.399999317,8.59999932,8.599999228
49.35,60.14905902,63.18143395,63.18143372,60.14905902,63.18143395,63.18143372,3.043104506e-06,3.043747162e-06,4.400000135,4.600000134,3.800000152,0.5999999602,0.5999999606,0.5999999553,8.399999327,8.599999329,8.599999239
49.4,60.14905905,63.18143397,63.18143375,60.14905905,63.18143397,63.18143375,3.000613759e-06,3.00129453e-06,4.400000133,4.600000132,3.80000015,0.5999999607,0.5999999611,0.5999999559,8.399999336,8.599999339,8.59999925
49.45,60.14905907,63.181434,63.18143378,60.14905907,63.18143399,63.18143378,2.958719063e-06,2.959434002e-06,4.400000131,4.60000013,3.800000148,0.5999999613,0.5999999617,0.5999999566,8.399999346,8.599999348,8.59999926
49.5,60.14905909,63.18143402,63.1814338,60.14905909,63.18143402,63.1814338,2.917412501e-06,2.918157323e-06,4.400000129,4.600000129,3.800000146,0.5999999618,0.5999999622,0.5999999572,8.399999355,8.599999357,8.599999271
49.55,60.14905911,63.18143404,63.18143383,60.14905911,63.18143404,63.18143383,2.876686282e-06,2.877456354e-06,4.400000127,4.600000127,3.800000144,0.5999999624,0.5999999628,0.5999999578,8.399999364,8.599999366,8.599999281
49.6,60.14905914,63.18143406,63.18143385,60.14905914,63.18143406,63.18143385,2.836532683e-06,2.837323061e-06,4.400000125,4.600000125,3.800000142,0.5999999629,0.5999999633,0.5999999583,8.399999373,8.599999375,8.599999291
49.65,60.14905916,63.18143408,63.18143388,60.14905916,63.18143408,63.18143388,2.796944065e-06,2.797749519e-06,4.400000124,4.600000123,3.80000014,0.5999999634,0.5999999638,0.5999999589,8.399999381,8.599999384,8.599999301
49.7,60.14905918,63.18143411,63.1814339,60.14905918,63.18143411,63.1814339,2.757912873e-06,2.758727936e-06,4.400000122,4.600000122,3.800000138,0.5999999639,0.5999999643,0.5999999595,8.39999939,8.599999392,8.599999311
49.75,60.1490592,63.18143413,63.18143393,60.1490592,63.18143413,63.18143393,2.719431618e-06,2.720250604e-06,4.40000012,4.60000012,3.800000136,0.5999999644,0.5999999648,0.5999999601,8.399999399,8.599999401,8.59999932
49.8,60.14905922,63.18143415,63.18143395,60.14905922,63.18143415,63.18143395,2.681492887e-06,2.682309937e-06,4.400000119,4.600000118,3.800000134,0.5999999649,0.5999999653,0.5999999606,8.399999407,8.599999409,8.59999933
49.85,60.14905924,63.18143417,63.18143397,60.14905924,63.18143417,63.18143397,2.644089306e-06,2.644898445e-06,4.400000117,4.600000117,3.800000132,0.5999999654,0.5999999658,0.5999999612,8.399999415,8.599999417,8.599999339
49.9,60.14905926,63.18143419,63.181434,60.14905926,63.18143419,63.181434,2.607213561e-06,2.608008748e-06,4.400000115,4.600000115,3.80000013,0.5999999659,0.5999999662,0.5999999617,8.399999423,8.599999425,8.599999348
49.95,60.14905928,63.18143421,63.18143402,60.14905928,63.18143421,63.18143402,2.570858362e-06,2.571633573e-06,4.400000114,4.600000113,3.800000129,0.5999999664,0.5999999667,0.5999999622,8.399999431,8.599999433,8.599999357
50,60.1490593,63.18143423,63.18143404,60.1490593,63.18143423,63.18143404,2.535016479e-06,2.535765731e-06,4.400000112,4.600000112,3.800000127,0.5999999668,0.5999999672,0.5999999628,8.399999439,8.599999441,8.599999366
50.05,60.14905932,63.18143425,63.18143406,60.14905932,63.18143425,63.18143406,2.499680674e-06,2.500398166e-06,4.400000111,4.60000011,3.800000125,0.5999999673,0.5999999676,0.5999999633,8.399999447,8.599999449,8.599999375
50.1,60.14905934,63.18143427,63.18143409,60.14905934,63.18143427,63.18143408,2.464843754e-06,2.465523884e-06,4.400000109,4.600000109,3.800000123,0.5999999678,0.5999999681,0.5999999638,8.399999455,8.599999457,8.599999384
50.15,60.14905936,63.18143429,63.18143411,60.14905936,63.18143429,63.18143411,2.430498512e-06,2.431136013e-06,4.400000108,4.600000107,3.800000122,0.5999999682,0.5999999685,0.5999999643,8.399999462,8.599999464,8.599999392
50.2,60.14905938,63.1814343,63.18143413,60.14905938,63.1814343,63.18143413,2.396637746e-06,2.397227769e-06,4.400000106,4.600000106,3.80000012,0.5999999686,0.599999969,0.5999999648,8.39999947,8.599999472,8.599999401
50.25,60.1490594,63.18143432,63.18143415,60.1490594,63.18143432,63.18143415,2.363254242e-06,2.363792456e-06,4.400000105,4.600000104,3.800000118,0.5999999691,0.5999999694,0.5999999653,8.399999477,8.599999479,8.599999409
50.3,60.14905942,63.18143434,63.18143417,60.14905942,63.18143434,63.18143417,2.33034076e-06,2.330823484e-06,4.400000103,4.600000103,3.800000117,0.5999999695,0.5999999698,0.5999999658,8.399999485,8.599999486,8.599999417
50.35,60.14905943,63.18143436,63.18143419,60.14905943,63.18143436,63.18143419,2.29789003e-06,2.298314341e-06,4.400000102,4.600000101,3.800000115,0.5999999699,0.5999999702,0.5999999663,8.399999492,8.599999494,8.599999426
50.4,60.14905945,63.18143438,63.18143421,60.14905945,63.18143438,63.18143421,2.265894741e-06,2.266258622e-06,4.4000001,4.6000001,3.800000113,0.5999999704,0.5999999707,0.5999999667,8.399999499,8.599999501,8.599999434
50.45,60.14905947,63.18143439,63.18143423,60.14905947,63.18143439,63.18143423,2.23434752e-06,2.234650002e-06,4.400000099,4.600000098,3.800000112,0.5999999708,0.5999999711,0.5999999672,8.399999506,8.599999508,8.599999441
50.5,60.14905949,63.18143441,63.18143425,60.14905949,63.18143441,63.18143425,2.203240937e-06,2.203482246e-06,4.400000097,4.600000097,3.80000011,0.5999999712,0.5999999715,0.5999999676,8.399999513,8.599999514,8.599999449
50.55,60.1490595,63.18143443,63.18143427,60.1490595,63.18143443,63.18143427,2.172567476e-06,2.172749194e-06,4.400000096,4.600000096,3.800000109,0.5999999716,0.5999999719,0.5999999681,8.399999519,8.599999521,8.599999457
50.6,60.14905952,63.18143445,63.18143429,60.14905952,63.18143444,63.18143429,2.142319535e-06,2.142444797e-06,4.400000095,4.600000094,3.800000107,0.599999972,0.5999999723,0.5999999685,8.399999526,8.599999528,8.599999464
50.65,60.14905954,63.18143446,63.18143431,60.14905954,63.18143446,63.18143431,2.11248942e-06,2.112563066e-06,4.400000093,4.600000093,3.800000106,0.5999999724,0.5999999726,0.599999969,8.399999533,8.599999534,8.599999472
50.7,60.14905955,63.18143448,63.18143432,60.14905955,63.18143448,63.18143432,2.083069302e-06,2.083098118e-06,4.400000092,4.600000092,3.800000104,0.5999999727,0.599999973,0.5999999694,8.399999539,8.599999541,8.599999479
50.75,60.14905957,63.18143449,63.18143434,60.14905957,63.18143449,63.18143434,2.054051239e-06,2.05404412e-06,4.400000091,4.600000091,3.800000103,0.5999999731,0.5999999734,0.5999999698,8.399999546,8.599999547,8.599999487
50.8,60.14905958,63.18143451,63.18143436,60.14905958,63.18143451,63.18143436,2.025427154e-06,2.02539536e-06,4.40000009,4.600000089,3.800000101,0.5999999735,0.5999999738,0.5999999703,8.399999552,8.599999554,8.599999494
50.85,60.1490596,63.18143452,63.18143438,60.1490596,63.18143453,63.18143438,1.997188796e-06,1.997146179e-06,4.400000088,4.600000088,3.8000001,0.5999999739,0.5999999741,0.5999999707,8.399999558,8.59999956,8.599999501
50.9,60.14905962,63.18143454,63.18143439,60.14905962,63.18143454,63.18143439,1.9693336e-06,1.969291e-06,4.400000087,4.600000087,3.800000098,0.5999999742,0.5999999745,0.5999999711,8.399999564,8.599999566,8.599999508
50.95,60.14905963,63.18143456,63.18143441,60.14905963,63.18143456,63.18143441,1.941867106e-06,1.941824334e-06,4.400000086,4.600000086,3.800000097,0.5999999746,0.5999999749,0.5999999715,8.39999957,8.599999572,8.599999515
51,60.14905965,63.18143457,63.18143443,60.14905965,63.18143457,63.18143443,1.914784097e-06,1.914740754e-06,4.400000085,4.600000084,3.800000096,0.5999999749,0.5999999752,0.5999999719,8.399999576,8.599999578,8.599999521
51.05,60.14905966,63.18143459,63.18143445,60.14905966,63.18143459,63.18143445,1.888079083e-06,1.888034927e-06,4.400000084,4.600000083,3.800000094,0.5999999753,0.5999999756,0.5999999723,8.399999582,8.599999584,8.599999528
51.1,60.14905968,63.1814346,63.18143446,60.14905968,63.1814346,63.18143446,1.861746656e-06,1.861701576e-06,4.400000082,4.600000082,3.800000093,0.5999999756,0.5999999759,0.5999999727,8.399999588,8.59999959,8.599999535
51.15,60.14905969,63.18143461,63.18143448,60.14905969,63.18143461,63.18143448,1.835781519e-06,1.835735507e-06,4.400000081,4.600000081,3.800000092,0.599999976,0.5999999762,0.599999973,8.399999594,8.599999595,8.599999541
51.2,60.1490597,63.18143463,63.18143449,60.1490597,63.18143463,63.18143449,1.810178452e-06,1.810131607e-06,4.40000008,4.60000008,3.800000091,0.5999999763,0.5999999766,0.5999999734,8.3999996,8.599999601,8.599999547
51.25,60.14905972,63.18143464,63.18143451,60.14905972,63.18143464,63.18143451,1.78493234e-06,1.784884808e-06,4.400000079,4.600000079,3.800000089,0.5999999766,0.5999999769,0.5999999738,8.399999605,8.599999607,8.599999554
51.3,60.14905973,63.18143466,63.18143453,60.14905973,63.18143466,63.18143453,1.760038131e-06,1.759990148e-06,4.400000078,4.600000078,3.800000088,0.599999977,0.5999999772,0.5999999742,8.399999611,8.599999612,8.59999956
51.35,60.14905975,63.18143467,63.18143454,60.14905975,63.18143467,63.18143454,1.735490881e-06,1.735442697e-06,4.400000077,4.600000077,3.800000087,0.5999999773,0.5999999775,0.5999999745,8.399999616,8.599999617,8.599999566
51.4,60.14905976,63.18143468,63.18143456,60.14905976,63.18143468,63.18143456,1.71128572e-06,1.711237628e-06,4.400000076,4.600000075,3.800000086,0.5999999776,0.5999999778,0.5999999749,8.399999621,8.599999623,8.599999572
51.45,60.14905977,63.1814347,63.18143457,60.14905977,63.1814347,63.18143457,1.687417854e-06,1.687370156e-06,4.400000075,4.600000074,3.800000084,0.5999999779,0.5999999782,0.5999999752,8.399999627,8.599999628,8.599999578
51.5,60.14905978,63.18143471,63.18143459,60.14905978,63.18143471,63.18143459,1.663882563e-06,1.663835576e-06,4.400000074,4.600000073,3.800000083,0.5999999782,0.5999999785,0.5999999756,8.399999632,8.599999633,8.599999584
51.55,60.1490598,63.18143472,63.1814346,60.1490598,63.18143472,63.1814346,1.640675224e-06,1.640629245e-06,4.400000073,4.600000072,3.800000082,0.5999999785,0.5999999788,0.5999999759,8.399999637,8.599999638,8.59999959
51.6,60.14905981,63.18143473,63.18143461,60.14905981,63.18143473,63.18143461,1.617791256e-06,1.617746584e-06,4.400000072,4.600000071,3.800000081,0.5999999788,0.5999999791,0.5999999762,8.399999642,8.599999643,8.599999596
51.65,60.14905982,63.18143475,63.18143463,60.14905982,63.18143475,63.18143463,1.595226178e-06,1.595183072e-06,4.400000071,4.60000007,3.80000008,0.5999999791,0.5999999793,0.5999999766,8.399999647,8.599999648,8.599999601
51.7,60.14905983,63.18143476,63.18143464,60.14905983,63.18143476,63.18143464,1.572975561e-06,1.572934276e-06,4.40000007,4.600000069,3.800000079,0.5999999794,0.5999999796,0.5999999769,8.399999652,8.599999653,8.599999607
51.75,60.14905985,63.18143477,63.18143466,60.14905985,63.18143477,63.18143466,1.551035061e-06,1.550995785e-06,4.400000069,4.600000068,3.800000078,0.5999999797,0.5999999799,0.5999999772,8.399999657,8.599999658,8.599999612
51.8,60.14905986,63.18143478,63.18143467,60.14905986,63.18143478,63.18143467,1.529400374e-06,1.529363289e-06,4.400000068,4.600000067,3.800000076,0.59999998,0.5999999802,0.5999999775,8.399999662,8.599999663,8.599999618
51.85,60.14905987,63.18143479,63.18143468,60.14905987,63.18143479,63.18143468,1.508067289e-06,1.508032505e-06,4.400000067,4.600000066,3.800000075,0.5999999803,0.5999999805,0.5999999779,8.399999666,8.599999668,8.599999623
51.9,60.14905988,63.18143481,63.1814347,60.14905988,63.18143481,63.1814347,1.487031642e-06,1.486999238e-06,4.400000066,4.600000066,3.800000074,0.5999999805,0.5999999807,0.5999999782,8.399999671,8.599999672,8.599999628
51.95,60.14905989,63.18143482,63.18143471,60.14905989,63.18143482,63.18143471,1.466289324e-06,1.466259333e-06,4.400000065,4.600000065,3.800000073,0.5999999808,0.599999981,0.5999999785,8.399999676,8.599999677,8.599999633
52,60.14905991,63.18143483,63.18143472,60.14905991,63.18143483,63.18143472,1.445836308e-06,1.445808691e-06,4.400000064,4.600000064,3.800000072,0.5999999811,0.5999999813,0.5999999788,8.39999968,8.599999681,8.599999639
52.05,60.14905992,63.18143484,63.18143473,60.14905992,63.18143484,63.18143473,1.425668594e-06,1.425643287e-06,4.400000063,4.600000063,3.800000071,0.5999999813,0.5999999815,0.5999999791,8.399999685,8.599999686,8.599999644
52.1,60.14905993,63.18143485,63.18143475,60.14905993,63.18143485,63.18143475,1.405782274e-06,1.405759138e-06,4.400000062,4.600000062,3.80000007,0.5999999816,0.5999999818,0.5999999794,8.399999689,8.59999969,8.599999649
52.15,60.14905994,63.18143486,63.18143476,60.14905994,63.18143486,63.18143476,1.38617347e-06,1.38615233e-06,4.400000061,4.600000061,3.800000069,0.5999999819,0.5999999821,0.5999999796,8.399999693,8.599999694,8.599999653
52.2,60.14905995,63.18143487,63.18143477,60.14905995,63.18143487,63.18143477,1.366838366e-06,1.366818982e-06,4.40000006,4.60000006,3.800000068,0.5999999821,0.5999999823,0.5999999799,8.399999698,8.599999699,8.599999658
52.25,60.14905996,63.18143488,63.18143478,60.14905996,63.18143488,63.18143478,1.347773195e-06,1.347755286e-06,4.40000006,4.600000059,3.800000067,0.5999999824,0.5999999825,0.5999999802,8.399999702,8.599999703,8.599999663
52.3,60.14905997,63.18143489,63.18143479,60.14905997,63.18143489,63.18143479,1.32897425e-06,1.328957476e-06,4.400000059,4.600000059,3.800000066,0.5999999826,0.5999999828,0.5999999805,8.399999706,8.599999707,8.599999668
52.35,60.14905998,63.1814349,63.18143481,60.14905998,63.1814349,63.18143481,1.310437873e-06,1.310421855e-06,4.400000058,4.600000058,3.800000066,0.5999999829,0.599999983,0.5999999808,8.39999971,8.599999711,8.599999672
52.4,60.14905999,63.18143491,63.18143482,60.14905999,63.18143491,63.18143482,1.292160436e-06,1.292144758e-06,4.400000057,4.600000057,3.800000065,0.5999999831,0.5999999833,0.599999981,8.399999714,8.599999715,8.599999677
52.45,60.14906,63.18143492,63.18143483,60.14906,63.18143492,63.18143483,1.274138387e-06,1.274122582e-06,4.400000056,4.600000056,3.800000064,0.5999999833,0.5999999835,0.5999999813,8.399999718,8.599999719,8.599999681
52.5,60.14906001,63.18143493,63.18143484,60.14906001,63.18143493,63.18143484,1.256368205e-06,1.256351768e-06,4.400000056,4.600000055,3.800000063,0.5999999836,0.5999999837,0.5999999816,8.399999722,8.599999723,8.599999686
52.55,60.14906002,63.18143494,63.18143485,60.14906002,63.18143494,63.18143485,1.238846421e-06,1.238828817e-06,4.400000055,4.600000055,3.800000062,0.5999999838,0.599999984,0.5999999818,8.399999726,8.599999727,8.59999969
52.6,60.14906003,63.18143495,63.18143486,60.14906003,63.18143495,63.18143486,1.2215696e-06,1.221550257e-06,4.400000054,4.600000054,3.800000061,0.599999984,0.5999999842,0.5999999821,8.39999973,8.599999731,8.599999695
52.65,60.14906004,63.18143496,63.18143487,60.14906004,63.18143496,63.18143487,1.204534371e-06,1.204512694e-06,4.400000053,4.600000053,3.80000006,0.5999999842,0.5999999844,0.5999999823,8.399999734,8.599999735,8.599999699
52.7,60.14906005,63.18143497,63.18143488,60.14906005,63.18143497,63.18143488,1.187737385e-06,1.187712767e-06,4.400000053,4.600000052,3.800000059,0.5999999845,0.5999999846,0.5999999826,8.399999737,8.599999738,8.599999703
52.75,60.14906006,63.18143498,63.18143489,60.14906006,63.18143498,63.18143489,1.171175355e-06,1.171147153e-06,4.400000052,4.600000052,3.800000059,0.5999999847,0.5999999848,0.5999999828,8.399999741,8.599999742,8.599999707
52.8,60.14906007,63.18143499,63.1814349,60.14906007,63.18143499,63.1814349,1.154845022e-06,1.154812588e-06,4.400000051,4.600000051,3.800000058,0.5999999849,0.599999985,0.599999983,8.399999745,8.599999745,8.599999711
52.85,60.14906008,63.181435,63.18143491,60.14906008,63.181435,63.18143491,1.138743167e-06,1.138705852e-06,4.40000005,4.60000005,3.800000057,0.5999999851,0.5999999853,0.5999999833,8.399999748,8.599999749,8.599999715
52.9,60.14906008,63.18143501,63.18143492,60.14906008,63.18143501,63.18143492,1.122866631e-06,1.122823764e-06,4.40000005,4.600000049,3.800000056,0.5999999853,0.5999999855,0.5999999835,8.399999752,8.599999753,8.599999719
52.95,60.14906009,63.18143502,63.18143493,60.14906009,63.18143502,63.18143493,1.107212265e-06,1.107163185e-06,4.400000049,4.600000049,3.800000055,0.5999999855,0.5999999857,0.5999999837,8.399999755,8.599999756,8.599999723
53,60.1490601,63.18143502,63.18143494,60.1490601,63.18143502,63.18143494,1.091776984e-06,1.091721037e-06,4.400000048,4.600000048,3.800000055,0.5999999857,0.5999999859,0.599999984,8.399999759,8.599999759,8.599999727
53.05,60.14906011,63.18143503,63.18143495,60.14906011,63.18143503,63.18143495,1.076557725e-06,1.076494267e-06,4.400000048,4.600000047,3.800000054,0.5999999859,0.5999999861,0.5999999842,8.399999762,8.599999763,8.599999731
53.1,60.14906012,63.18143504,63.18143496,60.14906012,63.18143504,63.18143496,1.061551472e-06,1.061479874e-06,4.400000047,4.600000047,3.800000053,0.5999999861,0.5999999863,0.5999999844,8.399999765,8.599999766,8.599999735
53.15,60.14906013,63.18143505,63.18143497,60.14906013,63.18143505,63.18143497,1.046755249e-06,1.046674891e-06,4.400000046,4.600000046,3.800000052,0.5999999863,0.5999999864,0.5999999846,8.399999768,8.599999769,8.599999738
53.2,60.14906013,63.18143506,63.18143498,60.14906013,63.18143506,63.18143498,1.032166111e-06,1.032076404e-06,4.400000046,4.600000046,3.800000052,0.5999999865,0.5999999866,0.5999999848,8.399999772,8.599999772,8.599999742
53.25,60.14906014,63.18143506,63.18143499,60.14906014,63.18143506,63.18143499,1.017781135e-06,1.017681525e-06,4.400000045,4.600000045,3.800000051,0.5999999867,0.5999999868,0.5999999851,8.399999775,8.599999776,8.599999746
53.3,60.14906015,63.18143507,63.181435,60.14906015,63.18143507,63.181435,1.003597469e-06,1.003487422e-06,4.400000044,4.600000044,3.80000005,0.5999999869,0.599999987,0.5999999853,8.399999778,8.599999779,8.599999749
53.35,60.14906016,63.18143508,63.18143501,60.14906016,63.18143508,63.18143501,9.896122648e-07,9.894912873e-07,4.400000044,4.600000044,3.800000049,0.5999999871,0.5999999872,0.5999999855,8.399999781,8.599999782,8.599999753
53.4,60.14906017,63.18143509,63.18143502,60.14906017,63.18143509,63.18143502,9.758227246e-07,9.756903687e-07,4.400000043,4.600000043,3.800000049,0.5999999872,0.5999999874,0.5999999857,8.399999784,8.599999785,8.599999756
53.45,60.14906017,63.1814351,63.18143502,60.14906017,63.1814351,63.18143502,9.622260816e-07,9.620819324e-07,4.400000043,4.600000042,3.800000048,0.5999999874,0.5999999875,0.5999999859,8.399999787,8.599999788,8.599999759
53.5,60.14906018,63.1814351,63.18143503,60.14906018,63.1814351,63.18143503,9.488195991e-07,9.486633078e-07,4.400000042,4.600000042,3.800000047,0.5999999876,0.5999999877,0.5999999861,8.39999979,8.599999791,8.599999763
53.55,60.14906019,63.18143511,63.18143504,60.14906019,63.18143511,63.18143504,9.356005815e-07,9.354318354e-07,4.400000041,4.600000041,3.800000047,0.5999999878,0.5999999879,0.5999999863,8.399999793,8.599999794,8.599999766
53.6,60.14906019,63.18143512,63.18143505,60.14906019,63.18143512,63.18143505,9.225663656e-07,9.223849018e-07,4.400000041,4.600000041,3.800000046,0.5999999879,0.5999999881,0.5999999865,8.399999796,8.599999797,8.599999769
53.65,60.1490602,63.18143512,63.18143506,60.1490602,63.18143512,63.18143506,9.097143172e-07,9.095199503e-07,4.40000004,4.60000004,3.800000045,0.5999999881,0.5999999882,0.5999999866,8.399999799,8.599999799,8.599999773
53.7,60.14906021,63.18143513,63.18143506,60.14906021,63.18143513,63.18143507,8.970418346e-07,8.968344257e-07,4.40000004,4.60000004,3.800000045,0.5999999883,0.5999999884,0.5999999868,8.399999802,8.599999802,8.599999776
53.75,60.14906022,63.18143514,63.18143507,60.14906022,63.18143514,63.18143507,8.845463623e-07,8.84325837e-07,4.400000039,4.600000039,3.800000044,0.5999999884,0.5999999885,0.599999987,8.399999804,8.599999805,8.599999779
53.8,60.14906022,63.18143514,63.18143508,60.14906022,63.18143515,63.18143508,8.722253639e-07,8.71991714e-07,4.400000039,4.600000038,3.800000044,0.5999999886,0.5999999887,0.5999999872,8.399999807,8.599999808,8.599999782
53.85,60.14906023,63.18143515,63.18143509,60.14906023,63.18143515,63.18143509,8.60076333e-07,8.59829612e-07,4.400000038,4.600000038,3.800000043,0.5999999887,0.5999999889,0.5999999874,8.39999981,8.59999981,8.599999785
53.9,60.14906024,63.18143516,63.1814351,60.14906024,63.18143516,63.1814351,8.48096812e-07,8.478371472e-07,4.400000038,4.600000037,3.800000042,0.5999999889,0.599999989,0.5999999875,8.399999812,8.599999813,8.599999788
53.95,60.14906024,63.18143516,63.1814351,60.14906024,63.18143516,63.1814351,8.362843635e-07,8.360119442e-07,4.400000037,4.600000037,3.800000042,0.5999999891,0.5999999892,0.5999999877,8.399999815,8.599999816,8.599999791
54,60.14906025,63.18143517,63.18143511,60.14906025,63.18143517,63.18143511,8.246365838e-07,8.243516767e-07,4.400000036,4.600000036,3.800000041,0.5999999892,0.5999999893,0.5999999879,8.399999818,8.599999818,8.599999794
54.05,60.14906026,63.18143518,63.18143512,60.14906026,63.18143518,63.18143512,8.131510935e-07,8.128540359e-07,4.400000036,4.600000036,3.800000041,0.5999999894,0.5999999895,0.5999999881,8.39999982,8.599999821,8.599999797
54.1,60.14906026,63.18143518,63.18143512,60.14906026,63.18143518,63.18143512,8.018255662e-07,8.015167646e-07,4.400000035,4.600000035,3.80000004,0.5999999895,0.5999999896,0.5999999882,8.399999823,8.599999823,8.5999998
54.15,60.14906027,63.18143519,63.18143513,60.14906027,63.18143519,63.18143513,7.906576842e-07,7.903376197e-07,4.400000035,4.600000035,3.80000004,0.5999999897,0.5999999898,0.5999999884,8.399999825,8.599999826,8.599999802
54.2,60.14906027,63.1814352,63.18143514,60.14906027,63.1814352,63.18143514,7.796451753e-07,7.79314386e-07,4.400000034,4.600000034,3.800000039,0.5999999898,0.5999999899,0.5999999886,8.399999828,8.599999828,8.599999805
54.25,60.14906028,63.1814352,63.18143515,60.14906028,63.1814352,63.18143515,7.687857992e-07,7.684449098e-07,4.400000034,4.600000034,3.800000038,0.5999999899,0.59999999,0.5999999887,8.39999983,8.599999831,8.599999808
54.3,60.14906029,63.18143521,63.18143515,60.14906029,63.18143521,63.18143515,7.580773284e-07,7.577270295e-07,4.400000034,4.600000033,3.800000038,0.5999999901,0.5999999902,0.5999999889,8.399999832,8.599999833,8.59999981
54.35,60.14906029,63.18143521,63.18143516,60.14906029,63.18143521,63.18143516,7.475175979e-07,7.471586366e-07,4.400000033,4.600000033,3.800000037,0.5999999902,0.5999999903,0.599999989,8.399999835,8.599999835,8.599999813
54.4,60.1490603,63.18143522,63.18143516,60.1490603,63.18143522,63.18143517,7.371044452e-07,7.367376482e-07,4.400000033,4.600000032,3.800000037,0.5999999904,0.5999999905,0.5999999892,8.399999837,8.599999838,8.599999816
54.45,60.1490603,63.18143523,63.18143517,60.1490603,63.18143523,63.18143517,7.268357549e-07,7.264620092e-07,4.400000032,4.600000032,3.800000036,0.5999999905,0.5999999906,0.5999999893,8.399999839,8.59999984,8.599999818
54.5,60.14906031,63.18143523,63.18143518,60.14906031,63.18143523,63.18143518,7.16709438e-07,7.163296849e-07,4.400000032,4.600000032,3.800000036,0.5999999906,0.5999999907,0.5999999895,8.399999841,8.599999842,8.599999821
54.55,60.14906031,63.18143524,63.18143518,60.14906031,63.18143524,63.18143518,7.067234362e-07,7.063386788e-07,4.400000031,4.600000031,3.800000035,0.5999999908,0.5999999908,0.5999999896,8.399999844,8.599999844,8.599999823
54.6,60.14906032,63.18143524,63.18143519,60.14906032,63.18143524,63.18143519,6.968757196e-07,6.964870299e-07,4.400000031,4.600000031,3.800000035,0.5999999909,0.599999991,0.5999999898,8.399999846,8.599999846,8.599999826
54.65,60.14906032,63.18143525,63.1814352,60.14906032,63.18143525,63.1814352,6.871642988e-07,6.867727781e-07,4.40000003,4.60000003,3.800000034,0.599999991,0.5999999911,0.5999999899,8.399999848,8.599999849,8.599999828
54.7,60.14906033,63.18143525,63.1814352,60.14906033,63.18143525,63.1814352,6.775872056e-07,6.771940208e-07,4.40000003,4.60000003,3.800000034,0.5999999911,0.5999999912,0.59999999,8.39999985,8.599999851,8.599999831
54.75,60.14906034,63.18143526,63.18143521,60.14906034,63.18143526,63.18143521,6.681424958e-07,6.677488677e-07,4.40000003,4.600000029,3.800000033,0.5999999913,0.5999999913,0.5999999902,8.399999852,8.599999853,8.599999833
54.8,60.14906034,63.18143526,63.18143521,60.14906034,63.18143526,63.18143521,6.588282835e-07,6.584354481e-07,4.400000029,4.600000029,3.800000033,0.5999999914,0.5999999915,0.5999999903,8.399999854,8.599999855,8.599999835
54.85,60.14906035,63.18143527,63.18143522,60.14906035,63.18143527,63.18143522,6.496426779e-07,6.49251922e-07,4.400000029,4.600000029,3.800000032,0.5999999915,0.5999999916,0.5999999905,8.399999856,8.599999857,8.599999838
54.9,60.14906035,63.18143527,63.18143523,60.14906035,63.18143527,63.18143523,6.405838462e-07,6.40196489e-07,4.400000028,4.600000028,3.800000032,0.5999999916,0.5999999917,0.5999999906,8.399999858,8.599999859,8.59999984
54.95,60.14906036,63.18143528,63.18143523,60.14906036,63.18143528,63.18143523,6.316499679e-07,6.312673526e-07,4.400000028,4.600000028,3.800000032,0.5999999917,0.5999999918,0.5999999907,8.39999986,8.599999861,8.599999842
55,60.14906036,63.18143528,63.18143524,60.14906036,63.18143528,63.18143524,6.228392633e-07,6.224627588e-07,4.400000028,4.600000027,3.800000031,0.5999999919,0.5999999919,0.5999999909,8.399999862,8.599999863,8.599999844
55.05,60.14906037,63.18143529,63.18143524,60.14906037,63.18143529,63.18143524,6.141499739e-07,6.137809606e-07,4.400000027,4.600000027,3.800000031,0.599999992,0.599999992,0.599999991,8.399999864,8.599999865,8.599999846
55.1,60.14906037,63.18143529,63.18143525,60.14906037,63.18143529,63.18143525,6.055803902e-07,6.052202567e-07,4.400000027,4.600000027,3.80000003,0.5999999921,0.5999999922,0.5999999911,8.399999866,8.599999867,8.599999849
55.15,60.14906037,63.1814353,63.18143525,60.14906037,63.1814353,63.18143525,5.971288058e-07,5.967789542e-07,4.400000026,4.600000026,3.80000003,0.5999999922,0.5999999923,0.5999999912,8.399999868,8.599999868,8.599999851
55.2,60.14906038,63.1814353,63.18143526,60.14906038,63.1814353,63.18143526,5.887935658e-07,5.88455388e-07,4.400000026,4.600000026,3.800000029,0.5999999923,0.5999999924,0.5999999914,8.39999987,8.59999987,8.599999853
55.25,60.14906038,63.18143531,63.18143526,60.14906038,63.18143531,63.18143526,5.80573025e-07,5.802479066e-07,4.400000026,4.600000026,3.800000029,0.5999999924,0.5999999925,0.5999999915,8.399999872,8.599999872,8.599999855
55.3,60.14906039,63.18143531,63.18143527,60.14906039,63.18143531,63.18143527,5.724655898e-07,5.721549029e-07,4.400000025,4.600000025,3.800000029,0.5999999925,0.5999999926,0.5999999916,8.399999873,8.599999874,8.599999857
55.35,60.14906039,63.18143531,63.18143527,60.14906039,63.18143531,63.18143527,5.644696739e-07,5.641747786e-07,4.400000025,4.600000025,3.800000028,0.5999999926,0.5999999927,0.5999999917,8.399999875,8.599999876,8.599999859
55.4,60.1490604,63.18143532,63.18143528,60.1490604,63.18143532,63.18143528,5.565837439e-07,5.563059593e-07,4.400000025,4.600000025,3.800000028,0.5999999927,0.5999999928,0.5999999918,8.399999877,8.599999877,8.599999861
55.45,60.1490604,63.18143532,63.18143528,60.1490604,63.18143532,63.18143528,5.488062669e-07,5.485468835e-07,4.400000024,4.600000024,3.800000027,0.5999999928,0.5999999929,0.5999999919,8.399999879,8.599999879,8.599999863
55.5,60.14906041,63.18143533,63.18143529,60.14906041,63.18143533,63.18143529,5.411357639e-07,5.408960346e-07,4.400000024,4.600000024,3.800000027,0.5999999929,0.599999993,0.5999999921,8.39999988,8.599999881,8.599999865
55.55,60.14906041,63.18143533,63.18143529,60.14906041,63.18143533,63.18143529,5.335707633e-07,5.33351884e-07,4.400000024,4.600000024,3.800000027,0.599999993,0.5999999931,0.5999999922,8.399999882,8.599999882,8.599999867
55.6,60.14906041,63.18143534,63.1814353,60.14906041,63.18143534,63.1814353,5.261098355e-07,5.259129689e-07,4.400000023,4.600000023,3.800000026,0.5999999931,0.5999999932,0.5999999923,8.399999884,8.599999884,8.599999868
55.65,60.14906042,63.18143534,63.1814353,60.14906042,63.18143534,63.1814353,5.187515698e-07,5.185778012e-07,4.400000023,4.600000023,3.800000026,0.5999999932,0.5999999933,0.5999999924,8.399999885,8.599999886,8.59999987
55.7,60.14906042,63.18143534,63.18143531,60.14906042,63.18143534,63.18143531,5.114946029e-07,5.113449383e-07,4.400000023,4.600000023,3.800000026,0.5999999933,0.5999999934,0.5999999925,8.399999887,8.599999887,8.599999872
55.75,60.14906043,63.18143535,63.18143531,60.14906043,63.18143535,63.18143531,5.043375614e-07,5.042129632e-07,4.400000022,4.600000022,3.800000025,0.5999999934,0.5999999935,0.5999999926,8.399999888,8.599999889,8.599999874
55.8,60.14906043,63.18143535,63.18143531,60.14906043,63.18143535,63.18143531,4.972791223e-07,4.97180453e-07,4.400000022,4.600000022,3.800000025,0.5999999935,0.5999999936,0.5999999927,8.39999989,8.59999989,8.599999876
55.85,60.14906043,63.18143536,63.18143532,60.14906043,63.18143536,63.18143532,4.903179954e-07,4.902460315e-07,4.400000022,4.600000022,3.800000025,0.5999999936,0.5999999937,0.5999999928,8.399999892,8.599999892,8.599999877
55.9,60.14906044,63.18143536,63.18143532,60.14906044,63.18143536,63.18143532,4.834529023e-07,4.8340833e-07,4.400000021,4.600000021,3.800000024,0.5999999937,0.5999999937,0.5999999929,8.399999893,8.599999893,8.599999879
55.95,60.14906044,63.18143536,63.18143533,60.14906044,63.18143536,63.18143533,4.766825897e-07,4.766659968e-07,4.400000021,4.600000021,3.800000024,0.5999999938,0.5999999938,0.599999993,8.399999895,8.599999895,8.599999881
56,60.14906044,63.18143537,63.18143533,60.14906044,63.18143537,63.18143533,4.700058329e-07,4.70017704e-07,4.400000021,4.600000021,3.800000023,0.5999999939,0.5999999939,0.5999999931,8.399999896,8.599999896,8.599999883
56.05,60.14906045,63.18143537,63.18143534,60.14906045,63.18143537,63.18143534,4.634214314e-07,4.634621366e-07,4.40000002,4.60000002,3.800000023,0.5999999939,0.599999994,0.5999999932,8.399999898,8.599999898,8.599999884
56.1,60.14906045,63.18143537,63.18143534,60.14906045,63.18143537,63.18143534,4.569282069e-07,4.569980002e-07,4.40000002,4.60000002,3.800000023,0.599999994,0.5999999941,0.5999999933,8.399999899,8.599999899,8.599999886
56.15,60.14906046,63.18143538,63.18143534,60.14906046,63.18143538,63.18143534,4.505250115e-07,4.506240213e-07,4.40000002,4.60000002,3.800000023,0.5999999941,0.5999999942,0.5999999934,8.3999999,8.599999901,8.599999887
56.2,60.14906046,63.18143538,63.18143535,60.14906046,63.18143538,63.18143535,4.44210703e-07,4.443389495e-07,4.40000002,4.60000002,3.800000022,0.5999999942,0.5999999942,0.5999999935,8.399999902,8.599999902,8.599999889
56.25,60.14906046,63.18143538,63.18143535,60.14906046,63.18143538,63.18143535,4.379841807e-07,4.381415364e-07,4.400000019,4.600000019,3.800000022,0.5999999943,0.5999999943,0.5999999936,8.399999903,8.599999903,8.599999891
56.3,60.14906047,63.18143539,63.18143536,60.14906047,63.18143539,63.18143536,4.318443468e-07,4.320305651e-07,4.400000019,4.600000019,3.800000022,0.5999999943,0.5999999944,0.5999999937,8.399999904,8.599999905,8.599999892
56.35,60.14906047,63.18143539,63.18143536,60.14906047,63.18143539,63.18143536,4.257901329e-07,4.260048191e-07,4.400000019,4.600000019,3.800000021,0.5999999944,0.5999999945,0.5999999937,8.399999906,8.599999906,8.599999894
56.4,60.14906047,63.18143539,63.18143536,60.14906047,63.18143539,63.18143536,4.198204867e-07,4.200631193e-07,4.400000019,4.600000019,3.800000021,0.5999999945,0.5999999946,0.5999999938,8.399999907,8.599999907,8.599999895
56.45,60.14906048,63.1814354,63.18143537,60.14906048,63.1814354,63.18143537,4.139343893e-07,4.142042902e-07,4.400000018,4.600000018,3.800000021,0.5999999946,0.5999999946,0.5999999939,8.399999908,8.599999909,8.599999897
56.5,60.14906048,63.1814354,63.18143537,60.14906048,63.1814354,63.18143537,4.081308091e-07,4.08427181e-07,4.400000018,4.600000018,3.80000002,0.5999999947,0.5999999947,0.599999994,8.39999991,8.59999991,8.599999898
56.55,60.14906048,63.1814354,63.18143537,60.14906048,63.1814354,63.18143537,4.024087597e-07,4.027306451e-07,4.400000018,4.600000018,3.80000002,0.5999999947,0.5999999948,0.5999999941,8.399999911,8.599999911,8.599999899
56.6,60.14906049,63.18143541,63.18143538,60.14906049,63.18143541,63.18143538,3.967672629e-07,3.971135648e-07,4.400000018,4.600000017,3.80000002,0.5999999948,0.5999999949,0.5999999942,8.399999912,8.599999913,8.599999901
56.65,60.14906049,63.18143541,63.18143538,60.14906049,63.18143541,63.18143538,3.912053368e-07,3.915748305e-07,4.400000017,4.600000017,3.80000002,0.5999999949,0.5999999949,0.5999999943,8.399999913,8.599999914,8.599999902
56.7,60.14906049,63.18143541,63.18143538,60.14906049,63.18143541,63.18143538,3.857220479e-07,3.861133405e-07,4.400000017,4.600000017,3.800000019,0.599999995,0.599999995,0.5999999943,8.399999915,8.599999915,8.599999904
56.75,60.14906049,63.18143542,63.18143539,60.14906049,63.18143542,63.18143539,3.803164473e-07,3.807280309e-07,4.400000017,4.600000017,3.800000019,0.599999995,0.5999999951,0.5999999944,8.399999916,8.599999916,8.599999905
56.8,60.1490605,63.18143542,63.18143539,60.1490605,63.18143542,63.18143539,3.749876064e-07,3.754178248e-07,4.400000017,4.600000017,3.800000019,0.5999999951,0.5999999951,0.5999999945,8.399999917,8.599999917,8.599999906
56.85,60.1490605,63.18143542,63.18143539,60.1490605,63.18143542,63.18143539,3.697346087e-07,3.701816904e-07,4.400000016,4.600000016,3.800000018,0.5999999952,0.5999999952,0.5999999946,8.399999918,8.599999919,8.599999908
56.9,60.1490605,63.18143542,63.1814354,60.1490605,63.18143542,63.1814354,3.645565493e-07,3.650185845e-07,4.400000016,4.600000016,3.800000018,0.5999999952,0.5999999953,0.5999999946,8.399999919,8.59999992,8.599999909
56.95,60.14906051,63.18143543,63.1814354,60.14906051,63.18143543,63.1814354,3.594525209e-07,3.59927491e-07,4.400000016,4.600000016,3.800000018,0.5999999953,0.5999999953,0.5999999947,8.39999992,8.599999921,8.59999991
57,60.14906051,63.18143543,63.1814354,60.14906051,63.18143543,63.1814354,3.544216392e-07,3.549074038e-07,4.400000016,4.600000016,3.800000018,0.5999999954,0.5999999954,0.5999999948,8.399999922,8.599999922,8.599999911
57.05,60.14906051,63.18143543,63.18143541,60.14906051,63.18143543,63.18143541,3.494630173e-07,3.499573366e-07,4.400000015,4.600000015,3.800000017,0.5999999954,0.5999999955,0.5999999949,8.399999923,8.599999923,8.599999913
57.1,60.14906051,63.18143544,63.18143541,60.14906051,63.18143544,63.18143541,3.445757584e-07,3.450763112e-07,4.400000015,4.600000015,3.800000017,0.5999999955,0.5999999955,0.5999999949,8.399999924,8.599999924,8.599999914
57.15,60.14906052,63.18143544,63.18143541,60.14906052,63.18143544,63.18143541,3.397589878e-07,3.402633619e-07,4.400000015,4.600000015,3.800000017,0.5999999956,0.5999999956,0.599999995,8.399999925,8.599999925,8.599999915
57.2,60.14906052,63.18143544,63.18143542,60.14906052,63.18143544,63.18143542,3.350118341e-07,3.35517543e-07,4.400000015,4.600000015,3.800000017,0.5999999956,0.5999999957,0.5999999951,8.399999926,8.599999926,8.599999916
57.25,60.14906052,63.18143544,63.18143542,60.14906052,63.18143544,63.18143542,3.303334052e-07,3.308379099e-07,4.400000015,4.600000015,3.800000017,0.5999999957,0.5999999957,0.5999999951,8.399999927,8.599999927,8.599999917
57.3,60.14906052,63.18143545,63.18143542,60.14906052,63.18143545,63.18143542,3.257228134e-07,3.262235543e-07,4.400000014,4.600000014,3.800000016,0.5999999957,0.5999999958,0.5999999952,8.399999928,8.599999928,8.599999919
57.35,60.14906053,63.18143545,63.18143542,60.14906053,63.18143545,63.18143542,3.211791801e-07,3.216735551e-07,4.400000014,4.600000014,3.800000016,0.5999999958,0.5999999958,0.5999999953,8.399999929,8.599999929,8.59999992
57.4,60.14906053,63.18143545,63.18143543,60.14906053,63.18143545,63.18143543,3.167016085e-07,3.171870129e-07,4.400000014,4.600000014,3.800000016,0.5999999959,0.5999999959,0.5999999953,8.39999993,8.59999993,8.599999921
57.45,60.14906053,63.18143545,63.18143543,60.14906053,63.18143545,63.18143543,3.122892029e-07,3.127630479e-07,4.400000014,4.600000014,3.800000016,0.5999999959,0.599999996,0.5999999954,8.399999931,8.599999931,8.599999922
57.5,60.14906053,63.18143546,63.18143543,60.14906053,63.18143546,63.18143543,3.07941043e-07,3.084007931e-07,4.400000014,4.600000014,3.800000015,0.599999996,0.599999996,0.5999999955,8.399999932,8.599999932,8.599999923
57.55,60.14906054,63.18143546,63.18143544,60.14906054,63.18143546,63.18143544,3.036562118e-07,3.040993731e-07,4.400000013,4.600000013,3.800000015,0.599999996,0.5999999961,0.5999999955,8.399999933,8.599999933,8.599999924
57.6,60.14906054,63.18143546,63.18143544,60.14906054,63.18143546,63.18143544,2.99433773e-07,2.998579496e-07,4.400000013,4.600000013,3.800000015,0.5999999961,0.5999999961,0.5999999956,8.399999934,8.599999934,8.599999925
57.65,60.14906054,63.18143546,63.18143544,60.14906054,63.18143546,63.18143544,2.95272777e-07,2.956756839e-07,4.400000013,4.600000013,3.800000015,0.5999999961,0.5999999962,0.5999999957,8.399999935,8.599999935,8.599999926
57.7,60.14906054,63.18143547,63.18143544,60.14906054,63.18143546,63.18143544,2.911722496e-07,2.915517464e-07,4.400000013,4.600000013,3.800000015,0.5999999962,0.5999999962,0.5999999957,8.399999936,8.599999936,8.599999927
57.75,60.14906055,63.18143547,63.18143545,60.14906055,63.18143547,63.18143545,2.871312005e-07,2.874853355e-07,4.400000013,4.600000013,3.800000014,0.5999999962,0.5999999963,0.5999999958,8.399999936,8.599999937,8.599999928
57.8,60.14906055,63.18143547,63.18143545,60.14906055,63.18143547,63.18143545,2.831486232e-07,2.834756334e-07,4.400000013,4.600000012,3.800000014,0.5999999963,0.5999999963,0.5999999958,8.399999937,8.599999938,8.599999929
57.85,60.14906055,63.18143547,63.18143545,60.14906055,63.18143547,63.18143545,2.79223482e-07,2.795218591e-07,4.400000012,4.600000012,3.800000014,0.5999999963,0.5999999964,0.5999999959,8.399999938,8.599999938,8.59999993
57.9,60.14906055,63.18143547,63.18143545,60.14906055,63.18143547,63.18143545,2.753547162e-07,2.756232321e-07,4.400000012,4.600000012,3.800000014,0.5999999964,0.5999999964,0.599999996,8.399999939,8.599999939,8.599999931
57.95,60.14906055,63.18143548,63.18143546,60.14906055,63.18143548,63.18143546,2.715412211e-07,2.717789791e-07,4.400000012,4.600000012,3.800000014,0.5999999964,0.5999999965,0.599999996,8.39999994,8.59999994,8.599999932
58,60.14906056,63.18143548,63.18143546,60.14906056,63.18143548,63.18143546,2.67781878e-07,2.679883449e-07,4.400000012,4.600000012,3.800000013,0.5999999965,0.5999999965,0.5999999961,8.399999941,8.599999941,8.599999933
58.05,60.14906056,63.18143548,63.18143546,60.14906056,63.18143548,63.18143546,2.640755329e-07,2.642505809e-07,4.400000012,4.600000012,3.800000013,0.5999999965,0.5999999966,0.5999999961,8.399999942,8.599999942,8.599999934
58.1,60.14906056,63.18143548,63.18143546,60.14906056,63.18143548,63.18143546,2.604209854e-07,2.605649474e-07,4.400000012,4.600000011,3.800000013,0.5999999966,0.5999999966,0.5999999962,8.399999942,8.599999943,8.599999935
58.15,60.14906056,63.18143548,63.18143547,60.14906056,63.18143548,63.18143546,2.568169908e-07,2.569307213e-07,4.400000011,4.600000011,3.800000013,0.5999999966,0.5999999967,0.5999999962,8.399999943,8.599999943,8.599999936
58.2,60.14906056,63.18143549,63.18143547,60.14906056,63.18143549,63.18143547,2.532622784e-07,2.533471753e-07,4.400000011,4.600000011,3.800000013,0.5999999967,0.5999999967,0.5999999963,8.399999944,8.599999944,8.599999937
58.25,60.14906057,63.18143549,63.18143547,60.14906057,63.18143549,63.18143547,2.497555095e-07,2.498136228e-07,4.400000011,4.600000011,3.800000012,0.5999999967,0.5999999968,0.5999999963,8.399999945,8.599999945,8.599999938
58.3,60.14906057,63.18143549,63.18143547,60.14906057,63.18143549,63.18143547,2.462953196e-07,2.463293446e-07,4.400000011,4.600000011,3.800000012,0.5999999968,0.5999999968,0.5999999964,8.399999946,8.599999946,8.599999938
58.35,60.14906057,63.18143549,63.18143547,60.14906057,63.18143549,63.18143547,2.428802781e-07,2.42893671e-07,4.400000011,4.600000011,3.800000012,0.5999999968,0.5999999969,0.5999999964,8.399999946,8.599999946,8.599999939
58.4,60.14906057,63.18143549,63.18143548,60.14906057,63.18143549,63.18143548,2.395088898e-07,2.395059117e-07,4.400000011,4.600000011,3.800000012,0.5999999969,0.5999999969,0.5999999965,8.399999947,8.599999947,8.59999994
58.45,60.14906057,63.1814355,63.18143548,60.14906057,63.1814355,63.18143548,2.361796252e-07,2.361654049e-07,4.40000001,4.60000001,3.800000012,0.5999999969,0.5999999969,0.5999999965,8.399999948,8.599999948,8.599999941
58.5,60.14906058,63.1814355,63.18143548,60.14906058,63.1814355,63.18143548,2.328908742e-07,2.328714933e-07,4.40000001,4.60000001,3.800000012,0.599999997,0.599999997,0.5999999966,8.399999948,8.599999949,8.599999942
58.55,60.14906058,63.1814355,63.18143548,60.14906058,63.1814355,63.18143548,2.296429204e-07,2.296235188e-07,4.40000001,4.60000001,3.800000011,0.599999997,0.599999997,0.5999999966,8.399999949,8.599999949,8.599999943
58.6,60.14906058,63.1814355,63.18143548,60.14906058,63.1814355,63.18143548,2.264399747e-07,2.264208484e-07,4.40000001,4.60000001,3.800000011,0.599999997,0.5999999971,0.5999999967,8.39999995,8.59999995,8.599999943
58.65,60.14906058,63.1814355,63.18143549,60.14906058,63.1814355,63.18143549,2.23281709e-07,2.232628422e-07,4.40000001,4.60000001,3.800000011,0.5999999971,0.5999999971,0.5999999967,8.399999951,8.599999951,8.599999944
58.7,60.14906058,63.1814355,63.18143549,60.14906058,63.1814355,63.18143549,2.201674866e-07,2.201488868e-07,4.40000001,4.60000001,3.800000011,0.5999999971,0.5999999971,0.5999999968,8.399999951,8.599999951,8.599999945
58.75,60.14906058,63.18143551,63.18143549,60.14906058,63.18143551,63.18143549,2.170967027e-07,2.170783618e-07,4.40000001,4.60000001,3.800000011,0.5999999972,0.5999999972,0.5999999968,8.399999952,8.599999952,8.599999946
58.8,60.14906059,63.18143551,63.18143549,60.14906059,63.18143551,63.18143549,2.140687491e-07,2.140506634e-07,4.400000009,4.600000009,3.800000011,0.5999999972,0.5999999972,0.5999999969,8.399999953,8.599999953,8.599999946
58.85,60.14906059,63.18143551,63.18143549,60.14906059,63.18143551,63.18143549,2.110830224e-07,2.110651957e-07,4.400000009,4.600000009,3.800000011,0.5999999972,0.5999999973,0.5999999969,8.399999953,8.599999953,8.599999947
58.9,60.14906059,63.18143551,63.1814355,60.14906059,63.18143551,63.1814355,2.081389464e-07,2.081213626e-07,4.400000009,4.600000009,3.80000001,0.5999999973,0.5999999973,0.5999999969,8.399999954,8.599999954,8.599999948
58.95,60.14906059,63.18143551,63.1814355,60.14906059,63.18143551,63.1814355,2.052359301e-07,2.052185925e-07,4.400000009,4.600000009,3.80000001,0.5999999973,0.5999999973,0.599999997,8.399999955,8.599999955,8.599999949
59,60.14906059,63.18143551,63.1814355,60.14906059,63.18143551,63.1814355,2.023734055e-07,2.023563068e-07,4.400000009,4.600000009,3.80000001,0.5999999974,0.5999999974,0.599999997,8.399999955,8.599999955,8.599999949
59.05,60.14906059,63.18143552,63.1814355,60.14906059,63.18143552,63.1814355,1.995508062e-07,1.995339458e-07,4.400000009,4.600000009,3.80000001,0.5999999974,0.5999999974,0.5999999971,8.399999956,8.599999956,8.59999995
59.1,60.1490606,63.18143552,63.1814355,60.1490606,63.18143552,63.1814355,1.967675687e-07,1.967509468e-07,4.400000009,4.600000009,3.80000001,0.5999999974,0.5999999975,0.5999999971,8.399999956,8.599999957,8.599999951
59.15,60.1490606,63.18143552,63.1814355,60.1490606,63.18143552,63.1814355,1.94023155e-07,1.940067636e-07,4.400000009,4.600000009,3.80000001,0.5999999975,0.5999999975,0.5999999972,8.399999957,8.599999957,8.599999951
59.2,60.1490606,63.18143552,63.18143551,60.1490606,63.18143552,63.18143551,1.913170229e-07,1.913008571e-07,4.400000008,4.600000008,3.80000001,0.5999999975,0.5999999975,0.5999999972,8.399999958,8.599999958,8.599999952
59.25,60.1490606,63.18143552,63.18143551,60.1490606,63.18143552,63.18143551,1.886486332e-07,1.886326896e-07,4.400000008,4.600000008,3.800000009,0.5999999975,0.5999999976,0.5999999972,8.399999958,8.599999958,8.599999953
59.3,60.1490606,63.18143552,63.18143551,60.1490606,63.18143552,63.18143551,1.860174566e-07,1.860017346e-07,4.400000008,4.600000008,3.800000009,0.5999999976,0.5999999976,0.5999999973,8.399999959,8.599999959,8.599999953
59.35,60.1490606,63.18143552,63.18143551,60.1490606,63.18143552,63.18143551,1.834229829e-07,1.834074787e-07,4.400000008,4.600000008,3.800000009,0.5999999976,0.5999999976,0.5999999973,8.399999959,8.59999996,8.599999954
59.4,60.1490606,63.18143553,63.18143551,60.1490606,63.18143553,63.18143551,1.808646947e-07,1.808494037e-07,4.400000008,4.600000008,3.800000009,0.5999999976,0.5999999977,0.5999999973,8.39999996,8.59999996,8.599999955
59.45,60.14906061,63.18143553,63.18143551,60.14906061,63.18143553,63.18143551,1.783420821e-07,1.783270089e-07,4.400000008,4.600000008,3.800000009,0.5999999977,0.5999999977,0.5999999974,8.399999961,8.599999961,8.599999955
59.5,60.14906061,63.18143553,63.18143552,60.14906061,63.18143553,63.18143552,1.758546606e-07,1.758397962e-07,4.400000008,4.600000008,3.800000009,0.5999999977,0.5999999977,0.5999999974,8.399999961,8.599999961,8.599999956
59.55,60.14906061,63.18143553,63.18143552,60.14906061,63.18143553,63.18143552,1.734019362e-07,1.733872689e-07,4.400000008,4.600000008,3.800000009,0.5999999977,0.5999999978,0.5999999975,8.399999962,8.599999962,8.599999957
59.6,60.14906061,63.18143553,63.18143552,60.14906061,63.18143553,63.18143552,1.70983412e-07,1.709689586e-07,4.400000008,4.600000008,3.800000009,0.5999999978,0.5999999978,0.5999999975,8.399999962,8.599999962,8.599999957
59.65,60.14906061,63.18143553,63.18143552,60.14906061,63.18143553,63.18143552,1.685986242e-07,1.685843634e-07,4.400000007,4.600000007,3.800000008,0.5999999978,0.5999999978,0.5999999975,8.399999963,8.599999963,8.599999958
59.7,60.14906061,63.18143553,63.18143552,60.14906061,63.18143553,63.18143552,1.662470953e-07,1.66233036e-07,4.400000007,4.600000007,3.800000008,0.5999999978,0.5999999978,0.5999999976,8.399999963,8.599999963,8.599999958
59.75,60.14906061,63.18143554,63.18143552,60.14906061,63.18143554,63.18143552,1.639283653e-07,1.639145031e-07,4.400000007,4.600000007,3.800000008,0.5999999979,0.5999999979,0.5999999976,8.399999964,8.599999964,8.599999959
59.8,60.14906062,63.18143554,63.18143552,60.14906062,63.18143554,63.18143552,1.616419738e-07,1.616283087e-07,4.400000007,4.600000007,3.800000008,0.5999999979,0.5999999979,0.5999999976,8.399999964,8.599999964,8.59999996
59.85,60.14906062,63.18143554,63.18143553,60.14906062,63.18143554,63.18143553,1.593874725e-07,1.593739972e-07,4.400000007,4.600000007,3.800000008,0.5999999979,0.5999999979,0.5999999977,8.399999965,8.599999965,8.59999996
59.9,60.14906062,63.18143554,63.18143553,60.14906062,63.18143554,63.18143553,1.571644141e-07,1.57151128e-07,4.400000007,4.600000007,3.800000008,0.5999999979,0.599999998,0.5999999977,8.399999965,8.599999965,8.599999961
59.95,60.14906062,63.18143554,63.18143553,60.14906062,63.18143554,63.18143553,1.549723666e-07,1.549592664e-07,4.400000007,4.600000007,3.800000008,0.599999998,0.599999998,0.5999999977,8.399999966,8.599999966,8.599999961
60,60.14906062,63.18143554,63.18143553,60.14906062,63.18143554,63.18143553,1.528108872e-07,1.527979723e-07,4.400000007,4.600000007,3.800000008,0.599999998,0.599999998,0.5999999978,8.399999966,8.599999966,8.599999962
