t,n1,n2,n3,oracle_n1,oracle_n2,oracle_n3,error_norm,oracle_error_norm,r1,r2,r3,u1,u2,u3,z1,z2,z3
0,140.1490607,43.18143563,143.1814356,140.1490607,43.18143563,143.1814356,114.8912529,114.8912529,0,6.2,0,1,0.05181356779,1,15.96079446,0.6,15.84366492
0.05,139.5609189,43.82929078,142.5906874,138.5719538,44.39401038,141.5322291,113.9586679,112.4364903,0,6.148171588,0,1,0.07348742862,1,15.98251109,0.8591420599,15.86714856
0.1,138.9746795,44.46229998,142.0032024,137.0289346,45.56303159,139.9224529,113.0343096,110.0459309,0,6.097530851,0,1,0.09428275448,1,16.00382514,1.112345743,15.89018704
0.15,138.3902957,45.08080557,141.4189024,135.5192141,46.68986536,138.3510548,112.1179061,107.7177031,0,6.048050404,0,1,0.1142543657,1,16.02473786,1.359747978,15.91278505
0.2,137.8077219,45.68514179,140.8377111,134.0420222,47.77583714,136.8170124,111.2091951,105.44999,0,5.999703507,0,1,0.1334522145,1,16.04525039,1.601482466,15.93494712
0.25,137.2269138,46.27563503,140.2595543,132.5966077,48.82223298,135.3193322,110.3079231,103.2410281,0,5.952464047,0,1,0.1519219273,1,16.06536376,1.837679764,15.95667761
0.3,136.6478286,46.852604,139.6843596,131.1822372,49.83030064,133.8570493,109.4138456,101.0891059,0,5.90630653,0,1,0.1697052765,1,16.08507889,2.068467351,15.97798072
0.35,136.0704248,47.41635989,139.1120565,129.798195,50.80125069,132.4292259,108.5267263,98.99256203,0,5.861206059,0,1,0.1868405913,1,16.10439656,2.293969706,15.99886045
0.4,135.4946622,47.96720655,138.5425763,128.4437827,51.7362576,131.0349508,107.6463375,96.94978429,0,5.817138326,0,1,0.2033631177,1,16.1233175,2.514308371,16.01932067
0.45,134.9205019,48.50544069,137.9758522,127.1183188,52.6364608,129.6733387,106.772459,94.95920808,0,5.774079594,0,1,0.2193053328,1,16.14184227,2.729602028,16.03936508
0.5,134.3479062,49.03135201,137.4118187,125.821138,53.5029657,128.3435293,105.9048786,93.01931508,0,5.732006689,0,1,0.2346972229,1,16.15997138,2.939966556,16.05899723
0.55,133.7768386,49.54522339,136.8504126,124.5515912,54.33684464,127.0446867,105.0433916,91.12863193,0,5.690896979,0,1,0.2495665274,1,16.17770521,3.145515104,16.07822053
0.6,133.2072638,50.047331,136.2915719,123.3090446,55.13913789,125.7759984,104.1878005,89.28572905,0,5.65072837,0,1,0.2639389546,1,16.19504407,3.346358152,16.09703821
0.65,132.6391477,50.53794455,135.7352365,122.09288,55.91085459,124.536675,103.3379146,87.4892193,0,5.611479286,0,1,0.2778383737,1,16.21198816,3.542603572,16.1154534
0.7,132.0724575,51.01732735,135.1813476,120.9024936,56.65297362,123.3259493,102.4935503,85.73775688,0,5.573128662,0,1,0.2912869841,1,16.22853759,3.73435669,16.13346906
0.75,131.5071612,51.48573649,134.6298482,119.7372965,57.3664445,122.1430757,101.6545304,84.03003609,0,5.535655931,0,1,0.3043054672,1,16.2446924,3.921720347,16.15108804
0.8,130.9432281,51.94342301,134.0806828,118.5967137,58.05218824,120.9873294,100.820684,82.36479025,0,5.499041009,0,1,0.3169131215,1,16.26045252,4.104794955,16.16831303
0.85,130.3806285,52.390632,133.5337973,117.480184,58.71109819,119.8580061,99.99184642,80.74079056,0,5.46326429,0,1,0.3291279826,1,16.27581783,4.283678552,16.18514661
0.9,129.8193339,52.82760278,132.9891389,116.3871597,59.34404083,118.7544214,99.16785906,79.15684504,0,5.428306628,0,1,0.3409669318,1,16.29078811,4.458466861,16.20159123
0.95,129.2593168,53.25456898,132.4466566,115.317106,59.95185654,117.6759097,98.34856893,77.61179748,0,5.394149331,0,1,0.352445793,1,16.30536306,4.629253343,16.21764922
1,128.7005504,53.67175874,131.9063004,114.2695012,60.53536039,116.6218244,97.53382868,76.10452642,0,5.360774151,0,1,0.36357942,1,16.31954232,4.796129246,16.23332279
1.05,128.1430093,54.07939478,131.368022,113.2438358,61.09534286,115.5915367,96.72349637,74.63394416,0,5.328163268,0,1,0.3743817746,1,16.33332546,4.959183662,16.24861404
1.1,127.5866689,54.47769456,130.831774,112.2396127,61.63257056,114.5844355,95.9174353,73.19899578,0,5.296299285,0,1,0.3848659982,1,16.34671197,5.118503574,16.26352495
1.15,127.0315055,54.86687039,130.2975108,111.2563464,62.14778695,113.5999267,95.11551379,71.79865823,0,5.265165218,0,1,0.3950444756,1,16.35970129,5.274173908,16.27805739
1.2,126.4774965,55.24712957,129.7651876,110.2935633,62.64171297,112.6374327,94.31760511,70.43193938,0,5.234744484,0,1,0.404928893,1,16.37229277,5.426277579,16.29221313
1.25,125.9246199,55.61867447,129.2347612,109.3508007,63.11504776,111.696392,93.52358723,69.09787714,0,5.205020892,0,1,0.4145302904,1,16.38448573,5.574895538,16.30599383
1.3,125.372855,55.98170267,128.7061894,108.4276074,63.56846923,110.7762588,92.73334275,67.79553861,0,5.175978636,0,1,0.42385911,1,16.39627942,5.720106818,16.31940105
1.35,124.8221817,56.33640707,128.1794313,107.5235424,64.00263475,109.8765022,91.94675869,66.5240192,0,5.147602284,0,1,0.432925239,1,16.40767302,5.861988579,16.33243626
1.4,124.2725807,56.682976,127.654447,106.6381757,64.41818169,108.9966062,91.16372635,65.28244182,0,5.11987677,0,1,0.4417380496,1,16.41866568,6.000616151,16.34510084
1.45,123.7240339,57.02159332,127.131198,105.7710871,64.81572804,108.136069,90.38414123,64.06995608,0,5.092787384,0,1,0.4503064352,1,16.42925649,6.136063078,16.35739605
1.5,123.1765236,57.35243852,126.6096467,104.9218667,65.19587299,107.2944027,89.60790283,62.88573753,0,5.066319768,0,1,0.4586388432,1,16.43944449,6.268401159,16.3693231
1.55,122.6300332,57.67568685,126.0897566,104.0901142,65.55919745,106.4711329,88.83491455,61.72898686,0,5.040459902,0,1,0.4667433055,1,16.44922867,6.39770049,16.38088307
1.6,122.0845468,57.99150938,125.5714923,103.2754386,65.9062646,105.665798,88.06508356,60.59892917,0,5.0151941,0,1,0.474627466,1,16.45860798,6.524029502,16.392077
1.65,121.5400492,58.30007313,125.0548195,102.4774586,66.23762042,104.8779495,87.29832069,59.49481327,0,4.990509,0,1,0.4822986059,1,16.46758133,6.647455002,16.40290581
1.7,120.996526,58.60154115,124.5397048,101.6958015,66.55379418,104.107151,86.53454028,58.41591097,0,4.966391558,0,1,0.489763667,1,16.4761476,6.768042208,16.41337037
1.75,120.4539636,58.8960726,124.0261159,100.9301037,66.85529894,103.352978,85.77366011,57.36151636,0,4.942829042,0,1,0.4970292737,1,16.4843056,6.885854789,16.42347146
1.8,119.9123491,59.18382287,123.5140214,100.1800101,67.14263202,102.6150178,85.01560127,56.33094522,0,4.91980902,0,1,0.5041017519,1,16.49205416,7.000954898,16.43320978
1.85,119.3716703,59.46494365,123.003391,99.44517387,67.41627548,101.8928689,84.26028804,55.32353429,0,4.897319358,0,1,0.5109871479,1,16.49939202,7.113403211,16.44258597
1.9,118.8319157,59.73958303,122.494195,98.7252566,67.67669654,101.1861407,83.5076478,54.33864069,0,4.875348208,0,1,0.5176912448,1,16.50631793,7.223258961,16.4516006
1.95,118.2930744,60.00788555,121.986405,98.0199277,67.92434807,100.4944535,82.75761094,53.37564131,0,4.853884006,0,1,0.5242195783,1,16.5128306,7.330579971,16.46025417
2,117.7551363,60.26999235,121.4799932,97.32886441,68.15966894,99.81743749,82.01011076,52.43393217,0,4.832915462,0,1,0.5305774511,1,16.5189287,7.435422688,16.46854711
2.05,117.218092,60.52604116,120.9749328,96.65175157,68.38308449,99.15473335,81.26508335,51.5129279,0,4.812431557,0,1,0.5367699459,1,16.52461091,7.537842214,16.4764798
2.1,116.6819325,60.77616646,120.4711979,95.98828143,68.59500691,98.50599129,80.52246756,50.61206111,0,4.792421533,0,1,0.5428019378,1,16.52987586,7.637892335,16.48405254
2.15,116.1466497,61.02049952,119.9687634,95.33815348,68.79583563,97.87087104,79.78220486,49.73078189,0,4.772874888,0,1,0.548678106,1,16.53472217,7.735625559,16.4912656
2.2,115.6122359,61.25916847,119.4676048,94.70107426,68.9859577,97.24904153,79.04423926,48.86855726,0,4.753781372,0,1,0.5544029443,1,16.53914844,7.831093138,16.49811916
2.25,115.0787027,61.49229839,118.9676988,94.07675719,69.16574814,96.64018062,78.30853032,48.02487066,0.005628636392,4.735130979,0,1,0.559980771,1,16.54315313,7.924345104,16.50461337
2.3,114.5473519,61.72001131,118.4690225,93.46492242,69.33557032,96.04397486,77.57594415,47.1992214,0.04813670632,4.716913945,0,1,0.565415737,1,16.54672658,8.015430275,16.51074834
2.35,114.0189709,61.94242629,117.9715539,92.86529663,69.49577631,95.46011923,76.84698714,46.39112423,0.09040718347,4.699120747,0,1,0.5707118331,1,16.54986609,8.104396264,16.51652409
2.4,113.4935431,62.15965954,117.4752717,92.27761293,69.64670716,94.88831692,76.1216031,45.60010883,0.1324414093,4.681742087,0,1,0.5758729018,1,16.55257531,8.191289565,16.52194063
2.45,112.971052,62.3718246,116.9801552,91.70161062,69.78869331,94.32827904,75.39973784,44.82571935,0.1742406961,4.664768882,0,1,0.5809026452,1,16.5548579,8.276155591,16.5269979
2.5,112.4514816,62.57903237,116.4861849,91.13703513,69.92205483,93.77972447,74.68133917,44.06751396,0.2158063282,4.648192261,0,1,0.5858046318,1,16.55671754,8.359038697,16.53169581
2.55,111.9348162,62.78139114,115.9933418,90.5836378,70.04710177,93.24237957,73.96635678,43.32506441,0.2571395629,4.632003558,0,1,0.5905823032,1,16.55815789,8.439982208,16.53603422
2.6,111.4210403,62.97900673,115.5016075,90.04117578,70.16413446,92.71597802,73.25474223,42.5979556,0.2982416315,4.616194312,0,1,0.5952389803,1,16.55918263,8.51902844,16.54001295
2.65,110.9101389,63.17198245,115.0109647,89.50941186,70.27344376,92.20026057,72.54644886,41.88578519,0.3391137404,4.600756254,0,1,0.5997778687,1,16.55979543,8.596218729,16.54363178
2.7,110.4020973,63.36041924,114.5213966,88.98811437,70.37531139,91.69497486,71.84143176,41.18816316,0.3797570719,4.585681311,0,1,0.6042020641,1,16.56,8.671593446,16.54689047
2.75,109.8969009,63.54441569,114.0328871,88.47705698,70.47001017,91.19987523,71.13964771,40.50471145,0.4201727853,4.570961595,0,1,0.6085145576,1,16.55980001,8.745192027,16.54978872
2.8,109.3945355,63.72406811,113.5454209,87.97601866,70.55780431,90.71472251,70.44105512,39.83506359,0.4603620179,4.556589401,0,1,0.6127182402,1,16.55919918,8.817052994,16.55232622
2.85,108.8949871,63.89947056,113.0589832,87.48478347,70.63894964,90.23928386,69.74561399,39.17886427,0.5003258855,4.542557206,0,1,0.6168159073,1,16.55820121,8.887213972,16.55450262
2.9,108.3982422,64.07071491,112.5735601,87.00314049,70.71369387,89.77333256,69.05328586,38.53576907,0.5400654839,4.528857657,0,1,0.6208102628,1,16.55680982,8.955711715,16.55631754
2.95,107.9042871,64.23789094,112.0891382,86.53088366,70.78227686,89.31664787,68.36403377,37.90544405,0.5795818891,4.515483575,0,1,0.6247039232,1,16.55502872,9.022582125,16.55777057
3,107.4131087,64.40108631,111.6057047,86.0678117,70.8449308,88.86901483,67.67782223,37.28756544,0.6188761586,4.502427945,0,1,0.6284994212,1,16.55286164,9.087860273,16.5588613
3.05,106.9246941,64.56038666,111.1232477,85.61372797,70.90188049,88.43022412,66.99461714,36.68181932,0.6579493321,4.489683917,0,1,0.6321992094,1,16.55031231,9.151580415,16.55958926
3.1,106.4390303,64.71587567,110.6417621,85.16844036,70.95334353,88.0000719,66.31439044,36.08790126,0.6968024321,4.477244797,0.003173882799,1,0.6358056634,1,16.54738449,9.213776017,16.55995399
3.15,105.9561049,64.86763505,110.1623425,84.73176118,70.99953057,87.57835963,65.637902,35.50551608,0.7354364649,4.465104046,0.04152744819,1,0.6393210851,1,16.5440819,9.274479769,16.55995543
3.2,105.4759055,65.01574466,109.6857786,84.30350708,71.04064548,87.16489395,64.9656945,34.93437752,0.7738524192,4.453255277,0.07965256087,1,0.6427477059,1,16.54040831,9.333723613,16.55959652
3.25,104.9984199,65.16028254,109.212049,83.8834989,71.07688556,86.75948652,64.29773108,34.37420792,0.8120512648,4.441692247,0.1175509299,1,0.6460876902,1,16.53636748,9.391538767,16.55888108
3.3,104.5236363,65.30132499,108.7411328,83.4715616,71.10844178,86.36195388,63.63397593,33.82473801,0.8500339531,4.430408851,0.155224229,1,0.6493431379,1,16.53196318,9.447955747,16.55781294
3.35,104.051543,65.43894656,108.2730094,83.06752414,71.1354989,85.97211733,62.97439426,33.28570657,0.8878014173,4.419399125,0.1926740979,1,0.6525160871,1,16.52719917,9.503004376,16.55639588
3.4,103.5821285,65.57322015,107.8076588,82.67121942,71.15823573,85.58980277,62.31895228,32.75686022,0.9253545738,4.408657238,0.2299021425,1,0.6556085161,1,16.52207925,9.556713808,16.55463369
3.45,103.1153817,65.70421698,107.3450614,82.28248415,71.17682525,85.21484056,61.66761716,32.23795313,0.9626943222,4.398177492,0.2669099366,1,0.6586223463,1,16.5166072,9.609112541,16.55253011
3.5,102.6512914,65.8320067,106.8851978,81.90115877,71.19143483,84.84706547,61.02035702,31.72874681,0.9998215467,4.387954314,0.3036990224,1,0.6615594436,1,16.51078682,9.660228431,16.55008888
3.55,102.1898468,65.9566574,106.4280492,81.52708734,71.20222637,84.48631646,60.37714084,31.22900982,1.036737116,4.377982258,0.3402709113,1,0.6644216209,1,16.50462191,9.710088709,16.54731374
3.6,101.7310372,66.07823562,105.9735971,81.16011752,71.20935647,84.13243663,59.7379385,30.7385176,1.073441884,4.368256001,0.376627085,1,0.6672106402,1,16.49811627,9.758719996,16.54420837
3.65,101.2748521,66.19680642,105.5218232,80.80010039,71.21297661,83.78527307,59.10272069,30.2570522,1.109936692,4.358770337,0.4127689963,1,0.6699282138,1,16.49127374,9.806148317,16.54077647
3.7,100.8212811,66.31243341,105.0727098,80.44689044,71.21323328,83.44467678,58.47145894,29.78440208,1.146222366,4.349520177,0.4486980694,1,0.6725760068,1,16.48409812,9.852399113,16.5370217
3.75,100.3703142,66.42517877,104.6262394,80.10034545,71.21026816,83.11050252,57.84412554,29.32036191,1.18229972,4.340500548,0.4844157016,1,0.6751556381,1,16.47659325,9.897497258,16.53294774
3.8,99.92194126,66.53510331,104.1823948,79.76032644,71.20421823,82.78260876,57.22069355,28.86473234,1.218169556,4.331706585,0.5199232633,1,0.6776686826,1,16.46876297,9.941467073,16.52855821
3.85,99.4761524,66.64226646,103.7411594,79.42669756,71.19521595,82.46085752,56.60113676,28.41731983,1.253832664,4.323133533,0.555222099,1,0.6801166724,1,16.4606111,9.984332333,16.52385674
3.9,99.0329379,66.74672635,103.3025165,79.09932604,71.18338936,82.1451143,55.98542968,27.97793646,1.289289824,4.314776742,0.5903135283,1,0.6825010983,1,16.45214152,10.02611629,16.51884695
3.95,98.59228815,66.8485398,102.86645,78.7780821,71.16886225,81.835248,55.37354747,27.54639974,1.324541804,4.306631666,0.6251988461,1,0.6848234113,1,16.44335805,10.06684167,16.51353244
4,98.15419368,66.9477624,102.4329441,78.46283891,71.15175426,81.53113079,54.76546599,27.1225324,1.359589362,4.298693858,0.659879324,1,0.6870850238,1,16.43426457,10.10653071,16.50791679
4.05,97.71864512,67.04444847,102.001983,78.15347246,71.13218104,81.23263805,54.16116173,26.70616229,1.394433247,4.290958972,0.6943562101,1,0.689287311,1,16.42486493,10.14520514,16.50200358
4.1,97.28563323,67.13865117,101.5735515,77.84986156,71.11025433,80.93964826,53.56061178,26.29712214,1.429074198,4.283422756,0.7286307305,1,0.6914316122,1,16.415163,10.18288622,16.49579636
4.15,96.85514887,67.23042246,101.1476345,77.55188772,71.08608212,80.65204293,52.96379386,25.89524945,1.463512947,4.276081054,0.7627040895,1,0.6935192316,1,16.40516265,10.21959473,16.48929868
4.2,96.42718302,67.31981315,100.7242172,77.25943513,71.05976875,80.36970652,52.37068626,25.50038631,1.497750215,4.268929798,0.7965774703,1,0.6955514398,1,16.39486776,10.25535101,16.48251409
4.25,96.00172674,67.40687295,100.3032852,76.97239055,71.031415,80.09252633,51.78126782,25.11237926,1.531786717,4.261965014,0.8302520355,1,0.6975294748,1,16.38428221,10.29017493,16.47544609
4.3,95.57877119,67.49165047,99.88482402,76.69064329,71.00111824,79.82039246,51.19551794,24.73107914,1.565623161,4.255182813,0.8637289281,1,0.6994545429,1,16.37340987,10.32408594,16.46809821
4.35,95.15830762,67.57419325,99.46881973,76.41408512,70.96897249,79.55319772,50.61341654,24.35634094,1.599260247,4.24857939,0.8970092716,1,0.7013278198,1,16.36225463,10.35710305,16.46047395
4.4,94.74032734,67.6545478,99.05525849,76.14261024,70.93506857,79.29083754,50.03494406,23.98802369,1.632698669,4.242151026,0.930094171,1,0.7031504515,1,16.35082037,10.38924487,16.45257678
4.45,94.32482178,67.7327596,98.64412671,75.87611518,70.89949417,79.03320991,49.46008142,23.62599031,1.665939114,4.235894082,0.9629847132,1,0.7049235555,1,16.33911099,10.42052959,16.4444102
4.5,93.9117824,67.80887316,98.23541103,75.61449879,70.86233395,78.78021533,48.88881003,23.27010749,1.698982265,4.229804997,0.9956819675,1,0.7066482213,1,16.32713037,10.45097502,16.43597767
4.55,93.50120074,67.88293201,97.8290983,75.35766216,70.82366962,78.53175671,48.32111176,22.92024555,1.731828797,4.223880289,1.028186986,1,0.7083255115,1,16.3148824,10.48059856,16.42728264
4.6,93.09306843,67.95497873,97.42517556,75.10550859,70.78358008,78.28773932,47.75696895,22.57627837,1.764479382,4.218116551,1.060500806,1,0.7099564625,1,16.30237097,10.50941724,16.41832855
4.65,92.68737712,68.02505498,97.02363007,74.85794348,70.74214145,78.04807073,47.19636435,22.2380832,1.796934687,4.212510451,1.092624445,1,0.711542085,1,16.28959998,10.53744774,16.40911885
4.7,92.28411854,68.09320152,96.62444928,74.61487437,70.69942719,77.81266074,46.63928117,21.90554064,1.829195374,4.207058729,1.124558908,1,0.7130833654,1,16.2765733,10.56470636,16.39965695
4.75,91.88328446,68.15945822,96.22762081,74.3762108,70.65550818,77.58142132,46.08570301,21.57853444,1.8612621,4.201758193,1.156305185,1,0.714581266,1,16.26329483,10.59120904,16.38994627
4.8,91.48486671,68.2238641,95.8331325,74.14186433,70.61045277,77.35426656,45.53561388,21.25695147,1.89313552,4.196605722,1.18786425,1,0.716036726,1,16.24976846,10.61697139,16.37999021
4.85,91.08885715,68.28645734,95.44097233,73.91174845,70.56432692,77.13111261,44.9889982,20.9406816,1.924816285,4.191598263,1.219237064,1,0.717450662,1,16.23599807,10.64200869,16.36979216
4.9,90.69524768,68.3472753,95.05112846,73.68577856,70.51719421,76.91187761,44.44584075,20.62961758,1.956305042,4.186732826,1.250424573,1,0.7188239688,1,16.22198753,10.66633587,16.3593555
4.95,90.30403025,68.40635455,94.66358923,73.46387192,70.46911596,76.69648166,43.90612669,20.32365498,1.987602437,4.182006486,1.281427712,1,0.7201575199,1,16.20774074,10.68996757,16.34868361
5,89.91519683,68.46373085,94.27834311,73.24594758,70.42015126,76.48484676,43.36984156,20.02269207,2.01870911,4.177416382,1.312247401,1,0.7214521682,1,16.19326156,10.71291809,16.33777983
5.05,89.52873942,68.51943923,93.89537875,73.03192638,70.37035708,76.27689675,42.83697125,19.72662976,2.049625703,4.172959712,1.34288455,1,0.7227087464,1,16.17855386,10.73520144,16.32664752
5.1,89.14465005,68.57351396,93.51468495,72.82173088,70.31978833,76.07255726,42.30750199,19.43537151,2.080352853,4.168633733,1.373340054,1,0.723928068,1,16.1636215,10.75683133,16.31529003
5.15,88.76292077,68.62598857,93.13625063,72.61528534,70.2684979,75.87175568,41.78142035,19.14882324,2.110891195,4.164435764,1.403614799,1,0.7251109274,1,16.14846836,10.77782118,16.30371067
5.2,88.38354366,68.67689591,92.76006489,72.41251565,70.21653674,75.67442111,41.25871327,18.86689326,2.141241364,4.160363177,1.433709659,1,0.7262581005,1,16.13309827,10.79818411,16.29191276
5.25,88.00651081,68.7262681,92.38611692,72.21334932,70.16395392,75.4804843,40.73936798,18.58949219,2.171403992,4.156413402,1.463625496,1,0.7273703453,1,16.11751509,10.81793299,16.27989961
5.3,87.63181432,68.77413662,92.01439607,72.01771544,70.1107967,75.28987761,40.22337205,18.3165329,2.201379711,4.152583921,1.493363164,1,0.7284484027,1,16.10172266,10.8370804,16.26767451
5.35,87.25944631,68.82053225,91.64489182,71.82554461,70.05711057,75.10253497,39.71071338,18.04793041,2.231169151,4.14887227,1.522923505,1,0.7294929963,1,16.0857248,10.85563865,16.25524075
5.4,86.88939891,68.86548515,91.27759375,71.63676896,70.00293931,74.91839186,39.20138017,17.78360186,2.260772943,4.145276038,1.55230735,1,0.7305048334,1,16.06952534,10.87361981,16.2426016
5.45,86.52166426,68.90902484,90.91249156,71.45132207,69.94832505,74.73738523,38.69536096,17.52346643,2.290191716,4.141792863,1.581515525,1,0.7314846054,1,16.0531281,10.89103568,16.22976033
5.5,86.15623448,68.95118022,90.54957509,71.26913894,69.89330833,74.5594535,38.19264456,17.26744527,2.319426098,4.138420432,1.610548843,1,0.732432988,1,16.03653688,10.90789784,16.21672017
5.55,85.79310173,68.99197962,90.18883426,71.090156,69.83792813,74.38453649,37.69322011,17.01546143,2.348476718,4.135156481,1.639408109,1,0.7333506419,1,16.01975546,10.9242176,16.20348438
5.6,85.43225814,69.03145073,89.83025911,70.91431101,69.78222195,74.2125754,37.19707707,16.76743984,2.377344205,4.131998792,1.668094121,1,0.7342382129,1,16.00278765,10.94000604,16.19005617
5.65,85.07369586,69.06962069,89.47383978,70.74154308,69.7262258,74.04351277,36.70420517,16.52330721,2.406029187,4.128945195,1.696607668,1,0.7350963324,1,15.9856372,10.95527403,16.17643877
5.7,84.71740703,69.1065161,89.11956651,70.57179263,69.66997434,73.87729246,36.21459448,16.28299201,2.434532294,4.125993562,1.724949529,1,0.735925618,1,15.96830788,10.97003219,16.16263537
5.75,84.36338377,69.14216298,88.76742964,70.40500135,69.61350082,73.71385957,35.72823536,16.04642438,2.462854155,4.123141812,1.753120479,1,0.7367266734,1,15.95080343,10.98429094,16.14864917
5.8,84.01161822,69.17658683,88.41741958,70.24111215,69.55683722,73.55316049,35.24511846,15.81353612,2.490995399,4.120387904,1.781121284,1,0.7375000894,1,15.9331276,10.99806048,16.13448334
5.85,83.66210248,69.20981261,88.06952685,70.08006919,69.50001423,73.39514276,34.76523476,15.58426061,2.518956658,4.117729841,1.808952702,1,0.7382464436,1,15.91528409,11.01135079,16.12014106
5.9,83.31482868,69.2418648,87.72374205,69.9218178,69.44306129,73.23975515,34.28857554,15.35853277,2.546738562,4.115165666,1.836615486,1,0.7389663013,1,15.89727663,11.02417167,16.10562547
5.95,82.96978889,69.27276736,87.38005587,69.76630446,69.38600669,73.08694754,33.81513239,15.13628904,2.574341745,4.112693461,1.864110381,1,0.7396602153,1,15.87910889,11.03653269,16.09093972
6,82.62697521,69.30254376,87.03845905,69.6134768,69.32887753,72.93667095,33.34489724,14.91746728,2.60176684,4.110311349,1.891438126,1,0.7403287266,1,15.86078456,11.04844326,16.07608693
6.05,82.28637969,69.33121702,86.69894243,69.46328354,69.27169982,72.78887746,32.8778623,14.70200679,2.629014481,4.108017489,1.918599456,1,0.7409723648,1,15.8423073,11.05991256,16.06107022
6.1,81.9479944,69.35880965,86.36149692,69.31567451,69.21449848,72.64352025,32.41402014,14.48984823,2.656085304,4.105810078,1.945595096,1,0.7415916478,1,15.82368074,11.07094961,16.04589269
6.15,81.61181137,69.38534375,86.0261135,69.17060057,69.15729741,72.50055351,31.95336366,14.28093357,2.682979947,4.10368735,1.97242577,1,0.7421870827,1,15.80490853,11.08156325,16.03055743
6.2,81.2778226,69.41084095,85.69278321,69.02801362,69.10011947,72.35993243,31.49588608,14.07520611,2.709699048,4.101647574,1.999092193,1,0.7427591657,1,15.78599426,11.09176213,16.01506751
6.25,80.94602011,69.43532245,85.36149716,68.88786658,69.04298656,72.22161321,31.04158099,13.87261036,2.736243248,4.099689054,2.025595078,1,0.7433083827,1,15.76694153,11.10155473,15.999426
6.3,80.61639586,69.45880903,85.03224652,68.75011333,68.98591966,72.08555298,30.59044233,13.67309208,2.762613188,4.097810128,2.051935129,1,0.7438352092,1,15.74775391,11.11094936,15.98363593
6.35,80.28894181,69.48132105,84.70502252,68.61470874,68.92893881,71.95170982,30.1424644,13.4765982,2.788809511,4.096009166,2.078113048,1,0.7443401108,1,15.72843495,11.11995417,15.96770034
6.4,79.9636499,69.50287848,84.37981646,68.48160862,68.87206317,71.82004272,29.6976419,13.28307679,2.814832864,4.094284572,2.104129534,1,0.7448235434,1,15.7089882,11.12857714,15.95162225
6.45,79.64051204,69.52350086,84.05661967,68.35076968,68.81531108,71.69051155,29.25596991,13.09247707,2.840683893,4.092634781,2.129985277,1,0.7452859533,1,15.68941715,11.13682609,15.93540465
6.5,79.31952012,69.54320738,83.73542355,68.22214955,68.75870002,71.56307704,28.81744391,12.9047493,2.866363247,4.09105826,2.155680966,1,0.7457277778,1,15.66972531,11.1447087,15.91905054
6.55,79.00066599,69.56201683,83.41621955,68.09570674,68.70224671,71.43770079,28.3820598,12.71984484,2.891871577,4.089553504,2.181217286,1,0.7461494451,1,15.64991615,11.15223248,15.90256289
6.6,78.6839415,69.57994765,83.09899916,67.9714006,68.64596706,71.3143452,27.94981394,12.53771603,2.917209536,4.088119038,2.206594917,1,0.7465513746,1,15.62999311,11.15940481,15.88594465
6.65,78.36933847,69.5970179,82.78375392,67.84919133,68.58987629,71.19297347,27.52070312,12.35831625,2.942377779,4.086753418,2.231814537,1,0.7469339773,1,15.60995962,11.16623291,15.86919876
6.7,78.05701897,69.61319672,82.47043484,67.72903996,68.53398886,71.07354959,27.09479675,12.18159983,2.967363339,4.085459113,2.256880063,0.9982907552,0.7472965667,1,15.56318331,11.17270444,15.85232595
6.75,77.75052813,69.62749481,82.158185,67.61090832,68.47831856,70.95603832,26.67358903,12.00752205,2.991882606,4.084315265,2.28186005,0.9916984013,0.7476169798,1,15.44058697,11.17842368,15.8352824
6.8,77.45114344,69.63958602,81.84668292,67.49475901,68.42287851,70.84040516,26.25759376,11.83603909,3.015833382,4.083347969,2.306780216,0.9852568146,0.7478879181,1,15.32083309,11.18326016,15.81805164
6.85,77.15868508,69.64956057,81.5359542,67.38055542,68.36768117,70.72661633,25.84670798,11.66710806,3.03923005,4.082550005,2.331638514,0.9789620479,0.748111413,1,15.20384975,11.18724998,15.80063581
6.9,76.8729779,69.65750557,81.22602395,67.26826166,68.31273841,70.61463876,25.44083443,11.50068691,3.062086624,4.081914404,2.356432934,0.9728102742,0.7482894243,1,15.08956688,11.19042798,15.78303713
6.95,76.59354857,69.66328473,80.91810407,67.15784261,68.25806145,70.50444008,25.04046638,11.33673444,3.084440971,4.081452072,2.381066525,0.9667912596,0.7484189039,0.995518063,14.97779515,11.19273964,15.69466738
7,76.31929282,69.6662941,80.61593279,67.04926383,68.20366097,70.39598859,24.6473424,11.17521029,3.106381431,4.081211322,2.405240227,0.9608811757,0.748486326,0.9889553644,14.86809285,11.19394339,15.57379887
7.05,76.05003507,69.66659775,80.31965926,66.9424916,68.14954707,70.28925325,24.26143077,11.01607489,3.127922051,4.08118703,2.428942109,0.955076197,0.748493129,0.9825197596,14.76038975,11.19406485,15.45528946
7.1,75.78567533,69.66430922,80.02914987,66.83749289,68.09572932,70.18420364,23.88256356,10.85928946,3.14907083,4.081370112,2.452182861,0.9493741366,0.7484418568,0.9762081994,14.65464585,11.19314944,15.3390857
7.15,75.52611575,69.65953831,79.7442744,66.73423533,68.04221675,70.08081002,23.51057772,10.70481597,3.169835596,4.081751785,2.474972898,0.943772865,0.7483349674,0.9700177275,14.55082202,11.19124107,15.22513551
7.2,75.27126062,69.6523912,79.46490599,66.63268721,67.98901791,69.9790432,23.14531493,10.55261715,3.190224007,4.082323554,2.497322371,0.9382703081,0.7481748354,0.9639454771,14.44887996,11.18838223,15.11338815
7.25,75.02101628,69.64297055,79.190921,66.53281745,67.93614084,69.87887463,22.78662147,10.40265644,3.210243554,4.083077206,2.51924117,0.9328644452,0.7479637549,0.9579886674,14.34878223,11.18461397,15.00379415
7.3,74.7752911,69.63137561,78.92219894,66.43459561,67.88359313,69.78027632,22.43434802,10.25489799,3.229901568,4.084004801,2.540738935,0.9275533071,0.7477039423,0.9521446004,14.25049216,11.179976,14.89630533
7.35,74.53399543,69.61770235,78.65862237,66.33799185,67.83138192,69.68322087,22.08834956,10.10930663,3.249205222,4.085098662,2.56182506,0.9223349746,0.7473975385,0.9464106579,14.15397389,11.17450669,14.7908747
7.4,74.29704155,69.60204352,78.40007684,66.24297695,67.77951389,69.58768141,21.74848519,9.965847879,3.268161533,4.086351368,2.582508703,0.9172075767,0.7470466118,0.9407842981,14.05919234,11.16824316,14.68745649
7.45,74.06434361,69.58448876,78.14645077,66.14952224,67.72799533,69.49363163,21.41461805,9.824487887,3.286777368,4.087755749,2.602798788,0.912169289,0.7466531601,0.9352630536,13.96611316,11.16122126,14.58600606
7.5,73.83581762,69.56512472,77.89763543,66.05759966,67.6768321,69.40104576,21.08661513,9.685193455,3.305059447,4.089304873,2.622704016,0.9072183325,0.746219113,0.9298445279,13.87470276,11.15347564,14.48647992
7.55,73.61138138,69.5440351,77.65352478,65.96718169,67.62602969,69.30989851,20.7643472,9.547932003,3.323014346,4.090992042,2.642232868,0.9023529718,0.7457463345,0.9245263932,13.78492827,11.14503979,14.38883566
7.6,73.39095447,69.5213008,77.41401547,65.87824136,67.57559321,69.22016513,20.44768862,9.412671558,3.340648499,4.092810786,2.661393612,0.8975715135,0.7452366245,0.919306388,13.69675751,11.13594607,14.29303194
7.65,73.17445817,69.49699997,77.17900674,65.79075224,67.52552738,69.13182135,20.13651731,9.279380737,3.357968203,4.094754852,2.680194311,0.8928723057,0.7446917216,0.9141823143,13.61015899,11.12622574,14.19902845
7.7,72.96181544,69.4712081,76.94840033,65.70468843,67.47583662,69.04484338,19.83071454,9.148028738,3.374979621,4.096818202,2.698642823,0.8882537358,0.7441133043,0.9091520361,13.5251019,11.11590899,14.10678588
7.75,72.75295091,69.44399809,76.72210045,65.62002452,67.42652499,68.9592079,19.53016489,9.018585322,3.391688784,4.098995003,2.716746814,0.8837142298,0.7435029936,0.9042134766,13.44155608,11.10502499,14.01626593
7.8,72.54779078,69.41544036,76.50001367,65.53673562,67.3775962,68.87489207,19.23475614,8.8910208,3.408101594,4.101279621,2.734513756,0.879252251,0.7428623545,0.8993646164,13.35949203,11.0936019,13.92743122
7.85,72.34626284,69.38560291,76.28204889,65.45479734,67.3290537,68.79187346,18.9443791,8.765306022,3.424223829,4.103666617,2.751950939,0.8748662989,0.7421928979,0.8946034916,13.27888085,11.08166691,13.84024531
7.9,72.14829642,69.35455137,76.06811727,65.37418574,67.28090061,68.71013012,18.65892761,8.641412364,3.440061143,4.10615074,2.769065468,0.8705549078,0.7414960821,0.8899281917,13.19969429,11.0692463,13.75467266
7.95,71.95382233,69.32234911,75.85813215,65.29487739,67.23313977,68.62964049,18.37829835,8.519311715,3.45561907,4.108726921,2.785864278,0.8663166462,0.7407733151,0.885336858,13.12190465,11.0563654,13.67067861
8,71.76277286,69.28905731,75.65200901,65.21684927,67.18577374,68.55038347,18.10239082,8.398976463,3.470903027,4.111390265,2.802354129,0.8621501156,0.7400259557,0.8808276815,13.04548486,11.04304867,13.58822935
8.05,71.57508173,69.254735,75.44966539,65.14007886,67.13880481,68.47233833,17.83110719,8.28037949,3.485918318,4.11413605,2.818541619,0.8580539494,0.7392553152,0.8763989017,12.97040841,11.02931975,13.50729191
8.1,71.39068406,69.21943914,75.25102088,65.06454404,67.09223502,68.39548477,17.56435226,8.163494155,3.500670132,4.116959719,2.83443318,0.8540268122,0.7384626589,0.8720488047,12.89664934,11.01520141,13.4278341
8.15,71.20951633,69.18322469,75.05599701,64.99022314,67.04606617,68.31980287,17.30203337,8.048294285,3.51516355,4.119856875,2.850035089,0.8500673987,0.7376492077,0.8677757218,12.82418225,11.00071563,13.34982455
8.2,71.03151636,69.14614466,74.86451724,64.91709491,67.00029982,68.24527308,17.04406028,7.934754166,3.529403548,4.122823277,2.865353471,0.8461744329,0.7368161393,0.8635780279,12.75298226,10.98588361,13.27323265
8.25,70.85662329,69.10825018,74.67650687,64.84513852,66.95493729,68.17187624,16.79034515,7.82284853,3.543394993,4.125854836,2.8803943,0.8423466674,0.7359645898,0.8594541404,12.68302504,10.97072582,13.1980285
8.3,70.68477753,69.06959055,74.49189303,64.77433351,66.9099797,68.09959355,16.54080241,7.712552548,3.557142654,4.128947606,2.895163407,0.8385828824,0.7350956549,0.8554025173,12.61428673,10.95526197,13.12418296
8.35,70.51592074,69.03021333,74.31060461,64.70465986,66.86542795,68.02840657,16.29534872,7.603841819,3.570651197,4.132097783,2.909666481,0.834881885,0.7342103913,0.8514216565,12.54674401,10.93951108,13.05166759
8.4,70.34999579,68.99016434,74.1325722,64.6360979,66.82128274,67.9582972,16.0539029,7.496692362,3.583925193,4.135301703,2.923909074,0.8312425085,0.7333098177,0.8475100939,12.48037403,10.92349149,12.98045463
8.45,70.18694677,68.94948775,73.95772807,64.56862836,66.77754459,67.8892477,15.81638583,7.391080603,3.596969115,4.13855583,2.937896604,0.8276636115,0.7323949165,0.843666403,12.41515442,10.90722085,12.91051698
8.5,70.02671891,68.90822613,73.78600613,64.50223233,66.73421381,67.82124064,15.58272045,7.286983371,3.609787344,4.14185676,2.95163436,0.8241440777,0.7314666344,0.8398891928,12.35106328,10.8907162,12.8418282
8.55,69.86925859,68.86642048,73.61734183,64.43689127,66.69129057,67.75425893,15.3528316,7.184377888,3.622384169,4.145201211,2.965127504,0.8206828144,0.7305258839,0.8361771076,12.28807916,10.87399394,12.77436248
8.6,69.71451333,68.82411032,73.45167221,64.37258697,66.64877483,67.6882858,15.12664606,7.083241761,3.63476379,4.148586025,2.978381074,0.8172787528,0.7295735443,0.8325288253,12.22618105,10.85706988,12.70809463
8.65,69.5624317,68.78133367,73.28893577,64.30930161,66.60666642,67.62330479,14.90409242,6.98355297,3.64693032,4.152008156,2.991399989,0.8139308465,0.7286104626,0.8289430566,12.1653484,10.83995922,12.64300006
8.7,69.41296337,68.73812718,73.12907249,64.24701767,66.564965,67.55929975,14.68510104,6.885289866,3.658887787,4.155464676,3.004189051,0.8106380717,0.7276374548,0.825418544,12.10556106,10.82267662,12.57905474
8.75,69.26605902,68.6945261,72.97202376,64.18571798,66.52367007,67.49625481,14.46960403,6.78843116,3.670640135,4.158952762,3.016752949,0.8073994259,0.7266553069,0.8219540608,12.04679933,10.80523619,12.51623525
8.8,69.12167039,68.65056439,72.81773235,64.12538569,66.48278102,67.43415441,14.25753515,6.692955917,3.682191225,4.162469699,3.029096262,0.8042139277,0.7256647757,0.81854841,11.98904387,10.7876515,12.45451869
8.85,68.97975018,68.60627468,72.6661424,64.06600428,66.44229707,67.37298329,14.04882977,6.598843548,3.693544842,4.166012875,3.041223458,0.8010806165,0.7246665897,0.8152004239,11.93227579,10.76993562,12.39388271
8.9,68.84025209,68.56168841,72.51719933,64.00755754,66.40221733,67.31272643,13.84342485,6.506073803,3.704704689,4.169579777,3.053138904,0.7979985513,0.72366145,0.8119089627,11.87647655,10.75210111,12.33430548
8.95,68.70313075,68.51683578,72.37084985,63.95002954,66.36254079,67.25336912,13.64125885,6.414626763,3.715674396,4.173167988,3.064846862,0.7949668109,0.7226500315,0.8086729142,11.82162802,10.73416006,12.27576569
9,68.56834175,68.47174583,72.22704191,63.89340468,66.32326629,67.1948969,13.44227171,6.324482836,3.726457516,4.176775183,3.076351497,0.7919844929,0.7216329834,0.8054911925,11.76771242,10.71612408,12.21824252
9.05,68.43584157,68.4264465,72.08572469,63.83766765,66.2843926,67.13729557,13.2464048,6.23562275,3.737057531,4.18039913,3.087656875,0.7890507135,0.72061093,0.8023627375,11.71471235,10.69800435,12.16171563
9.1,68.30558759,68.38096462,71.94684852,63.7828034,66.24591835,67.08055121,13.05360087,6.148027544,3.74747785,4.18403768,3.098766968,0.7861646071,0.7195844718,0.7992865141,11.66261075,10.6798116,12.10616516
9.15,68.17753805,68.33532596,71.8103649,63.72879719,66.20784209,67.02465012,12.86380404,6.061678564,3.757721813,4.187688773,3.109685658,0.7833253253,0.7185541862,0.7962615115,11.61139094,10.66155613,12.05157171
9.2,68.05165205,68.28955528,71.67622643,63.67563454,66.17016225,66.96957887,12.6769597,5.976557458,3.767792692,4.191350427,3.120416736,0.7805320373,0.717520628,0.7932867425,11.56103654,10.64324786,11.99791632
9.25,67.92788954,68.24367636,71.54438681,63.62330124,66.13287718,66.91532425,12.49301452,5.892646168,3.777693693,4.195020742,3.130963905,0.7777839289,0.7164843303,0.7903612429,11.51153153,10.62489629,11.94518047
9.3,67.80621125,68.19771199,71.4148008,63.57178336,66.09598514,66.86187332,12.31191639,5.809926926,3.787427956,4.19869789,3.141330786,0.7750802021,0.7154458052,0.7874840706,11.46286022,10.60651055,11.89334607
9.35,67.68657874,68.15168409,71.2874242,63.52106721,66.05948431,66.80921332,12.13361442,5.728382245,3.796998557,4.202380123,3.151520914,0.7724200752,0.7144055445,0.7846543053,11.41500722,10.58809938,11.84239543
9.4,67.56895434,68.10561362,71.16221382,63.47113935,66.02337279,66.75733177,11.95805883,5.64799492,3.806408509,4.20606576,3.161537745,0.7698027819,0.7133640202,0.7818710478,11.36795745,10.5696712,11.79231128
9.45,67.45330112,68.05952074,71.03912742,63.42198661,65.98764859,66.70621637,11.78520101,5.568748017,3.815660767,4.209753191,3.171384656,0.7672275709,0.7123216854,0.7791334194,11.32169617,10.55123404,11.74307672
9.5,67.33958293,68.01342471,70.91812376,63.37359604,65.95230967,66.65585506,11.6149934,5.490624869,3.824758222,4.213440873,3.18106495,0.7646937062,0.7112789747,0.776440561,11.27620889,10.53279564,11.69467525
9.55,67.22776434,67.96734404,70.7991625,63.32595493,65.9173539,66.60623598,11.44738953,5.413609073,3.833703709,4.217127327,3.19058185,0.762200466,0.710236305,0.7737916334,11.23148145,10.51436336,11.64709075
9.6,67.11781061,67.92129641,70.68220421,63.27905083,65.8827791,66.55734749,11.28234394,5.337684485,3.842500008,4.220811137,3.199938513,0.7597471426,0.7091940759,0.7711858157,11.18749996,10.49594431,11.60030744
9.65,67.00968772,67.87529877,70.56721037,63.23287148,65.84858303,66.50917815,11.11981218,5.262835212,3.851149839,4.224490948,3.20913802,0.7573330424,0.7081526704,0.7686223055,11.14425081,10.47754526,11.5543099
9.7,66.90336234,67.82936733,70.45414329,63.18740486,65.8147634,66.46171671,10.95975075,5.18904561,3.859655869,4.228165464,3.218183387,0.7549574852,0.7071124552,0.7661003184,11.10172065,10.45917268,11.50908307
9.75,66.79880178,67.78351759,70.34296615,63.14263919,65.78131784,66.41495212,10.80211712,5.116300281,3.868020714,4.231833443,3.227077558,0.752619804,0.7060737815,0.7636190873,11.05989643,10.44083279,11.46461221
9.8,66.69597404,67.73776438,70.23364292,63.09856287,65.74824395,66.36887353,10.64686966,5.044584064,3.876246934,4.2354937,3.235823417,0.7503193446,0.7050369855,0.7611778619,11.01876533,10.4225315,11.42088292
9.85,66.59484772,67.69212183,70.12613838,63.05516453,65.71553928,66.32347027,10.49396763,4.973882033,3.884337039,4.239145103,3.24442378,0.7480554657,0.7040023887,0.7587759084,10.9783148,10.40427448,11.3778811
9.9,66.49539207,67.64660348,70.0204181,63.012433,65.68320133,66.27873186,10.34337117,4.904179496,3.892293491,4.242786571,3.252881402,0.745827538,0.7029702987,0.756412509,10.93853255,10.38606714,11.33559299
9.95,66.39757695,67.60122223,69.91644839,62.97035732,65.65122757,66.23464799,10.19504124,4.835461985,3.9001187,4.246417072,3.261198978,0.7436349446,0.7019410091,0.7540869615,10.8994065,10.36791464,11.29400511
10,66.30137281,67.55599037,69.81419632,62.92892671,65.61961542,66.19120854,10.04893964,4.767715255,3.907815031,4.250035621,3.269379144,0.7414770802,0.7009148007,0.7517985789,10.86092484,10.3498219,11.25310428
10.05,66.2067507,67.51091963,69.71362965,62.8881306,65.58836227,66.14840356,9.90502896,4.700925281,3.9153848,4.253641279,3.277424478,0.7393533509,0.6998919413,0.749546689,10.823076,10.3317936,11.21287761
10.1,66.11368222,67.46602119,69.61471688,62.84795861,65.55746547,66.10622325,9.763272556,4.635078252,3.922830278,4.257233155,3.2853375,0.7372631744,0.6988726865,0.7473306339,10.78584861,10.31383423,11.1733125
10.15,66.02213956,67.42130567,69.51742716,62.80840054,65.52692235,66.06465801,9.623634548,4.570160568,3.930153692,4.260810397,3.293120677,0.7352059791,0.6978572801,0.7451497699,10.74923154,10.29594802,11.13439661
10.2,65.93209542,67.37678318,69.42173033,62.76944636,65.4967302,66.02369837,9.486079787,4.506158839,3.937357222,4.264372195,3.300776423,0.7331812045,0.6968459541,0.7430034669,10.71321389,10.27813902,11.09611788
10.25,65.84352308,67.33246334,69.32759688,62.73108626,65.46688628,65.98333505,9.350573837,4.443059874,3.94444301,4.267917783,3.308307099,0.7311883004,0.6958389297,0.7408911082,10.67778495,10.26041109,11.0584645
10.3,65.75639632,67.28835526,69.23499794,62.69331055,65.43738785,65.94355891,9.21708296,4.380850688,3.951413151,4.271446429,3.315715015,0.7292267271,0.694836417,0.73881209,10.64293425,10.24276785,11.02142493
10.35,65.67068943,67.24446761,69.14390524,62.65610976,65.40823212,65.90436096,9.085574091,4.319518488,3.958269702,4.274957441,3.323002431,0.7272959548,0.693838616,0.7367658212,10.60865149,10.22521279,10.98498784
10.4,65.58637722,67.20080858,69.05429113,62.61947455,65.3794163,65.86573237,8.956014829,4.259050677,3.965014678,4.278450164,3.33017156,0.7253954639,0.6928457166,0.734751723,10.57492661,10.20774918,10.9491422
10.45,65.50343499,67.15738595,68.96612854,62.58339579,65.35093757,65.82766446,8.82837341,4.199434848,3.971650057,4.281923974,3.337224567,0.7235247442,0.691857899,0.7327692287,10.54174971,10.19038013,10.91387717
10.5,65.4218385,67.11420707,68.87939099,62.54786446,65.3227931,65.79014869,8.7026187,4.140658781,3.978177777,4.285378284,3.344163571,0.7216832951,0.6908753341,0.7308177834,10.50911112,10.17310858,10.87918215
10.55,65.341564,67.07127888,68.79405255,62.51287174,65.29498004,65.75317665,8.578720171,4.082710439,3.984599736,4.28881254,3.350990646,0.7198706251,0.6898981838,0.7288968434,10.47700132,10.1559373,10.84504677
10.6,65.26258821,67.02860792,68.71008785,62.47840894,65.26749554,65.7167401,8.456647892,4.025577967,3.9909178,4.292226216,3.357707822,0.7180862521,0.688926601,0.7270058765,10.445411,10.13886892,10.81146089
10.65,65.18488828,66.98620037,68.62747202,62.44446755,65.24033671,65.68083092,8.33637251,3.969249686,3.997133794,4.29561882,3.364317088,0.7163297025,0.6879607305,0.7251443612,10.41433103,10.1219059,10.77841456
10.7,65.10844182,66.94406205,68.54618076,62.41103917,65.21350069,65.6454411,8.217865236,3.913714093,4.003249511,4.298989886,3.370820389,0.7146005118,0.6870007088,0.7233117866,10.38375245,10.10505057,10.74589806
10.75,65.03322686,66.90219839,68.46619025,62.37811558,65.18698459,65.61056281,8.101097831,3.858959856,4.009266707,4.302338979,3.37721963,0.7128982238,0.6860466645,0.7215076523,10.35366646,10.08830511,10.71390185
10.8,64.95922187,66.86061453,68.38747717,62.34568869,65.16078552,65.57618832,7.986042595,3.804975814,4.015187107,4.305665688,3.383516677,0.7112223905,0.6850987188,0.7197314679,10.32406446,10.07167156,10.68241662
10.85,64.8864057,66.81931525,68.31001867,62.31375056,65.13490057,65.54231002,7.872672348,3.751750968,4.0210124,4.30896963,3.389713356,0.7095725724,0.6841569855,0.7179827528,10.294938,10.05515185,10.65143322
10.9,64.81475766,66.77830503,68.23379241,62.28229337,65.10932684,65.50892044,7.760960423,3.699274486,4.026744244,4.312250447,3.395811457,0.7079483378,0.6832215714,0.7162610363,10.26627878,10.03874776,10.62094271
10.95,64.7442574,66.73758805,68.15877648,62.25130946,65.08406144,65.47601224,7.650880651,3.647535696,4.032384264,4.315507806,3.401812731,0.7063492628,0.6822925763,0.7145658569,10.23807868,10.02246097,10.59093634
11,64.674885,66.69716817,68.08494944,62.22079129,65.05910145,65.44357817,7.542407349,3.596524083,4.037934056,4.318741396,3.407718895,0.7047749313,0.6813700937,0.7128967622,10.21032972,10.00629302,10.56140552
11.05,64.60662091,66.65704901,68.01229026,62.19073144,65.03444398,65.41161113,7.435515308,3.546229289,4.043395184,4.321950929,3.413531629,0.7032249347,0.6804542107,0.7112533091,10.18302408,9.990245355,10.53234185
11.1,64.53944594,66.61723389,67.94077838,62.16112265,65.01008612,65.38010412,7.330179784,3.496641108,4.048769181,4.325136139,3.41925258,0.7016988718,0.6795450082,0.7096350629,10.15615409,9.974319307,10.5037371
11.15,64.47334128,66.57772588,67.87039363,62.13195774,64.98602497,65.34905025,7.226376483,3.447749484,4.054057554,4.32829678,3.42488336,0.7001963485,0.6786425612,0.7080415976,10.12971223,9.9585161,10.4755832
11.2,64.40828847,66.53852778,67.80111625,62.1032297,64.96225763,65.31844274,7.124081556,3.399544511,4.059261779,4.331432628,3.43042555,0.6987169778,0.6777469391,0.7064724957,10.10369111,9.942836862,10.44787225
11.25,64.34426941,66.49964218,67.73292691,62.0749316,64.93878122,65.28827494,7.023271583,3.352016428,4.064383304,4.334543476,3.435880697,0.6972603799,0.676858206,0.7049273475,10.07808348,9.927282622,10.42059652
11.3,64.28126632,66.46107141,67.66580664,62.04705667,64.91559284,65.25854027,6.923923566,3.305155615,4.069423551,4.337629137,3.441250319,0.6958261814,0.6759764203,0.7034057516,10.05288225,9.911854315,10.39374841
11.35,64.21926179,66.4228176,67.59973685,62.01959821,64.89268962,65.2292323,6.826014918,3.258952597,4.074383913,4.340689442,3.446535902,0.6944140157,0.6751016359,0.7019073142,10.02808043,9.896552789,10.36732049
11.4,64.1582387,66.38488264,67.53469934,61.99254967,64.87006868,65.20034468,6.729523456,3.213398035,4.07926576,4.343724239,3.451738903,0.693023523,0.6742339015,0.7004316489,10.0036712,9.881378805,10.34130549
11.45,64.09818028,66.34726823,67.47067626,61.96590461,64.84772716,65.17187114,6.634427388,3.168482728,4.084070434,4.346733392,3.456860749,0.6916543494,0.673373261,0.6989783772,9.979647831,9.866333042,10.31569626
11.5,64.03907007,66.30997587,67.40765013,61.93965667,64.82566221,65.14380555,6.54070531,3.124197609,4.088799251,4.349716781,3.46190284,0.6903061477,0.672519754,0.6975471275,9.956003747,9.851416096,10.2904858
11.55,63.98089192,66.27300685,67.3456038,61.91379962,64.80387098,65.11614186,6.448336191,3.080533744,4.093453503,4.352674302,3.466866546,0.6889785766,0.6716734156,0.6961375354,9.932732484,9.83662849,10.26566727
11.6,63.92362996,66.23636231,67.28452047,61.88832735,64.78235063,65.08887411,6.357299368,3.037482328,4.09803446,4.355605866,3.471753213,0.687671301,0.6708342769,0.6947492434,9.9098277,9.821970672,10.24123394
11.65,63.86726864,66.20004317,67.22438366,61.86323382,64.76109834,65.06199645,6.267574538,2.995034685,4.102543365,4.358511396,3.476564157,0.6863839916,0.6700023647,0.693381901,9.887283174,9.80744302,10.21717921
11.7,63.8117927,66.16405023,67.16517723,61.83851311,64.74011131,65.0355031,6.179141749,2.953182267,4.106981441,4.361390831,3.481300671,0.6851163249,0.669177702,0.6920351639,9.865092797,9.793045843,10.19349664
11.75,63.75718715,66.12838409,67.10688535,61.81415941,64.71938672,65.00938839,6.091981393,2.911916646,4.111349884,4.364244123,3.485964022,0.6838679832,0.6683603084,0.6907086945,9.843250579,9.778779387,10.17017989
11.8,63.70343729,66.09304521,67.0494925,61.79016698,64.6989218,64.98364673,6.006074198,2.871229522,4.115649873,4.367071233,3.49055545,0.6826386541,0.6675501994,0.6894021617,9.821750635,9.764643834,10.14722275
11.85,63.65052869,66.0580339,66.99298344,61.76653021,64.67871376,64.95827263,5.921401223,2.831112709,4.119882561,4.369872138,3.495076175,0.6814280309,0.6667473875,0.6881152402,9.800587195,9.750639308,10.12461913
11.9,63.59844719,66.02335031,66.93734326,61.74324356,64.65875987,64.93326067,5.837943847,2.791558146,4.124049082,4.372646825,3.499527389,0.6802358123,0.6659518817,0.6868476111,9.779754592,9.736765874,10.10236306
11.95,63.54717887,65.98899448,66.88255733,61.72030158,64.63905736,64.90860553,5.755683765,2.752557884,4.128150547,4.375395292,3.503910264,0.679061702,0.6651636879,0.6855989613,9.759247265,9.723023541,10.08044868
12,63.49671009,65.9549663,66.82861127,61.69769894,64.61960351,64.88430196,5.674602981,2.714104091,4.132188049,4.378117546,3.508225948,0.6779054091,0.6643828088,0.6843689834,9.739059755,9.709412269,10.05887026
12.05,63.44702746,65.92126554,66.77549102,61.67543036,64.60039562,64.8603448,5.594683803,2.676189048,4.136162659,4.380813607,3.512475569,0.6767666476,0.6636092443,0.6831573757,9.719186704,9.695931964,10.03762216
12.1,63.39811784,65.88789184,66.72318276,61.65349069,64.58143097,64.83672897,5.515908832,2.638805148,4.14007543,4.383483503,3.516660229,0.6756451366,0.6628429916,0.6819638422,9.699622852,9.682582484,10.01669885
12.15,63.34996829,65.85484473,66.67167295,61.63187482,64.5627069,64.81344947,5.438260961,2.601944891,4.143927393,4.386127271,3.520781014,0.6745405999,0.6620840449,0.6807880921,9.680363036,9.669363644,9.996094931
12.2,63.30256617,65.82212365,66.62094831,61.61057776,64.54422073,64.79050137,5.361723366,2.56560089,4.147719563,4.388744958,3.524838985,0.6734527662,0.6613323962,0.6796298401,9.661402187,9.65627521,9.975805073
12.25,63.25589902,65.7897279,66.57099578,61.5895946,64.52596983,64.76787982,5.286279503,2.529765859,4.151452934,4.391336618,3.528835187,0.6723813687,0.6605880349,0.678488806,9.642735328,9.643316909,9.955824063
12.3,63.20995464,65.7576567,66.52180259,61.56892049,64.50795156,64.74558005,5.211913099,2.494432621,4.155128485,4.393902314,3.532770643,0.6713261455,0.6598509479,0.6773647145,9.624357573,9.630488428,9.936146787
12.35,63.16472102,65.72590916,66.47335618,61.54855067,64.49016331,64.72359736,5.138608146,2.459594101,4.158747175,4.396442117,3.536646355,0.6702868389,0.65912112,0.6762572955,9.606264125,9.617789416,9.916768224
12.4,63.12018639,65.69448433,66.42564425,61.52848047,64.47260249,64.70192713,5.066348902,2.425243323,4.162309945,4.398956104,3.54046331,0.6692631958,0.6583985339,0.6751662838,9.588450274,9.605219482,9.897683448
12.45,63.0763392,65.66338113,66.37865469,61.50870529,64.45526653,64.68056479,4.99511988,2.391373416,4.165817721,4.40144436,3.544222475,0.6682549673,0.65768317,0.6740914187,9.570911397,9.592778201,9.878887627
12.5,63.03316808,65.63259842,66.33237567,61.48922059,64.43815286,64.65950587,4.924905843,2.357977604,4.16927141,4.403906976,3.547924797,0.667261909,0.656975007,0.6730324444,9.553642951,9.580465118,9.860376017
12.55,62.9906619,65.60213498,66.28679554,61.47002193,64.42125896,64.63874594,4.855691803,2.325049208,4.172671904,4.406344052,3.551571207,0.6662837803,0.6562740214,0.6719891096,9.536640478,9.568279741,9.842143965
12.6,62.9488097,65.5719895,66.24190288,61.45110493,64.40458231,64.61828065,4.787463013,2.292581648,4.17602008,4.40875569,3.55516262,0.665320345,0.6555801882,0.6709611674,9.5198996,9.556221551,9.824186901
12.65,62.90760075,65.54216062,66.19768648,61.43246529,64.3881204,64.59810573,4.720204962,2.260568435,4.179316797,4.411142,3.558699932,0.6643713708,0.6548934806,0.6699483753,9.503416016,9.544289999,9.806500341
12.7,62.86702447,65.5126469,66.15413534,61.41409875,64.37187076,64.57821696,4.653903374,2.229003174,4.182562899,4.413503098,3.562184023,0.6634366295,0.6542138701,0.6689504952,9.487185505,9.53248451,9.789079885
12.75,62.8270705,65.48344683,66.11123866,61.39600116,64.35583092,64.55861018,4.588544197,2.197879562,4.185759216,4.415839104,3.565615758,0.6625158965,0.6535413266,0.667967293,9.471203919,9.520804481,9.771921212
12.8,62.78772867,65.45455884,66.06898583,61.37816842,64.33999846,64.5392813,4.524113608,2.167191384,4.188906563,4.418150143,3.568995984,0.6616089511,0.6528758186,0.6669985389,9.455467185,9.509249286,9.755020081
12.85,62.74898896,65.42598131,66.02736645,61.36059649,64.32437095,64.5202263,4.460598,2.136932517,4.19200574,4.420436345,3.572325534,0.6607155766,0.6522173133,0.6660440069,9.439971302,9.497818275,9.738372328
12.9,62.71084156,65.39771256,65.98637029,61.3432814,64.30894599,64.50144121,4.397983981,2.107096922,4.195057531,4.422697845,3.575605227,0.6598355595,0.6515657765,0.6651034751,9.424712343,9.486510775,9.721973865
12.95,62.67327683,65.36975086,65.94598732,61.32621926,64.2937212,64.48292213,4.336258374,2.077678649,4.19806271,4.424934781,3.578835864,0.6589686902,0.6509211725,0.6641767255,9.409686448,9.475326095,9.705820679
13,62.63628527,65.34209443,65.90620769,61.30940622,64.27869422,64.4646652,4.275408205,2.048671831,4.201022035,4.427147296,3.582018235,0.6581147626,0.6502834646,0.6632635437,9.394889827,9.46426352,9.689908827
13.05,62.5998576,65.31474142,65.86702173,61.2928385,64.26386271,64.44666664,4.215420708,2.020070685,4.203936249,4.429335536,3.585153112,0.657273574,0.6496526151,0.6623637193,9.380318756,9.453322319,9.674234442
13.1,62.56398465,65.28768998,65.82841993,61.27651238,64.24922437,64.42892272,4.156283314,1.991869511,4.206806084,4.431499651,3.588241256,0.6564449251,0.6490285848,0.6614770452,9.365969578,9.442501743,9.658793722
13.15,62.52865746,65.26093819,65.79039296,61.26042422,64.23477688,64.41142977,4.097983651,1.964062689,4.20963226,4.433639795,3.591283413,0.65562862,0.6484113339,0.660603318,9.3518387,9.431801026,9.643582935
13.2,62.49386719,65.23448409,65.75293167,61.2445704,64.22051797,64.39418416,4.040509541,1.936644681,4.212415481,4.435756123,3.594280317,0.654824466,0.6478008214,0.6597423379,9.337922593,9.421219387,9.628598417
13.25,62.45960518,65.2083257,65.71602705,61.2289474,64.20644539,64.37718232,3.983848992,1.909610026,4.215156442,4.437848794,3.597232686,0.6540322736,0.6471970055,0.6588939084,9.324217788,9.410756029,9.613836568
13.3,62.42586291,65.18246099,65.67967026,61.21355171,64.19255691,64.36042075,3.927990201,1.88295334,4.217855824,4.439917971,3.60014123,0.6532518567,0.6465998434,0.6580578364,9.31072088,9.400410144,9.599293852
13.35,62.39263201,65.1568879,65.64385261,61.19837993,64.17885029,64.34389599,3.872921546,1.856669317,4.220514296,4.441963818,3.603006641,0.6524830319,0.6460092916,0.6572339319,9.297428521,9.390180909,9.584966795
13.4,62.35990426,65.13160435,65.60856559,61.18342867,64.16532336,64.32760463,3.818631583,1.830752727,4.223132515,4.443986502,3.605829603,0.6517256191,0.645425306,0.6564220083,9.284337423,9.380067491,9.570851986
13.45,62.32767159,65.10660824,65.57380081,61.16869461,64.15197394,64.31154331,3.765109047,1.805198411,4.225711129,4.445986191,3.608610785,0.6509794412,0.6448478415,0.6556218821,9.271444355,9.370069044,9.556946073
13.5,62.29592606,65.08189741,65.53955003,61.15417449,64.13879987,64.29570873,3.712342844,1.780001287,4.228250772,4.447963057,3.611350847,0.6502443239,0.6442768526,0.6548333731,9.258746141,9.360184713,9.543245763
13.55,62.26465986,65.05746971,65.50580518,61.13986509,64.12579903,64.28009764,3.660322049,1.755156343,4.230752067,4.449917273,3.614050436,0.6495200959,0.6437122929,0.6540563037,9.246239663,9.350413633,9.529747822
13.6,62.23386534,65.03332295,65.4725583,61.12576325,64.11296929,64.26470682,3.609035907,1.730658637,4.233215629,4.451849014,3.616710186,0.6488065887,0.6431541156,0.6532904997,9.233921856,9.34075493,9.516449071
13.65,62.20353497,65.00945493,65.4398016,61.11186586,64.10030858,64.24953311,3.558473824,1.706503301,4.235642059,4.453758455,3.619330722,0.6481036366,0.6426022734,0.6525357895,9.221789707,9.331207723,9.503346388
13.7,62.17366134,64.98586343,65.40752739,61.09816985,64.08781483,64.2345734,3.508625369,1.682685531,4.238031949,4.455645776,3.621912659,0.6474110765,0.6420567185,0.6517920046,9.209840256,9.321771122,9.490436705
13.75,62.14423719,64.96254621,65.37572814,61.08467221,64.07548597,64.21982462,3.459480269,1.659200595,4.240385881,4.457511154,3.624456599,0.6467287482,0.6415174025,0.6510589793,9.198070594,9.312444232,9.477717005
13.8,62.11525536,64.939501,65.34439644,61.07136997,64.06331999,64.20528376,3.411028405,1.636043826,4.242704428,4.45935477,3.626963135,0.646056494,0.6409842767,0.6503365503,9.186477862,9.303226151,9.465184326
13.85,62.08670883,64.91672556,65.31352501,61.0582602,64.05131487,64.19094783,3.363259813,1.613210623,4.24498815,4.461176806,3.629432849,0.6453941588,0.640457292,0.6496245575,9.175059252,9.294115972,9.452835755
13.9,62.05859071,64.89421758,65.2831067,61.04534004,64.03946862,64.1768139,3.31616468,1.59069645,4.2472376,4.462977443,3.631866314,0.64474159,0.639936399,0.648922843,9.163812001,9.285112784,9.440668431
13.95,62.03089419,64.8719748,65.25313448,61.03260666,64.02777929,64.16287909,3.269733338,1.568496837,4.249453321,4.464756866,3.634264092,0.6440986375,0.6394215479,0.6482312518,9.152733396,9.276215669,9.42867954
14,62.00361263,64.8499949,65.22360142,61.02005726,64.01624491,64.14914055,3.223956267,1.546607375,4.251635846,4.466515258,3.636626736,0.6434651538,0.6389126887,0.6475496314,9.141820768,9.267423709,9.416866318
14.05,61.97673945,64.82827558,65.19450074,61.00768911,64.00486357,64.13559547,3.178824089,1.525023719,4.2537857,4.468252804,3.63895479,0.6428409937,0.6384097711,0.6468778317,9.131071498,9.258735981,9.405226048
14.1,61.95026822,64.80681452,65.16582577,60.99549952,63.99363336,64.12224109,3.134327566,1.503741583,4.255903399,4.469969689,3.641248789,0.6422260142,0.6379127445,0.6462157051,9.120483006,9.250151557,9.393756057
14.15,61.9241926,64.7856094,65.13756993,60.98348582,63.98255239,64.10907469,3.0904576,1.482756743,4.257989448,4.471666098,3.643509256,0.641620075,0.6374215584,0.6455631064,9.11005276,9.241669511,9.382453721
14.2,61.89850638,64.76465791,65.10972677,60.97164539,63.97161879,64.09609358,3.047205226,1.462065036,4.260044346,4.473342218,3.645736708,0.6410230378,0.6369361617,0.6449198929,9.09977827,9.233288912,9.371316458
14.25,61.87320342,64.7439577,65.08228995,60.95997568,63.96083071,64.08329513,3.004561616,1.441662356,4.262068583,4.474998234,3.647931654,0.6404347665,0.6364565035,0.6442859239,9.089657087,9.225008829,9.36034173
14.3,61.84827772,64.72350645,65.05525323,60.94847413,63.95018633,64.07067672,2.962518071,1.421544655,4.264062639,4.476634334,3.650094592,0.6398551275,0.6359825326,0.6436610613,9.079686807,9.21682833,9.349527042
14.35,61.82372336,64.70330183,65.02861048,60.93713827,63.93968384,64.0582358,2.921066022,1.401707942,4.266026988,4.478250703,3.652226012,0.6392839891,0.6355141978,0.6430451692,9.069865062,9.208746483,9.338869942
14.4,61.79953452,64.68334151,65.00235567,60.92596563,63.92932145,64.04596984,2.880197028,1.382148283,4.267962095,4.479847529,3.654326397,0.6387212219,0.6350514478,0.6424381136,9.060189527,9.200762355,9.328368017
14.45,61.77570549,64.66362316,64.97648286,60.9149538,63.91909739,64.03387634,2.839902772,1.362861799,4.269868417,4.481424997,3.656396221,0.6381666983,0.6345942314,0.641839763,9.050657916,9.192875015,9.318018895
14.5,61.75223065,64.64414445,64.95098624,60.9041004,63.90900991,64.02195285,2.800175059,1.343844666,4.271746404,4.482983294,3.658435951,0.6376202931,0.6341424971,0.6412499878,9.04126798,9.18508353,9.307820245
14.55,61.72910448,64.62490305,64.92586006,60.89340308,63.89905728,64.01019695,2.761005818,1.325093114,4.273596498,4.484522606,3.660446046,0.6370818829,0.6336961937,0.6406686605,9.032017508,9.177386971,9.297769772
14.6,61.70632153,64.60589665,64.90109868,60.88285955,63.8892378,63.99860627,2.722387095,1.306603425,4.275419134,4.486043118,3.662426955,0.6365513464,0.6332552698,0.6400956557,9.022904328,9.169784408,9.287865223
14.65,61.68387646,64.58712291,64.87669657,60.87246752,63.87954976,63.98717844,2.684311054,1.288371935,4.277214739,4.487545017,3.664379124,0.6360285642,0.632819674,0.6395308501,9.013926303,9.162274914,9.278104379
14.7,61.66176403,64.56857953,64.85264827,60.86222477,63.8699915,63.97591115,2.646769974,1.270395029,4.278983734,4.489028487,3.666302988,0.6355134188,0.6323893552,0.6389741221,9.005081332,9.154857563,9.268485059
14.75,61.63997907,64.5502642,64.82894842,60.85212909,63.86056135,63.96480213,2.609756248,1.252669147,4.28072653,4.490493714,3.668198976,0.6350057946,0.6319642622,0.6384253523,8.996367348,9.147531432,9.259005118
14.8,61.6185165,64.53217462,64.80559174,60.84217831,63.85125769,63.95384913,2.57326238,1.235190774,4.282443536,4.49194088,3.670067511,0.6345055779,0.6315443438,0.637884423,8.98778232,9.140295599,9.249662447
14.85,61.59737133,64.51430849,64.78257305,60.83237031,63.8420789,63.94304994,2.537280984,1.21795645,4.28413515,4.493370171,3.671909006,0.6340126566,0.6311295492,0.6373512185,8.97932425,9.133149147,9.24045497
14.9,61.57653864,64.49666353,64.75988724,60.82270299,63.83302337,63.93240236,2.501804784,1.200962758,4.285801765,4.494781768,3.673723871,0.6335269207,0.6307198274,0.6368256248,8.970991173,9.12609116,9.231380645
14.95,61.5560136,64.47923744,64.73752929,60.81317426,63.82408952,63.92190426,2.466826606,1.184206334,4.287443768,4.496175855,3.675512507,0.6330482618,0.6303151277,0.6363075297,8.962781158,9.119120727,9.222437466
15,61.53579147,64.46202798,64.71549427,60.80378211,63.81527579,63.9115535,2.432339386,1.167683858,4.289061539,4.497552612,3.677275309,0.6325765732,0.6299153996,0.6357968229,8.954692305,9.11223694,9.213623457
15.05,61.51586756,64.44503286,64.69377731,60.79452452,63.80658064,63.90134801,2.39833616,1.151392058,4.290655451,4.498912221,3.679012665,0.6321117498,0.6295205927,0.6352933958,8.946722743,9.105438893,9.204936675
15.1,61.4962373,64.42824984,64.67237365,60.78539951,63.79800254,63.89128573,2.364810065,1.135327708,4.292225873,4.500254863,3.680724958,0.6316536885,0.6291306566,0.6347971413,8.938870637,9.098725687,9.196375208
15.15,61.47689615,64.41167669,64.65127857,60.77640515,63.78953998,63.88136461,2.331754341,1.119487627,4.293773165,4.501580715,3.682412565,0.6312022875,0.6287455415,0.6343079543,8.931134177,9.092096425,9.187937177
15.2,61.45783967,64.39531116,64.63048745,60.76753951,63.78119146,63.87158268,2.299162324,1.10386868,4.295297683,4.502889957,3.684075854,0.6307574467,0.6283651974,0.633825731,8.923511587,9.085550214,9.17962073
15.25,61.4390635,64.37915104,64.60999575,60.75880072,63.77295552,63.86193795,2.267027446,1.088467772,4.296799777,4.504182767,3.68571519,0.6303190678,0.6279895747,0.6333503696,8.916001117,9.079086166,9.171424049
15.3,61.42056332,64.36319412,64.58979898,60.75018692,63.76483069,63.85242849,2.235343237,1.073281857,4.29827979,4.50545932,3.687330932,0.6298870537,0.6276186239,0.6328817694,8.908601048,9.072703399,9.163345341
15.35,61.40233492,64.34743821,64.56989274,60.74169627,63.75681553,63.84305238,2.20410332,1.058307929,4.299738063,4.506719793,3.688923431,0.629461309,0.627252296,0.6324198318,8.901309687,9.066401033,9.155382846
15.4,61.38437413,64.33188111,64.5502727,60.73332698,63.74890862,63.83380773,2.17330141,1.043543023,4.301174926,4.507964361,3.690493034,0.62904174,0.6268905418,0.6319644593,8.894125372,9.060178195,9.147534828
15.45,61.36667687,64.31652067,64.53093458,60.72507728,63.74110855,63.82469269,2.142931312,1.028984217,4.302590707,4.509193197,3.692040083,0.6286282541,0.6265333128,0.6315155561,8.887046464,9.054034017,9.139799583
15.5,61.34923909,64.30135471,64.5118742,60.71694541,63.73341393,63.81570542,2.112986922,1.014628631,4.303985729,4.510406473,3.693564914,0.6282207604,0.6261805604,0.6310730279,8.880071355,9.047967635,9.132175431
15.55,61.33205685,64.2863811,64.49308743,60.70892966,63.72582339,63.80684412,2.083462224,1.000473423,4.305360308,4.511604362,3.695067856,0.6278191694,0.6258322365,0.6306367817,8.873198458,9.041978191,9.124660721
15.6,61.31512625,64.27159771,64.47457019,60.70102833,63.71833557,63.79810701,2.05435129,0.9865157939,4.306714756,4.512787034,3.696549235,0.6274233929,0.6254882932,0.6302067262,8.866426218,9.036064832,9.117253827
15.65,61.29844345,64.25700241,64.45631849,60.69323976,63.71094914,63.78949233,2.025648274,0.9727529811,4.30804938,4.513954658,3.69800937,0.6270333443,0.6251486829,0.6297827713,8.859753099,9.030226712,9.109953148
15.7,61.28200469,64.2425931,64.4383284,60.68556231,63.70366275,63.78099836,1.997347418,0.9591822622,4.309364481,4.515107402,3.699448578,0.6266489381,0.6248133581,0.6293648282,8.853177594,9.024462991,9.102757109
15.75,61.26580625,64.2283677,64.42059603,60.67799434,63.69647511,63.77262339,1.969443044,0.9458009525,4.310660356,4.516245434,3.700867168,0.6262700902,0.6244822721,0.6289528096,8.846698219,9.018772831,9.095664162
15.8,61.24984449,64.21432414,64.40311757,60.67053429,63.68938492,63.76436575,1.941929558,0.9326064052,4.311937297,4.517368919,3.702265444,0.6258967179,0.6241553778,0.6285466296,8.840313514,9.013155405,9.08867278
15.85,61.23411581,64.20046034,64.38588928,60.66318056,63.6823909,63.75622377,1.914801446,0.9195960105,4.313195591,4.518478023,3.703643708,0.6255287398,0.623832629,0.6281462034,8.834022044,9.007609887,9.081781462
15.9,61.21861669,64.18677428,64.36890746,60.65593162,63.6754918,63.74819583,1.888053272,0.9067671952,4.314435521,4.519572908,3.705002254,0.6251660757,0.6235139794,0.6277514477,8.827822394,9.002135461,9.074988732
15.95,61.20334364,64.17326391,64.35216846,60.64878594,63.66868635,63.74028031,1.86167968,0.8941174221,4.315657365,4.520653737,3.706341373,0.6248086466,0.6231993833,0.6273622805,8.821713174,8.996731315,9.068293134
16,61.18829325,64.15992723,64.33566872,60.64174203,63.66197334,63.73247563,1.835675389,0.8816441897,4.316861397,4.521720672,3.707661353,0.6244563749,0.6228887952,0.6269786207,8.815693017,8.991396642,9.061693237
16.05,61.17346215,64.14676224,64.31940471,60.63479841,63.65535155,63.72478024,1.810035195,0.8693450314,4.318047885,4.522773871,3.708962474,0.624109184,0.6225821699,0.6266003888,8.809760576,8.986130644,9.055187632
16.1,61.15884702,64.13376695,64.30337296,60.62795361,63.64881976,63.71719258,1.784753968,0.8572175154,4.319217095,4.523813494,3.710245014,0.6237669986,0.6222794625,0.6262275064,8.803914527,8.980932529,9.048774932
16.15,61.14444462,64.1209394,64.28757005,60.62120622,63.6423768,63.70971115,1.759826653,0.8452592437,4.320369287,4.524839698,3.711509246,0.6234297447,0.6219806286,0.6258598962,8.798153567,8.975801508,9.042453771
16.2,61.13025173,64.10827763,64.27199264,60.61455481,63.6360215,63.70233444,1.735248263,0.833467852,4.321504718,4.52585264,3.712755439,0.6230973491,0.621685624,0.6254974821,8.792476411,8.970736802,9.036222805
16.25,61.1162652,64.09577972,64.2566374,60.607998,63.62975269,63.69506099,1.711013888,0.8218410092,4.32262364,4.526852472,3.713983858,0.6227697401,0.6213944049,0.6251401892,8.7868818,8.965737638,9.03008071
16.3,61.10248193,64.08344374,64.24150108,60.60153442,63.62356923,63.68788932,1.687118685,0.8103764167,4.323726302,4.527839351,3.715194763,0.6224468468,0.6211069277,0.6247879437,8.78136849,8.960803247,9.024026184
16.35,61.08889885,64.0712678,64.22658048,60.59516272,63.61746999,63.68081803,1.66355788,0.7990718083,4.324812948,4.528813426,3.716388411,0.6221285997,0.6208231493,0.6244406729,8.77593526,8.95593287,9.018057943
16.4,61.07551297,64.05925,64.21187244,60.58888157,63.61145385,63.67384568,1.640326768,0.7879249494,4.325883819,4.52977485,3.717565055,0.62181493,0.620543027,0.6240983052,8.770580905,8.951125751,9.012174726
16.45,61.06232131,64.04738848,64.19737384,60.58268965,63.60551972,63.66697089,1.617420711,0.7769336366,4.326939151,4.530723771,3.718724942,0.6215057703,0.6202665183,0.62376077,8.765304244,8.946381143,9.006375288
16.5,61.04932098,64.03568139,64.18308164,60.57658569,63.5996665,63.66019229,1.594835138,0.7660956976,4.327979178,4.531660339,3.719868319,0.6212010541,0.6199935811,0.623427998,8.76010411,8.941698304,9.000658405
16.55,61.0365091,64.02412688,64.16899281,60.57056841,63.59389312,63.65350852,1.572565541,0.7554089902,4.329004128,4.5325847,3.720995425,0.6209007158,0.6197241737,0.6230999206,8.754979358,8.9370765,8.995022873
16.6,61.02388285,64.01272313,64.15510438,60.56463655,63.58819852,63.64691825,1.55060748,0.7448714025,4.330014228,4.533496999,3.722106499,0.6206046911,0.6194582546,0.6227764706,8.749928858,8.932515003,8.989467503
16.65,61.01143945,64.00146835,64.14141345,60.55878889,63.58258165,63.64042016,1.528956573,0.734480852,4.3310097,4.534397382,3.723201774,0.6203129165,0.6191957829,0.6224575814,8.7449515,8.928013092,8.983991129
16.7,60.99917618,63.99036075,64.12791712,60.55302421,63.57704147,63.63401296,1.507608505,0.7242352853,4.331990762,4.53528599,3.72428148,0.6200253294,0.6189367178,0.6221431877,8.740046191,8.92357005,8.978592598
16.75,60.98709034,63.97939855,64.11461257,60.54734132,63.57157697,63.62769537,1.486559021,0.7141326778,4.332957629,4.536162966,3.725345844,0.6197418683,0.6186810191,0.621833225,8.735211856,8.919185171,8.973270779
16.8,60.97517929,63.96858001,64.10149701,60.54173903,63.56618714,63.62146613,1.465803926,0.7041710332,4.333910513,4.53702845,3.726395089,0.6194624725,0.6184286468,0.6215276299,8.730447434,8.914857752,8.968024555
16.85,60.96344042,63.95790337,64.0885677,60.53621619,63.56087097,63.61532401,1.445339084,0.6943483833,4.334849623,4.53788258,3.727429434,0.6191870825,0.6181795613,0.6212263399,8.725751885,8.910587098,8.962852828
16.9,60.95187116,63.94736693,64.07582191,60.53077165,63.55562749,63.60926777,1.425160419,0.6846627872,4.335775164,4.538725496,3.728449097,0.6189156395,0.6179337233,0.6209292933,8.721124181,8.906372522,8.957754516
16.95,60.94046899,63.93696898,64.06325701,60.52540428,63.55045572,63.6032962,1.405263913,0.6751123313,4.336687337,4.539557332,3.72945429,0.6186480855,0.6176910941,0.6206364294,8.716563314,8.90221334,8.952728552
17,60.92923142,63.92670782,64.05087035,60.52011297,63.5453547,63.59740813,1.385645603,0.6656951287,4.337586342,4.540378224,3.730445222,0.6183843635,0.617451635,0.6203476885,8.712068288,8.898108879,8.947773889
17.05,60.91815602,63.9165818,64.03865936,60.51489664,63.54032349,63.59160238,1.366301586,0.6564093189,4.338472375,4.541188306,3.731422102,0.6181244175,0.617215308,0.6200630117,8.707638125,8.894058471,8.942889492
17.1,60.90724036,63.90658926,64.02662148,60.50975419,63.53536116,63.58587779,1.347228009,0.6472530675,4.339345628,4.541987709,3.732385131,0.6178681922,0.6169820753,0.6197823408,8.703271861,8.890061453,8.938074343
17.15,60.89648208,63.89672855,64.01475423,60.50468457,63.53046678,63.58023322,1.328421079,0.6382245657,4.34020629,4.542776566,3.733334512,0.6176156331,0.6167518994,0.6195056187,8.698968549,8.88611717,8.93332744
17.2,60.88587884,63.88699806,64.00305512,60.49968674,63.52563943,63.57466755,1.309877054,0.62932203,4.341054549,4.543555005,3.734270441,0.6173666865,0.6165247432,0.6192327892,8.694727254,8.882224973,8.928647796
17.25,60.87542835,63.87739618,63.99152172,60.49475966,63.52087823,63.56917967,1.291592245,0.6205437018,4.341890588,4.544323156,3.735193112,0.6171212999,0.6163005702,0.6189637966,8.690547058,8.878384221,8.924034438
17.3,60.86512834,63.86792132,63.98015165,60.48990231,63.51618227,63.56376849,1.273563016,0.6118878471,4.342714589,4.545081145,3.736102718,0.616879421,0.6160793438,0.6186985863,8.686427056,8.874594277,8.91948641
17.35,60.8549766,63.85857191,63.96894254,60.4851137,63.5115507,63.55843294,1.255785783,0.6033527563,4.343526729,4.545829098,3.736999447,0.6166409988,0.6158610282,0.6184371044,8.682366357,8.870854512,8.915002767
17.4,60.84497091,63.84934639,63.95789208,60.48039284,63.50698263,63.55317194,1.238257011,0.5949367435,4.344327183,4.546567139,3.737883484,0.6164059828,0.6156455877,0.6181792978,8.678364084,8.867164304,8.910582581
17.45,60.83510914,63.84024322,63.94699797,60.47573876,63.50247722,63.54798447,1.220973216,0.5866381464,4.345116125,4.547295393,3.738755013,0.6161743234,0.6154329869,0.6179251142,8.674419374,8.863523037,8.906224936
17.5,60.82538915,63.83126088,63.93625795,60.4711505,63.49803362,63.54286949,1.203930964,0.5784553261,4.345893725,4.54801398,3.739614214,0.6159459715,0.6152231911,0.617674502,8.670531377,8.859930101,8.901928931
17.55,60.81580884,63.82239786,63.92566982,60.46662712,63.49365101,63.53782597,1.187126869,0.5703866665,4.346660149,4.548723022,3.740461264,0.6157208791,0.6150161656,0.6174274105,8.666699255,8.856384892,8.897693679
17.6,60.80636617,63.81365266,63.91523139,60.46216769,63.48932855,63.53285292,1.170557591,0.562430574,4.347415563,4.549422637,3.741296339,0.6154989986,0.6148118763,0.6171837896,8.662922186,8.852886814,8.893518305
17.65,60.7970591,63.80502382,63.90494049,60.45777129,63.48506544,63.52794935,1.154219841,0.5545854775,4.348160128,4.550112945,3.742119611,0.6152802834,0.6146102892,0.61694359,8.659199358,8.849435276,8.889401946
17.7,60.78788563,63.79650986,63.89479501,60.45343702,63.48086088,63.52311429,1.138110372,0.5468498276,4.348894006,4.550794061,3.742931249,0.6150646874,0.6144113708,0.616706763,8.655529971,8.846029694,8.885343756
17.75,60.7788438,63.78810935,63.88479287,60.44916399,63.47671408,63.51834677,1.122225987,0.5392220968,4.349617352,4.551466102,3.743731421,0.6148521652,0.6142150881,0.6164732608,8.651913239,8.84266949,8.881342896
17.8,60.76993168,63.77982085,63.87493199,60.44495133,63.47262426,63.51364585,1.106563532,0.5317007787,4.350330322,4.552129182,3.744520291,0.6146426723,0.6140214081,0.6162430362,8.648348388,8.839354091,8.877398545
17.85,60.76114734,63.77164296,63.86521035,60.44079818,63.46859064,63.5090106,1.091119897,0.5242843881,4.351033069,4.552783413,3.745298022,0.6144361645,0.6138302985,0.6160160427,8.644834656,8.836082934,8.87350989
17.9,60.75248893,63.76357427,63.85562596,60.43670367,63.46461247,63.5044401,1.075892017,0.5169714607,4.351725742,4.553428908,3.746064773,0.6142325985,0.613641727,0.6157922344,8.641371291,8.832855458,8.869676133
17.95,60.74395459,63.7556134,63.84617684,60.43266698,63.46068901,63.49993343,1.06087687,0.5097605524,4.352408489,4.554065778,3.746820703,0.6140319318,0.6134556621,0.6155715662,8.637957553,8.82967111,8.865896486
18,60.73554249,63.74775898,63.83686106,60.42868728,63.4568195,63.49548971,1.046071476,0.5026502393,4.353081457,4.554694131,3.747565965,0.6138341222,0.613272072,0.6153539936,8.634592716,8.826529343,8.862170173
18.05,60.72725086,63.74000967,63.8276767,60.42476375,63.45300322,63.49110805,1.031472898,0.4956391176,4.353744788,4.555314077,3.748300714,0.6136391283,0.6130909259,0.6151394727,8.631276062,8.823429617,8.85849643
18.1,60.71907792,63.73236411,63.81862189,60.4208956,63.44923945,63.48678758,1.017078241,0.4887258029,4.354398623,4.555925721,3.749025099,0.6134469093,0.6129121929,0.6149279603,8.628006884,8.820371395,8.854874504
18.15,60.71102193,63.724821,63.80969476,60.41708203,63.44552747,63.48252745,1.002884649,0.4819089302,4.355043102,4.55652917,3.749739269,0.613257425,0.6127358426,0.6147194138,8.624784488,8.817354149,8.851303654
18.2,60.70308118,63.71737901,63.8008935,60.41332226,63.44186659,63.47832681,0.9888893061,0.4751871538,4.355678362,4.557124529,3.75044337,0.6130706359,0.6125618449,0.6145137912,8.62160819,8.814377356,8.847783149
18.25,60.69525399,63.71003687,63.7922163,60.40961553,63.43825611,63.47418483,0.9750894383,0.4685591464,4.356304537,4.5577119,3.751137546,0.612886503,0.6123901701,0.6143110512,8.618477314,8.811440498,8.84431227
18.3,60.6875387,63.70279329,63.78366139,60.40596107,63.43469535,63.47010069,0.961482309,0.4620235994,4.35692176,4.558291387,3.751821939,0.6127049878,0.6122207886,0.6141111529,8.615391198,8.808543064,8.840890305
18.35,60.67993367,63.695647,63.77522702,60.40235816,63.43118363,63.46607358,0.9480652205,0.4555792228,4.357530163,4.55886309,3.752496688,0.6125260526,0.6120536714,0.6139140563,8.612349186,8.805684549,8.837516558
18.4,60.67243729,63.68859676,63.76691147,60.39880604,63.42772029,63.46210269,0.934835513,0.449224744,4.358129873,4.559427109,3.753161932,0.6123496599,0.6118887896,0.6137197216,8.609350636,8.802864453,8.834190339
18.45,60.66504799,63.68164133,63.75871305,60.395304,63.42430466,63.45818725,0.9217905641,0.4429589088,4.358721017,4.559983544,3.753817806,0.6121757732,0.611726115,0.61352811,8.606394913,8.800082282,8.830910969
18.5,60.65776418,63.67477949,63.75063008,60.39185133,63.42093611,63.45432648,0.9089277882,0.4367804801,4.359303722,4.560532491,3.754464444,0.6120043562,0.6115656192,0.6133391828,8.603481392,8.797337547,8.82767778
18.55,60.65058435,63.66801004,63.74266091,60.38844731,63.41761399,63.45051961,0.8962446361,0.4306882382,4.359878108,4.561074047,3.755101977,0.6118353732,0.6114072745,0.6131529022,8.600609458,8.794629766,8.824490114
18.6,60.64350697,63.66133178,63.73480393,60.38509127,63.41433768,63.44676588,0.8837385943,0.4246809804,4.360444299,4.561608307,3.755730536,0.6116687892,0.6112510534,0.6129692307,8.597778505,8.791958463,8.82134732
18.65,60.63653054,63.65474354,63.72705753,60.3817825,63.41110653,63.44306456,0.8714071852,0.418757521,4.361002413,4.562135367,3.756350248,0.6115045696,0.6110969286,0.6127881316,8.594987936,8.789323165,8.81824876
18.7,60.62965361,63.64824414,63.71942013,60.37852036,63.40791995,63.43941491,0.8592479657,0.4129166906,4.361552567,4.562655319,3.756961239,0.6113426803,0.6109448734,0.6126095686,8.592237163,8.786723407,8.815193803
18.75,60.62287473,63.64183244,63.7118902,60.37530416,63.40477733,63.43581621,0.8472585272,0.4071573363,4.362094878,4.563168254,3.757563634,0.6111830876,0.6107948611,0.6124335058,8.589525609,8.784158728,8.812181829
18.8,60.61619246,63.6355073,63.70446619,60.37213326,63.40167806,63.43226774,0.8354364948,0.4014783211,4.362629459,4.563674266,3.758157555,0.6110257587,0.6106468654,0.6122599081,8.586852703,8.781628672,8.809212225
18.85,60.60960541,63.6292676,63.6971466,60.36900701,63.39862155,63.42876881,0.823779527,0.3958785242,4.363156424,4.564173442,3.758743122,0.6108706607,0.6105008604,0.6120887406,8.584217882,8.77913279,8.806284389
18.9,60.60311219,63.62311222,63.68992994,60.36592477,63.39560723,63.42531872,0.8122853153,0.3903568401,4.363675881,4.564665873,3.759320455,0.6107177617,0.6103568204,0.6119199691,8.581620595,8.776670637,8.803397726
18.95,60.59671144,63.61704006,63.68281475,60.36288594,63.39263451,63.42191678,0.8009515835,0.3849121789,4.364187941,4.565151645,3.75988967,0.6105670301,0.61021472,0.6117535599,8.579060295,8.774241775,8.800551651
19,60.59040182,63.61105005,63.67579959,60.35988987,63.38970284,63.41856233,0.7897760875,0.379543466,4.36469271,4.565630846,3.760450883,0.6104184346,0.6100745342,0.6115894796,8.576536448,8.771845769,8.797745587
19.05,60.58418201,63.6051411,63.66888304,60.35693598,63.38681164,63.41525469,0.7787566145,0.3742496418,4.365190295,4.566103562,3.761004207,0.6102719445,0.6099362382,0.6114276954,8.574048523,8.769482191,8.794978966
19.1,60.57805071,63.59931216,63.66206369,60.35402366,63.38396037,63.41199322,0.7678909829,0.3690296612,4.3656808,4.566569877,3.761549755,0.6101275296,0.6097998074,0.611268175,8.571596001,8.767150616,8.792251226
19.15,60.57200662,63.59356219,63.65534017,60.35115231,63.38114849,63.40877727,0.7571770418,0.3638824941,4.366164326,4.567029875,3.762087637,0.6099851601,0.6096652178,0.6111108865,8.569178368,8.764850626,8.789561817
19.2,60.5660485,63.58789015,63.64871111,60.34832137,63.37837544,63.40560621,0.7466126704,0.3588071244,4.366640976,4.567483638,3.762617961,0.6098448066,0.6095324453,0.6109557985,8.566795119,8.762581808,8.786910194
19.25,60.5601751,63.58229501,63.64217518,60.34553025,63.37564071,63.4024794,0.7361957775,0.3538025506,4.367110849,4.567931249,3.763140836,0.6097064402,0.6094014664,0.6108028801,8.564445757,8.760343753,8.78429582
19.3,60.55438518,63.57677577,63.63573105,60.34277839,63.37294377,63.39939622,0.7259243014,0.3488677847,4.367574042,4.568372788,3.763656366,0.6095700324,0.6092722576,0.6106521006,8.562129792,8.758136058,8.781718168
19.35,60.54867755,63.57133143,63.62937742,60.34006523,63.3702841,63.39635607,0.7157962093,0.344001853,4.368030652,4.568808335,3.764164657,0.609435555,0.609144796,0.6105034301,8.55984674,8.755958323,8.779176716
19.4,60.54305102,63.56596101,63.623113,60.33739023,63.36766119,63.39335835,0.705809497,0.339203795,4.368480775,4.569237969,3.76466581,0.6093029804,0.6090190588,0.6103568387,8.557596125,8.753810155,8.776670951
19.45,60.5375044,63.56066354,63.61693654,60.33475285,63.36507454,63.39040247,0.6959621883,0.3344726638,4.368924504,4.569661767,3.765159927,0.6091722814,0.6088950233,0.6102122974,8.555377479,8.751691166,8.774200367
19.5,60.53203656,63.55543805,63.61084679,60.33215254,63.36252365,63.38748783,0.6862523347,0.3298075256,4.369361932,4.570079806,3.765647107,0.609043431,0.6087726674,0.6100697772,8.553190341,8.749600969,8.771764467
19.55,60.52664634,63.55028359,63.60484252,60.32958879,63.36000804,63.38461386,0.6766780151,0.3252074598,4.369793149,4.570492163,3.766127448,0.6089164027,0.6086519691,0.6099292498,8.551034255,8.747539187,8.769362758
19.6,60.52133264,63.54519924,63.59892252,60.32706108,63.35752722,63.38177999,0.6672373354,0.3206715585,4.370218245,4.570898911,3.766601049,0.6087911705,0.6085329067,0.6097906871,8.548908774,8.745505444,8.766994756
19.65,60.51609435,63.54018405,63.59308559,60.3245689,63.35508071,63.37898567,0.6579284279,0.3161989265,4.370637309,4.571300126,3.767068003,0.6086677087,0.6084154586,0.6096540616,8.546813456,8.74349937,8.764659984
19.7,60.51093037,63.53523712,63.58733056,60.32211174,63.35266805,63.37623034,0.6487494513,0.3117886812,4.371050427,4.57169588,3.767528405,0.6085459919,0.6082996038,0.6095193459,8.544747867,8.741520599,8.762357973
19.75,60.50583965,63.53035755,63.58165627,60.3196891,63.35028876,63.37351345,0.63969859,0.3074399522,4.371457685,4.572086246,3.767982349,0.6084259952,0.6081853212,0.6093865134,8.542711577,8.739568769,8.760088257
19.8,60.50082112,63.52554444,63.57606158,60.31730051,63.3479424,63.37083447,0.6307740539,0.3031518813,4.371859167,4.572471295,3.768429924,0.608307694,0.6080725902,0.6092555376,8.540704166,8.737643525,8.757850382
19.85,60.49587375,63.52079691,63.57054536,60.31494548,63.34562851,63.36819288,0.621974078,0.2989236223,4.372254957,4.572851098,3.768871221,0.608191064,0.6079613904,0.6091263923,8.538725216,8.735744512,8.755643896
19.9,60.4909965,63.51611409,63.56510651,60.31262353,63.34334664,63.36558813,0.6132969219,0.2947543407,4.372645136,4.573225723,3.769306329,0.6080760814,0.6078517015,0.6089990519,8.53677432,8.733871385,8.753468355
19.95,60.48618839,63.51149512,63.55974393,60.31033419,63.34109636,63.36301973,0.6047408698,0.2906432138,4.373029785,4.57359524,3.769735335,0.6079627226,0.6077435037,0.608873491,8.534851073,8.732023798,8.751323323
20,60.4814484,63.50693916,63.55445655,60.30807701,63.33887723,63.36048717,0.5963042298,0.2865894303,4.373408985,4.573959718,3.770158326,0.6078509644,0.6076367772,0.6087496847,8.532955077,8.730201412,8.749208369
20.05,60.47677556,63.50244536,63.54924329,60.30585153,63.33668883,63.35798994,0.5879853336,0.2825921902,4.373782812,4.574319221,3.770575387,0.6077407841,0.6075315026,0.6086276084,8.531085941,8.728403893,8.747123066
20.1,60.4721689,63.4980129,63.54410312,60.3036573,63.33453073,63.35552755,0.5797825364,0.2786507047,4.374151344,4.574673818,3.7709866,0.6076321589,0.6074276608,0.6085072377,8.529243279,8.72663091,8.745066998
20.15,60.46762748,63.49364096,63.539035,60.30149388,63.33240251,63.35309951,0.5716942163,0.2747641961,4.374514658,4.575023573,3.77139205,0.6075250669,0.6073252327,0.6083885488,8.527426711,8.724882135,8.74303975
20.2,60.46315036,63.48932874,63.53403791,60.29936083,63.33030377,63.35070535,0.5637187739,0.2709318973,4.374872828,4.575368551,3.771791817,0.607419486,0.6072241996,0.6082715181,8.525635861,8.723157247,8.741040916
20.25,60.45873661,63.48507544,63.52911086,60.29725773,63.3282341,63.34834458,0.5558546322,0.2671530522,4.375225928,4.575708815,3.772185981,0.6073153948,0.6071245431,0.6081561222,8.523870361,8.721455926,8.739070094
20.3,60.45438532,63.48088027,63.52425285,60.29518415,63.32619311,63.34601676,0.5481002364,0.2634269151,4.375574031,4.576044428,3.772574622,0.6072127719,0.6070262448,0.6080423383,8.522129847,8.719777859,8.73712689
20.35,60.45009561,63.47674246,63.51946291,60.29313968,63.32418039,63.3437214,0.5404540542,0.2597527507,4.375917208,4.576375453,3.772957817,0.6071115965,0.6069292868,0.6079301437,8.52041396,8.718122735,8.735210914
20.4,60.44586658,63.47266124,63.51474008,60.2911239,63.32219556,63.34145807,0.532914574,0.2561298339,4.37625553,4.576701951,3.773335644,0.607011848,0.6068336512,0.6078195163,8.518722348,8.716490247,8.733321781
20.45,60.44169736,63.46863586,63.51008341,60.28913641,63.32023823,63.33922631,0.5254803056,0.25255745,4.376589067,4.577023982,3.773708177,0.6069135059,0.6067393204,0.6077104339,8.517054663,8.714880092,8.731459114
20.5,60.43758711,63.46466555,63.50549197,60.2871768,63.31830803,63.33702569,0.5181497795,0.2490348939,4.376917888,4.577341606,3.774075492,0.6068165504,0.6066462771,0.607602875,8.515410561,8.713291971,8.729622539
20.55,60.43353497,63.4607496,63.50096485,60.2852447,63.31640458,63.33485576,0.5109215469,0.2455614706,4.377242059,4.577654882,3.774437662,0.6067209616,0.6065545041,0.6074968183,8.513789705,8.71172559,8.727811689
20.6,60.42954011,63.45688727,63.49650113,60.2833397,63.31452751,63.33271611,0.5037941793,0.2421364947,4.377561648,4.577963869,3.77479476,0.60662672,0.6064639845,0.6073922426,8.512191762,8.710180657,8.726026201
20.65,60.42560172,63.45307784,63.49209992,60.28146142,63.31267647,63.3306063,0.496766268,0.2387592904,4.377876719,4.578268623,3.775146857,0.6065338066,0.6063747016,0.6072891272,8.510616405,8.708656884,8.724265717
20.7,60.42171898,63.4493206,63.48776034,60.27960949,63.31085109,63.32852592,0.4898364244,0.2354291913,4.378187338,4.578569202,3.775494023,0.6064422024,0.6062866388,0.6071874517,8.50906331,8.707153988,8.722529886
20.75,60.4178911,63.44561485,63.48348152,60.27778354,63.30905102,63.32647456,0.4830032788,0.2321455402,4.378493568,4.578865662,3.775836328,0.6063518888,0.6061997799,0.607087196,8.507532158,8.705671688,8.72081836
20.8,60.4141173,63.44195989,63.47926262,60.2759832,63.30727592,63.32445182,0.4762654811,0.2289076894,4.378795473,4.579158058,3.776173841,0.6062628475,0.6061141087,0.60698834,8.506022637,8.704209708,8.719130797
20.85,60.41039679,63.43835506,63.47510277,60.27420811,63.30552543,63.32245729,0.4696216998,0.2257149998,4.379093113,4.579446445,3.776506628,0.6061750603,0.6060296094,0.6068908642,8.504534436,8.702767774,8.717466859
20.9,60.40672883,63.43479967,63.47100116,60.27245791,63.30379921,63.32049058,0.4630706222,0.2225668416,4.37938655,4.579730877,3.776834757,0.6060885094,0.6059462664,0.6067947493,8.503067251,8.701345616,8.715826215
20.95,60.40311266,63.43129305,63.46695696,60.27073226,63.30209694,63.3185513,0.4566109538,0.2194625935,4.379675844,4.580011406,3.777158293,0.6060031774,0.605864064,0.6066999763,8.501620782,8.69994297,8.714208535
21,60.39954754,63.42783455,63.46296937,60.2690308,63.30041829,63.31663908,0.4502414183,0.2164016431,4.379961053,4.580288086,3.7774773,0.6059190467,0.605782987,0.6066065263,8.500194733,8.698559571,8.712613498
21.05,60.39603274,63.42442353,63.45903759,60.26735319,63.29876292,63.31475353,0.4439607573,0.2133833863,4.380242237,4.580560968,3.777791843,0.6058361005,0.6057030204,0.6065143809,8.498788813,8.697195161,8.711040784
21.1,60.39256754,63.42105933,63.45516083,60.26569911,63.29713052,63.31289427,0.4377677298,0.2104072277,4.380519453,4.580830103,3.778101984,0.6057543218,0.6056241492,0.6064235217,8.497402734,8.695849483,8.70949008
21.15,60.38915124,63.41774134,63.45133832,60.26406821,63.29552077,63.31106096,0.4316611123,0.20747258,4.380792757,4.581095543,3.778407785,0.6056736941,0.6055463588,0.6063339308,8.496036213,8.694522286,8.707961076
21.2,60.38578313,63.41446892,63.44756929,60.26246017,63.29393335,63.30925321,0.4256396984,0.2045788642,4.381062206,4.581357336,3.778709307,0.6055942011,0.6054696346,0.6062455904,8.494688971,8.693213319,8.706453466
21.25,60.38246254,63.41124147,63.443853,60.26087467,63.29236797,63.30747068,0.4197022985,0.2017255093,4.381327853,4.581615533,3.77900661,0.6055158266,0.6053939622,0.606158483,8.493360733,8.691922336,8.704966951
21.3,60.37918878,63.40805836,63.44018871,60.25931139,63.29082431,63.30571301,0.4138477398,0.1989119523,4.381589754,4.581870181,3.779299754,0.6054385548,0.6053193276,0.6060725915,8.492051229,8.690649095,8.703501232
21.35,60.37596118,63.40491902,63.43657567,60.25777002,63.28930208,63.30397985,0.4080748657,0.1961376381,4.381847962,4.582121329,3.779588796,0.6053623701,0.6052457167,0.6059878986,8.490760191,8.689393356,8.702056019
21.4,60.37277909,63.40182283,63.43301318,60.25625025,63.28780097,63.30227087,0.402382536,0.1934020194,4.382102529,4.582369024,3.779873795,0.6052872569,0.6051731158,0.6059043878,8.489487356,8.688154882,8.700631023
21.45,60.36964187,63.39876922,63.42950052,60.25475177,63.28632071,63.30058572,0.3967696263,0.1907045563,4.382353507,4.582613312,3.780154808,0.6052132003,0.6051015113,0.6058220425,8.488232465,8.68693344,8.69922596
21.5,60.36654886,63.39575762,63.426037,60.2532743,63.28486099,63.29892408,0.3912350278,0.1880447166,4.382600948,4.58285424,3.78043189,0.605140185,0.6050308897,0.6057408463,8.486995262,8.685728798,8.697840549
21.55,60.36349945,63.39278745,63.42262191,60.25181752,63.28342154,63.29728561,0.3857776476,0.1854219756,4.382844901,4.583091854,3.780705097,0.6050681965,0.6049612379,0.6056607832,8.485775497,8.68454073,8.696474516
21.6,60.360493,63.38985815,63.41925459,60.25038115,63.28200208,63.29567,0.3803964078,0.1828358157,4.383085416,4.583326198,3.780974483,0.6049972202,0.6048925426,0.6055818373,8.48457292,8.68336901,8.695127587
21.65,60.35752892,63.38696917,63.41593436,60.2489649,63.28060232,63.29407692,0.3750902456,0.1802857268,4.383322543,4.583557316,3.781240101,0.6049272417,0.604824791,0.6055039931,8.483387286,8.682213418,8.693799494
21.7,60.3546066,63.38411996,63.41266056,60.2475685,63.27922201,63.29250605,0.3698581131,0.1777712056,4.383556329,4.583785253,3.781502005,0.6048582468,0.6047579703,0.6054272352,8.482218357,8.681073735,8.692489974
21.75,60.35172543,63.38130998,63.40943254,60.24619165,63.27786086,63.2909571,0.3646989771,0.1752917561,4.383786822,4.584010051,3.781760247,0.6047902218,0.604692068,0.6053515483,8.481065892,8.679949744,8.691198764
21.8,60.34888485,63.37853871,63.40624965,60.24483409,63.27651862,63.28942975,0.3596118187,0.1728468891,4.384014068,4.584231754,3.782014878,0.6047231528,0.6046270716,0.6052769174,8.479929659,8.678841232,8.68992561
21.85,60.34608427,63.3758056,63.40311126,60.24349554,63.27519502,63.2879237,0.3545956334,0.1704361221,4.384238115,4.584450402,3.782265949,0.6046570263,0.6045629689,0.6052033279,8.478809427,8.677747991,8.688670256
21.9,60.34332313,63.37311015,63.40001676,60.24217573,63.27388981,63.28643866,0.3496494305,0.1680589796,4.384459006,4.584666038,3.782513509,0.6045918289,0.6044997477,0.6051307652,8.477704969,8.676669811,8.687432453
21.95,60.34060085,63.37045185,63.39696551,60.24087441,63.27260273,63.28497432,0.3447722332,0.1657149926,4.384676788,4.584878702,3.782757609,0.6045275476,0.6044373962,0.6050592148,8.47661606,8.675606489,8.686211955
22,60.3379169,63.36783018,63.39395692,60.23959131,63.27133352,63.28353041,0.3399630783,0.1634036985,4.384891504,4.585088436,3.782998296,0.6044641694,0.6043759026,0.6049886628,8.475542479,8.674557822,8.685008519
22.05,60.33527073,63.36524465,63.39099039,60.23832618,63.27008196,63.28210664,0.3352210161,0.1611246414,4.385103198,4.585295278,3.783235619,0.6044016814,0.6043152552,0.604919095,8.474484009,8.673523611,8.683821905
22.1,60.33266179,63.36269477,63.38806532,60.23707876,63.26884778,63.28070272,0.3305451097,0.1588773716,4.385311913,4.585499268,3.783469624,0.6043400711,0.6042554426,0.6048504978,8.473440435,8.672503659,8.682651878
22.15,60.33008957,63.36018006,63.38518114,60.23584881,63.26763075,63.27931838,0.3259344358,0.1566614457,4.385517691,4.585700445,3.783700359,0.6042793261,0.6041964535,0.6047828576,8.472411546,8.671497774,8.681498205
22.2,60.32755354,63.35770003,63.38233727,60.23463608,63.26643063,63.27795335,0.3213880843,0.1544764266,4.385720573,4.585898848,3.783927869,0.6042194342,0.6041382766,0.604716161,8.471397133,8.670505762,8.680360656
22.25,60.32505318,63.35525421,63.37953314,60.23344032,63.26524718,63.27660736,0.3169051576,0.1523218832,4.385920602,4.586094513,3.784152199,0.6041603832,0.6040809009,0.6046503948,8.470396992,8.669527435,8.679239006
22.3,60.322588,63.35284214,63.3767682,60.23226131,63.26408019,63.27528014,0.3124847705,0.1501973903,4.386117816,4.586287479,3.784373394,0.6041021614,0.6040243156,0.6045855461,8.469410919,8.668562606,8.678133031
22.35,60.32015749,63.35046335,63.37404191,60.23109879,63.26292941,63.27397142,0.3081260502,0.1481025289,4.386312257,4.586477782,3.784591498,0.604044757,0.60396851,0.604521602,8.468438715,8.667611091,8.677042512
22.4,60.31776116,63.3481174,63.37135371,60.22995255,63.26179463,63.27268096,0.3038281362,0.1460368856,4.386503963,4.586665458,3.784806553,0.6039881584,0.6039134733,0.6044585498,8.467480183,8.66667271,8.675967233
22.45,60.31539853,63.34580383,63.36870307,60.22882236,63.26067562,63.2714085,0.2995901798,0.1440000529,4.386692974,4.586850544,3.785018604,0.6039323543,0.6038591953,0.6043963773,8.466535131,8.665747282,8.674906979
22.5,60.31306912,63.3435222,63.36608947,60.22770798,63.25957216,63.27015378,0.2954113445,0.1419916289,4.386879327,4.587033074,3.785227692,0.6038773334,0.6038056654,0.6043350719,8.465603366,8.66483463,8.67386154
22.55,60.31077246,63.34127208,63.3635124,60.22660919,63.25848405,63.26891656,0.2912908051,0.1400112174,4.38706306,4.587213084,3.785433858,0.6038230848,0.6037528737,0.6042746217,8.464684701,8.663934582,8.672830708
22.6,60.30850808,63.33905303,63.36097132,60.22552579,63.25741106,63.26769659,0.2872277483,0.1380584277,4.38724421,4.587390607,3.785637144,0.6037695974,0.6037008099,0.6042150147,8.46377895,8.663046963,8.671814279
22.65,60.30627553,63.33686464,63.35846575,60.22445754,63.25635299,63.26649364,0.2832213717,0.1361328745,4.387422814,4.587565679,3.78583759,0.6037168606,0.6036494642,0.6041562392,8.46288593,8.662171605,8.670812051
22.7,60.30407436,63.33470648,63.35599519,60.22340424,63.25530962,63.26530746,0.2792708846,0.1342341779,4.387598908,4.587738332,3.786035235,0.6036648637,0.6035988269,0.6040982834,8.462005461,8.66130834,8.669823825
22.75,60.30190412,63.33257813,63.35355914,60.22236569,63.25428077,63.26413783,0.275375507,0.1323619633,4.387772527,4.587908599,3.786230119,0.6036135964,0.6035488882,0.604041136,8.461137365,8.660457003,8.668849405
22.8,60.29976437,63.3304792,63.35115712,60.22134166,63.25326622,63.2629845,0.2715344699,0.1305158614,4.387943707,4.588076514,3.78642228,0.6035630482,0.6034996387,0.6039847857,8.460281467,8.659617431,8.667888598
22.85,60.29765469,63.32840928,63.34878866,60.22033196,63.25226578,63.26184726,0.2677470149,0.1286955079,4.388112481,4.588242108,3.786611758,0.6035132092,0.6034510689,0.6039292213,8.459437594,8.658789462,8.666941212
22.9,60.29557465,63.32636797,63.34645328,60.21933639,63.25127925,63.26072588,0.2640123945,0.1269005437,4.388278885,4.588405412,3.786798588,0.6034640692,0.6034031695,0.6038744319,8.458605577,8.657972938,8.66600706
22.95,60.29352382,63.32435488,63.34415052,60.21835474,63.25030644,63.25962014,0.2603298713,0.1251306147,4.388442951,4.58856646,3.786982809,0.6034156185,0.6033559315,0.6038204066,8.457785247,8.657167702,8.665085957
23,60.2915018,63.32236963,63.34187992,60.21738683,63.24934716,63.25852982,0.2566987184,0.1233853717,4.388604712,4.58872528,3.787164456,0.6033678472,0.6033093457,0.6037671348,8.45697644,8.6563736,8.664177719
23.05,60.28950818,63.32041182,63.33964104,60.21643245,63.24840122,63.2574547,0.2531182189,0.1216644703,4.388764202,4.588881904,3.787343567,0.6033207459,0.6032634033,0.603714606,8.456178992,8.65559048,8.663282167
23.1,60.28754256,63.3184811,63.33743343,60.21549143,63.24746843,63.25639458,0.2495876661,0.1199675711,4.388921452,4.589036362,3.787520175,0.603274305,0.6032180955,0.6036628098,8.455392742,8.65481819,8.662399124
23.15,60.28560454,63.31657708,63.33525666,60.21456357,63.24654862,63.25534924,0.2461063629,0.1182943393,4.389076493,4.589188683,3.787694317,0.6032285153,0.6031734136,0.603611736,8.454617533,8.654056583,8.661528413
23.2,60.28369373,63.3146994,63.33311028,60.21364869,63.24564161,63.25431848,0.2426736222,0.1166444447,4.389229358,4.589338898,3.787866028,0.6031833676,0.6031293491,0.6035613744,8.453853209,8.653305512,8.660669862
23.25,60.28180974,63.31284771,63.33099388,60.21274661,63.24474721,63.25330209,0.2392887664,0.1150175619,4.389380077,4.589487034,3.78803534,0.6031388528,0.6030858935,0.6035117152,8.453099615,8.652564832,8.659823302
23.3,60.27995221,63.31102163,63.32890704,60.21185714,63.24386525,63.25229988,0.2359511273,0.11341337,4.38952868,4.58963312,3.788202287,0.6030949621,0.6030430384,0.6034627486,8.4523566,8.651834402,8.658988564
23.35,60.27812074,63.30922083,63.32684933,60.21098011,63.24299557,63.25131164,0.2326600461,0.1118315523,4.389675197,4.589777184,3.788366903,0.6030516866,0.6030007758,0.6034144648,8.451624015,8.65111408,8.658165483
23.4,60.27631498,63.30744495,63.32482036,60.21011534,63.24213798,63.25033718,0.2294148732,0.1102717969,4.389819658,4.589919254,3.788529221,0.6030090176,0.6029590974,0.6033668543,8.450901712,8.650403728,8.657353896
23.45,60.27453457,63.30569365,63.32281973,60.20926267,63.24129232,63.24937632,0.2262149682,0.108733796,4.389962091,4.590059358,3.788689272,0.6029669467,0.6029179952,0.6033199078,8.450189546,8.64970321,8.656553641
23.5,60.27277914,63.3039666,63.32084703,60.20842193,63.24045843,63.24842885,0.2230596994,0.1072172463,4.390102525,4.590197522,3.788847088,0.6029254654,0.6028774614,0.603273616,8.449487374,8.649012389,8.655764561
23.55,60.27104834,63.30226346,63.31890187,60.20759294,63.23963614,63.24749459,0.2199484442,0.1057218484,4.390240989,4.590333773,3.7890027,0.6028845654,0.6028374882,0.6032279698,8.448795055,8.648331133,8.654986499
23.6,60.26934183,63.3005839,63.31698388,60.20677554,63.23882529,63.24657337,0.2168805885,0.1042473075,4.39037751,4.590468138,3.78915614,0.6028442385,0.6027980679,0.60318296,8.44811245,8.647659311,8.654219301
23.65,60.26765926,63.29892761,63.31509266,60.20596957,63.23802573,63.24566499,0.2138555267,0.1027933326,4.390512116,4.590600641,3.789307437,0.6028044767,0.6027591929,0.603138578,8.447439422,8.646996793,8.653462815
23.7,60.26600029,63.29729425,63.31322785,60.20517487,63.23723729,63.24476927,0.2108726621,0.1013596368,4.390644833,4.59073131,3.789456622,0.602765272,0.6027208558,0.6030948148,8.446775835,8.64634345,8.652716891
23.75,60.2643646,63.29568352,63.31138908,60.20439128,63.23645982,63.24388605,0.2079314057,0.09994593726,4.390775689,4.590860168,3.789603724,0.6027266166,0.6026830491,0.6030516619,8.446121557,8.645699158,8.651981381
23.8,60.26275185,63.2940951,63.30957598,60.20361864,63.23569317,63.24301515,0.2050311773,0.09855195516,4.390904709,4.590987242,3.789748772,0.6026885027,0.6026457657,0.6030091108,8.445476457,8.645063791,8.651256141
23.85,60.26116172,63.29252869,63.30778819,60.20285681,63.2349372,63.24215639,0.2021714045,0.09717741545,4.391031919,4.591112555,3.789891795,0.6026509228,0.6026089982,0.602967153,8.444840404,8.644437227,8.650541025
23.9,60.25959388,63.29098399,63.30602536,60.20210563,63.23419174,63.2413096,0.1993515228,0.09582204696,4.391157346,4.591236131,3.790032821,0.6026138693,0.6025727397,0.6029257804,8.444213272,8.643819345,8.649835894
23.95,60.25804804,63.28946069,63.30428714,60.20136495,63.23345666,63.24047463,0.1965709756,0.0944855823,4.391281013,4.591357995,3.790171879,0.6025773347,0.6025369831,0.6028849846,8.443594934,8.643210026,8.649140606
24,60.25652387,63.2879585,63.30257319,60.20063462,63.2327318,63.2396513,0.1938292143,0.09316775779,4.391402947,4.59147817,3.790308995,0.6025413119,0.6025017215,0.6028447577,8.442985267,8.64260915,8.648455025
24.05,60.25502108,63.28647713,63.30088316,60.1999145,63.23201704,63.23883945,0.1911256974,0.09186831347,4.39152317,4.591596679,3.790444197,0.6025057936,0.6024669482,0.6028050917,8.442384148,8.642016604,8.647779014
24.1,60.25353935,63.2850163,63.29921673,60.19920445,63.23131223,63.23803892,0.1884598914,0.09058699297,4.391641709,4.591713546,3.790577512,0.6024707727,0.6024326565,0.6027659789,8.441791457,8.64143227,8.64711244
24.15,60.25207839,63.28357572,63.29757355,60.19850432,63.23061722,63.23724955,0.1858312699,0.0893235435,4.391758585,4.591828792,3.790708966,0.6024362423,0.6023988397,0.6027274114,8.441207075,8.640856038,8.646455171
24.2,60.25063792,63.28215511,63.29595332,60.19781398,63.22993189,63.23647119,0.1832393138,0.08807771582,4.391873823,4.591942441,3.790838585,0.6024021953,0.6023654913,0.6026893817,8.440630885,8.640287794,8.645807076
24.25,60.24921763,63.2807542,63.29435569,60.19713329,63.22925611,63.23570369,0.1806835123,0.08684926414,4.391987446,4.592054514,3.790966394,0.6023686251,0.6023326049,0.6026518823,8.440062771,8.63972743,8.645168028
24.3,60.24781726,63.27937272,63.29278037,60.19646211,63.22858972,63.23494689,0.1781633608,0.08563794611,4.392099476,4.592165033,3.79109242,0.6023355249,0.602300174,0.6026149058,8.43950262,8.639174836,8.644537899
24.35,60.24643651,63.27801039,63.29122704,60.19580032,63.22793262,63.23420064,0.175678362,0.08444352276,4.392209936,4.592274019,3.791216687,0.6023028881,0.6022681926,0.6025784448,8.43895032,8.638629906,8.643916567
24.4,60.24507511,63.27666696,63.28969539,60.19514777,63.22728466,63.2334648,0.1732280255,0.08326575844,4.392318848,4.592381493,3.791339219,0.6022707083,0.6022366542,0.6025424923,8.43840576,8.638092533,8.643303906
24.45,60.24373278,63.27534216,63.28818512,60.19450434,63.22664573,63.23273922,0.1708118678,0.08210442082,4.392426234,4.592487477,3.791460041,0.6022389789,0.602205553,0.602507041,8.437868832,8.637562614,8.642699797
24.5,60.24240927,63.27403574,63.28669592,60.1938699,63.22601569,63.23202376,0.168429412,0.08095928078,4.392532115,4.592591991,3.791579176,0.6022076938,0.6021748828,0.6024720841,8.437339427,8.637040046,8.642104119
24.55,60.2411043,63.27274745,63.28522751,60.19324433,63.22539442,63.23131828,0.1660801881,0.0798301124,4.392636512,4.592695054,3.791696649,0.6021768465,0.6021446377,0.6024376146,8.43681744,8.636524728,8.641516756
24.6,60.23981762,63.27147702,63.2837796,60.1926275,63.2247818,63.23062263,0.1637637323,0.07871669292,4.392739447,4.592796688,3.791812482,0.602146431,0.6021148119,0.6024036257,8.436302766,8.636016559,8.64093759
24.65,60.23854896,63.27022423,63.28235189,60.19201929,63.22417771,63.22993668,0.1614795877,0.07761880268,4.392840939,4.592896912,3.791926699,0.6021164412,0.6020853996,0.6023701107,8.435795303,8.635515441,8.640366507
24.7,60.23729808,63.26898882,63.28094411,60.19141958,63.22358203,63.2292603,0.1592273035,0.07653622509,4.39294101,4.592995745,3.792039321,0.6020868712,0.6020563951,0.602337063,8.435294949,8.635021277,8.639803394
24.75,60.23606472,63.26777055,63.27955598,60.19082825,63.22299465,63.22859336,0.1570064351,0.07546874658,4.393039679,4.593093206,3.792150372,0.602057715,0.6020277927,0.6023044762,8.434801604,8.63453397,8.639248141
24.8,60.23484863,63.26656919,63.27818722,60.19024518,63.22241545,63.22793571,0.1548165445,0.07441615656,4.393136966,4.593189315,3.792259873,0.6020289668,0.601999587,0.6022723437,8.43431517,8.634053427,8.638700636
24.85,60.23364958,63.26538451,63.27683756,60.18967026,63.22184431,63.22728723,0.1526571994,0.07337824736,4.39323289,4.593284089,3.792367846,0.6020006209,0.6019717725,0.6022406592,8.433835549,8.633579553,8.638160772
24.9,60.23246732,63.26421627,63.27550673,60.18910337,63.22128112,63.2266478,0.1505279737,0.07235481424,4.393327471,4.593377549,3.792474312,0.6019726717,0.6019443438,0.6022094165,8.433362646,8.633112257,8.637628442
24.95,60.23130162,63.26306424,63.27419448,60.1885444,63.22072578,63.22601728,0.1484284472,0.07134565527,4.393420727,4.593469711,3.792579292,0.6019451135,0.6019172955,0.6021786094,8.432896365,8.632651447,8.637103541
25,60.23015224,63.26192821,63.27290054,60.18799324,63.22017817,63.22539556,0.1463582057,0.07035057139,4.393512677,4.593560593,3.792682807,0.601917941,0.6018906224,0.6021482319,8.432436615,8.632197035,8.636585965
25.05,60.22901896,63.26080796,63.27162465,60.18744978,63.21963819,63.22478251,0.1443168405,0.06936936628,4.39360334,4.593650214,3.792784878,0.6018911486,0.6018643194,0.6021182779,8.431983302,8.631748932,8.636075611
25.1,60.22790155,63.25970325,63.27036657,60.18691391,63.21910573,63.224178,0.1423039489,0.06840184636,4.393692733,4.59373859,3.792885524,0.6018647311,0.6018383813,0.6020887415,8.431536337,8.631307051,8.63557238
25.15,60.22679978,63.25861389,63.26912605,60.18638553,63.21858068,63.22358193,0.1403191336,0.06744782076,4.393780874,4.593825739,3.792984766,0.6018386831,0.6018128031,0.602059617,8.431095631,8.630871305,8.63507617
25.2,60.22571344,63.25753965,63.26790284,60.18586453,63.21806295,63.22299416,0.1383620029,0.06650710127,4.393867781,4.593911678,3.793082623,0.6018129996,0.6017875799,0.6020308986,8.430661095,8.630441611,8.634586885
25.25,60.22464231,63.25648033,63.26669669,60.18535081,63.21755242,63.2224146,0.1364321706,0.06557950231,4.393953472,4.593996423,3.793179115,0.6017876753,0.6017627067,0.6020025805,8.430232642,8.630017884,8.634104427
25.3,60.22358617,63.25543573,63.26550738,60.18484427,63.21704901,63.22184311,0.1345292559,0.06466484088,4.394037962,4.594079992,3.79327426,0.6017627053,0.6017381787,0.6019746574,8.429810188,8.629600041,8.633628702
25.35,60.22254482,63.25440563,63.26433466,60.1843448,63.21655261,63.2212796,0.1326528833,0.06376293654,4.394121271,4.594162399,3.793368077,0.6017380846,0.6017139911,0.6019471235,8.429393647,8.629188003,8.633159614
25.4,60.22151805,63.25338984,63.2631783,60.1838523,63.21606312,63.22072394,0.1308026826,0.06287361136,4.394203413,4.594243663,3.793460586,0.6017138082,0.6016901393,0.6019199735,8.428982937,8.628781687,8.632697072
25.45,60.22050565,63.25238817,63.26203808,60.18336669,63.21558046,63.22017604,0.1289782885,0.06199668988,4.394284405,4.594323797,3.793551803,0.6016898714,0.6016666186,0.6018932021,8.428577976,8.628381016,8.632240983
25.5,60.21950741,63.2514004,63.26091377,60.18288786,63.21510451,63.21963577,0.1271793413,0.06113199912,4.394364263,4.594402818,3.793641748,0.6016662694,0.6016434245,0.6018668039,8.428178684,8.627985911,8.631791259
25.55,60.21852315,63.25042636,63.25980515,60.18241572,63.21463519,63.21910304,0.1254054858,0.06027936849,4.394443004,4.594480741,3.793730438,0.6016429974,0.6016205523,0.6018407738,8.42778498,8.627596295,8.631347809
25.6,60.21755267,63.24946586,63.25871199,60.18195017,63.21417242,63.21857773,0.1236563721,0.05943862977,4.394520643,4.594557582,3.793817891,0.6016200509,0.6015979977,0.6018151066,8.427396785,8.627212092,8.630910547
25.65,60.21659576,63.2485187,63.25763409,60.18149113,63.21371608,63.21805975,0.1219316552,0.05860961712,4.394597195,4.594633354,3.793904123,0.6015974253,0.6015757564,0.6017897973,8.427014024,8.626833228,8.630479386
25.7,60.21565225,63.2475847,63.25657123,60.1810385,63.21326611,63.217549,0.1202309946,0.05779216698,4.394672676,4.594708074,3.793989152,0.6015751161,0.6015538238,0.6017648408,8.426636619,8.626459628,8.63005424
25.75,60.21472194,63.24666367,63.25552319,60.18059219,63.2128224,63.21704536,0.1185540549,0.05698611808,4.394747101,4.594781756,3.794072995,0.6015531189,0.6015321959,0.6017402324,8.426264495,8.62609122,8.629635027
25.8,60.21380465,63.24575545,63.25448978,60.18015211,63.21238488,63.21654875,0.1169005053,0.05619131142,4.394820484,4.594854414,3.794155668,0.6015314293,0.6015108684,0.601715967,8.425897578,8.625727931,8.629221662
25.85,60.21290019,63.24485985,63.25347079,60.17971818,63.21195345,63.21605907,0.1152700195,0.05540759018,4.394892841,4.594926062,3.794237187,0.6015100429,0.601489837,0.6016920399,8.425535795,8.625369691,8.628814064
25.9,60.21200839,63.2439767,63.25246601,60.17929031,63.21152803,63.21557621,0.1136622758,0.05463479976,4.394964185,4.594996714,3.794317569,0.6014889556,0.6014690978,0.6016684465,8.425179075,8.62501643,8.628412154
25.95,60.21112907,63.24310582,63.25147525,60.17886841,63.21110854,63.21510009,0.1120769571,0.05387278771,4.395034531,4.595066384,3.79439683,0.6014681631,0.6014486468,0.601645182,8.424827345,8.62466808,8.62801585
26,60.21026204,63.24224705,63.25049832,60.17845241,63.21069489,63.21463061,0.1105137507,0.05312140369,4.395103893,4.595135086,3.794474985,0.6014476613,0.6014284798,0.6016222419,8.424480536,8.624324571,8.627625076
26.05,60.20940715,63.24140022,63.24953501,60.17804221,63.210287,63.21416767,0.108972348,0.05238049946,4.395172284,4.595202832,3.794552049,0.6014274462,0.6014085929,0.6015996216,8.424138579,8.623985838,8.627239754
26.1,60.20856422,63.24056516,63.24858515,60.17763775,63.2098848,63.21371119,0.1074524449,0.05164992888,4.395239719,4.595269637,3.794628038,0.6014075137,0.6013889824,0.6015773168,8.423801406,8.623651813,8.626859808
26.15,60.20773308,63.23974171,63.24764853,60.17723893,63.2094882,63.21326108,0.1059537417,0.0509295478,4.39530621,4.595335514,3.794702967,0.6013878598,0.6013696444,0.6015553229,8.423468949,8.623322432,8.626485163
26.2,60.20691356,63.2389297,63.24672499,60.17684568,63.20909713,63.21281724,0.1044759424,0.05021921411,4.395371771,4.595400474,3.794776851,0.6013684807,0.6013505751,0.6015336357,8.423141143,8.622997631,8.626115744
26.25,60.20610551,63.23812899,63.24581432,60.17645792,63.2087115,63.2123796,0.1030187554,0.04951878769,4.395436415,4.595464531,3.794849704,0.6013493725,0.6013317708,0.6015122508,8.422817923,8.622677345,8.625751479
26.3,60.20530876,63.23733941,63.24491637,60.17607558,63.20833125,63.21194805,0.1015818932,0.04882813034,4.395500155,4.595527697,3.794921541,0.6013305313,0.6013132277,0.6014911641,8.422499223,8.622361513,8.625392296
26.35,60.20452316,63.23656081,63.24403094,60.17569858,63.2079563,63.21152252,0.1001650719,0.04814710582,4.395563004,4.595589986,3.794992375,0.6013119536,0.6012949424,0.6014703714,8.42218498,8.622050072,8.625038124
26.4,60.20374854,63.23579303,63.24315786,60.17532684,63.20758657,63.21110293,0.09876801185,0.04747557977,4.395624973,4.595651408,3.795062222,0.6012936355,0.6012769113,0.6014498686,8.421875133,8.621742962,8.624688892
26.45,60.20298475,63.23503593,63.24229696,60.17496029,63.20722199,63.21068919,0.09739043759,0.04681341972,4.395686076,4.595711975,3.795131093,0.6012755734,0.6012591307,0.6014296517,8.421569618,8.621440123,8.624344533
26.5,60.20223165,63.23428936,63.24144807,60.17459886,63.2068625,63.21028122,0.09603207754,0.04616049504,4.395746325,4.595771701,3.795199004,0.6012577638,0.6012415973,0.6014097166,8.421268376,8.621141495,8.624004978
26.55,60.20148907,63.23355318,63.24061102,60.17424247,63.20650801,63.20987894,0.09469266367,0.04551667691,4.395805731,4.595830596,3.795265968,0.6012402032,0.6012243077,0.6013900595,8.420971347,8.62084702,8.623670159
26.6,60.20075688,63.23282723,63.23978565,60.17389107,63.20615846,63.20948226,0.09337193169,0.04488183833,4.395864306,4.595888672,3.795331998,0.6012228879,0.6012072583,0.6013706765,8.420678472,8.620556641,8.623340011
26.65,60.20003493,63.23211138,63.2389718,60.17354456,63.20581379,63.20909112,0.09206962102,0.04425585405,4.395922062,4.59594594,3.795397106,0.6012058146,0.601190446,0.6013515637,8.420389691,8.620270301,8.623014469
26.7,60.19932308,63.23140549,63.2381693,60.1732029,63.20547391,63.20870544,0.0907854747,0.04363860059,4.39597901,4.596002411,3.795461306,0.60118898,0.6011738675,0.6013327174,8.420104949,8.619987944,8.622693468
26.75,60.19862118,63.23070941,63.23737799,60.17286601,63.20513877,63.20832513,0.08951923939,0.04302995617,4.396035162,4.596058097,3.795524611,0.6011723805,0.6011575194,0.6013141338,8.419824188,8.619709514,8.622376945
26.8,60.19792909,63.23002302,63.23659772,60.17253382,63.20480831,63.20795013,0.08827066526,0.04242980071,4.396090529,4.596113008,3.795587032,0.6011560131,0.6011413986,0.6012958094,8.419547353,8.619434958,8.622064838
26.85,60.19724667,63.22934618,63.23582834,60.17220627,63.20448245,63.20758035,0.08703950599,0.04183801583,4.396145122,4.596167156,3.795648583,0.6011398744,0.601125502,0.6012777405,8.419274388,8.61916422,8.621757084
26.9,60.1965738,63.22867875,63.23506969,60.17188329,63.20416113,63.20721573,0.08582551867,0.04125448476,4.396198952,4.59622055,3.795709275,0.6011239612,0.6011098265,0.6012599234,8.41900524,8.618897249,8.621453624
26.95,60.19591034,63.22802061,63.23432162,60.17156482,63.20384428,63.2068562,0.0846284638,0.04067909241,4.396252029,4.596273201,3.795769121,0.6011082703,0.6010943689,0.6012423548,8.418739854,8.618633993,8.621154397
27,60.19525615,63.22737162,63.23358398,60.17125079,63.20353186,63.20650168,0.08344810519,0.04011172524,4.396304364,4.59632512,3.795828131,0.6010927988,0.6010791263,0.6012250312,8.418478178,8.618374398,8.620859343
27.05,60.19461111,63.22673167,63.23285664,60.17094115,63.20322378,63.20615211,0.08228420998,0.03955227133,4.396355968,4.596376317,3.795886319,0.6010775433,0.6010640957,0.6012079491,8.418220161,8.618118416,8.620568406
27.1,60.19397508,63.22610061,63.23213944,60.17063584,63.20292,63.2058074,0.08113654852,0.03900062032,4.39640685,4.596426801,3.795943695,0.6010625011,0.6010492741,0.6011911051,8.41796575,8.617865996,8.620281527
27.15,60.19334794,63.22547834,63.23143225,60.17033478,63.20262046,63.20546751,0.08000489438,0.03845666337,4.396457021,4.596476583,3.79600027,0.601047669,0.6010346587,0.6011744961,8.417714896,8.617617087,8.61999865
27.2,60.19272957,63.22486473,63.23073492,60.17003793,63.20232509,63.20513236,0.07888902427,0.03792029318,4.39650649,4.596525672,3.796056056,0.6010330441,0.6010202465,0.6011581186,8.417467548,8.617371642,8.619719719
27.25,60.19211985,63.22425966,63.23004732,60.16974522,63.20203383,63.20480188,0.07778871803,0.03739140392,4.396555268,4.596574077,3.796111064,0.6010186236,0.6010060349,0.6011419694,8.417223658,8.617129613,8.619444678
27.3,60.19151865,63.223663,63.22936931,60.1694566,63.20174664,63.20447601,0.07670375856,0.03686989126,4.396603365,4.59662181,3.796165305,0.6010044045,0.6009920209,0.6011260454,8.416983176,8.616890952,8.619173475
27.35,60.19092584,63.22307465,63.22870076,60.16917201,63.20146344,63.20415468,0.07563393177,0.03635565232,4.396650789,4.596668878,3.796218789,0.6009903841,0.6009782018,0.6011103434,8.416746056,8.616655612,8.618906054
27.4,60.19034133,63.22249449,63.22804153,60.16889139,63.2011842,63.20383784,0.07457902658,0.03584858564,4.39669755,4.596715291,3.796271527,0.6009765596,0.600964575,0.6010948604,8.41651225,8.616423547,8.618642363
27.45,60.18976498,63.22192241,63.2273915,60.16861469,63.20090884,63.20352541,0.07353883483,0.0353485912,4.396743658,4.596761058,3.79632353,0.6009629282,0.6009511378,0.6010795932,8.416281711,8.616194712,8.618382351
27.5,60.18919669,63.22135828,63.22675054,60.16834185,63.20063733,63.20321734,0.0725131513,0.03485557035,4.396789121,4.596806188,3.796374807,0.6009494872,0.6009378876,0.6010645389,8.416054395,8.615969062,8.618125965
27.55,60.18863634,63.22080201,63.22611852,60.16807281,63.2003696,63.20291356,0.07150177358,0.03436942583,4.396833949,4.59685069,3.796425369,0.600936234,0.6009248216,0.6010496945,8.415830255,8.615746552,8.617873156
27.6,60.18808382,63.22025347,63.22549531,60.16780754,63.2001056,63.20261403,0.07050450214,0.03389006174,4.39687815,4.596894572,3.796475225,0.6009231659,0.6009119375,0.6010350571,8.415609248,8.615527139,8.617623873
27.65,60.18753903,63.21971258,63.22488079,60.16754596,63.19984528,63.20231867,0.06952114019,0.03341738351,4.396921734,4.596937844,3.796524387,0.6009102803,0.6008992327,0.6010206238,8.415391329,8.615310781,8.617378067
27.7,60.18700184,63.21917921,63.22427485,60.16728804,63.19958859,63.20202743,0.06855149373,0.03295129788,4.396964709,4.596980513,3.796572862,0.6008975747,0.6008867046,0.6010063917,8.415176455,8.615097434,8.61713569
27.75,60.18647216,63.21865327,63.22367736,60.16703372,63.19933547,63.20174025,0.06759537143,0.03249171292,4.397007083,4.597022589,3.796620661,0.6008850467,0.6008743508,0.600992358,8.414964584,8.614887057,8.616896694
27.8,60.18594989,63.21813465,63.2230882,60.16678295,63.19908589,63.20145707,0.06665258466,0.03203853794,4.397048865,4.597064078,3.796667794,0.6008726936,0.600862169,0.60097852,8.414755673,8.614679608,8.616661031
27.85,60.18543491,63.21762324,63.22250726,60.16653568,63.19883978,63.20117784,0.06572294742,0.03159168356,4.397090064,4.597104991,3.796714269,0.600860513,0.6008501567,0.600964875,8.414549681,8.614475047,8.616428655
27.9,60.18492712,63.21711896,63.22193443,60.16629186,63.1985971,63.20090251,0.06480627632,0.03115106161,4.397130686,4.597145333,3.796760096,0.6008485026,0.6008383115,0.6009514202,8.414346568,8.614273334,8.616199521
27.95,60.18442644,63.2166217,63.22136958,60.16605144,63.19835781,63.20063102,0.0639023905,0.03071658517,4.397170741,4.597185114,3.796805284,0.6008366599,0.6008266312,0.600938153,8.414146293,8.614074429,8.615973582
28,60.18393274,63.21613136,63.22081261,60.16581438,63.19812185,63.20036331,0.06301111167,0.03028816852,4.397210237,4.597224341,3.796849841,0.6008249826,0.6008151135,0.6009250708,8.413948816,8.613878294,8.615750795
28.05,60.18344595,63.21564785,63.22026341,60.16558062,63.19788918,63.20009934,0.06213226401,0.02986572716,4.397249181,4.597263022,3.796893777,0.6008134684,0.6008037561,0.600912171,8.413754097,8.613684889,8.615531115
28.1,60.18296595,63.21517107,63.21972188,60.16535013,63.19765976,63.19983905,0.06126567416,0.02944917773,4.39728758,4.597301165,3.7969371,0.600802115,0.6007925567,0.600899451,8.4135621,8.613494176,8.6153145
28.15,60.18249267,63.21470092,63.21918789,60.16512286,63.19743353,63.19958239,0.06041117119,0.02903843807,4.397325443,4.597338776,3.796979819,0.6007909202,0.6007815132,0.6008869085,8.413372785,8.613306119,8.615100906
28.2,60.18202599,63.21423733,63.21866135,60.16489876,63.19721046,63.19932931,0.05956858654,0.02863342714,4.397362777,4.597375864,3.797021942,0.6007798817,0.6007706235,0.6008745407,8.413186114,8.613120681,8.614890291
28.25,60.18156583,63.21378019,63.21814216,60.16467779,63.19699049,63.19907975,0.05873775401,0.02823406504,4.39739959,4.597412435,3.797063477,0.6007689974,0.6007598853,0.6008623455,8.413002052,8.612937824,8.614682614
28.3,60.18111211,63.21332941,63.21763021,60.1644599,63.1967736,63.19883368,0.05791850973,0.02784027298,4.397435888,4.597448497,3.797104433,0.6007582651,0.6007492966,0.6008503203,8.412820561,8.612757514,8.614477833
28.35,60.18066472,63.21288491,63.2171254,60.16424505,63.19655972,63.19859104,0.05711069209,0.02745197329,4.397471679,4.597484057,3.797144818,0.6007476827,0.6007388553,0.6008384627,8.412641605,8.612579715,8.614275909
28.4,60.18022358,63.2124466,63.21662763,60.1640332,63.19634883,63.19835178,0.05631414175,0.02706908935,4.39750697,4.597519122,3.79718464,0.600737248,0.6007285594,0.6008267705,8.41246515,8.612404391,8.614076801
28.45,60.1797886,63.2120144,63.2161368,60.16382431,63.19614088,63.19811586,0.05552870157,0.02669154563,4.397541768,4.597553698,3.797223906,0.6007269591,0.6007184068,0.6008152414,8.412291159,8.612231509,8.613880471
28.5,60.1793597,63.21158821,63.21565282,60.16361833,63.19593582,63.19788323,0.05475421657,0.02631926765,4.39757608,4.597587793,3.797262624,0.6007168138,0.6007083955,0.6008038729,8.412119599,8.612061034,8.613686879
28.55,60.17893679,63.21116796,63.21517559,60.16341522,63.19573363,63.19765385,0.05399053395,0.02595218197,4.397609913,4.597621413,3.797300803,0.6007068102,0.6006985237,0.600792663,8.411950435,8.611892934,8.613495987
28.6,60.17851979,63.21075356,63.21470502,60.16321496,63.19553425,63.19742766,0.05323750298,0.02559021616,4.397643273,4.597654565,3.797338448,0.6006969463,0.6006887892,0.6007816095,8.411783634,8.611727174,8.613307758
28.65,60.17810861,63.21034493,63.21424101,60.16301748,63.19533765,63.19720463,0.05249497504,0.02523329883,4.397676167,4.597687255,3.797375569,0.6006872202,0.6006791903,0.60077071,8.411619163,8.611563724,8.613122154
28.7,60.17770318,63.209942,63.21378347,60.16282276,63.1951438,63.1969847,0.0517628035,0.02488135955,4.397708602,4.59771949,3.797412172,0.6006776298,0.6006697251,0.6007599625,8.41145699,8.611402549,8.612939139
28.75,60.17730341,63.20954467,63.21333232,60.16263076,63.19495264,63.19676785,0.05104084377,0.02453432889,4.397740584,4.597751276,3.797448265,0.6006681734,0.6006603916,0.6007493649,8.411297081,8.611243619,8.612758676
28.8,60.17690922,63.20915288,63.21288745,60.16244144,63.19476415,63.19655402,0.05032895322,0.0241921384,4.397772119,4.597782619,3.797483854,0.600658849,0.6006511881,0.600738915,8.411139406,8.611086903,8.61258073
28.85,60.17652054,63.20876655,63.21244879,60.16225476,63.19457829,63.19634317,0.04962699163,0.02385472057,4.397803213,4.597813526,3.797518947,0.6006496548,0.6006421128,0.6007286108,8.410983933,8.610932369,8.612405267
28.9,60.17613728,63.2083856,63.21201625,60.16207069,63.19439502,63.19613526,0.04893482069,0.02352200882,4.397833874,4.597844002,3.79755355,0.6006405889,0.6006331638,0.6007184503,8.410830632,8.610779988,8.61223225
28.95,60.17575938,63.20800995,63.21158974,60.16188918,63.19421431,63.19593025,0.04825230382,0.02319393753,4.397864106,4.597874054,3.797587671,0.6006316497,0.6006243394,0.6007084315,8.410679471,8.610629729,8.612061647
29,60.17538676,63.20763953,63.21116918,60.16171021,63.19403611,63.1957281,0.04757930636,0.02287044197,4.397893916,4.597903687,3.797621315,0.6006228352,0.6006156379,0.6006985524,8.410530422,8.610481563,8.611893423
29.05,60.17501934,63.20727428,63.21075449,60.16153374,63.1938604,63.19552877,0.04691569553,0.02255145833,4.397923309,4.597932908,3.797654491,0.6006141438,0.6006070576,0.600688811,8.410383454,8.610335461,8.611727545
29.1,60.17465705,63.20691411,63.21034558,60.16135972,63.19368714,63.19533222,0.04626134041,0.02223692367,4.397952292,4.597961721,3.797687204,0.6006055738,0.6005985968,0.6006792055,8.410238539,8.610191395,8.611563981
29.15,60.17429982,63.20655896,63.20994237,60.16118814,63.19351629,63.19513841,0.04561611191,0.02192677594,4.397980871,4.597990133,3.79771946,0.6005971234,0.6005902538,0.6006697339,8.410095647,8.610049335,8.611402699
29.2,60.17394758,63.20620876,63.20954479,60.16101895,63.19334783,63.1949473,0.04497988274,0.02162095396,4.39800905,4.598018149,3.797751267,0.600588791,0.600582027,0.6006603943,8.409954751,8.609909253,8.611243665
29.25,60.17360026,63.20586343,63.20915275,60.16085212,63.19318171,63.19475886,0.04435252739,0.02131939739,4.398036836,4.598045775,3.79778263,0.6005805749,0.6005739148,0.600651185,8.409815822,8.609771124,8.61108685
29.3,60.17325779,63.20552292,63.20876618,60.16068762,63.19301792,63.19457305,0.04373392211,0.02102204674,4.398064233,4.598073016,3.797813556,0.6005724735,0.6005659156,0.6006421041,8.409678834,8.609634918,8.610932222
29.35,60.1729201,63.20518715,63.208385,60.16052542,63.1928564,63.19438982,0.04312394486,0.02072884336,4.398091248,4.598099878,3.79784405,0.6005644852,0.6005580277,0.6006331498,8.409543758,8.60950061,8.610779751
29.4,60.17258713,63.20485606,63.20800914,60.16036548,63.19269714,63.19420916,0.0425224753,0.02043972939,4.398117886,4.598126365,3.797874119,0.6005566085,0.6005502498,0.6006243204,8.409410569,8.609368173,8.610629406
29.45,60.1722588,63.20452958,63.20763852,60.16020777,63.19254009,63.19403101,0.04192939478,0.02015464781,4.398144152,4.598152484,3.797903768,0.6005488417,0.6005425801,0.6006156141,8.40927924,8.609237581,8.610481158
29.5,60.17193506,63.20420765,63.20727307,60.16005226,63.19238524,63.19385534,0.0413445863,0.01987354236,4.398170051,4.598178238,3.797933004,0.6005411833,0.6005350173,0.6006070292,8.409149744,8.609108808,8.610334978
29.55,60.17161585,63.2038902,63.20691272,60.15989892,63.19223255,63.19368213,0.04076793447,0.01959635761,4.398195589,4.598203634,3.797961833,0.6005336319,0.6005275599,0.600598564,8.409022056,8.60898183,8.610190836
29.6,60.17130108,63.20357718,63.20655739,60.15974772,63.19208198,63.19351133,0.04019932553,0.01932303885,4.39822077,4.598228676,3.797990259,0.6005261858,0.6005202063,0.6005902169,8.408896152,8.60885662,8.610048705
29.65,60.17099072,63.20326851,63.20620702,60.15959863,63.19193351,63.19334292,0.03963864731,0.01905353217,4.398245599,4.598253369,3.798018289,0.6005188437,0.6005129551,0.6005819861,8.408772005,8.608733155,8.609908557
29.7,60.17068469,63.20296415,63.20586153,60.15945162,63.19178712,63.19317685,0.03908578916,0.01878778441,4.398270082,4.598277718,3.798045927,0.6005116041,0.600505805,0.6005738701,8.408649592,8.608611411,8.609770363
29.75,60.17038293,63.20266403,63.20552087,60.15930666,63.19164276,63.1930131,0.03854064202,0.01852574313,4.398294222,4.598301728,3.798073181,0.6005044656,0.6004987545,0.6005658673,8.408528888,8.608491362,8.609634096
29.8,60.17008538,63.20236809,63.20518495,60.15916373,63.19150042,63.19285163,0.03800309833,0.01826735665,4.398318026,4.598325403,3.798100054,0.6004974267,0.6004918021,0.6005579761,8.40840987,8.608372986,8.60949973
29.85,60.16979199,63.20207627,63.20485372,60.15902279,63.19136006,63.19269242,0.03747305201,0.01801257398,4.398341497,4.598348748,3.798126552,0.600490486,0.6004849467,0.6005501949,8.408292513,8.60825626,8.609367238
29.9,60.16950269,63.20178852,63.20452711,60.15888381,63.19122166,63.19253542,0.03695039849,0.01776134486,4.398364641,4.598371768,3.798152681,0.6004836423,0.6004781867,0.6005425222,8.408176795,8.608141159,8.609236594
29.95,60.16921743,63.20150478,63.20420505,60.15874678,63.19108519,63.19238061,0.03643503465,0.01751361973,4.398387462,4.598394467,3.798178446,0.600476894,0.6004715209,0.6005349565,8.408062692,8.608027663,8.609107772
30,60.16893616,63.201225,63.20388749,60.15861165,63.19095062,63.19222797,0.03592685879,0.01726934973,4.398409964,4.59841685,3.798203851,0.60047024,0.6004649479,0.6005274962,8.407950182,8.607915748,8.608980746
30.05,60.16865881,63.20094911,63.20357436,60.15847842,63.19081793,63.19207745,0.03542577064,0.01702848665,4.398432151,4.598438921,3.798228902,0.6004636788,0.6004584666,0.6005201401,8.407839243,8.607805393,8.608855492
30.1,60.16838534,63.20067706,63.20326559,60.15834704,63.19068709,63.19192903,0.03493167134,0.01679098298,4.398454029,4.598460685,3.798253603,0.6004572092,0.6004520755,0.6005128864,8.407729853,8.607696575,8.608731986
30.15,60.16811568,63.20040881,63.20296113,60.15821749,63.19055807,63.19178268,0.03444446341,0.01655679187,4.398475602,4.598482145,3.79827796,0.60045083,0.6004457735,0.600505734,8.40762199,8.607589273,8.608610201
30.2,60.16784979,63.20014429,63.20266091,60.15808975,63.19043085,63.19163837,0.03396405071,0.01632586711,4.398496873,4.598503307,3.798301977,0.6004445397,0.6004395592,0.6004986812,8.407515633,8.607483467,8.608490115
30.25,60.16758761,63.19988346,63.20236489,60.1579638,63.19030541,63.19149608,0.03349033846,0.01609816315,4.398517848,4.598524173,3.798325659,0.6004383373,0.6004334316,0.6004917269,8.407410761,8.607379135,8.608371704
30.3,60.16732909,63.19962627,63.20207299,60.1578396,63.19018171,63.19135577,0.03302323321,0.01587363507,4.39853853,4.598544749,3.798349011,0.6004322214,0.6004273893,0.6004848694,8.407307352,8.607276257,8.608254945
30.35,60.16707417,63.19937266,63.20178516,60.15771713,63.19005974,63.19121741,0.0325626428,0.01565223857,4.398558922,4.598565037,3.798372037,0.6004261909,0.6004214312,0.6004781076,8.407205388,8.607174813,8.608139814
30.4,60.16682282,63.19912258,63.20150135,60.15759638,63.18993947,63.19108099,0.03210847639,0.01543392998,4.398579031,4.598585044,3.798394742,0.6004202445,0.6004155561,0.6004714401,8.407104846,8.607074782,8.608026288
30.45,60.16657498,63.19887599,63.20122149,60.15747731,63.18982088,63.19094647,0.03166064437,0.01521866622,4.398598858,4.598604771,3.798417131,0.6004143812,0.6004097629,0.6004648656,8.407005708,8.606976145,8.607914346
30.5,60.16633059,63.19863283,63.20094554,60.1573599,63.18970394,63.19081382,0.03121905841,0.01500640483,4.398618409,4.598624223,3.798439207,0.6004085997,0.6004040504,0.6004583827,8.406907954,8.606878883,8.607803965
30.55,60.16608962,63.19839307,63.20067343,60.15724412,63.18958863,63.19068303,0.03078363141,0.01479710393,4.398637687,4.598643405,3.798460975,0.6004028988,0.6003984175,0.6004519903,8.406811565,8.606782976,8.607695124
30.6,60.16585201,63.19815664,63.20040513,60.15712997,63.18947493,63.19055405,0.0303542775,0.01459072224,4.398656696,4.598662319,3.79848244,0.6003972776,0.6003928631,0.600445687,8.406716521,8.606688406,8.6075878
30.65,60.16561771,63.19792351,63.20014056,60.1570174,63.18936282,63.19042688,0.02993091198,0.01438721904,4.398675439,4.598680969,3.798503605,0.6003917348,0.6003873861,0.6004394715,8.406622804,8.606595154,8.607481974
30.7,60.16538669,63.19769363,63.19987968,60.15690641,63.18925227,63.19030148,0.02951345136,0.01418655417,4.398693921,4.59869936,3.798524475,0.6003862693,0.6003819854,0.6004333428,8.406530395,8.606503202,8.607377623
30.75,60.16515889,63.19746695,63.19962244,60.15679696,63.18914326,63.19017783,0.02910181332,0.01398868806,4.398712145,4.598717494,3.798545054,0.6003808801,0.60037666,0.6004272995,8.406439276,8.606412531,8.607274728
30.8,60.16493428,63.19724343,63.19936879,60.15668904,63.18903576,63.1900559,0.02869591666,0.01379358167,4.398730114,4.598735375,3.798565347,0.6003755662,0.6003714087,0.6004213405,8.406349429,8.606323123,8.607173267
30.85,60.16471279,63.19702303,63.19911868,60.15658263,63.18892977,63.18993568,0.02829568134,0.01360119651,4.398747833,4.598753008,3.798585356,0.6003703264,0.6003662307,0.6004154645,8.406260836,8.606234962,8.607073222
30.9,60.1644944,63.1968057,63.19887206,60.1564777,63.18882526,63.18981713,0.02790102842,0.01341149462,4.398765304,4.598770394,3.798605085,0.6003651597,0.6003611248,0.6004096706,8.40617348,8.60614803,8.606974573
30.95,60.16427906,63.1965914,63.19862887,60.15637424,63.1887222,63.18970023,0.02751188006,0.01322443857,4.398782531,4.598787538,3.79862454,0.6003600652,0.6003560901,0.6004039574,8.406087343,8.606062309,8.606877299
31,60.16406673,63.19638008,63.19838908,60.15627222,63.18862058,63.18958497,0.02712815949,0.01303999148,4.398799518,4.598804443,3.798643724,0.6003550417,0.6003511255,0.6003983239,8.406002408,8.605977783,8.606781382
31.05,60.16385735,63.19617171,63.19815263,60.15617162,63.18852038,63.18947131,0.02674979103,0.01285811694,4.398816268,4.598821113,3.79866264,0.6003500883,0.6003462301,0.6003927689,8.405918659,8.605894435,8.606686802
31.1,60.1636509,63.19596625,63.19791948,60.15607243,63.18842158,63.18935924,0.0263767,0.01267877909,4.398832784,4.59883755,3.798681292,0.6003452041,0.6003414029,0.6003872914,8.405836079,8.605812249,8.606593542
31.15,60.16344733,63.19576365,63.19768958,60.15597462,63.18832415,63.18924873,0.02600881279,0.01250194253,4.39884907,4.598853758,3.798699683,0.6003403881,0.600336643,0.6003818903,8.405754652,8.605731208,8.606501583
31.2,60.16324661,63.19556387,63.19746289,60.15587817,63.18822808,63.18913976,0.02564605676,0.01232757238,4.398865128,4.598869741,3.798717819,0.6003356392,0.6003319495,0.6003765645,8.405674361,8.605651297,8.606410906
31.25,60.16304868,63.19536687,63.19723936,60.15578307,63.18813335,63.18903231,0.02528836029,0.01215563424,4.398880962,4.5988855,3.798735701,0.6003309566,0.6003273214,0.600371313,8.405595191,8.6055725,8.606321493
31.3,60.16285352,63.19517263,63.19701895,60.1556893,63.18803995,63.18892636,0.02493565272,0.0119860942,4.398896575,4.59890104,3.798753334,0.6003263394,0.6003227577,0.6003661347,8.405517125,8.605494801,8.606233328
31.35,60.16266108,63.19498109,63.19680161,60.15559684,63.18794784,63.18882189,0.02458786433,0.0118189188,4.39891197,4.598916363,3.798770722,0.6003217866,0.6003182577,0.6003610286,8.40544015,8.605418185,8.606146392
31.4,60.16247132,63.19479222,63.1965873,60.15550566,63.18785702,63.18871887,0.02424492638,0.01165407506,4.39892715,4.598931473,3.798787866,0.6003172973,0.6003138204,0.6003559938,8.405364248,8.605342637,8.606060669
31.45,60.16228422,63.19460598,63.19637598,60.15541576,63.18776747,63.18861729,0.02390677144,0.01149153047,4.398942119,4.598946372,3.798804772,0.6003128707,0.6003094449,0.6003510291,8.405289406,8.605268142,8.605976141
31.5,60.16209973,63.19442234,63.19616761,60.15532711,63.18767916,63.18851713,0.02357333291,0.01133125295,4.398956878,4.598961063,3.798821442,0.6003085058,0.6003051304,0.6003461336,8.405215608,8.605194685,8.605892792
31.55,60.16191781,63.19424126,63.19596214,60.1552397,63.18759209,63.18841837,0.023244545,0.01117321089,4.398971432,4.59897555,3.798837879,0.6003042019,0.600300876,0.6003413065,8.405142841,8.605122252,8.605810606
31.6,60.16173843,63.1940627,63.19575954,60.15515351,63.18750623,63.18832098,0.02292034282,0.01101737311,4.398985782,4.598989834,3.798854087,0.600299958,0.6002966809,0.6003365466,8.405071089,8.605050829,8.605729566
31.65,60.16156155,63.19388663,63.19555977,60.15506852,63.18742156,63.18822495,0.02260066243,0.01086370887,4.398999932,4.59900392,3.798870069,0.6002957733,0.6002925443,0.6003318531,8.405000338,8.604980402,8.605649656
31.7,60.16138714,63.19371302,63.19536278,60.15498471,63.18733808,63.18813026,0.02228544074,0.01071218784,4.399013885,4.599017809,3.798885828,0.6002916471,0.6002884654,0.6003272251,8.404930575,8.604910956,8.60557086
31.75,60.16121517,63.19354182,63.19516854,60.15490208,63.18725576,63.18803689,0.02197461558,0.01056278014,4.399027643,4.599031504,3.798901367,0.6002875784,0.6002844433,0.6003226616,8.404861785,8.604842478,8.605493164
31.8,60.16104559,63.19337301,63.194977,60.1548206,63.18717459,63.18794482,0.02166812563,0.01041545629,4.399041209,4.599045009,3.79891669,0.6002835665,0.6002804773,0.6003181617,8.404793955,8.604774955,8.605416551
31.85,60.16087838,63.19320656,63.19478814,60.15474025,63.18709456,63.18785404,0.02136591044,0.01027018723,4.399054586,4.599058325,3.798931799,0.6002796105,0.6002765665,0.6003137246,8.404727072,8.604708373,8.605341007
31.9,60.16071351,63.19304242,63.19460191,60.15466103,63.18701563,63.18776452,0.02106791038,0.0101269443,4.399067776,4.599071456,3.798946697,0.6002757098,0.6002727103,0.6003093494,8.404661122,8.60464272,8.605266516
31.95,60.16055094,63.19288058,63.19441829,60.15458291,63.18693781,63.18767625,0.02077406668,0.009985699237,4.399080781,4.599084404,3.798961387,0.6002718635,0.6002689078,0.6003050352,8.404596093,8.604577981,8.605193064
32,60.16039063,63.19272099,63.19423722,60.15450588,63.18686108,63.18758921,0.02048432136,0.009846424179,4.399093606,4.599097171,3.798975873,0.6002680708,0.6002651583,0.6003007811,8.404531971,8.604514145,8.605120636
32.05,60.16023257,63.19256362,63.19405867,60.15442992,63.18678541,63.18750339,0.02019861729,0.009709091648,4.399106251,4.59910976,3.798990156,0.6002643311,0.6002614611,0.6002965864,8.404468744,8.604451199,8.605049219
32.1,60.1600767,63.19240845,63.19388262,60.15435503,63.1867108,63.18741876,0.01991689808,0.009573674552,4.39911872,4.599122174,3.79900424,0.6002606436,0.6002578154,0.6002924501,8.4044064,8.60438913,8.604978798
32.15,60.15992302,63.19225544,63.19370902,60.15428118,63.18663723,63.18733531,0.01963910817,0.009440146175,4.399131015,4.599134415,3.799018128,0.6002570075,0.6002542205,0.6002883716,8.404344925,8.604327927,8.604909359
32.2,60.15977148,63.19210457,63.19353785,60.15420836,63.18656469,63.18725303,0.01936519275,0.009308480176,4.399143138,4.599146485,3.799031822,0.6002534222,0.6002506757,0.6002843499,8.404284308,8.604267577,8.604840888
32.25,60.15962205,63.1919558,63.19336906,60.15413655,63.18649315,63.1871719,0.01909509778,0.009178650578,4.399155092,4.599158386,3.799045326,0.6002498869,0.6002471804,0.6002803843,8.404224538,8.604208068,8.604773372
32.3,60.15947471,63.1918091,63.19320262,60.15406575,63.18642262,63.18709189,0.01882876998,0.009050631768,4.39916688,4.599170122,3.79905864,0.6002464009,0.6002437338,0.600276474,8.404165601,8.604149389,8.604706798
32.35,60.15932942,63.19166445,63.19303851,60.15399594,63.18635307,63.187013,0.01856615679,0.008924398492,4.399178503,4.599181694,3.799071769,0.6002429635,0.6002403352,0.6002726182,8.404107487,8.604091528,8.604641153
32.4,60.15918616,63.19152181,63.19287668,60.1539271,63.18628448,63.18693522,0.01830720641,0.008799925844,4.399189963,4.599193105,3.799084715,0.6002395741,0.600236984,0.6002688162,8.404050183,8.604034474,8.604576423
32.45,60.1590449,63.19138116,63.19271711,60.15385922,63.18621686,63.18685851,0.01805186773,0.00867718927,4.399201264,4.599204357,3.799097481,0.600236232,0.6002336795,0.6002650673,8.40399368,8.603978215,8.604512596
32.5,60.15890562,63.19124248,63.19255977,60.15379228,63.18615018,63.18678288,0.01780009038,0.008556164555,4.399212407,4.599215452,3.799110068,0.6002329366,0.6002304211,0.6002613706,8.403937965,8.60392274,8.604449659
32.55,60.15876827,63.19110572,63.19240462,60.15372628,63.18608443,63.1867083,0.01755182467,0.008436827824,4.399223395,4.599226392,3.79912248,0.6002296871,0.6002272081,0.6002577254,8.403883027,8.603868039,8.604387599
32.6,60.15863284,63.19097088,63.19225164,60.1536612,63.18601959,63.18663476,0.01730702162,0.008319155533,4.399234229,4.59923718,3.799134719,0.600226483,0.6002240399,0.6002541311,8.403828856,8.6038141,8.604326405
32.65,60.15849931,63.19083791,63.19210079,60.15359703,63.18595566,63.18656225,0.01706563292,0.008203124469,4.399244912,4.599247817,3.799146787,0.6002233235,0.6002209158,0.6002505869,8.403775441,8.603760913,8.604266065
32.7,60.15836763,63.1907068,63.19195204,60.15353376,63.18589262,63.18649075,0.01682761095,0.008088711739,4.399255446,4.599258306,3.799158687,0.6002202082,0.6002178353,0.6002470922,8.403722771,8.603708468,8.604206566
32.75,60.15823779,63.19057751,63.19180537,60.15347136,63.18583046,63.18642024,0.01659290872,0.007975894773,4.399265833,4.599268649,3.799170421,0.6002171363,0.6002147978,0.6002436462,8.403670836,8.603656754,8.604147897
32.8,60.15810977,63.19045003,63.19166074,60.15340984,63.18576917,63.18635072,0.01636147994,0.007864651314,4.399276075,4.599278848,3.799181991,0.6002141073,0.6002118026,0.6002402482,8.403619626,8.603605761,8.604090047
32.85,60.15798353,63.19032432,63.19151813,60.15334918,63.18570873,63.18628217,0.01613327894,0.007754959416,4.399286174,4.599288904,3.799193399,0.6002111205,0.6002088491,0.6002368976,8.40356913,8.603555479,8.604033003
32.9,60.15785905,63.19020037,63.19137751,60.15328936,63.18564913,63.18621458,0.0159082607,0.007646797438,4.399296132,4.59929882,3.799204649,0.6002081754,0.6002059369,0.6002335937,8.403519339,8.603505898,8.603976755
32.95,60.15773631,63.19007815,63.19123885,60.15323037,63.18559037,63.18614792,0.01568638081,0.007540144042,4.399305952,4.599308598,3.799215742,0.6002052714,0.6002030652,0.600230336,8.403470242,8.603457008,8.603921291
33,60.15761528,63.18995763,63.19110213,60.15317221,63.18553242,63.1860822,0.01546759551,0.007434978187,4.399315634,4.59931824,3.79922668,0.6002024079,0.6002002335,0.6002271236,8.403421831,8.6034088,8.6038666
33.05,60.15749594,63.18983878,63.19096731,60.15311486,63.18547528,63.1860174,0.01525186164,0.007331279126,4.399325181,4.599327747,3.799237465,0.6001995844,0.6001974414,0.600223956,8.403374095,8.603361264,8.603812673
33.1,60.15737827,63.1897216,63.19083437,60.15305831,63.18541894,63.18595349,0.01503913663,0.007229026401,4.399334595,4.599337122,3.799248101,0.6001968002,0.6001946881,0.6002208327,8.403327025,8.60331439,8.603759497
33.15,60.15726224,63.18960605,63.19070328,60.15300255,63.18536339,63.18589048,0.01482937853,0.007128199839,4.399343878,4.599346366,3.799258587,0.6001940549,0.6001919733,0.6002177528,8.403280612,8.603268171,8.603707063
33.2,60.15714782,63.18949211,63.19057403,60.15294757,63.18530861,63.18582835,0.01462254596,0.007028779549,4.399353031,4.599355481,3.799268928,0.6001913479,0.6001892963,0.6002147159,8.403234847,8.603222595,8.603655361
33.25,60.157035,63.18937976,63.19044657,60.15289335,63.18525459,63.18576708,0.01441859814,0.006930745918,4.399362056,4.599364469,3.799279124,0.6001886787,0.6001866566,0.6002117214,8.40318972,8.603177655,8.603604379
33.3,60.15692376,63.18926898,63.1903209,60.15283989,63.18520133,63.18570667,0.01421749483,0.006834079604,4.399370955,4.599373332,3.799289178,0.6001860467,0.6001840537,0.6002087686,8.403145223,8.603133342,8.603554109
33.35,60.15681407,63.18915974,63.19019697,60.15278718,63.18514881,63.1856471,0.01401919638,0.006738761538,4.399379731,4.599382071,3.799299092,0.6001834514,0.6001814871,0.6002058571,8.403101346,8.603089646,8.603504539
33.4,60.15670591,63.18905203,63.19007478,60.1527352,63.18509703,63.18558837,0.01382366368,0.006644772915,4.399388384,4.599390688,3.799308868,0.6001808924,0.6001789563,0.6002029861,8.403058082,8.60304656,8.603455661
33.45,60.15659926,63.18894581,63.18995429,60.15268395,63.18504596,63.18553045,0.01363085819,0.006552095192,4.399396916,4.599399185,3.799318507,0.600178369,0.6001764607,0.6002001551,8.403015422,8.603004074,8.603407465
33.5,60.1564941,63.18884108,63.18983548,60.15263341,63.18499561,63.18547334,0.01344074187,0.006460710086,4.399405329,4.599407564,3.799328012,0.6001758808,0.600174,0.6001973636,8.402973356,8.602962181,8.60335994
33.55,60.1563904,63.18873781,63.18971832,60.15258357,63.18494596,63.18541702,0.01325327725,0.006370599569,4.399413624,4.599415826,3.799337384,0.6001734274,0.6001715736,0.6001946111,8.402931878,8.602920872,8.603313079
33.6,60.15628815,63.18863597,63.1896028,60.15253443,63.184897,63.18536149,0.01306842736,0.006281745863,4.399421804,4.599423972,3.799346626,0.6001710082,0.600169181,0.6001918969,8.402890979,8.602880139,8.603266871
33.65,60.15618733,63.18853556,63.1894889,60.15248598,63.18484872,63.18530674,0.01288615575,0.006194131438,4.39942987,4.599432005,3.799355738,0.6001686227,0.6001668217,0.6001892206,8.40285065,8.602839974,8.603221308
33.7,60.15608791,63.18843655,63.18937658,60.1524382,63.18480112,63.18525275,0.01270642647,0.006107739011,4.399437823,4.599439926,3.799364724,0.6001662705,0.6001644954,0.6001865817,8.402810883,8.602800369,8.60317638
33.75,60.15598988,63.18833892,63.18926582,60.15239109,63.18475418,63.18519951,0.01252920409,0.006022551537,4.399445666,4.599447737,3.799373584,0.6001639512,0.6001622015,0.6001839795,8.402771672,8.602761316,8.603132079
33.8,60.15589322,63.18824265,63.18915661,60.15234464,63.1847079,63.18514701,0.01235445363,0.00593855221,4.399453398,4.599455438,3.799382321,0.6001616642,0.6001599395,0.6001814136,8.402733008,8.602722808,8.603088396
33.85,60.15579791,63.18814772,63.18904893,60.15229883,63.18466226,63.18509525,0.01218214063,0.00585572446,4.399461023,4.599463033,3.799390936,0.6001594091,0.6001577092,0.6001788835,8.402694883,8.602684837,8.603045322
33.9,60.15570393,63.18805411,63.18894275,60.15225367,63.18461726,63.18504421,0.01201223108,0.005774051944,4.399468542,4.599470521,3.79939943,0.6001571855,0.6001555099,0.6001763887,8.40265729,8.602647395,8.603002849
33.95,60.15561126,63.18796181,63.18883804,60.15220913,63.18457289,63.18499388,0.01184469144,0.005693518552,4.399475956,4.599477905,3.799407806,0.6001549928,0.6001533413,0.6001739287,8.402620222,8.602610475,8.602960968
34,60.15551988,63.1878708,63.1887348,60.15216522,63.18452913,63.18494425,0.01167948862,0.005614108395,4.399483266,4.599485186,3.799416066,0.6001528308,0.6001512029,0.600171503,8.402583671,8.602574071,8.602919671
34.05,60.15542978,63.18778106,63.188633,60.15212191,63.18448598,63.18489532,0.01151659,0.005535805806,4.399490474,4.599492365,3.79942421,0.600150699,0.6001490943,0.6001691111,8.40254763,8.602538173,8.60287895
34.1,60.15534093,63.18769257,63.18853262,60.15207921,63.18444344,63.18484706,0.01135596336,0.005458595339,4.399497582,4.599499445,3.799432241,0.6001485969,0.6001470151,0.6001667526,8.402512091,8.602502777,8.602838797
34.15,60.15525333,63.18760531,63.18843364,60.15203711,63.18440149,63.18479948,0.01119757693,0.00538246176,4.39950459,4.599506425,3.799440159,0.6001465241,0.600144965,0.600164427,8.402477049,8.602467874,8.602799205
34.2,60.15516694,63.18751927,63.18833604,60.1519956,63.18436013,63.18475257,0.01104139936,0.005307390051,4.399511501,4.599513309,3.799447967,0.6001444802,0.6001429434,0.6001621338,8.402442495,8.602433457,8.602760164
34.25,60.15508176,63.18743443,63.18823979,60.15195466,63.18431934,63.1847063,0.01088739988,0.0052333654,4.399518315,4.599520096,3.799455666,0.6001424648,0.6001409499,0.6001598726,8.402408423,8.60239952,8.602721668
34.3,60.15499777,63.18735077,63.1881449,60.15191429,63.18427912,63.18466069,0.01073554831,0.005160373204,4.399525035,4.599526789,3.799463258,0.6001404776,0.6001389843,0.6001576429,8.402374827,8.602366057,8.602683708
34.35,60.15491495,63.18726828,63.18805132,60.15187449,63.18423946,63.18461571,0.01058581469,0.005088399063,4.39953166,4.599533388,3.799470744,0.6001385181,0.6001370461,0.6001554443,8.4023417,8.60233306,8.602646278
34.4,60.15483329,63.18718693,63.18795905,60.15183524,63.18420036,63.18457135,0.01043816946,0.005017428778,4.399538193,4.599539895,3.799478126,0.6001365859,0.6001351349,0.6001532763,8.402309034,8.602300523,8.60260937
34.45,60.15475277,63.18710673,63.18786807,60.15179654,63.1841618,63.18452762,0.0102925835,0.004947448347,4.399544635,4.599546312,3.799485405,0.6001346806,0.6001332504,0.6001511386,8.402276825,8.60226844,8.602572977
34.5,60.15467337,63.18702764,63.18777835,60.15175838,63.18412377,63.18448449,0.01014902807,0.004878443965,4.399550987,4.599552639,3.799492582,0.600132802,0.6001313921,0.6001490308,8.402245064,8.602236805,8.602537092
34.55,60.15459507,63.18694965,63.18768989,60.15172076,63.18408628,63.18444197,0.01000747487,0.004810402018,4.399557251,4.599558878,3.799499659,0.6001309495,0.6001295598,0.6001469523,8.402213747,8.60220561,8.602501707
34.6,60.15451787,63.18687275,63.18760266,60.15168365,63.18404931,63.18440004,0.009867895964,0.004743309083,4.399563427,4.59956503,3.799506637,0.6001291229,0.600127753,0.6001449028,8.402182867,8.602174851,8.602466815
34.65,60.15444175,63.18679693,63.18751665,60.15164707,63.18401286,63.1843587,0.009730263823,0.004677151923,4.399569517,4.599571096,3.799513518,0.6001273218,0.6001259714,0.6001428819,8.402152417,8.60214452,8.60243241
34.7,60.15436669,63.18672216,63.18743184,60.15161099,63.18397692,63.18431793,0.009594551299,0.004611917487,4.399575521,4.599577077,3.799520303,0.6001255458,0.6001242146,0.6001408891,8.402122393,8.602114613,8.602398485
34.75,60.15429267,63.18664843,63.18734821,60.15157542,63.18394147,63.18427773,0.009460731623,0.004547592905,4.399581443,4.599582976,3.799526993,0.6001237946,0.6001224824,0.6001389242,8.402092787,8.602085122,8.602365033
34.8,60.15421969,63.18657573,63.18726574,60.15154034,63.18390652,63.18423809,0.009328778399,0.004484165487,4.399587281,4.599588791,3.799533591,0.6001220678,0.6001207742,0.6001369866,8.402063594,8.602056043,8.602332047
34.85,60.15414773,63.18650405,63.18718443,60.15150576,63.18387206,63.184199,0.0091986656,0.00442162272,4.399593038,4.599594526,3.799540096,0.6001203651,0.6001190899,0.6001350761,8.402034809,8.602027369,8.602299522
34.9,60.15407677,63.18643336,63.18710425,60.15147165,63.18383808,63.18416046,0.00907036756,0.004359952266,4.399598715,4.599600181,3.79954651,0.6001186862,0.6001174291,0.6001331922,8.402006425,8.601999095,8.60226745
34.95,60.1540068,63.18636366,63.18702519,60.15143803,63.18380457,63.18412246,0.008943858972,0.004299141957,4.399604313,4.599605757,3.799552835,0.6001170306,0.6001157915,0.6001313346,8.401978437,8.601971215,8.602235826
35,60.1539378,63.18629494,63.18694723,60.15140487,63.18377153,63.18408498,0.00881911488,0.004239179797,4.399609832,4.599611255,3.799559071,0.6001153982,0.6001141767,0.6001295029,8.401950839,8.601943724,8.602204643
35.05,60.15386977,63.18622717,63.18687036,60.15137217,63.18373895,63.18404803,0.008696110674,0.004180053957,4.399615275,4.599616677,3.799565221,0.6001137885,0.6001125844,0.6001276968,8.401923627,8.601916616,8.602173894
35.1,60.15380269,63.18616034,63.18679456,60.15133993,63.18370683,63.18401159,0.008574822088,0.004121752772,4.399620641,4.599622023,3.799571285,0.6001122013,0.6001110143,0.6001259158,8.401896794,8.601889887,8.602143575
35.15,60.15373654,63.18609445,63.18671982,60.15130814,63.18367515,63.18397567,0.008455225193,0.00406426474,4.399625933,4.599627294,3.799577264,0.6001106363,0.6001094661,0.6001241597,8.401870336,8.60186353,8.602113678
35.2,60.15367132,63.18602948,63.18664612,60.15127679,63.18364392,63.18394024,0.008337296391,0.004007578519,4.399631151,4.599632492,3.79958316,0.600109093,0.6001079395,0.6001224281,8.401844246,8.601837541,8.602084198
35.25,60.15360701,63.18596541,63.18657345,60.15124588,63.18361312,63.18390531,0.008221012415,0.003951682928,4.399636296,4.599637617,3.799588974,0.6001075713,0.6001064341,0.6001207206,8.401818521,8.601811914,8.602055129
35.3,60.15354359,63.18590224,63.18650179,60.1512154,63.18358275,63.18387086,0.008106350318,0.003896566937,4.399641369,4.599642671,3.799594707,0.6001060709,0.6001049498,0.6001190369,8.401793154,8.601786644,8.602026466
35.35,60.15348106,63.18583994,63.18643113,60.15118535,63.1835528,63.1838369,0.007993287476,0.003842219675,4.399646372,4.599647655,3.799600359,0.6001045913,0.6001034862,0.6001173768,8.401768142,8.601761727,8.601998203
35.4,60.1534194,63.18577852,63.18636146,60.15115571,63.18352327,63.18380341,0.007881801578,0.003788630419,4.399651304,4.599652568,3.799605933,0.6001031324,0.600102043,0.6001157397,8.401743478,8.601737158,8.601970334
35.45,60.1533586,63.18571795,63.18629276,60.15112649,63.18349416,63.18377038,0.007771870622,0.003735788596,4.399656168,4.599657414,3.799611429,0.6001016939,0.6001006199,0.6001141255,8.401719159,8.601712931,8.601942853
35.5,60.15329865,63.18565823,63.18622502,60.15109768,63.18346545,63.18373782,0.007663472915,0.003683683783,4.399660964,4.599662192,3.799616849,0.6001002754,0.6000992166,0.6001125338,8.401695178,8.601689041,8.601915756
35.55,60.15323954,63.18559934,63.18615822,60.15106927,63.18343714,63.18370571,0.007556587065,0.003632305699,4.399665694,4.599666903,3.799622193,0.6000988767,0.6000978329,0.6001109643,8.401671532,8.601665485,8.601889037
35.6,60.15318125,63.18554127,63.18609235,60.15104125,63.18340922,63.18367405,0.00745119198,0.00358164421,4.399670357,4.599671548,3.799627462,0.6000974975,0.6000964685,0.6001094167,8.401648217,8.601642258,8.60186269
35.65,60.15312377,63.18548401,63.1860274,60.15101363,63.18338169,63.18364283,0.007347266859,0.003531689319,4.399674955,4.599676129,3.799632658,0.6000961376,0.6000951232,0.6001078907,8.401625226,8.601619354,8.601836711
35.7,60.15306709,63.18542755,63.18596336,60.15098639,63.18335455,63.18361204,0.007244791196,0.003482431172,4.399679489,4.599680646,3.799637781,0.6000947966,0.6000937966,0.600106386,8.401602556,8.60159677,8.601811094
35.75,60.15301121,63.18537188,63.18590021,60.15095953,63.18332779,63.18358169,0.007143744767,0.003433860051,4.39968396,4.5996851,3.799642833,0.6000934743,0.6000924884,0.6001049022,8.401580202,8.601574501,8.601785834
35.8,60.15295611,63.18531698,63.18583794,60.15093304,63.1833014,63.18355176,0.007044107633,0.003385966374,4.399688368,4.599689492,3.799647815,0.6000921705,0.6000911986,0.6001034392,8.40155816,8.601552542,8.601760927
35.85,60.15290177,63.18526285,63.18577654,60.15090693,63.18327538,63.18352224,0.006945860135,0.003338740692,4.399692715,4.599693822,3.799652727,0.6000908849,0.6000899267,0.6001019965,8.401536426,8.601530889,8.601736367
35.9,60.15284819,63.18520947,63.185716,60.15088118,63.18324972,63.18349314,0.006848982887,0.003292173688,4.399697001,4.599698092,3.79965757,0.6000896171,0.6000886726,0.600100574,8.401514995,8.601509539,8.601712149
35.95,60.15279536,63.18515684,63.1856563,60.15085578,63.18322441,63.18346444,0.006753456777,0.003246256176,4.399701228,4.599702303,3.799662346,0.6000883671,0.6000874359,0.6000991713,8.401493862,8.601488486,8.60168827
36,60.15274327,63.18510494,63.18559743,60.15083075,63.18319947,63.18343615,0.006659262958,0.003200979097,4.399705395,4.599706455,3.799667055,0.6000871345,0.6000862165,0.6000977881,8.401473025,8.601467726,8.601664723
36.05,60.1526919,63.18505377,63.18553939,60.15080606,63.18317486,63.18340824,0.006566382851,0.003156333518,4.399709504,4.599710549,3.799671699,0.6000859191,0.6000850141,0.6000964243,8.401452478,8.601447257,8.601641505
36.1,60.15264125,63.18500331,63.18548215,60.15078171,63.18315061,63.18338073,0.006474798134,0.003112310632,4.399713556,4.599714586,3.799676278,0.6000847207,0.6000838284,0.6000950795,8.401432218,8.601427072,8.60161861
36.15,60.15259131,63.18495355,63.18542571,60.15075771,63.18312669,63.1833536,0.006384490745,0.003068901753,4.399717552,4.599718566,3.799680793,0.600083539,0.6000826593,0.6000937534,8.40141224,8.601407169,8.601596035
36.2,60.15254206,63.18490449,63.18537006,60.15073404,63.1831031,63.18332685,0.006295442874,0.003026098318,4.399721492,4.599722491,3.799685245,0.6000823737,0.6000815065,0.6000924458,8.401392541,8.601387544,8.601573775
36.25,60.1524935,63.18485611,63.18531519,60.1507107,63.18307985,63.18330048,0.006207636962,0.002983891882,4.399725377,4.599726362,3.799689635,0.6000812248,0.6000803698,0.6000911565,8.401373117,8.601368192,8.601551825
36.3,60.15244561,63.1848084,63.18526108,60.15068769,63.18305691,63.18327447,0.006121055696,0.002942274119,4.399729207,4.599730178,3.799693964,0.6000800918,0.6000792489,0.6000898851,8.401353964,8.601349111,8.601530181
36.35,60.1523984,63.18476136,63.18520772,60.15066499,63.1830343,63.18324882,0.006035682004,0.002901236818,4.399732984,4.599733941,3.799698232,0.6000789746,0.6000781437,0.6000886315,8.401335078,8.601330295,8.601508839
36.4,60.15235184,63.18471498,63.18515511,60.15064262,63.183012,63.18322353,0.005951499058,0.002860771884,4.399736709,4.599737652,3.799702441,0.6000778731,0.6000770538,0.6000873953,8.401316455,8.601311742,8.601487795
36.45,60.15230594,63.18466924,63.18510324,60.15062055,63.18299002,63.18319859,0.005868490261,0.002820871333,4.399740381,4.599741311,3.799706591,0.6000767869,0.6000759792,0.6000861764,8.401298093,8.601293447,8.601467044
36.5,60.15226067,63.18462414,63.18505208,60.1505988,63.18296834,63.183174,0.00578663925,0.002781527293,4.399744003,4.599744918,3.799710683,0.6000757158,0.6000749196,0.6000849745,8.401279986,8.601275408,8.601446583
36.55,60.15221603,63.18457968,63.18500164,60.15057734,63.18294696,63.18314976,0.005705929892,0.002742732003,4.399747574,4.599748476,3.799714719,0.6000746597,0.6000738747,0.6000837894,8.401262132,8.60125762,8.601426407
36.6,60.15217202,63.18453583,63.18495191,60.15055619,63.18292588,63.18312585,0.005626346277,0.002704477809,4.399751095,4.599751984,3.799718697,0.6000736183,0.6000728444,0.6000826207,8.401244527,8.60124008,8.601406513
36.65,60.15212862,63.18449259,63.18490286,60.15053533,63.1829051,63.18310228,0.005547872716,0.002666757164,4.399754566,4.599755443,3.799722621,0.6000725915,0.6000718285,0.6000814684,8.401227168,8.601222785,8.601386895
36.7,60.15208583,63.18444995,63.18485451,60.15051476,63.1828846,63.18307903,0.00547049374,0.002629562627,4.39975799,4.599758854,3.79972649,0.600071579,0.6000708267,0.6000803322,8.401210051,8.601205731,8.601367552
36.75,60.15204364,63.18440791,63.18480682,60.15049448,63.18286439,63.18305611,0.005394194093,0.002592886859,4.399761366,4.599762217,3.799730304,0.6000705805,0.6000698389,0.6000792118,8.401193172,8.601188915,8.601348478
36.8,60.15200203,63.18436646,63.1847598,60.15047448,63.18284447,63.18303351,0.005318958727,0.002556722625,4.399764694,4.599765533,3.799734066,0.6000695961,0.6000688649,0.600078107,8.401176529,8.601172333,8.601329671
36.85,60.151961,63.18432558,63.18471344,60.15045476,63.18282482,63.18301122,0.005244772803,0.00252106279,4.399767976,4.599768803,3.799737775,0.6000686253,0.6000679045,0.6000770177,8.401160118,8.601155983,8.601311126
36.9,60.15192055,63.18428528,63.18466772,60.15043532,63.18280544,63.18298925,0.005171621685,0.00248590032,4.399771213,4.599772028,3.799741432,0.6000676681,0.6000669574,0.6000759435,8.401143937,8.601139861,8.601292839
36.95,60.15188066,63.18424553,63.18462264,60.15041615,63.18278634,63.18296758,0.005099490932,0.002451228278,4.399774404,4.599775207,3.799745038,0.6000667243,0.6000660236,0.6000748843,8.401127981,8.601123964,8.601274808
37,60.15184132,63.18420635,63.18457819,60.15039724,63.1827675,63.18294621,0.005028366301,0.002417039822,4.399777551,4.599778342,3.799748594,0.6000657936,0.6000651028,0.6000738399,8.401112247,8.601108288,8.601257028
37.05,60.15180254,63.1841677,63.18453436,60.1503786,63.18274892,63.18292514,0.004958233739,0.002383328209,4.399780653,4.599781434,3.799752101,0.6000648759,0.6000641948,0.6000728101,8.401096733,8.601092831,8.601239496
37.1,60.15176429,63.1841296,63.18449115,60.15036022,63.1827306,63.18290437,0.004889079379,0.002350086788,4.399783713,4.599784482,3.799755558,0.600063971,0.6000632995,0.6000717946,8.401081436,8.60107759,8.601222208
37.15,60.15172658,63.18409203,63.18444853,60.15034209,63.18271254,63.18288388,0.004820889538,0.002317309,4.39978673,4.599787488,3.799758968,0.6000630787,0.6000624167,0.6000707933,8.401066352,8.601062561,8.601205162
37.2,60.1516894,63.18405498,63.18440651,60.15032422,63.18269473,63.18286368,0.004753650708,0.00228498838,4.399789704,4.599790452,3.799762329,0.6000621989,0.6000615462,0.6000698059,8.401051478,8.601047741,8.601188353
37.25,60.15165273,63.18401845,63.18436507,60.1503066,63.18267717,63.18284377,0.004687349558,0.00225311855,4.399792638,4.599793374,3.799765644,0.6000613314,0.6000606879,0.6000688323,8.401036811,8.601033129,8.601171779
37.3,60.15161658,63.18398242,63.18432422,60.15028922,63.18265985,63.18282413,0.004621972938,0.002221693224,4.39979553,4.599796256,3.799768913,0.6000604759,0.6000598415,0.6000678723,8.40102235,8.60101872,8.601155436
37.35,60.15158093,63.18394691,63.18428393,60.15027208,63.18264278,63.18280476,0.004557508104,0.002190706202,4.399798382,4.599799098,3.799772136,0.6000596324,0.6000590069,0.6000669257,8.40100809,8.601004512,8.601139321
37.4,60.15154578,63.18391188,63.1842442,60.15025519,63.18262594,63.18278566,0.004493942398,0.00216015137,4.399801194,4.5998019,3.799775314,0.6000588006,0.6000581839,0.6000659923,8.400994029,8.600990502,8.601123431
37.45,60.15151111,63.18387734,63.18420503,60.15023853,63.18260934,63.18276684,0.004431263272,0.002130022701,4.399803967,4.599804662,3.799778448,0.6000579805,0.6000573724,0.6000650719,8.400980164,8.600976688,8.601107762
37.5,60.15147693,63.18384329,63.1841664,60.1502221,63.18259297,63.18274827,0.004369458356,0.002100314251,4.399806702,4.599807387,3.799781538,0.6000571717,0.6000565723,0.6000641643,8.400966492,8.600963066,8.601092311
37.55,60.15144323,63.18380971,63.18412832,60.1502059,63.18257683,63.18272996,0.004308515454,0.002071020158,4.399809398,4.599810073,3.799784585,0.6000563743,0.6000557833,0.6000632694,8.400953011,8.600949634,8.601077077
37.6,60.15141,63.1837766,63.18409076,60.15018993,63.18256091,63.18271191,0.004248422542,0.002042134644,4.399812056,4.599812722,3.799787589,0.600055588,0.6000550053,0.600062387,8.400939718,8.600936389,8.601062054
37.65,60.15137723,63.18374395,63.18405373,60.15017418,63.18254522,63.18269411,0.004189167765,0.00201365201,4.399814678,4.599815334,3.799790552,0.6000548127,0.6000542381,0.6000615169,8.400926611,8.60092333,8.601047242
37.7,60.15134492,63.18371176,63.18401721,60.15015865,63.18252974,63.18267655,0.004130739435,0.001985566636,4.399817263,4.59981791,3.799793473,0.6000540481,0.6000534817,0.6000606589,8.400913686,8.600910452,8.601032635
37.75,60.15131306,63.18368001,63.18398121,60.15014333,63.18251448,63.18265925,0.004073126028,0.001957872982,4.399819812,4.599820449,3.799796353,0.6000532943,0.6000527358,0.6000598129,8.400900942,8.600897754,8.601018233
37.8,60.15128164,63.18364871,63.1839457,60.15012823,63.18249944,63.18264218,0.00401631618,0.001930565585,4.399822325,4.599822953,3.799799194,0.6000525509,0.6000520003,0.6000589787,8.400888375,8.600885233,8.601004031
37.85,60.15125066,63.18361784,63.1839107,60.15011334,63.1824846,63.18262535,0.003960298687,0.001903639057,4.399824803,4.599825423,3.799801994,0.6000518179,0.6000512751,0.6000581561,8.400875984,8.600872887,8.600990028
37.9,60.15122012,63.18358741,63.18387617,60.15009866,63.18246997,63.18260876,0.003905062501,0.001877088087,4.399827247,4.599827857,3.799804756,0.6000510952,0.6000505599,0.600057345,8.400863766,8.600860713,8.60097622
37.95,60.15119,63.1835574,63.18384214,60.15008418,63.18245554,63.1825924,0.003850596728,0.001850907435,4.399829656,4.599830258,3.799807479,0.6000503825,0.6000498548,0.6000565452,8.400851718,8.600848708,8.600962604
38,60.1511603,63.1835278,63.18380857,60.15006991,63.18244132,63.18257626,0.003796890624,0.001825091937,4.399832032,4.599832626,3.799810164,0.6000496798,0.6000491595,0.6000557565,8.400839838,8.600836871,8.600949178
38.05,60.15113101,63.18349862,63.18377548,60.15005583,63.18242729,63.18256035,0.003743933599,0.0017996365,4.399834375,4.59983496,3.799812812,0.6000489868,0.6000484738,0.6000549789,8.400828124,8.600825199,8.60093594
38.1,60.15110214,63.18346985,63.18374284,60.15004195,63.18241346,63.18254467,0.003691715205,0.001774536102,4.399836685,4.599837262,3.799815423,0.6000483036,0.6000477978,0.6000542121,8.400816573,8.60081369,8.600922886
38.15,60.15107366,63.18344148,63.18371066,60.15002827,63.18239982,63.1825292,0.003640225142,0.001749785791,4.399838963,4.599839532,3.799817997,0.6000476298,0.6000471311,0.600053456,8.400805183,8.600802342,8.600910014
38.2,60.15104559,63.1834135,63.18367893,60.15001477,63.18238637,63.18251395,0.003589453253,0.001725380684,4.39984121,4.59984177,3.799820536,0.6000469655,0.6000464738,0.6000527104,8.400793952,8.600791152,8.600897322
38.25,60.1510179,63.18338592,63.18364764,60.15000146,63.18237311,63.18249891,0.003539389521,0.001701315967,4.399843424,4.599843977,3.799823039,0.6000463104,0.6000458256,0.6000519753,8.400782878,8.600780117,8.600884807
38.3,60.1509906,63.18335872,63.18361679,60.14998834,63.18236004,63.18248408,0.00349002407,0.001677586892,4.399845608,4.599846153,3.799825507,0.6000456645,0.6000451865,0.6000512504,8.400771959,8.600769237,8.600872466
38.35,60.15096368,63.1833319,63.18358637,60.1499754,63.18234714,63.18246945,0.003441347158,0.001654188778,4.399847762,4.599848298,3.79982794,0.6000450275,0.6000445563,0.6000505356,8.400761191,8.600758508,8.600860298
38.4,60.15093714,63.18330545,63.18355637,60.14996265,63.18233443,63.18245503,0.003393349182,0.001631117008,4.399849885,4.599850414,3.79983034,0.6000443995,0.6000439349,0.6000498307,8.400750574,8.600747929,8.600848299
38.45,60.15091097,63.18327937,63.18352679,60.14995007,63.18232189,63.18244082,0.003346020669,0.001608367032,4.399851979,4.5998525,3.799832707,0.6000437802,0.6000433221,0.6000491357,8.400740105,8.600737498,8.600836467
38.5,60.15088516,63.18325366,63.18349763,60.14993766,63.18230953,63.1824268,0.003299352278,0.00158593436,4.399854044,4.599854558,3.79983504,0.6000431696,0.6000427179,0.6000484504,8.400729782,8.600727212,8.600824801
38.55,60.15085971,63.1832283,63.18346887,60.14992543,63.18229734,63.18241297,0.003253334801,0.001563814567,4.399856079,4.599856586,3.799837341,0.6000425675,0.6000421221,0.6000477747,8.400719603,8.60071707,8.600813297
38.6,60.15083462,63.1832033,63.18344051,60.14991337,63.18228533,63.18239934,0.003207959154,0.001542003289,4.399858087,4.599858586,3.799839609,0.6000419737,0.6000415347,0.6000471084,8.400709566,8.600707069,8.600801954
38.65,60.15080988,63.18317864,63.18341255,60.14990148,63.18227347,63.1823859,0.003163216382,0.001520496224,4.399860066,4.599860559,3.799841846,0.6000413883,0.6000409554,0.6000464513,8.400699669,8.600697207,8.600790769
38.7,60.15078548,63.18315433,63.18338498,60.14988975,63.18226179,63.18237265,0.003119097654,0.001499289128,4.399862018,4.599862503,3.799844052,0.600040811,0.6000403842,0.6000458035,8.40068991,8.600687483,8.60077974
38.75,60.15076142,63.18313036,63.18335779,60.14987819,63.18225027,63.18235958,0.00307559426,0.001478377817,4.399863943,4.599864421,3.799846227,0.6000402418,0.6000398209,0.6000451646,8.400680287,8.600677895,8.600768865
38.8,60.1507377,63.18310673,63.18333098,60.14986678,63.1822389,63.18234669,0.003032697615,0.001457758167,4.39986584,4.599866312,3.799848372,0.6000396805,0.6000392656,0.6000445347,8.400670798,8.60066844,8.600758141
38.85,60.15071431,63.18308342,63.18330454,60.14985554,63.1822277,63.18233398,0.002990399251,0.001437426108,4.399867712,4.599868177,3.799850487,0.600039127,0.6000387179,0.6000439136,8.400661442,8.600659117,8.600747567
38.9,60.15069125,63.18306044,63.18327848,60.14984446,63.18221665,63.18232145,0.002948690819,0.001417377631,4.399869557,4.599870015,3.799852572,0.6000385813,0.6000381779,0.6000433011,8.400652216,8.600649925,8.600737141
38.95,60.1506685,63.18303778,63.18325277,60.14983352,63.18220576,63.1823091,0.002907564088,0.001397608779,4.399871376,4.599871828,3.799854628,0.6000380432,0.6000376455,0.6000426972,8.400643119,8.60064086,8.600726859
39,60.15064608,63.18301543,63.18322743,60.14982275,63.18219502,63.18229692,0.00286701094,0.001378115653,4.39987317,4.599873616,3.799856656,0.6000375125,0.6000371204,0.6000421017,8.400634149,8.600631922,8.600716722
39.05,60.15062396,63.1829934,63.18320244,60.14981212,63.18218443,63.1822849,0.002827023373,0.001358894406,4.399874939,4.599875378,3.799858655,0.6000369893,0.6000366027,0.6000415145,8.400625304,8.600623108,8.600706725
39.1,60.15060216,63.18297167,63.1831778,60.14980164,63.18217398,63.18227306,0.002787593495,0.001339941248,4.399876684,4.599877116,3.799860626,0.6000364734,0.6000360922,0.6000409355,8.400616582,8.600614418,8.600696868
39.15,60.15058066,63.18295025,63.1831535,60.1497913,63.18216368,63.18226138,0.002748713526,0.001321252438,4.399878404,4.59987883,3.79986257,0.6000359647,0.6000355888,0.6000403645,8.400607982,8.600605848,8.600687149
39.2,60.15055946,63.18292912,63.18312954,60.14978111,63.18215353,63.18224986,0.002710375795,0.001302824291,4.3998801,4.59988052,3.799864487,0.600035463,0.6000350925,0.6000398016,8.400599502,8.600597399,8.600677565
39.25,60.15053856,63.18290829,63.18310591,60.14977106,63.18214352,63.1822385,0.002672572739,0.001284653169,4.399881772,4.599882187,3.799866377,0.6000349684,0.600034603,0.6000392464,8.40059114,8.600589066,8.600668115
39.3,60.15051794,63.18288775,63.18308262,60.14976116,63.18213364,63.18222731,0.002635296901,0.001266735488,4.399883421,4.59988383,3.799868241,0.6000344807,0.6000341204,0.6000386991,8.400582895,8.600580851,8.600658796
39.35,60.15049762,63.1828675,63.18305964,60.14975139,63.18212391,63.18221626,0.002598540929,0.001249067715,4.399885047,4.59988545,3.799870078,0.6000339997,0.6000336445,0.6000381593,8.400574765,8.600572749,8.600649608
39.4,60.15047757,63.18284753,63.18303699,60.14974175,63.18211431,63.18220538,0.002562297576,0.001231646362,4.39988665,4.599887048,3.799871891,0.6000335255,0.6000331753,0.6000376271,8.400566748,8.600564761,8.600640547
39.45,60.15045781,63.18282784,63.18301466,60.14973225,63.18210484,63.18219464,0.002526559693,0.001214467992,4.399888231,4.599888623,3.799873677,0.6000330579,0.6000327126,0.6000371023,8.400558843,8.600556884,8.600631613
39.5,60.15043832,63.18280842,63.18299264,60.14972289,63.18209551,63.18218405,0.002491320237,0.001197529218,4.39988979,4.599890177,3.799875439,0.6000325968,0.6000322563,0.6000365848,8.400551048,8.600549117,8.600622804
39.55,60.15041911,63.18278927,63.18297092,60.14971365,63.18208631,63.18217362,0.00245657226,0.001180826697,4.399891328,4.599891708,3.799877177,0.6000321422,0.6000318064,0.6000360746,8.400543362,8.600541458,8.600614117
39.6,60.15040016,63.18277039,63.18294951,60.14970454,63.18207723,63.18216332,0.002422308914,0.001164357134,4.399892843,4.599893219,3.79987889,0.6000316938,0.6000313628,0.6000355714,8.400535783,8.600533906,8.600605552
39.65,60.15038148,63.18275178,63.18292839,60.14969556,63.18206828,63.18215317,0.002388523446,0.00114811728,4.399894338,4.599894708,3.799880579,0.6000312518,0.6000309254,0.6000350753,8.40052831,8.60052646,8.600597106
39.7,60.15036306,63.18273342,63.18290757,60.14968671,63.18205946,63.18214316,0.0023552092,0.001132103932,4.399895812,4.599896177,3.799882244,0.6000308159,0.6000304941,0.6000345861,8.400520941,8.600519117,8.600588778
39.75,60.15034489,63.18271532,63.18288704,60.14967798,63.18205076,63.1821333,0.002322359612,0.001116313928,4.399897265,4.599897625,3.799883887,0.6000303861,0.6000300688,0.6000341037,8.400513675,8.600511877,8.600580566
39.8,60.15032698,63.18269747,63.1828668,60.14966937,63.18204218,63.18212357,0.002289968208,0.001100744156,4.399898698,4.599899052,3.799885506,0.6000299622,0.6000296494,0.600033628,8.40050651,8.600504738,8.600572468
39.85,60.15030932,63.18267987,63.18284684,60.14966088,63.18203372,63.18211397,0.00225802861,0.001085391543,4.399900111,4.59990046,3.799887103,0.6000295443,0.6000292359,0.600033159,8.400499445,8.600497698,8.600564484
39.9,60.1502919,63.18266252,63.18282715,60.14965251,63.18202538,63.18210451,0.002226534522,0.00107025306,4.399901504,4.599901849,3.799888678,0.6000291322,0.6000288281,0.6000326965,8.400492479,8.600490756,8.600556611
39.95,60.15027473,63.1826454,63.18280774,60.14964425,63.18201715,63.18209518,0.002195479742,0.00105532572,4.399902878,4.599903218,3.79989023,0.6000287259,0.600028426,0.6000322405,8.40048561,8.600483911,8.600548848
40,60.1502578,63.18262853,63.18278861,60.14963611,63.18200904,63.18208598,0.002164858151,0.00104060658,4.399904233,4.599904568,3.799891761,0.6000283252,0.6000280296,0.6000317908,8.400478837,8.600477162,8.600541193
40.05,60.1502411,63.18261189,63.18276974,60.14962809,63.18200104,63.18207691,0.002134663713,0.001026092734,4.399905568,4.599905899,3.799893271,0.6000279302,0.6000276386,0.6000313474,8.400472158,8.600470507,8.600533644
40.1,60.15022464,63.18259549,63.18275113,60.14962018,63.18199316,63.18206797,0.002104890477,0.00101178132,4.399906886,4.599907211,3.79989476,0.6000275406,0.6000272531,0.6000309102,8.400465572,8.600463945,8.600526201
40.15,60.1502084,63.18257931,63.18273278,60.14961237,63.18198538,63.18205915,0.002075532573,0.0009976695145,4.399908184,4.599908505,3.799896228,0.6000271565,0.600026873,0.6000304791,8.400459079,8.600457474,8.600518862
40.2,60.15019239,63.18256336,63.18271469,60.14960468,63.18197771,63.18205045,0.002046584211,0.0009837545328,4.399909465,4.599909781,3.799897675,0.6000267777,0.6000264982,0.600030054,8.400452676,8.600451094,8.600511625
40.25,60.15017661,63.18254763,63.18269685,60.14959709,63.18197015,63.18204187,0.002018039678,0.00097003363,4.399910728,4.59991104,3.799899102,0.6000264042,0.6000261287,0.6000296348,8.400446362,8.600444802,8.60050449
40.3,60.15016104,63.18253212,63.18267926,60.14958961,63.1819627,63.18203342,0.001989893338,0.0009565040992,4.399911973,4.59991228,3.799900509,0.6000260359,0.6000257642,0.6000292215,8.400440136,8.600438598,8.600497453
40.35,60.1501457,63.18251683,63.18266191,60.14958223,63.18195534,63.18202508,0.001962139628,0.0009431632714,4.399913201,4.599913504,3.799901897,0.6000256728,0.6000254049,0.6000288139,8.400433997,8.600432481,8.600490515
40.4,60.15013056,63.18250175,63.18264481,60.14957496,63.1819481,63.18201686,0.00193477306,0.0009300085145,4.399914411,4.59991471,3.799903265,0.6000253147,0.6000250506,0.6000284121,8.400427944,8.600426449,8.600483674
40.45,60.15011564,63.18248688,63.18262795,60.14956779,63.18194095,63.18200875,0.001907788217,0.0009170372333,4.399915605,4.5999159,3.799904614,0.6000249616,0.6000247012,0.6000280158,8.400421975,8.600420502,8.600476928
40.5,60.15010093,63.18247222,63.18261132,60.14956071,63.1819339,63.18200076,0.001881179749,0.0009042468688,4.399916782,4.599917073,3.799905945,0.6000246135,0.6000243567,0.6000276251,8.40041609,8.600414637,8.600470276
40.55,60.15008642,63.18245776,63.18259492,60.14955374,63.18192695,63.18199288,0.001854942377,0.0008916348977,4.399917943,4.599918229,3.799907257,0.6000242702,0.600024017,0.6000272398,8.400410286,8.600408854,8.600463717
40.6,60.15007211,63.1824435,63.18257875,60.14954686,63.1819201,63.18198511,0.001829070883,0.0008791988319,4.399919087,4.59991937,3.79990855,0.6000239317,0.600023682,0.6000268599,8.400404564,8.600403151,8.60045725
40.65,60.15005801,63.18242945,63.18256281,60.14954008,63.18191334,63.18197744,0.001803560115,0.0008669362178,4.399920216,4.599920494,3.799909826,0.6000235979,0.6000233517,0.6000264852,8.400398921,8.600397529,8.600450872
40.7,60.1500441,63.18241559,63.18254709,60.1495334,63.18190668,63.18196988,0.001778405015,0.0008548446363,4.399921329,4.599921603,3.799911083,0.6000232688,0.600023026,0.6000261158,8.400393357,8.600391984,8.600444584
40.75,60.15003038,63.18240192,63.18253158,60.1495268,63.18190011,63.18196243,0.001753600752,0.000842921702,4.399922426,4.599922697,3.799912323,0.6000229442,0.6000227049,0.6000257516,8.40038787,8.600386517,8.600438383
40.8,60.15001686,63.18238844,63.1825163,60.1495203,63.18189363,63.18195509,0.001729142451,0.0008311650626,4.399923508,4.599923775,3.799913546,0.6000226242,0.6000223882,0.6000253924,8.40038246,8.600381126,8.600432269
40.85,60.15000352,63.18237515,63.18250122,60.14951389,63.18188724,63.18194784,0.001705025281,0.0008195723987,4.399924575,4.599924838,3.799914752,0.6000223086,0.600022076,0.6000250383,8.400377126,8.600375811,8.60042624
40.9,60.14999037,63.18236205,63.18248636,60.14950757,63.18188094,63.1819407,0.001681244481,0.0008081414232,4.399925627,4.599925886,3.799915941,0.6000219975,0.6000217681,0.6000246891,8.400371866,8.600370569,8.600420295
40.95,60.1499774,63.18234913,63.18247171,60.14950134,63.18187473,63.18193365,0.001657795359,0.0007968698812,4.399926664,4.59992692,3.799917113,0.6000216907,0.6000214645,0.6000243447,8.400366679,8.600365401,8.600414433
41,60.14996462,63.18233639,63.18245726,60.14949519,63.18186861,63.18192671,0.001634673287,0.0007857555487,4.399927687,4.599927939,3.799918269,0.6000213881,0.6000211651,0.6000240052,8.400361565,8.600360304,8.600408653
41.05,60.14995201,63.18232382,63.18244301,60.14948913,63.18186257,63.18191986,0.001611873703,0.0007747962332,4.399928696,4.599928944,3.799919409,0.6000210898,0.6000208699,0.6000236704,8.400356522,8.600355279,8.600402953
41.1,60.14993958,63.18231143,63.18242896,60.14948316,63.18185661,63.1819131,0.00158939211,0.0007639897726,4.39992969,4.599929935,3.799920533,0.6000207957,0.6000205788,0.6000233402,8.400351549,8.600350324,8.600397333
41.15,60.14992732,63.18229922,63.1824151,60.14947726,63.18185074,63.18190644,0.001567224075,0.0007533340349,4.399930671,4.599930912,3.799921642,0.6000205056,0.6000202918,0.6000230147,8.400346646,8.600345438,8.600391791
41.2,60.14991523,63.18228717,63.18240144,60.14947145,63.18184495,63.18189988,0.001545365226,0.0007428269179,4.399931638,4.599931876,3.799922735,0.6000202196,0.6000200088,0.6000226937,8.400341811,8.60034062,8.600386327
41.25,60.14990331,63.1822753,63.18238797,60.14946573,63.18183924,63.1818934,0.001523811252,0.0007324663488,4.399932591,4.599932826,3.799923812,0.6000199376,0.6000197297,0.6000223772,8.400337043,8.600335869,8.600380938
41.3,60.14989156,63.18226359,63.18237469,60.14946008,63.18183361,63.18188702,0.001502557902,0.0007222502835,4.399933532,4.599933763,3.799924875,0.6000196595,0.6000194545,0.6000220651,8.400332342,8.600331185,8.600375625
41.35,60.14987997,63.18225204,63.18236159,60.14945451,63.18182806,63.18188072,0.001481600987,0.0007121767067,4.399934459,4.599934687,3.799925923,0.6000193853,0.6000191832,0.6000217573,8.400327707,8.600326565,8.600370386
41.4,60.14986854,63.18224065,63.18234868,60.14944901,63.18182259,63.18187451,0.001460936373,0.0007022436309,4.399935373,4.599935598,3.799926956,0.6000191149,0.6000189157,0.6000214539,8.400323136,8.600322011,8.60036522
41.45,60.14985728,63.18222942,63.18233594,60.1494436,63.18181719,63.18186839,0.001440559985,0.0006924490965,4.399936274,4.599936496,3.799927975,0.6000188483,0.6000186518,0.6000211546,8.400318629,8.600317519,8.600360126
41.5,60.14984617,63.18221835,63.18232338,60.14943826,63.18181187,63.18186236,0.001420467805,0.0006827911712,4.399937163,4.599937382,3.799928979,0.6000185854,0.6000183917,0.6000208596,8.400314185,8.600313091,8.600355104
41.55,60.14983521,63.18220744,63.182311,60.14943299,63.18180662,63.1818564,0.001400655871,0.0006732679497,4.399938039,4.599938255,3.79992997,0.6000183262,0.6000181352,0.6000205687,8.400309803,8.600308724,8.600350151
41.6,60.14982441,63.18219667,63.18229879,60.1494278,63.18180145,63.18185053,0.001381120275,0.0006638775531,4.399938904,4.599939116,3.799930947,0.6000180706,0.6000178822,0.6000202818,8.400305482,8.600304418,8.600345267
41.65,60.14981376,63.18218606,63.18228675,60.14942268,63.18179635,63.18184475,0.001361857164,0.000654618129,4.399939756,4.599939966,3.79993191,0.6000178185,0.6000176328,0.6000199989,8.400301221,8.600300172,8.600340452
41.7,60.14980325,63.18217559,63.18227488,60.14941763,63.18179131,63.18183904,0.001342862737,0.0006454878505,4.399940596,4.599940803,3.799932859,0.60001757,0.6000173869,0.60001972,8.40029702,8.600295986,8.600335703
41.75,60.1497929,63.18216527,63.18226318,60.14941265,63.18178635,63.18183342,0.001324133247,0.0006364849165,4.399941425,4.599941628,3.799933796,0.600017325,0.6000171444,0.6000194449,8.400292877,8.600291858,8.600331021
41.8,60.14978268,63.18215509,63.18225164,60.14940774,63.18178146,63.18182787,0.001305664999,0.0006276075507,4.399942242,4.599942443,3.799934719,0.6000170833,0.6000169053,0.6000191737,8.400288792,8.600287787,8.600326404
41.85,60.14977261,63.18214506,63.18224025,60.1494029,63.18177664,63.1818224,0.001287454349,0.0006188540019,4.399943047,4.599943245,3.79993563,0.600016845,0.6000166695,0.6000189063,8.400284764,8.600283773,8.600321852
41.9,60.14976269,63.18213516,63.18222903,60.14939813,63.18177188,63.181817,0.001269497702,0.000610222543,4.399943842,4.599944037,3.799936527,0.6000166101,0.600016437,0.6000186426,8.400280792,8.600279815,8.600317363
41.95,60.14975289,63.18212541,63.18221797,60.14939342,63.18176719,63.18181168,0.001251791515,0.0006017114713,4.399944625,4.599944817,3.799937413,0.6000163784,0.6000162078,0.6000183826,8.400276876,8.600275913,8.600312936
42,60.14974324,63.18211579,63.18220705,60.14938878,63.18176257,63.18180644,0.001234332292,0.0005933191076,4.399945397,4.599945587,3.799938286,0.60001615,0.6000159817,0.6000181262,8.400273014,8.600272064,8.600308572
42.05,60.14973372,63.1821063,63.1821963,60.14938421,63.18175801,63.18180127,0.001217116587,0.0005850437963,4.399946159,4.599946346,3.799939146,0.6000159247,0.6000157588,0.6000178734,8.400269206,8.60026827,8.600304268
42.1,60.14972433,63.18209695,63.18218569,60.14937969,63.18175351,63.18179617,0.001200141002,0.0005768839048,4.39994691,4.599947094,3.799939995,0.6000157026,0.600015539,0.6000176241,8.400265451,8.600264528,8.600300024
42.15,60.14971508,63.18208772,63.18217522,60.14937525,63.18174908,63.18179114,0.001183402185,0.0005688378233,4.39994765,4.599947832,3.799940832,0.6000154836,0.6000153223,0.6000173783,8.400261749,8.600260839,8.60029584
42.2,60.14970595,63.18207863,63.18216491,60.14937086,63.18174471,63.18178618,0.001166896831,0.0005609039643,4.39994838,4.59994856,3.799941657,0.6000152677,0.6000151086,0.6000171359,8.400258098,8.600257201,8.600291714
42.25,60.14969695,63.18206966,63.18215474,60.14936653,63.18174039,63.18178129,0.001150621681,0.0005530807627,4.3999491,4.599949277,3.799942471,0.6000150547,0.6000148979,0.6000168969,8.400254498,8.600253614,8.600287645
42.3,60.14968808,63.18206082,63.18214471,60.14936227,63.18173614,63.18177647,0.001134573522,0.0005453666752,4.39994981,4.599949985,3.799943273,0.6000148447,0.6000146901,0.6000166613,8.400250949,8.600250076,8.600283633
42.35,60.14967933,63.1820521,63.18213482,60.14935806,63.18173195,63.18177171,0.001118749185,0.0005377601797,4.39995051,4.599950682,3.799944065,0.6000146377,0.6000144852,0.6000164289,8.400247449,8.600246588,8.600279677
42.4,60.1496707,63.1820435,63.18212507,60.14935391,63.18172782,63.18176703,0.001103145544,0.0005302597757,4.399951201,4.59995137,3.799944845,0.6000144335,0.6000142832,0.6000161998,8.400243997,8.600243149,8.600275776
42.45,60.14966219,63.18203502,63.18211545,60.14934982,63.18172374,63.1817624,0.00108775952,0.0005228639835,4.399951881,4.599952048,3.799945614,0.6000142322,0.6000140839,0.6000159738,8.400240594,8.600239758,8.60027193
42.5,60.1496538,63.18202666,63.18210597,60.14934579,63.18171973,63.18175785,0.001072588075,0.000515571344,4.399952552,4.599952717,3.799946373,0.6000140337,0.6000138875,0.600015751,8.400237238,8.600236414,8.600268137
42.55,60.14964553,63.18201842,63.18209662,60.14934182,63.18171576,63.18175335,0.001057628213,0.0005083804185,4.399953214,4.599953377,3.79994712,0.600013838,0.6000136938,0.6000155313,8.400233929,8.600233117,8.600264398
42.6,60.14963737,63.18201029,63.1820874,60.14933789,63.18171186,63.18174892,0.001042876981,0.0005012897884,4.399953867,4.599954027,3.799947858,0.600013645,0.6000135028,0.6000153147,8.400230667,8.600229865,8.60026071
42.65,60.14962933,63.18200227,63.18207831,60.14933403,63.181708,63.18174455,0.001028331467,0.0004942980547,4.39995451,4.599954668,3.799948585,0.6000134547,0.6000133145,0.6000151011,8.400227449,8.600226659,8.600257074
42.7,60.1496214,63.18199437,63.18206935,60.14933022,63.1817042,63.18174024,0.001013988802,0.0004874038381,4.399955145,4.5999553,3.799949302,0.600013267,0.6000131288,0.6000148905,8.400224277,8.600223498,8.600253488
42.75,60.14961358,63.18198658,63.18206051,60.14932646,63.18170046,63.18173599,0.000999846153,0.0004806057785,4.39995577,4.599955924,3.799950009,0.6000130819,0.6000129457,0.6000146828,8.400221149,8.600220381,8.600249953
42.8,60.14960587,63.18197889,63.18205179,60.14932275,63.18169676,63.1817318,0.0009859007314,0.0004739025347,4.399956387,4.599956539,3.799950707,0.6000128995,0.6000127651,0.600014478,8.400218064,8.600217307,8.600246466
42.85,60.14959826,63.18197132,63.1820432,60.1493191,63.18169312,63.18172767,0.0009721497856,0.0004672927843,4.399956995,4.599957145,3.799951394,0.6000127196,0.6000125871,0.6000142761,8.400215023,8.600214276,8.600243029
42.9,60.14959076,63.18196384,63.18203472,60.14931549,63.18168953,63.1817236,0.0009585906035,0.0004607752234,4.399957595,4.599957743,3.799952072,0.6000125422,0.6000124115,0.600014077,8.400212024,8.600211287,8.600239639
42.95,60.14958337,63.18195648,63.18202637,60.14931194,63.18168599,63.18171958,0.0009452205112,0.000454348566,4.399958187,4.599958332,3.799952741,0.6000123672,0.6000122384,0.6000138806,8.400209066,8.60020834,8.600236297
43,60.14957608,63.18194921,63.18201813,60.14930843,63.1816825,63.18171562,0.000932036873,0.0004480115443,4.39995877,4.599958913,3.7999534,0.6000121947,0.6000120677,0.600013687,8.40020615,8.600205435,8.600233001
43.05,60.14956889,63.18194205,63.18201,60.14930498,63.18167905,63.18171172,0.00091903709,0.0004417629082,4.399959345,4.599959486,3.79995405,0.6000120246,0.6000118994,0.6000134961,8.400203275,8.600202569,8.600229751
43.1,60.1495618,63.18193499,63.18200199,60.14930157,63.18167566,63.18170787,0.0009062186005,0.0004356014248,4.399959912,4.599960051,3.799954691,0.6000118569,0.6000117334,0.6000133079,8.40020044,8.600199744,8.600226547
43.15,60.14955482,63.18192802,63.18199409,60.14929821,63.18167231,63.18170407,0.0008935788788,0.0004295258787,4.399960471,4.599960608,3.799955323,0.6000116915,0.6000115698,0.6000131223,8.400197644,8.600196958,8.600223387
43.2,60.14954792,63.18192115,63.1819863,60.1492949,63.18166901,63.18170033,0.0008811154354,0.0004235350711,4.399961023,4.599961158,3.799955946,0.6000115285,0.6000114084,0.6000129392,8.400194887,8.600194211,8.600220271
43.25,60.14954113,63.18191438,63.18197862,60.14929163,63.18166575,63.18169663,0.0008688258154,0.0004176278203,4.399961566,4.5999617,3.79995656,0.6000113677,0.6000112493,0.6000127588,8.400192169,8.600191502,8.600217199
43.3,60.14953443,63.1819077,63.18197105,60.14928841,63.18166255,63.18169299,0.0008567075992,0.0004118029607,4.399962102,4.599962234,3.799957166,0.6000112091,0.6000110924,0.6000125808,8.400189489,8.600188831,8.600214169
43.35,60.14952782,63.18190112,63.18196358,60.14928524,63.18165938,63.1816894,0.000844758401,0.0004060593434,4.399962631,4.599962761,3.799957764,0.6000110528,0.6000109377,0.6000124053,8.400186846,8.600186197,8.600211182
43.4,60.1495213,63.18189463,63.18195622,60.1492821,63.18165626,63.18168586,0.0008329758688,0.000400395835,4.399963152,4.59996328,3.799958353,0.6000108986,0.6000107851,0.6000122323,8.40018424,8.6001836,8.600208237
43.45,60.14951488,63.18188822,63.18194896,60.14927902,63.18165318,63.18168237,0.0008213576835,0.0003948113183,4.399963666,4.599963792,3.799958934,0.6000107466,0.6000106347,0.6000120617,8.40018167,8.600181039,8.600205332
43.5,60.14950854,63.18188191,63.1819418,60.14927597,63.18165015,63.18167893,0.0008099015588,0.0003893046917,4.399964173,4.599964297,3.799959506,0.6000105967,0.6000104864,0.6000118935,8.400179136,8.600178514,8.600202468
43.55,60.1495023,63.18187569,63.18193474,60.14927297,63.18164716,63.18167554,0.00079860524,0.0003838748686,4.399964673,4.599964795,3.799960071,0.6000104489,0.6000103401,0.6000117276,8.400176637,8.600176024,8.600199644
43.6,60.14949614,63.18186955,63.18192777,60.14927001,63.18164421,63.18167219,0.000787466504,0.0003785207779,4.399965165,4.599965286,3.799960628,0.6000103032,0.6000101959,0.600011564,8.400174174,8.600173569,8.60019686
43.65,60.14949007,63.1818635,63.18192091,60.14926709,63.1816413,63.18166889,0.0007764831584,0.0003732413633,4.399965651,4.59996577,3.799961177,0.6000101595,0.6000100537,0.6000114027,8.400171744,8.600171148,8.600194114
43.7,60.14948408,63.18185753,63.18191414,60.14926421,63.18163843,63.18166564,0.0007656530411,0.0003680355833,4.39996613,4.599966248,3.799961719,0.6000100178,0.6000099135,0.6000112437,8.400169349,8.600168761,8.600191407
43.75,60.14947817,63.18185164,63.18190747,60.14926137,63.1816356,63.18166243,0.0007549740195,0.0003629024109,4.399966603,4.599966718,3.799962253,0.600009878,0.6000097752,0.6000110869,8.400166987,8.600166408,8.600188737
43.8,60.14947235,63.18184584,63.18190089,60.14925857,63.18163281,63.18165927,0.0007444439898,0.0003578408333,4.399967068,4.599967183,3.799962779,0.6000097403,0.6000096388,0.6000109322,8.400164658,8.600164087,8.600186105
43.85,60.14946661,63.18184012,63.1818944,60.14925581,63.18163006,63.18165615,0.0007340608769,0.000352849852,4.399967528,4.59996764,3.799963298,0.6000096044,0.6000095044,0.6000107798,8.400162361,8.600161798,8.600183509
43.9,60.14946095,63.18183448,63.181888,60.14925309,63.18162735,63.18165307,0.0007238226331,0.0003479284823,4.399967981,4.599968092,3.79996381,0.6000094704,0.6000093718,0.6000106294,8.400160097,8.600159541,8.600180949
43.95,60.14945536,63.18182892,63.18188169,60.14925041,63.18162467,63.18165004,0.0007137272376,0.0003430757534,4.399968427,4.599968537,3.799964315,0.6000093384,0.6000092411,0.6000104812,8.400157864,8.600157316,8.600178426
44,60.14944986,63.18182343,63.18187547,60.14924776,63.18162204,63.18164705,0.0007037726964,0.0003382907079,4.399968868,4.599968976,3.799964813,0.6000092081,0.6000091122,0.600010335,8.400155662,8.600155122,8.600175937
44.05,60.14944443,63.18181802,63.18186933,60.14924515,63.18161944,63.1816441,0.0006939570406,0.0003335724017,4.399969302,4.599969408,3.799965303,0.6000090797,0.6000089852,0.6000101908,8.400153491,8.600152959,8.600173483
44.1,60.14943908,63.18181269,63.18186328,60.14924258,63.18161687,63.18164119,0.0006842783267,0.000328919904,4.39996973,4.599969835,3.799965787,0.600008953,0.6000088598,0.6000100487,8.40015135,8.600150825,8.600171064
44.15,60.1494338,63.18180743,63.18185732,60.14924005,63.18161435,63.18163833,0.000674734635,0.000324332297,4.399970152,4.599970256,3.799966264,0.6000088282,0.6000087363,0.6000099085,8.400149239,8.600148722,8.600168678
44.2,60.1494286,63.18180224,63.18185144,60.14923754,63.18161185,63.1816355,0.0006653240695,0.0003198086756,4.399970568,4.599970671,3.799966735,0.600008705,0.6000086144,0.6000097704,8.400147158,8.600146647,8.600166325
44.25,60.14942347,63.18179713,63.18184564,60.14923508,63.18160939,63.18163271,0.0006560447568,0.0003153481474,4.399970979,4.59997108,3.799967199,0.6000085836,0.6000084943,0.6000096341,8.400145105,8.600144602,8.600164006
44.3,60.14941841,63.18179209,63.18183992,60.14923265,63.18160697,63.18162996,0.0006468948453,0.0003109498323,4.399971384,4.599971483,3.799967656,0.6000084639,0.6000083758,0.6000094997,8.400143081,8.600142585,8.600161718
44.35,60.14941342,63.18178712,63.18183428,60.14923025,63.18160458,63.18162725,0.0006378725047,0.0003066128627,4.399971783,4.599971881,3.799968107,0.6000083459,0.600008259,0.6000093672,8.400141086,8.600140597,8.600159463
44.4,60.1494085,63.18178222,63.18182872,60.14922788,63.18160222,63.18162458,0.0006289759248,0.0003023363828,4.399972176,4.599972273,3.799968552,0.6000082295,0.6000081438,0.6000092366,8.400139118,8.600138636,8.600157239
44.45,60.14940365,63.18177738,63.18182324,60.14922555,63.1815999,63.18162194,0.0006202033224,0.0002981195492,4.399972564,4.59997266,3.799968991,0.6000081147,0.6000080302,0.6000091078,8.400137178,8.600136702,8.600155046
44.5,60.14939887,63.18177261,63.18181783,60.14922325,63.18159761,63.18161935,0.00061155305,0.0002939615298,4.399972947,4.599973041,3.799969423,0.6000080015,0.6000079182,0.6000089807,8.400135264,8.600134796,8.600152883
44.55,60.14939415,63.18176791,63.1818125,60.14922098,63.18159535,63.18161678,0.0006030234316,0.0002898615043,4.399973324,4.599973417,3.79996985,0.6000078899,0.6000078078,0.6000088555,8.400133378,8.600132916,8.600150751
44.6,60.1493895,63.18176328,63.18180725,60.14921875,63.18159312,63.18161426,0.000594612781,0.0002858186638,4.399973696,4.599973788,3.79997027,0.6000077799,0.6000076989,0.600008732,8.400131518,8.600131062,8.600148648
44.65,60.14938491,63.18175871,63.18180206,60.14921654,63.18159093,63.18161176,0.0005863194368,0.0002818322109,4.399974063,4.599974153,3.799970685,0.6000076714,0.6000075915,0.6000086102,8.400129683,8.600129234,8.600146575
44.7,60.14938039,63.1817542,63.18179695,60.14921437,63.18158876,63.18160931,0.0005781417613,0.0002779013589,4.399974425,4.599974514,3.799971094,0.6000075644,0.6000074856,0.6000084901,8.400127874,8.600127431,8.600144531
44.75,60.14937593,63.18174976,63.18179191,60.14921223,63.18158662,63.18160689,0.0005700781402,0.0002740253325,4.399974782,4.599974869,3.799971497,0.6000074588,0.6000073812,0.6000083717,8.400126091,8.600125654,8.600142515
44.8,60.14937154,63.18174538,63.18178694,60.14921011,63.18158452,63.1816045,0.0005621269824,0.0002702033668,4.399975134,4.59997522,3.799971895,0.6000073548,0.6000072783,0.6000082549,8.400124332,8.600123901,8.600140527
44.85,60.1493672,63.18174106,63.18178204,60.14920803,63.18158244,63.18160214,0.0005542867193,0.0002664347081,4.39997548,4.599975565,3.799972287,0.6000072522,0.6000071768,0.6000081398,8.400122598,8.600122173,8.600138567
44.9,60.14936293,63.1817368,63.18177721,60.14920598,63.18158039,63.18159982,0.0005465558045,0.0002627186126,4.399975822,4.599975906,3.799972673,0.6000071511,0.6000070767,0.6000080262,8.400120888,8.600120469,8.600136634
44.95,60.14935871,63.1817326,63.18177245,60.14920395,63.18157837,63.18159753,0.0005389327137,0.0002590543473,4.39997616,4.599976242,3.799973054,0.6000070513,0.600006978,0.6000079143,8.400119202,8.600118789,8.600134729
45,60.14935455,63.18172846,63.18176775,60.14920195,63.18157638,63.18159527,0.0005314159438,0.0002554411893,4.399976492,4.599976574,3.79997343,0.600006953,0.6000068806,0.6000078039,8.400117539,8.600117132,8.60013285
45.05,60.14935045,63.18172437,63.18176312,60.14919998,63.18157442,63.18159304,0.000524004013,0.0002518784259,4.39997682,4.5999769,3.799973801,0.600006856,0.6000067847,0.6000076951,8.4001159,8.600115498,8.600130997
45.1,60.14934641,63.18172034,63.18175855,60.14919804,63.18157248,63.18159085,0.0005166954601,0.000248365354,4.399977143,4.599977222,3.799974166,0.6000067604,0.60000669,0.6000075877,8.400114284,8.600113888,8.60012917
45.15,60.14934243,63.18171637,63.18175405,60.14919612,63.18157058,63.18158868,0.0005094888445,0.0002449012806,4.399977462,4.59997754,3.799974526,0.6000066661,0.6000065967,0.6000074819,8.40011269,8.600112299,8.600127368
45.2,60.1493385,63.18171246,63.1817496,60.14919423,63.18156869,63.18158655,0.0005023827456,0.0002414855224,4.399977776,4.599977853,3.799974882,0.6000065731,0.6000065047,0.6000073776,8.400111118,8.600110733,8.600125591
45.25,60.14933462,63.1817086,63.18174523,60.14919237,63.18156684,63.18158444,0.0004953757627,0.0002381174054,4.399978086,4.599978162,3.799975232,0.6000064814,0.600006414,0.6000072747,8.400109568,8.600109188,8.60012384
45.3,60.1493308,63.18170479,63.18174091,60.14919054,63.18156501,63.18158237,0.0004884665144,0.0002347962652,4.399978392,4.599978467,3.799975577,0.600006391,0.6000063245,0.6000071732,8.40010804,8.600107666,8.600122113
45.35,60.14932704,63.18170104,63.18173665,60.14918872,63.1815632,63.18158032,0.0004816536385,0.0002315214466,4.399978693,4.599978767,3.799975918,0.6000063019,0.6000062363,0.6000070731,8.400106533,8.600106164,8.600120409
45.4,60.14932332,63.18169733,63.18173245,60.14918694,63.18156142,63.1815783,0.0004749357919,0.0002282923034,4.399978991,4.599979063,3.799976254,0.600006214,0.6000061493,0.6000069745,8.400105047,8.600104683,8.60011873
45.45,60.14931966,63.18169368,63.18172831,60.14918518,63.18155967,63.18157631,0.0004683116497,0.0002251081987,4.399979284,4.599979355,3.799976585,0.6000061273,0.6000060636,0.6000068772,8.400103582,8.600103223,8.600117074
45.5,60.14931605,63.18169008,63.18172423,60.14918344,63.18155794,63.18157435,0.0004617799057,0.0002219685043,4.399979573,4.599979643,3.799976912,0.6000060419,0.600005979,0.6000067813,8.400102137,8.600101783,8.600115441
45.55,60.14931249,63.18168653,63.1817202,60.14918173,63.18155623,63.18157242,0.0004553392714,0.0002188726007,4.399979857,4.599979927,3.799977234,0.6000059576,0.6000058956,0.6000066867,8.400100713,8.600100364,8.600113831
45.6,60.14930897,63.18168304,63.18171623,60.14918004,63.18155455,63.18157051,0.0004489884763,0.0002158198772,4.399980138,4.599980207,3.799977551,0.6000058745,0.6000058134,0.6000065935,8.400099308,8.600098964,8.600112243
45.65,60.14930551,63.18167958,63.18171232,60.14917838,63.18155289,63.18156863,0.0004427262673,0.0002128097315,4.399980415,4.599980483,3.799977864,0.6000057926,0.6000057323,0.6000065015,8.400097923,8.600097584,8.600110678
45.7,60.1493021,63.18167618,63.18170846,60.14917674,63.18155126,63.18156677,0.0004365514088,0.0002098415698,4.399980689,4.599980755,3.799978173,0.6000057118,0.6000056524,0.6000064108,8.400096557,8.600096223,8.600109134
45.75,60.14929873,63.18167283,63.18170466,60.14917512,63.18154964,63.18156494,0.000430462682,0.0002069148065,4.399980958,4.599981024,3.799978478,0.6000056321,0.6000055735,0.6000063214,8.40009521,8.600094881,8.600107612
45.8,60.14929541,63.18166952,63.1817009,60.14917352,63.18154805,63.18156314,0.0004244588851,0.0002040288642,4.399981224,4.599981289,3.799978778,0.6000055536,0.6000054958,0.6000062332,8.400093882,8.600093557,8.600106111
45.85,60.14929214,63.18166626,63.1816972,60.14917195,63.18154649,63.18156136,0.0004185388326,0.0002011831735,4.399981485,4.59998155,3.799979074,0.6000054761,0.6000054191,0.6000061463,8.400092573,8.600092252,8.600104631
45.9,60.14928891,63.18166304,63.18169356,60.1491704,63.18154494,63.18155961,0.0004127013556,0.0001983771731,4.399981744,4.599981807,3.799979366,0.6000053997,0.6000053436,0.6000060606,8.400091282,8.600090966,8.600103172
45.95,60.14928573,63.18165987,63.18168996,60.14916887,63.18154341,63.18155788,0.0004069453014,0.0001956103094,4.399981998,4.599982061,3.799979653,0.6000053244,0.600005269,0.600005976,8.400090009,8.600089697,8.600101733
46,60.14928259,63.18165674,63.18168641,60.14916736,63.18154191,63.18155617,0.000401269533,0.0001928820364,4.399982249,4.599982311,3.799979937,0.6000052502,0.6000051955,0.6000058927,8.400088753,8.600088446,8.600100314
46.05,60.14927949,63.18165366,63.18168291,60.14916587,63.18154043,63.18155449,0.0003956729293,0.000190191816,4.399982497,4.599982558,3.799980217,0.6000051769,0.6000051231,0.6000058105,8.400087515,8.600087212,8.600098915
46.1,60.14927644,63.18165062,63.18167946,60.1491644,63.18153897,63.18155283,0.0003901543847,0.0001875391175,4.399982741,4.599982801,3.799980493,0.6000051047,0.6000050516,0.6000057295,8.400086295,8.600085996,8.600097535
46.15,60.14927343,63.18164762,63.18167606,60.14916296,63.18153753,63.1815512,0.0003847128088,0.0001849234174,4.399982982,4.599983041,3.799980765,0.6000050335,0.6000049812,0.6000056496,8.400085091,8.600084797,8.600096175
46.2,60.14927047,63.18164466,63.18167271,60.14916153,63.1815361,63.18154959,0.0003793471267,0.0001823441998,4.399983219,4.599983277,3.799981033,0.6000049633,0.6000049117,0.6000055708,8.400083904,8.600083614,8.600094834
46.25,60.14926754,63.18164174,63.1816694,60.14916013,63.1815347,63.181548,0.000374056278,0.0001798009557,4.399983453,4.59998351,3.799981298,0.6000048941,0.6000048432,0.6000054931,8.400082734,8.600082448,8.600093511
46.3,60.14926466,63.18163887,63.18166614,60.14915874,63.18153332,63.18154643,0.0003688392173,0.0001772931836,4.399983684,4.59998374,3.799981559,0.6000048258,0.6000047756,0.6000054165,8.40008158,8.600081298,8.600092207
46.35,60.14926181,63.18163604,63.18166293,60.14915737,63.18153196,63.18154488,0.0003636949139,0.0001748203885,4.399983912,4.599983967,3.799981816,0.6000047585,0.600004709,0.6000053409,8.400080442,8.600080164,8.600090921
46.4,60.14925901,63.18163324,63.18165976,60.14915602,63.18153061,63.18154336,0.0003586223513,0.0001723820828,4.399984136,4.599984191,3.799982069,0.6000046922,0.6000046434,0.6000052664,8.400079321,8.600079046,8.600089653
46.45,60.14925624,63.18163048,63.18165663,60.14915469,63.18152929,63.18154186,0.0003536205273,0.0001699777853,4.399984357,4.599984411,3.79998232,0.6000046267,0.6000045786,0.600005193,8.400078214,8.600077943,8.600088402
46.5,60.14925351,63.18162777,63.18165355,60.14915338,63.18152798,63.18154038,0.0003486884538,0.0001676070217,4.399984575,4.599984629,3.799982566,0.6000045622,0.6000045147,0.6000051205,8.400077123,8.600076856,8.600087169
46.55,60.14925082,63.18162509,63.18165051,60.14915209,63.1815267,63.18153892,0.0003438251566,0.0001652693243,4.39998479,4.599984843,3.799982809,0.6000044986,0.6000044518,0.6000050491,8.400076048,8.600075784,8.600085953
46.6,60.14924817,63.18162244,63.18164751,60.14915082,63.18152543,63.18153747,0.0003390296751,0.000162964232,4.399985003,4.599985055,3.799983049,0.6000044358,0.6000043897,0.6000049787,8.400074987,8.600074727,8.600084755
46.65,60.14924556,63.18161984,63.18164456,60.14914956,63.18152417,63.18153605,0.0003343010625,0.0001606912898,4.399985212,4.599985263,3.799983285,0.600004374,0.6000043284,0.6000049093,8.400073941,8.600073685,8.600083573
46.7,60.14924298,63.18161727,63.18164164,60.14914832,63.18152294,63.18153465,0.0003296383852,0.0001584500495,4.399985418,4.599985469,3.799983519,0.6000043129,0.6000042681,0.6000048408,8.40007291,8.600072657,8.600082407
46.75,60.14924044,63.18161474,63.18163877,60.1491471,63.18152172,63.18153327,0.0003250407229,0.0001562400689,4.399985621,4.599985671,3.799983748,0.6000042528,0.6000042085,0.6000047733,8.400071893,8.600071644,8.600081258
46.8,60.14923793,63.18161224,63.18163594,60.14914589,63.18152052,63.18153191,0.0003205071682,0.000154060912,4.399985822,4.599985871,3.799983975,0.6000041935,0.6000041498,0.6000047067,8.40007089,8.600070645,8.600080124
46.85,60.14923546,63.18160977,63.18163314,60.1491447,63.18151934,63.18153057,0.0003160368269,0.0001519121488,4.39998602,4.599986068,3.799984199,0.600004135,0.600004092,0.600004641,8.400069901,8.600069659,8.600079007
46.9,60.14923302,63.18160735,63.18163039,60.14914353,63.18151817,63.18152924,0.0003116288173,0.0001497933555,4.399986215,4.599986262,3.799984419,0.6000040773,0.6000040349,0.6000045763,8.400068926,8.600068688,8.600077905
46.95,60.14923062,63.18160495,63.18162767,60.14914238,63.18151702,63.18152794,0.0003072822703,0.0001477041141,4.399986407,4.599986454,3.799984636,0.6000040204,0.6000039786,0.6000045125,8.400067965,8.60006773,8.600076818
47,60.14922825,63.18160259,63.18162499,60.14914124,63.18151588,63.18152665,0.0003029963292,0.0001456440123,4.399986597,4.599986643,3.799984851,0.6000039644,0.6000039231,0.6000044495,8.400067017,8.600066785,8.600075747
47.05,60.14922591,63.18160026,63.18162235,60.14914012,63.18151476,63.18152538,0.0002987701497,0.0001436126438,4.399986784,4.599986829,3.799985062,0.6000039091,0.6000038684,0.6000043875,8.400066082,8.600065854,8.60007469
47.1,60.14922361,63.18159796,63.18161975,60.14913901,63.18151366,63.18152413,0.0002946028995,0.0001416096077,4.399986968,4.599987013,3.79998527,0.6000038545,0.6000038144,0.6000043263,8.400065161,8.600064935,8.600073648
47.15,60.14922133,63.1815957,63.18161718,60.14913792,63.18151257,63.18152289,0.0002904937579,0.000139634509,4.39998715,4.599987194,3.799985476,0.6000038008,0.6000037612,0.6000042659,8.400064252,8.600064029,8.600072621
47.2,60.14921909,63.18159347,63.18161465,60.14913684,63.1815115,63.18152168,0.0002864419164,0.000137686958,4.399987329,4.599987373,3.799985678,0.6000037478,0.6000037088,0.6000042064,8.400063356,8.600063136,8.600071608
47.25,60.14921688,63.18159126,63.18161215,60.14913578,63.18151044,63.18152048,0.0002824465779,0.0001357665704,4.399987506,4.599987549,3.799985878,0.6000036955,0.6000036571,0.6000041478,8.400062472,8.600062256,8.600070609
47.3,60.14921471,63.18158909,63.18160969,60.14913473,63.18150939,63.18151929,0.0002785069565,0.0001338729673,4.39998768,4.599987723,3.799986075,0.6000036439,0.600003606,0.6000040899,8.4000616,8.600061387,8.600069624
47.35,60.14921256,63.18158695,63.18160726,60.1491337,63.18150837,63.18151813,0.0002746222777,0.0001320057753,4.399987852,4.599987894,3.799986269,0.6000035931,0.6000035557,0.6000040329,8.400060741,8.600060531,8.600068653
47.4,60.14921044,63.18158484,63.18160486,60.14913268,63.18150735,63.18151698,0.0002707917781,0.000130164626,4.399988021,4.599988063,3.799986461,0.600003543,0.6000035061,0.6000039766,8.400059894,8.600059687,8.600067696
47.45,60.14920835,63.18158276,63.1816025,60.14913168,63.18150635,63.18151584,0.0002670147049,0.000128349156,4.399988188,4.599988229,3.79998665,0.6000034936,0.6000034572,0.6000039212,8.400059059,8.600058854,8.600066752
47.5,60.14920629,63.18158071,63.18160018,60.14913069,63.18150536,63.18151472,0.0002632903163,0.0001265590073,4.399988353,4.599988393,3.799986836,0.6000034449,0.600003409,0.6000038665,8.400058235,8.600058033,8.60006582
47.55,60.14920426,63.18157869,63.18159788,60.14912971,63.18150439,63.18151362,0.0002596178807,0.0001247938267,4.399988515,4.599988555,3.79998702,0.6000033968,0.6000033615,0.6000038125,8.400057423,8.600057224,8.600064902
47.6,60.14920226,63.18157669,63.18159562,60.14912875,63.18150343,63.18151253,0.0002559966769,0.0001230532659,4.399988676,4.599988715,3.799987201,0.6000033494,0.6000033146,0.6000037593,8.400056622,8.600056426,8.600063997
47.65,60.14920028,63.18157472,63.18159339,60.1491278,63.18150249,63.18151146,0.0002524259939,0.0001213369816,4.399988834,4.599988872,3.799987379,0.6000033027,0.6000032684,0.6000037069,8.400055832,8.600055639,8.600063104
47.7,60.14919834,63.18157278,63.18159119,60.14912686,63.18150155,63.1815104,0.0002489051303,0.0001196446352,4.399988989,4.599989027,3.799987555,0.6000032566,0.6000032228,0.6000036552,8.400055053,8.600054863,8.600062224
47.75,60.14919642,63.18157087,63.18158902,60.14912594,63.18150063,63.18150936,0.0002454333946,0.0001179758927,4.399989143,4.599989181,3.799987729,0.6000032112,0.6000031778,0.6000036042,8.400054285,8.600054097,8.600061356
47.8,60.14919452,63.18156898,63.18158688,60.14912503,63.18149973,63.18150833,0.0002420101048,0.000116330425,4.399989294,4.599989331,3.7999879,0.6000031664,0.6000031335,0.600003554,8.400053528,8.600053343,8.600060501
47.85,60.14919266,63.18156712,63.18158477,60.14912413,63.18149883,63.18150732,0.0002386345881,0.0001147079074,4.399989444,4.59998948,3.799988069,0.6000031223,0.6000030898,0.6000035044,8.400052781,8.600052599,8.600059657
47.9,60.14919082,63.18156529,63.18158269,60.14912325,63.18149795,63.18150632,0.0002353061805,0.0001131080199,4.399989591,4.599989627,3.799988235,0.6000030787,0.6000030467,0.6000034555,8.400052045,8.600051865,8.600058825
47.95,60.149189,63.18156348,63.18158064,60.14912238,63.18149708,63.18150533,0.0002320242272,0.0001115304468,4.399989736,4.599989772,3.799988399,0.6000030358,0.6000030042,0.6000034073,8.400051319,8.600051142,8.600058004
48,60.14918721,63.1815617,63.18157861,60.14912152,63.18149623,63.18150436,0.0002287880818,0.0001099748769,4.399989879,4.599989914,3.799988561,0.6000029934,0.6000029623,0.6000033598,8.400050604,8.600050428,8.600057195
48.05,60.14918545,63.18155994,63.18157662,60.14912067,63.18149538,63.1815034,0.000225597106,0.0001084410033,4.39999002,4.599990055,3.799988721,0.6000029517,0.600002921,0.6000033129,8.400049898,8.600049725,8.600056397
48.1,60.14918371,63.1815582,63.18157465,60.14911983,63.18149455,63.18150245,0.0002224506699,0.0001069285233,4.39999016,4.599990194,3.799988878,0.6000029105,0.6000028802,0.6000032667,8.400049202,8.600049032,8.600055611
48.15,60.14918199,63.18155649,63.18157271,60.14911901,63.18149373,63.18150152,0.0002193481513,0.0001054371387,4.399990297,4.59999033,3.799989033,0.6000028699,0.6000028401,0.6000032212,8.400048516,8.600048348,8.600054835
48.2,60.1491803,63.18155481,63.1815708,60.14911819,63.18149292,63.1815006,0.0002162889354,0.0001039665551,4.399990432,4.599990465,3.799989186,0.6000028299,0.6000028005,0.6000031762,8.400047839,8.600047673,8.600054071
48.25,60.14917863,63.18155315,63.18156892,60.14911739,63.18149212,63.1814997,0.000213272415,0.0001025164825,4.399990566,4.599990598,3.799989337,0.6000027904,0.6000027614,0.6000031319,8.400047172,8.600047009,8.600053316
48.3,60.14917699,63.18155151,63.18156706,60.1491166,63.18149133,63.1814988,0.0002102979897,0.0001010866348,4.399990697,4.599990729,3.799989485,0.6000027515,0.6000027229,0.6000030883,8.400046514,8.600046353,8.600052573
48.35,60.14917537,63.18154989,63.18156522,60.14911582,63.18149055,63.18149792,0.0002073650658,9.967672985e-05,4.399990827,4.599990859,3.799989632,0.6000027131,0.6000026849,0.6000030452,8.400045865,8.600045707,8.60005184
48.4,60.14917377,63.1815483,63.18156342,60.14911505,63.18148979,63.18149705,0.000204473056,9.828648954e-05,4.399990955,4.599990986,3.799989777,0.6000026753,0.6000026475,0.6000030027,8.400045226,8.600045069,8.600051117
48.45,60.14917219,63.18154673,63.18156163,60.14911429,63.18148903,63.1814962,0.0002016213793,9.691563959e-05,4.399991081,4.599991112,3.799989919,0.600002638,0.6000026105,0.6000029608,8.400044595,8.600044441,8.600050404
48.5,60.14917064,63.18154518,63.18155988,60.14911355,63.18148829,63.18149535,0.0001988094604,9.556390956e-05,4.399991205,4.599991236,3.79999006,0.6000026012,0.6000025741,0.6000029195,8.400043973,8.600043821,8.600049701
48.55,60.1491691,63.18154365,63.18155814,60.14911281,63.18148755,63.18149452,0.0001960367294,9.423103277e-05,4.399991328,4.599991358,3.799990198,0.6000025649,0.6000025382,0.6000028788,8.40004336,8.60004321,8.600049008
48.6,60.14916759,63.18154214,63.18155644,60.14911208,63.18148683,63.1814937,0.0001933026216,9.291674627e-05,4.399991449,4.599991479,3.799990335,0.6000025291,0.6000025028,0.6000028387,8.400042755,8.600042607,8.600048324
48.65,60.1491661,63.18154066,63.18155475,60.14911137,63.18148611,63.18149289,0.0001906065772,9.162079077e-05,4.399991568,4.599991597,3.79999047,0.6000024939,0.6000024679,0.6000027991,8.400042159,8.600042013,8.60004765
48.7,60.14916463,63.18153919,63.18155309,60.14911066,63.18148541,63.18149209,0.0001879480963,9.034291059e-05,4.399991686,4.599991715,3.799990603,0.6000024591,0.6000024335,0.60000276,8.40004157,8.600041427,8.600046986
48.75,60.14916318,63.18153775,63.18155145,60.14910996,63.18148471,63.1814913,0.0001853266981,8.908285364e-05,4.399991802,4.59999183,3.799990734,0.6000024248,0.6000023996,0.6000027216,8.400040991,8.600040849,8.60004633
48.8,60.14916175,63.18153632,63.18154984,60.14910928,63.18148403,63.18149052,0.0001827418636,8.784037132e-05,4.399991916,4.599991944,3.799990863,0.600002391,0.6000023661,0.6000026836,8.400040419,8.600040279,8.600045684
48.85,60.14916034,63.18153492,63.18154824,60.1491086,63.18148335,63.18148976,0.0001801930811,8.661521851e-05,4.399992029,4.599992057,3.799990991,0.6000023576,0.6000023331,0.6000026462,8.400039855,8.600039717,8.600045047
48.9,60.14915895,63.18153353,63.18154667,60.14910793,63.18148269,63.181489,0.0001776798469,8.54071535e-05,4.39999214,4.599992167,3.799991116,0.6000023247,0.6000023006,0.6000026093,8.400039299,8.600039163,8.600044419
48.95,60.14915758,63.18153217,63.18154512,60.14910727,63.18148203,63.18148826,0.0001752016642,8.421593797e-05,4.39999225,4.599992277,3.79999124,0.6000022923,0.6000022685,0.6000025729,8.400038751,8.600038617,8.600043799
49,60.14915623,63.18153082,63.1815436,60.14910662,63.18148138,63.18148752,0.0001727580438,8.304133691e-05,4.399992358,4.599992384,3.799991362,0.6000022603,0.6000022368,0.600002537,8.400038211,8.600038079,8.600043188
49.05,60.1491549,63.18152949,63.18154209,60.14910598,63.18148075,63.1814868,0.0001703485034,8.188311859e-05,4.399992464,4.599992491,3.799991483,0.6000022288,0.6000022056,0.6000025016,8.400037678,8.600037547,8.600042586
49.1,60.14915359,63.18152818,63.18154061,60.14910535,63.18148012,63.18148609,0.0001679725675,8.07410545e-05,4.39999257,4.599992595,3.799991602,0.6000021977,0.6000021749,0.6000024667,8.400037152,8.600037024,8.600041992
49.15,60.14915229,63.18152689,63.18153914,60.14910473,63.1814795,63.18148538,0.0001656297676,7.961491935e-05,4.399992673,4.599992699,3.799991719,0.6000021671,0.6000021445,0.6000024323,8.400036634,8.600036507,8.600041406
49.2,60.14915101,63.18152562,63.1815377,60.14910411,63.18147888,63.18148469,0.0001633196419,7.850449095e-05,4.399992775,4.5999928,3.799991834,0.6000021369,0.6000021146,0.6000023984,8.400036123,8.600035998,8.600040829
49.25,60.14914975,63.18152437,63.18153627,60.14910351,63.18147828,63.181484,0.0001610417351,7.740955025e-05,4.399992876,4.599992901,3.799991948,0.600002107,0.6000020851,0.6000023649,8.400035619,8.600035496,8.600040259
49.3,60.14914851,63.18152313,63.18153487,60.14910291,63.18147769,63.18148333,0.0001587955983,7.632988122e-05,4.399992975,4.599993,3.79999206,0.6000020777,0.600002056,0.6000023319,8.400035123,8.600035001,8.600039698
49.35,60.14914729,63.18152191,63.18153349,60.14910232,63.1814771,63.18148266,0.000156580789,7.526527086e-05,4.399993073,4.599993097,3.799992171,0.6000020487,0.6000020274,0.6000022994,8.400034633,8.600034513,8.600039144
49.4,60.14914608,63.1815207,63.18153212,60.14910174,63.18147652,63.18148201,0.0001543968708,7.421550915e-05,4.39999317,4.599993194,3.79999228,0.6000020201,0.6000019991,0.6000022673,8.40003415,8.600034031,8.600038598
49.45,60.14914489,63.18151952,63.18153077,60.14910117,63.18147595,63.18148136,0.0001522434136,7.318038898e-05,4.399993265,4.599993289,3.799992388,0.6000019919,0.6000019712,0.6000022357,8.400033673,8.600033557,8.60003806
49.5,60.14914371,63.18151835,63.18152945,60.14910061,63.18147539,63.18148072,0.0001501199932,7.215970613e-05,4.399993359,4.599993382,3.799992494,0.6000019641,0.6000019437,0.6000022045,8.400033204,8.600033089,8.600037529
49.55,60.14914256,63.18151719,63.18152814,60.14910005,63.18147483,63.18148009,0.0001480261912,7.115325926e-05,4.399993452,4.599993475,3.799992599,0.6000019368,0.6000019166,0.6000021738,8.400032741,8.600032627,8.600037005
49.6,60.14914141,63.18151606,63.18152685,60.1490995,63.18147429,63.18147947,0.0001459615952,7.016084978e-05,4.399993543,4.599993566,3.799992702,0.6000019097,0.6000018899,0.6000021435,8.400032284,8.600032172,8.600036489
49.65,60.14914029,63.18151493,63.18152558,60.14909896,63.18147375,63.18147886,0.0001439257985,6.918228194e-05,4.399993633,4.599993655,3.799992804,0.6000018831,0.6000018635,0.6000021136,8.400031834,8.600031724,8.60003598
49.7,60.14913918,63.18151383,63.18152432,60.14909843,63.18147322,63.18147826,0.0001419183998,6.821736266e-05,4.399993722,4.599993744,3.799992904,0.6000018568,0.6000018375,0.6000020841,8.40003139,8.600031281,8.600035478
49.75,60.14913808,63.18151274,63.18152308,60.1490979,63.18147269,63.18147767,0.0001399390036,6.726590158e-05,4.39999381,4.599993831,3.799993003,0.6000018309,0.6000018119,0.600002055,8.400030952,8.600030845,8.600034984
49.8,60.149137,63.18151166,63.18152186,60.14909738,63.18147217,63.18147708,0.0001379872196,6.6327711e-05,4.399993896,4.599993917,3.799993101,0.6000018054,0.6000017866,0.6000020264,8.40003052,8.600030415,8.600034496
49.85,60.14913594,63.1815106,63.18152066,60.14909687,63.18147166,63.1814765,0.000136062663,6.540260582e-05,4.399993981,4.599994002,3.799993197,0.6000017802,0.6000017617,0.6000019981,8.400030094,8.60002999,8.600034015
49.9,60.14913489,63.18150956,63.18151948,60.14909636,63.18147116,63.18147593,0.0001341649544,6.449040353e-05,4.399994065,4.599994086,3.799993292,0.6000017554,0.6000017371,0.6000019702,8.400029675,8.600029572,8.60003354
49.95,60.14913386,63.18150852,63.18151831,60.14909587,63.18147067,63.18147537,0.0001322937194,6.359092419e-05,4.399994148,4.599994168,3.799993386,0.6000017309,0.6000017129,0.6000019428,8.400029261,8.60002916,8.600033072
50,60.14913284,63.18150751,63.18151715,60.14909538,63.18147018,63.18147481,0.0001304485887,6.270399032e-05,4.399994229,4.599994249,3.799993478,0.6000017068,0.600001689,0.6000019157,8.400028853,8.600028753,8.600032611
50.05,60.14913183,63.18150651,63.18151602,60.14909489,63.1814697,63.18147427,0.0001286291983,6.182942695e-05,4.39999431,4.59999433,3.799993569,0.600001683,0.6000016655,0.6000018889,8.40002845,8.600028352,8.600032156
50.1,60.14913084,63.18150552,63.1815149,60.14909442,63.18146922,63.18147373,0.000126835189,6.096706155e-05,4.399994389,4.599994409,3.799993658,0.6000016595,0.6000016422,0.6000018626,8.400028053,8.600027956,8.600031708
50.15,60.14912986,63.18150454,63.18151379,60.14909395,63.18146875,63.1814732,0.0001250662065,6.011672398e-05,4.399994468,4.599994487,3.799993747,0.6000016363,0.6000016193,0.6000018366,8.400027662,8.600027567,8.600031266
50.2,60.1491289,63.18150358,63.1815127,60.14909348,63.18146829,63.18147267,0.0001233219014,5.927824649e-05,4.399994545,4.599994564,3.799993834,0.6000016135,0.6000015967,0.600001811,8.400027276,8.600027182,8.60003083
50.25,60.14912794,63.18150263,63.18151162,60.14909303,63.18146783,63.18147216,0.0001216019292,5.845146365e-05,4.399994621,4.599994639,3.79999392,0.600001591,0.6000015745,0.6000017857,8.400026896,8.600026803,8.6000304
50.3,60.14912701,63.1815017,63.18151056,60.14909257,63.18146739,63.18147165,0.00011990595,5.763621236e-05,4.399994696,4.599994714,3.799994005,0.6000015688,0.6000015525,0.6000017608,8.400026521,8.600026429,8.600029976
50.35,60.14912608,63.18150078,63.18150952,60.14909213,63.18146694,63.18147114,0.0001182336285,5.683233178e-05,4.39999477,4.599994788,3.799994089,0.600001547,0.6000015309,0.6000017363,8.400026151,8.600026061,8.600029557
50.4,60.14912517,63.18149987,63.18150849,60.14909169,63.18146651,63.18147065,0.0001165846341,5.603966332e-05,4.399994843,4.599994861,3.799994171,0.6000015254,0.6000015095,0.6000017121,8.400025786,8.600025697,8.600029145
50.45,60.14912427,63.18149897,63.18150747,60.14909126,63.18146607,63.18147016,0.0001149586409,5.525805059e-05,4.399994915,4.599994932,3.799994252,0.6000015041,0.6000014885,0.6000016882,8.400025427,8.600025339,8.600028739
50.5,60.14912338,63.18149809,63.18150647,60.14909083,63.18146565,63.18146968,0.000113355327,5.44873394e-05,4.399994986,4.599995003,3.799994332,0.6000014831,0.6000014677,0.6000016646,8.400025072,8.600024985,8.600028338
50.55,60.14912251,63.18149722,63.18150548,60.14909041,63.18146523,63.1814692,0.0001117743756,5.37273777e-05,4.399995056,4.599995073,3.799994411,0.6000014624,0.6000014472,0.6000016414,8.400024722,8.600024637,8.600027943
50.6,60.14912165,63.18149636,63.18150451,60.14909,63.18146482,63.18146874,0.0001102154737,5.297801557e-05,4.399995124,4.599995141,3.799994489,0.600001442,0.600001427,0.6000016185,8.400024378,8.600024293,8.600027553
50.65,60.1491208,63.18149551,63.18150355,60.14908959,63.18146441,63.18146827,0.000108678313,5.223910514e-05,4.399995192,4.599995209,3.799994566,0.6000014219,0.6000014071,0.600001596,8.400024038,8.600023954,8.600027169
50.7,60.14911996,63.18149468,63.1815026,60.14908919,63.18146401,63.18146782,0.0001071625892,5.151050067e-05,4.39999526,4.599995276,3.799994642,0.6000014021,0.6000013875,0.6000015737,8.400023702,8.60002362,8.60002679
50.75,60.14911913,63.18149385,63.18150167,60.14908879,63.18146361,63.18146737,0.0001056680026,5.07920584e-05,4.399995326,4.599995342,3.799994717,0.6000013825,0.6000013682,0.6000015518,8.400023372,8.600023291,8.600026416
50.8,60.14911832,63.18149304,63.18150074,60.1490884,63.18146322,63.18146693,0.0001041942574,5.008363659e-05,4.399995391,4.599995407,3.79999479,0.6000013633,0.6000013491,0.6000015301,8.400023046,8.600022966,8.600026048
50.85,60.14911752,63.18149224,63.18149984,60.14908801,63.18146284,63.18146649,0.000102741062,4.938509549e-05,4.399995455,4.599995471,3.799994863,0.6000013442,0.6000013303,0.6000015088,8.400022724,8.600022646,8.600025684
50.9,60.14911672,63.18149145,63.18149894,60.14908763,63.18146246,63.18146606,0.0001013081288,4.869629729e-05,4.399995519,4.599995534,3.799994935,0.6000013255,0.6000013117,0.6000014877,8.400022407,8.60002233,8.600025326
50.95,60.14911594,63.18149067,63.18149806,60.14908726,63.18146208,63.18146564,9.989517449e-05,4.80171061e-05,4.399995581,4.599995596,3.799995005,0.600001307,0.6000012934,0.600001467,8.400022095,8.600022018,8.600024973
51,60.14911517,63.1814899,63.18149719,60.14908689,63.18146172,63.18146522,9.850191952e-05,4.734738792e-05,4.399995643,4.599995658,3.799995075,0.6000012888,0.6000012754,0.6000014465,8.400021787,8.600021711,8.600024625
51.05,60.14911441,63.18148915,63.18149633,60.14908652,63.18146135,63.1814648,9.71280884e-05,4.668701063e-05,4.399995703,4.599995718,3.799995144,0.6000012708,0.6000012576,0.6000014263,8.400021483,8.600021409,8.600024281
51.1,60.14911366,63.1814884,63.18149548,60.14908616,63.18146099,63.1814644,9.577340953e-05,4.603584395e-05,4.399995763,4.599995778,3.799995211,0.6000012531,0.6000012401,0.6000014064,8.400021183,8.60002111,8.600023943
51.15,60.14911292,63.18148766,63.18149465,60.14908581,63.18146064,63.181464,9.443761518e-05,4.53937594e-05,4.399995822,4.599995837,3.799995278,0.6000012356,0.6000012228,0.6000013868,8.400020888,8.600020816,8.600023609
51.2,60.1491122,63.18148694,63.18149382,60.14908546,63.18146029,63.1814636,9.312044143e-05,4.476063033e-05,4.399995881,4.599995895,3.799995344,0.6000012184,0.6000012057,0.6000013675,8.400020596,8.600020525,8.600023279
51.25,60.14911148,63.18148622,63.18149301,60.14908511,63.18145995,63.18146321,9.182162813e-05,4.413633181e-05,4.399995938,4.599995952,3.799995409,0.6000012014,0.6000011889,0.6000013484,8.400020309,8.600020239,8.600022955
51.3,60.14911077,63.18148552,63.18149221,60.14908477,63.18145961,63.18146283,9.054091889e-05,4.35207407e-05,4.399995995,4.599996009,3.799995473,0.6000011846,0.6000011723,0.6000013296,8.400020026,8.600019957,8.600022635
51.35,60.14911007,63.18148482,63.18149142,60.14908443,63.18145927,63.18146245,8.927806097e-05,4.291373553e-05,4.399996051,4.599996064,3.799995536,0.6000011681,0.600001156,0.6000013111,8.400019747,8.600019678,8.600022319
51.4,60.14910938,63.18148414,63.18149064,60.1490841,63.18145894,63.18146207,8.803280531e-05,4.231519657e-05,4.399996106,4.599996119,3.799995598,0.6000011518,0.6000011398,0.6000012928,8.400019471,8.600019404,8.600022008
51.45,60.1491087,63.18148346,63.18148988,60.14908378,63.18145862,63.1814617,8.680490644e-05,4.172500573e-05,4.39999616,4.599996173,3.79999566,0.6000011357,0.6000011239,0.6000012747,8.4000192,8.600019133,8.600021701
51.5,60.14910803,63.18148279,63.18148912,60.14908345,63.1814583,63.18146134,8.559412242e-05,4.114304656e-05,4.399996214,4.599996227,3.79999572,0.6000011199,0.6000011083,0.600001257,8.400018932,8.600018866,8.600021398
51.55,60.14910737,63.18148213,63.18148837,60.14908314,63.18145798,63.18146098,8.440021486e-05,4.056920427e-05,4.399996266,4.599996279,3.79999578,0.6000011043,0.6000010928,0.6000012394,8.400018668,8.600018603,8.600021099
51.6,60.14910672,63.18148148,63.18148764,60.14908282,63.18145767,63.18146063,8.322294881e-05,4.000336563e-05,4.399996319,4.599996331,3.799995839,0.6000010889,0.6000010776,0.6000012221,8.400018407,8.600018344,8.600020805
51.65,60.14910608,63.18148084,63.18148691,60.14908252,63.18145736,63.18146028,8.206209276e-05,3.944541903e-05,4.39999637,4.599996382,3.799995897,0.6000010737,0.6000010625,0.6000012051,8.400018151,8.600018088,8.600020515
51.7,60.14910545,63.18148021,63.1814862,60.14908221,63.18145706,63.18145993,8.091741854e-05,3.889525438e-05,4.399996421,4.599996433,3.799995954,0.6000010587,0.6000010477,0.6000011883,8.400017897,8.600017835,8.600020229
51.75,60.14910482,63.18147959,63.18148549,60.14908191,63.18145676,63.1814596,7.978870133e-05,3.835276314e-05,4.39999647,4.599996483,3.799996011,0.6000010439,0.6000010331,0.6000011717,8.400017648,8.600017587,8.600019947
51.8,60.14910421,63.18147898,63.1814848,60.14908162,63.18145646,63.18145926,7.867571959e-05,3.78178383e-05,4.39999652,4.599996532,3.799996066,0.6000010294,0.6000010187,0.6000011554,8.400017402,8.600017341,8.600019668
51.85,60.1491036,63.18147837,63.18148411,60.14908132,63.18145617,63.18145893,7.757825499e-05,3.729037432e-05,4.399996568,4.59999658,3.799996121,0.600001015,0.6000010045,0.6000011392,8.400017159,8.600017099,8.600019394
51.9,60.149103,63.18147778,63.18148343,60.14908104,63.18145589,63.18145861,7.649609239e-05,3.677026714e-05,4.399996616,4.599996628,3.799996175,0.6000010009,0.6000009905,0.6000011234,8.400016919,8.600016861,8.600019123
51.95,60.14910241,63.18147719,63.18148277,60.14908075,63.1814556,63.18145829,7.542901976e-05,3.625741415e-05,4.399996663,4.599996675,3.799996229,0.6000009869,0.6000009766,0.6000011077,8.400016683,8.600016626,8.600018857
52,60.14910183,63.18147661,63.18148211,60.14908047,63.18145533,63.18145797,7.437682816e-05,3.575171417e-05,4.39999671,4.599996721,3.799996281,0.6000009731,0.600000963,0.6000010922,8.400016451,8.600016394,8.600018594
52.05,60.14910126,63.18147604,63.18148146,60.1490802,63.18145505,63.18145766,7.333931165e-05,3.525306744e-05,4.399996756,4.599996767,3.799996333,0.6000009596,0.6000009496,0.600001077,8.400016221,8.600016165,8.600018334
52.1,60.14910069,63.18147547,63.18148082,60.14907993,63.18145478,63.18145735,7.231626726e-05,3.476137557e-05,4.399996801,4.599996812,3.799996384,0.6000009462,0.6000009363,0.600001062,8.400015995,8.60001594,8.600018079
52.15,60.14910013,63.18147492,63.18148019,60.14907966,63.18145451,63.18145705,7.130749493e-05,3.427654158e-05,4.399996846,4.599996857,3.799996435,0.600000933,0.6000009233,0.6000010472,8.400015772,8.600015717,8.600017826
52.2,60.14909958,63.18147437,63.18147957,60.14907939,63.18145425,63.18145675,7.031279744e-05,3.37984698e-05,4.39999689,4.5999969,3.799996484,0.60000092,0.6000009104,0.6000010326,8.400015552,8.600015498,8.600017578
52.25,60.14909904,63.18147383,63.18147896,60.14907913,63.18145399,63.18145645,6.933198034e-05,3.332706593e-05,4.399996933,4.599996944,3.799996534,0.6000009071,0.6000008977,0.6000010182,8.400015335,8.600015282,8.600017332
52.3,60.14909851,63.1814733,63.18147835,60.14907888,63.18145373,63.18145616,6.836485194e-05,3.286223696e-05,4.399996976,4.599996986,3.799996582,0.6000008945,0.6000008852,0.6000010039,8.400015121,8.600015069,8.600017091
52.35,60.14909798,63.18147277,63.18147776,60.14907862,63.18145348,63.18145588,6.741122317e-05,3.240389118e-05,4.399997018,4.599997028,3.79999663,0.600000882,0.6000008728,0.6000009899,8.40001491,8.600014858,8.600016852
52.4,60.14909746,63.18147225,63.18147717,60.14907837,63.18145323,63.18145559,6.647090756e-05,3.195193818e-05,4.39999706,4.59999707,3.799996677,0.6000008697,0.6000008607,0.6000009761,8.400014702,8.600014651,8.600016617
52.45,60.14909695,63.18147174,63.18147659,60.14907813,63.18145299,63.18145532,6.554372117e-05,3.150628879e-05,4.399997101,4.599997111,3.799996723,0.6000008576,0.6000008486,0.6000009625,8.400014497,8.600014447,8.600016385
52.5,60.14909644,63.18147124,63.18147602,60.14907788,63.18145274,63.18145504,6.462948252e-05,3.106685509e-05,4.399997141,4.599997151,3.799996769,0.6000008456,0.6000008368,0.6000009491,8.400014295,8.600014245,8.600016157
52.55,60.14909594,63.18147074,63.18147545,60.14907764,63.18145251,63.18145477,6.372801249e-05,3.063355039e-05,4.399997181,4.599997191,3.799996814,0.6000008338,0.6000008251,0.6000009359,8.400014095,8.600014047,8.600015932
52.6,60.14909545,63.18147025,63.1814749,60.14907741,63.18145227,63.1814545,6.283913428e-05,3.02062892e-05,4.39999722,4.59999723,3.799996858,0.6000008222,0.6000008136,0.6000009228,8.400013899,8.600013851,8.600015709
52.65,60.14909497,63.18146977,63.18147435,60.14907717,63.18145204,63.18145424,6.19626733e-05,2.978498723e-05,4.399997259,4.599997268,3.799996902,0.6000008107,0.6000008023,0.6000009099,8.400013705,8.600013658,8.60001549
52.7,60.14909449,63.18146929,63.18147381,60.14907694,63.18145181,63.18145398,6.109845711e-05,2.936956137e-05,4.399997297,4.599997307,3.799996945,0.6000007994,0.6000007911,0.6000008972,8.400013514,8.600013467,8.600015274
52.75,60.14909402,63.18146882,63.18147328,60.14907672,63.18145158,63.18145372,6.024631535e-05,2.895992966e-05,4.399997335,4.599997344,3.799996988,0.6000007883,0.6000007801,0.6000008847,8.400013325,8.600013279,8.600015061
52.8,60.14909355,63.18146836,63.18147275,60.14907649,63.18145136,63.18145347,5.94060796e-05,2.855601129e-05,4.399997372,4.599997381,3.79999703,0.6000007773,0.6000007692,0.6000008724,8.400013139,8.600013094,8.600014851
52.85,60.1490931,63.1814679,63.18147224,60.14907627,63.18145114,63.18145322,5.857758337e-05,2.815772656e-05,4.399997409,4.599997418,3.799997071,0.6000007664,0.6000007584,0.6000008602,8.400012956,8.600012911,8.600014644
52.9,60.14909264,63.18146745,63.18147172,60.14907606,63.18145093,63.18145298,5.776066194e-05,2.77649969e-05,4.399997445,4.599997454,3.799997112,0.6000007557,0.6000007479,0.6000008482,8.400012776,8.600012731,8.60001444
52.95,60.1490922,63.18146701,63.18147122,60.14907584,63.18145071,63.18145274,5.695515227e-05,2.737774484e-05,4.399997481,4.599997489,3.799997152,0.6000007452,0.6000007374,0.6000008364,8.400012597,8.600012554,8.600014238
53,60.14909176,63.18146657,63.18147072,60.14907563,63.1814505,63.1814525,5.616089298e-05,2.699589397e-05,4.399997516,4.599997524,3.799997192,0.6000007348,0.6000007272,0.6000008247,8.400012422,8.600012379,8.60001404
53.05,60.14909133,63.18146614,63.18147024,60.14907542,63.18145029,63.18145226,5.537772414e-05,2.661936896e-05,4.39999755,4.599997559,3.799997231,0.6000007246,0.600000717,0.6000008132,8.400012248,8.600012206,8.600013844
53.1,60.1490909,63.18146572,63.18146975,60.14907522,63.18145009,63.18145203,5.460548725e-05,2.624809554e-05,4.399997584,4.599997593,3.79999727,0.6000007144,0.600000707,0.6000008019,8.400012078,8.600012036,8.600013651
53.15,60.14909048,63.1814653,63.18146928,60.14907502,63.18144989,63.1814518,5.384402507e-05,2.588200045e-05,4.399997618,4.599997626,3.799997308,0.6000007045,0.6000006972,0.6000007907,8.400011909,8.600011868,8.600013461
53.2,60.14909006,63.18146488,63.18146881,60.14907482,63.18144969,63.18145158,5.309318157e-05,2.552101146e-05,4.399997651,4.599997659,3.799997345,0.6000006947,0.6000006874,0.6000007797,8.400011743,8.600011703,8.600013273
53.25,60.14908965,63.18146447,63.18146835,60.14907462,63.18144949,63.18145135,5.235280176e-05,2.516505736e-05,4.399997684,4.599997692,3.799997382,0.600000685,0.6000006779,0.6000007688,8.400011579,8.600011539,8.600013088
53.3,60.14908925,63.18146407,63.18146789,60.14907443,63.1814493,63.18145113,5.162273162e-05,2.481406794e-05,4.399997716,4.599997724,3.799997419,0.6000006754,0.6000006684,0.6000007581,8.400011418,8.600011378,8.600012905
53.35,60.14908885,63.18146367,63.18146744,60.14907423,63.18144911,63.18145092,5.09028179e-05,2.446797393e-05,4.399997748,4.599997756,3.799997455,0.600000666,0.6000006591,0.6000007475,8.400011259,8.60001122,8.600012725
53.4,60.14908846,63.18146328,63.181467,60.14907405,63.18144892,63.1814507,5.019290811e-05,2.412670707e-05,4.39999778,4.599997787,3.79999749,0.6000006567,0.6000006499,0.6000007371,8.400011102,8.600011063,8.600012548
53.45,60.14908807,63.1814629,63.18146656,60.14907386,63.18144873,63.18145049,4.94928544e-05,2.379020002e-05,4.399997811,4.599997818,3.799997525,0.6000006476,0.6000006408,0.6000007268,8.400010947,8.600010909,8.600012373
53.5,60.14908769,63.18146252,63.18146613,60.14907368,63.18144855,63.18145029,4.880255556e-05,2.34583864e-05,4.399997841,4.599997849,3.79999756,0.6000006385,0.6000006319,0.6000007167,8.400010794,8.600010757,8.6000122
53.55,60.14908731,63.18146214,63.1814657,60.1490735,63.18144837,63.18145008,4.812188642e-05,2.313120076e-05,4.399997871,4.599997879,3.799997594,0.6000006296,0.6000006231,0.6000007067,8.400010644,8.600010607,8.60001203
53.6,60.14908694,63.18146177,63.18146528,60.14907332,63.18144819,63.18144988,4.745071178e-05,2.280857853e-05,4.399997901,4.599997908,3.799997628,0.6000006208,0.6000006144,0.6000006968,8.400010495,8.600010459,8.600011862
53.65,60.14908658,63.18146141,63.18146487,60.14907314,63.18144802,63.18144968,4.67888985e-05,2.249045607e-05,4.39999793,4.599997937,3.799997661,0.6000006122,0.6000006058,0.6000006871,8.400010349,8.600010313,8.600011697
53.7,60.14908622,63.18146105,63.18146446,60.14907297,63.18144785,63.18144949,4.613631544e-05,2.217677062e-05,4.399997959,4.599997966,3.799997693,0.6000006036,0.6000005974,0.6000006775,8.400010204,8.600010169,8.600011534
53.75,60.14908586,63.18146069,63.18146406,60.1490728,63.18144768,63.18144929,4.549283345e-05,2.186746029e-05,4.399997988,4.599997995,3.799997725,0.6000005952,0.600000589,0.6000006681,8.400010062,8.600010027,8.600011373
53.8,60.14908551,63.18146034,63.18146366,60.14907263,63.18144751,63.1814491,4.485832531e-05,2.156246407e-05,4.399998016,4.599998023,3.799997757,0.6000005869,0.6000005808,0.6000006588,8.400009922,8.600009887,8.600011214
53.85,60.14908516,63.18146,63.18146327,60.14907246,63.18144734,63.18144891,4.423266564e-05,2.126172178e-05,4.399998043,4.59999805,3.799997788,0.6000005787,0.6000005727,0.6000006496,8.400009783,8.60000975,8.600011058
53.9,60.14908482,63.18145966,63.18146288,60.1490723,63.18144718,63.18144873,4.361573099e-05,2.096517409e-05,4.399998071,4.599998077,3.799997819,0.6000005707,0.6000005647,0.6000006405,8.400009647,8.600009614,8.600010904
53.95,60.14908449,63.18145932,63.1814625,60.14907214,63.18144702,63.18144855,4.300739965e-05,2.06727625e-05,4.399998098,4.599998104,3.79999785,0.6000005627,0.6000005569,0.6000006316,8.400009512,8.60000948,8.600010752
54,60.14908415,63.18145899,63.18146213,60.14907198,63.18144686,63.18144837,4.24075517e-05,2.038442932e-05,4.399998124,4.599998131,3.79999788,0.6000005549,0.6000005491,0.6000006228,8.40000938,8.600009347,8.600010602
54.05,60.14908383,63.18145867,63.18146176,60.14907182,63.1814467,63.18144819,4.181606897e-05,2.010011766e-05,4.39999815,4.599998157,3.799997909,0.6000005471,0.6000005414,0.6000006141,8.400009249,8.600009217,8.600010454
54.1,60.1490835,63.18145835,63.1814614,60.14907166,63.18144655,63.18144801,4.123283498e-05,1.981977144e-05,4.399998176,4.599998182,3.799997938,0.6000005395,0.6000005339,0.6000006055,8.40000912,8.600009088,8.600010308
54.15,60.14908319,63.18145803,63.18146104,60.14907151,63.18144639,63.18144784,4.065773492e-05,1.954333534e-05,4.399998201,4.599998208,3.799997967,0.600000532,0.6000005264,0.6000005971,8.400008993,8.600008962,8.600010164
54.2,60.14908287,63.18145772,63.18146068,60.14907136,63.18144624,63.18144767,4.009065561e-05,1.927075483e-05,4.399998227,4.599998233,3.799997996,0.6000005245,0.6000005191,0.6000005887,8.400008867,8.600008837,8.600010022
54.25,60.14908256,63.18145741,63.18146033,60.14907121,63.1814461,63.1814475,3.953148548e-05,1.900197614e-05,4.399998251,4.599998257,3.799998023,0.6000005172,0.6000005118,0.6000005805,8.400008744,8.600008713,8.600009883
54.3,60.14908226,63.18145711,63.18145999,60.14907107,63.18144595,63.18144734,3.898011454e-05,1.873694623e-05,4.399998276,4.599998282,3.799998051,0.60000051,0.6000005047,0.6000005724,8.400008622,8.600008592,8.600009745
54.35,60.14908196,63.18145681,63.18145965,60.14907092,63.18144581,63.18144717,3.843643431e-05,1.847561283e-05,4.3999983,4.599998306,3.799998078,0.6000005029,0.6000004977,0.6000005644,8.400008501,8.600008472,8.600009609
54.4,60.14908166,63.18145651,63.18145931,60.14907078,63.18144566,63.18144701,3.790033787e-05,1.821792438e-05,4.399998323,4.599998329,3.799998105,0.6000004959,0.6000004907,0.6000005566,8.400008383,8.600008354,8.600009475
54.45,60.14908137,63.18145622,63.18145898,60.14907064,63.18144552,63.18144685,3.737171974e-05,1.796383002e-05,4.399998347,4.599998353,3.799998131,0.600000489,0.6000004839,0.6000005488,8.400008266,8.600008237,8.600009343
54.5,60.14908108,63.18145593,63.18145866,60.1490705,63.18144539,63.1814467,3.685047595e-05,1.771327965e-05,4.39999837,4.599998376,3.799998158,0.6000004821,0.6000004771,0.6000005412,8.400008151,8.600008122,8.600009212
54.55,60.1490808,63.18145565,63.18145834,60.14907036,63.18144525,63.18144654,3.633650393e-05,1.746622384e-05,4.399998393,4.599998398,3.799998183,0.6000004754,0.6000004705,0.6000005336,8.400008037,8.600008009,8.600009084
54.6,60.14908052,63.18145537,63.18145802,60.14907023,63.18144512,63.18144639,3.582970252e-05,1.722261382e-05,4.399998415,4.599998421,3.799998209,0.6000004688,0.6000004639,0.6000005262,8.400007925,8.600007897,8.600008957
54.65,60.14908024,63.18145509,63.18145771,60.1490701,63.18144498,63.18144624,3.532997197e-05,1.698240155e-05,4.399998437,4.599998443,3.799998234,0.6000004623,0.6000004574,0.6000005188,8.400007814,8.600007787,8.600008832
54.7,60.14907997,63.18145482,63.1814574,60.14906996,63.18144485,63.18144609,3.483721388e-05,1.674553965e-05,4.399998459,4.599998464,3.799998258,0.6000004558,0.6000004511,0.6000005116,8.400007705,8.600007679,8.600008709
54.75,60.1490797,63.18145455,63.18145709,60.14906984,63.18144472,63.18144595,3.435133118e-05,1.651198138e-05,4.39999848,4.599998486,3.799998282,0.6000004494,0.6000004448,0.6000005045,8.400007598,8.600007572,8.600008588
54.8,60.14907943,63.18145429,63.1814568,60.14906971,63.1814446,63.1814458,3.387222815e-05,1.628168065e-05,4.399998502,4.599998507,3.799998306,0.6000004432,0.6000004386,0.6000004974,8.400007492,8.600007466,8.600008468
54.85,60.14907917,63.18145403,63.1814565,60.14906958,63.18144447,63.18144566,3.339981033e-05,1.605459205e-05,4.399998523,4.599998528,3.79999833,0.600000437,0.6000004325,0.6000004905,8.400007387,8.600007362,8.60000835
54.9,60.14907892,63.18145377,63.18145621,60.14906946,63.18144435,63.18144552,3.293398459e-05,1.583067075e-05,4.399998543,4.599998548,3.799998353,0.6000004309,0.6000004264,0.6000004836,8.400007284,8.600007259,8.600008233
54.95,60.14907866,63.18145352,63.18145592,60.14906934,63.18144423,63.18144538,3.2474659e-05,1.560987261e-05,4.399998563,4.599998568,3.799998376,0.6000004249,0.6000004205,0.6000004769,8.400007183,8.600007158,8.600008118
55,60.14907841,63.18145327,63.18145564,60.14906922,63.18144411,63.18144525,3.202174292e-05,1.539215404e-05,4.399998583,4.599998588,3.799998399,0.600000419,0.6000004146,0.6000004702,8.400007083,8.600007058,8.600008005
55.05,60.14907816,63.18145302,63.18145536,60.1490691,63.18144399,63.18144511,3.157514692e-05,1.51774721e-05,4.399998603,4.599998608,3.799998421,0.6000004131,0.6000004088,0.6000004637,8.400006984,8.60000696,8.600007894
55.1,60.14907792,63.18145278,63.18145508,60.14906898,63.18144387,63.18144498,3.113478277e-05,1.496578443e-05,4.399998623,4.599998627,3.799998443,0.6000004074,0.6000004031,0.6000004572,8.400006886,8.600006863,8.600007783
55.15,60.14907768,63.18145254,63.18145481,60.14906886,63.18144376,63.18144485,3.070056345e-05,1.475704927e-05,4.399998642,4.599998647,3.799998465,0.6000004017,0.6000003975,0.6000004508,8.40000679,8.600006767,8.600007675
55.2,60.14907744,63.18145231,63.18145455,60.14906875,63.18144364,63.18144472,3.027240308e-05,1.455122545e-05,4.399998661,4.599998665,3.799998486,0.6000003961,0.600000392,0.6000004446,8.400006696,8.600006673,8.600007568
55.25,60.14907721,63.18145207,63.18145428,60.14906864,63.18144353,63.18144459,2.985021697e-05,1.434827236e-05,4.39999868,4.599998684,3.799998508,0.6000003906,0.6000003865,0.6000004384,8.400006602,8.600006579,8.600007462
55.3,60.14907698,63.18145184,63.18145402,60.14906853,63.18144342,63.18144447,2.943392159e-05,1.414814994e-05,4.399998698,4.599998702,3.799998528,0.6000003851,0.6000003811,0.6000004322,8.40000651,8.600006488,8.600007358
55.35,60.14907675,63.18145162,63.18145376,60.14906842,63.18144331,63.18144434,2.902343447e-05,1.395081874e-05,4.399998716,4.599998721,3.799998549,0.6000003797,0.6000003758,0.6000004262,8.400006419,8.600006397,8.600007256
55.4,60.14907653,63.1814514,63.18145351,60.14906831,63.18144321,63.18144422,2.861867435e-05,1.375623981e-05,4.399998734,4.599998738,3.799998569,0.6000003744,0.6000003705,0.6000004203,8.40000633,8.600006308,8.600007154
55.45,60.14907631,63.18145118,63.18145326,60.14906821,63.1814431,63.1814441,2.8219561e-05,1.356437477e-05,4.399998752,4.599998756,3.799998589,0.6000003692,0.6000003654,0.6000004144,8.400006242,8.60000622,8.600007055
55.5,60.14907609,63.18145096,63.18145302,60.1490681,63.181443,63.18144398,2.782601533e-05,1.337518577e-05,4.399998769,4.599998773,3.799998609,0.6000003641,0.6000003603,0.6000004086,8.400006155,8.600006133,8.600006956
55.55,60.14907588,63.18145074,63.18145277,60.149068,63.18144289,63.18144387,2.743795929e-05,1.318863547e-05,4.399998786,4.59999879,3.799998628,0.600000359,0.6000003553,0.6000004029,8.400006069,8.600006048,8.600006859
55.6,60.14907566,63.18145053,63.18145253,60.1490679,63.18144279,63.18144375,2.705531592e-05,1.300468709e-05,4.399998803,4.599998807,3.799998647,0.600000354,0.6000003503,0.6000003973,8.400005984,8.600005963,8.600006764
55.65,60.14907546,63.18145033,63.1814523,60.1490678,63.18144269,63.18144364,2.667800932e-05,1.282330432e-05,4.39999882,4.599998824,3.799998666,0.6000003491,0.6000003454,0.6000003918,8.400005901,8.60000588,8.600006669
55.7,60.14907525,63.18145012,63.18145207,60.1490677,63.18144259,63.18144353,2.630596461e-05,1.264445139e-05,4.399998836,4.59999884,3.799998685,0.6000003442,0.6000003406,0.6000003863,8.400005818,8.600005798,8.600006576
55.75,60.14907505,63.18144992,63.18145184,60.1490676,63.1814425,63.18144342,2.593910798e-05,1.246809301e-05,4.399998853,4.599998857,3.799998703,0.6000003394,0.6000003359,0.6000003809,8.400005737,8.600005717,8.600006485
55.8,60.14907485,63.18144972,63.18145161,60.1490675,63.1814424,63.18144331,2.557736658e-05,1.229419438e-05,4.399998869,4.599998872,3.799998721,0.6000003347,0.6000003312,0.6000003756,8.400005657,8.600005638,8.600006394
55.85,60.14907465,63.18144952,63.18145139,60.14906741,63.18144231,63.1814432,2.522066865e-05,1.212272121e-05,4.399998884,4.599998888,3.799998739,0.60000033,0.6000003266,0.6000003704,8.400005578,8.600005559,8.600006305
55.9,60.14907446,63.18144933,63.18145117,60.14906731,63.18144221,63.1814431,2.486894336e-05,1.195363965e-05,4.3999989,4.599998904,3.799998757,0.6000003254,0.600000322,0.6000003652,8.400005501,8.600005482,8.600006217
55.95,60.14907426,63.18144914,63.18145095,60.14906722,63.18144212,63.18144299,2.452212092e-05,1.178691636e-05,4.399998915,4.599998919,3.799998774,0.6000003208,0.6000003175,0.6000003601,8.400005424,8.600005405,8.60000613
56,60.14907408,63.18144895,63.18145074,60.14906713,63.18144203,63.18144289,2.41801325e-05,1.162251845e-05,4.39999893,4.599998934,3.799998791,0.6000003164,0.6000003131,0.6000003551,8.400005348,8.60000533,8.600006045
56.05,60.14907389,63.18144876,63.18145053,60.14906704,63.18144194,63.18144279,2.384291026e-05,1.146041347e-05,4.399998945,4.599998949,3.799998808,0.600000312,0.6000003087,0.6000003501,8.400005274,8.600005255,8.600005961
56.1,60.1490737,63.18144858,63.18145032,60.14906695,63.18144185,63.18144269,2.351038728e-05,1.130056945e-05,4.39999896,4.599998964,3.799998825,0.6000003076,0.6000003044,0.6000003453,8.4000052,8.600005182,8.600005877
56.15,60.14907352,63.1814484,63.18145011,60.14906687,63.18144177,63.18144259,2.318249765e-05,1.114295484e-05,4.399998974,4.599998978,3.799998841,0.6000003033,0.6000003002,0.6000003404,8.400005128,8.60000511,8.600005795
56.2,60.14907334,63.18144822,63.18144991,60.14906678,63.18144168,63.18144249,2.285917637e-05,1.098753857e-05,4.399998989,4.599998992,3.799998857,0.6000002991,0.600000296,0.6000003357,8.400005056,8.600005039,8.600005715
56.25,60.14907317,63.18144805,63.18144971,60.1490667,63.1814416,63.1814424,2.254035937e-05,1.083428997e-05,4.399999003,4.599999006,3.799998873,0.6000002949,0.6000002918,0.600000331,8.400004985,8.600004968,8.600005635
56.3,60.14907299,63.18144787,63.18144952,60.14906661,63.18144151,63.1814423,2.222598353e-05,1.06831788e-05,4.399999017,4.59999902,3.799998889,0.6000002908,0.6000002878,0.6000003264,8.400004916,8.600004899,8.600005556
56.35,60.14907282,63.1814477,63.18144932,60.14906653,63.18144143,63.18144221,2.191598663e-05,1.053417525e-05,4.399999031,4.599999034,3.799998904,0.6000002867,0.6000002838,0.6000003218,8.400004847,8.600004831,8.600005479
56.4,60.14907265,63.18144753,63.18144913,60.14906645,63.18144135,63.18144212,2.161030735e-05,1.038724992e-05,4.399999044,4.599999047,3.79999892,0.6000002827,0.6000002798,0.6000003174,8.40000478,8.600004763,8.600005402
56.45,60.14907249,63.18144737,63.18144894,60.14906637,63.18144127,63.18144203,2.130888529e-05,1.024237384e-05,4.399999057,4.599999061,3.799998935,0.6000002788,0.6000002759,0.6000003129,8.400004713,8.600004697,8.600005327
56.5,60.14907232,63.1814472,63.18144876,60.14906629,63.18144119,63.18144194,2.101166093e-05,1.009951842e-05,4.399999071,4.599999074,3.799998949,0.6000002749,0.6000002721,0.6000003086,8.400004647,8.600004631,8.600005253
56.55,60.14907216,63.18144704,63.18144857,60.14906621,63.18144111,63.18144185,2.071857561e-05,9.958655467e-06,4.399999083,4.599999087,3.799998964,0.6000002711,0.6000002683,0.6000003043,8.400004583,8.600004567,8.600005179
56.6,60.149072,63.18144688,63.18144839,60.14906613,63.18144104,63.18144176,2.042957156e-05,9.819757206e-06,4.399999096,4.599999099,3.799998979,0.6000002673,0.6000002645,0.6000003,8.400004519,8.600004503,8.600005107
56.65,60.14907184,63.18144673,63.18144822,60.14906606,63.18144096,63.18144168,2.014459188e-05,9.682796223e-06,4.399999109,4.599999112,3.799998993,0.6000002636,0.6000002608,0.6000002958,8.400004456,8.60000444,8.600005036
56.7,60.14907169,63.18144657,63.18144804,60.14906598,63.18144089,63.18144159,1.986358049e-05,9.547745499e-06,4.399999121,4.599999124,3.799999007,0.6000002599,0.6000002572,0.6000002917,8.400004393,8.600004378,8.600004966
56.75,60.14907154,63.18144642,63.18144787,60.14906591,63.18144081,63.18144151,1.958648218e-05,9.414578397e-06,4.399999134,4.599999137,3.799999021,0.6000002563,0.6000002536,0.6000002876,8.400004332,8.600004317,8.600004896
56.8,60.14907138,63.18144627,63.1814477,60.14906584,63.18144074,63.18144143,1.931324254e-05,9.283268646e-06,4.399999146,4.599999149,3.799999034,0.6000002527,0.6000002501,0.6000002836,8.400004272,8.600004257,8.600004828
56.85,60.14907124,63.18144612,63.18144753,60.14906577,63.18144067,63.18144135,1.9043808e-05,9.15379033e-06,4.399999158,4.59999916,3.799999048,0.6000002492,0.6000002466,0.6000002797,8.400004212,8.600004198,8.600004761
56.9,60.14907109,63.18144597,63.18144736,60.1490657,63.1814406,63.18144127,1.87781258e-05,9.026117915e-06,4.399999169,4.599999172,3.799999061,0.6000002457,0.6000002431,0.6000002758,8.400004153,8.600004139,8.600004694
56.95,60.14907094,63.18144583,63.1814472,60.14906563,63.18144053,63.18144119,1.851614397e-05,8.900226211e-06,4.399999181,4.599999184,3.799999074,0.6000002423,0.6000002397,0.6000002719,8.400004095,8.600004081,8.600004629
57,60.1490708,63.18144569,63.18144704,60.14906556,63.18144046,63.18144111,1.825781132e-05,8.776090374e-06,4.399999192,4.599999195,3.799999087,0.6000002389,0.6000002364,0.6000002681,8.400004038,8.600004024,8.600004564
57.05,60.14907066,63.18144555,63.18144688,60.14906549,63.18144039,63.18144103,1.800307745e-05,8.653685927e-06,4.399999204,4.599999206,3.7999991,0.6000002355,0.6000002331,0.6000002644,8.400003982,8.600003968,8.600004501
57.1,60.14907052,63.18144541,63.18144672,60.14906542,63.18144033,63.18144096,1.775189272e-05,8.532988714e-06,4.399999215,4.599999217,3.799999112,0.6000002323,0.6000002298,0.6000002607,8.400003926,8.600003913,8.600004438
57.15,60.14907038,63.18144527,63.18144657,60.14906536,63.18144026,63.18144088,1.750420821e-05,8.413974924e-06,4.399999226,4.599999228,3.799999125,0.600000229,0.6000002266,0.6000002571,8.400003872,8.600003858,8.600004376
57.2,60.14907025,63.18144514,63.18144641,60.14906529,63.1814402,63.18144081,1.72599758e-05,8.296621083e-06,4.399999236,4.599999239,3.799999137,0.6000002258,0.6000002235,0.6000002535,8.400003818,8.600003804,8.600004315
57.25,60.14907012,63.181445,63.18144626,60.14906523,63.18144013,63.18144074,1.701914801e-05,8.180904028e-06,4.399999247,4.59999925,3.799999149,0.6000002227,0.6000002204,0.6000002499,8.400003764,8.600003751,8.600004255
57.3,60.14906998,63.18144487,63.18144611,60.14906517,63.18144007,63.18144067,1.678167814e-05,8.066800935e-06,4.399999258,4.59999926,3.799999161,0.6000002196,0.6000002173,0.6000002464,8.400003712,8.600003699,8.600004195
57.35,60.14906985,63.18144474,63.18144597,60.1490651,63.18144001,63.1814406,1.654752017e-05,7.954289295e-06,4.399999268,4.599999271,3.799999173,0.6000002165,0.6000002143,0.600000243,8.40000366,8.600003647,8.600004137
57.4,60.14906973,63.18144462,63.18144582,60.14906504,63.18143995,63.18144053,1.631662873e-05,7.843346909e-06,4.399999278,4.599999281,3.799999184,0.6000002135,0.6000002113,0.6000002396,8.400003609,8.600003596,8.600004079
57.45,60.1490696,63.18144449,63.18144568,60.14906498,63.18143989,63.18144046,1.608895914e-05,7.733951895e-06,4.399999288,4.599999291,3.799999196,0.6000002105,0.6000002083,0.6000002363,8.400003559,8.600003546,8.600004022
57.5,60.14906948,63.18144437,63.18144554,60.14906492,63.18143983,63.18144039,1.586446737e-05,7.62608266e-06,4.399999298,4.599999301,3.799999207,0.6000002076,0.6000002054,0.600000233,8.400003509,8.600003497,8.600003966
57.55,60.14906935,63.18144425,63.1814454,60.14906486,63.18143977,63.18144033,1.564311001e-05,7.519717934e-06,4.399999308,4.59999931,3.799999218,0.6000002047,0.6000002025,0.6000002297,8.40000346,8.600003448,8.600003911
57.6,60.14906923,63.18144413,63.18144527,60.1490648,63.18143971,63.18144026,1.542484428e-05,7.414836731e-06,4.399999318,4.59999932,3.799999229,0.6000002018,0.6000001997,0.6000002265,8.400003412,8.6000034,8.600003856
57.65,60.14906911,63.18144401,63.18144513,60.14906475,63.18143965,63.1814402,1.520962799e-05,7.311418358e-06,4.399999327,4.59999933,3.79999924,0.600000199,0.6000001969,0.6000002234,8.400003364,8.600003352,8.600003802
57.7,60.149069,63.18144389,63.181445,60.14906469,63.1814396,63.18144013,1.499741951e-05,7.209442411e-06,4.399999337,4.599999339,3.79999925,0.6000001962,0.6000001942,0.6000002202,8.400003317,8.600003306,8.600003749
57.75,60.14906888,63.18144377,63.18144487,60.14906464,63.18143954,63.18144007,1.478817781e-05,7.108888773e-06,4.399999346,4.599999348,3.799999261,0.6000001935,0.6000001915,0.6000002172,8.400003271,8.60000326,8.600003697
57.8,60.14906877,63.18144366,63.18144474,60.14906458,63.18143949,63.18144001,1.458186236e-05,7.009737603e-06,4.399999355,4.599999357,3.799999271,0.6000001908,0.6000001888,0.6000002141,8.400003225,8.600003214,8.600003645
57.85,60.14906866,63.18144355,63.18144461,60.14906453,63.18143943,63.18143995,1.437843318e-05,6.911969347e-06,4.399999364,4.599999366,3.799999281,0.6000001881,0.6000001862,0.6000002111,8.40000318,8.600003169,8.600003594
57.9,60.14906854,63.18144344,63.18144449,60.14906447,63.18143938,63.18143989,1.417785076e-05,6.815564712e-06,4.399999373,4.599999375,3.799999291,0.6000001855,0.6000001836,0.6000002082,8.400003136,8.600003125,8.600003544
57.95,60.14906844,63.18144333,63.18144436,60.14906442,63.18143933,63.18143983,1.398007608e-05,6.720504676e-06,4.399999382,4.599999384,3.799999301,0.6000001829,0.600000181,0.6000002053,8.400003092,8.600003081,8.600003495
58,60.14906833,63.18144322,63.18144424,60.14906437,63.18143928,63.18143977,1.378507057e-05,6.626770493e-06,4.39999939,4.599999392,3.799999311,0.6000001804,0.6000001785,0.6000002024,8.400003049,8.600003038,8.600003446
58.05,60.14906822,63.18144312,63.18144412,60.14906432,63.18143923,63.18143971,1.359279609e-05,6.534343669e-06,4.399999399,4.599999401,3.79999932,0.6000001778,0.600000176,0.6000001996,8.400003006,8.600002996,8.600003398
58.1,60.14906812,63.18144301,63.181444,60.14906427,63.18143918,63.18143965,1.34032149e-05,6.443205961e-06,4.399999407,4.599999409,3.79999933,0.6000001754,0.6000001735,0.6000001968,8.400002965,8.600002954,8.600003351
58.15,60.14906801,63.18144291,63.18144389,60.14906422,63.18143913,63.1814396,1.321628963e-05,6.353339398e-06,4.399999415,4.599999417,3.799999339,0.6000001729,0.6000001711,0.6000001941,8.400002923,8.600002913,8.600003304
58.2,60.14906791,63.18144281,63.18144377,60.14906417,63.18143908,63.18143954,1.303198326e-05,6.264726255e-06,4.399999424,4.599999426,3.799999348,0.6000001705,0.6000001687,0.6000001914,8.400002882,8.600002872,8.600003258
58.25,60.14906781,63.18144271,63.18144366,60.14906412,63.18143903,63.18143949,1.285025911e-05,6.177349033e-06,4.399999432,4.599999434,3.799999358,0.6000001681,0.6000001664,0.6000001887,8.400002842,8.600002832,8.600003212
58.3,60.14906771,63.18144261,63.18144354,60.14906407,63.18143898,63.18143943,1.267108077e-05,6.091190505e-06,4.399999439,4.599999441,3.799999366,0.6000001658,0.6000001641,0.6000001861,8.400002803,8.600002793,8.600003168
58.35,60.14906761,63.18144251,63.18144343,60.14906403,63.18143894,63.18143938,1.249441212e-05,6.006233677e-06,4.399999447,4.599999449,3.799999375,0.6000001635,0.6000001618,0.6000001835,8.400002764,8.600002754,8.600003124
58.4,60.14906752,63.18144241,63.18144333,60.14906398,63.18143889,63.18143933,1.232021724e-05,5.922461782e-06,4.399999455,4.599999457,3.799999384,0.6000001612,0.6000001595,0.6000001809,8.400002725,8.600002716,8.60000308
58.45,60.14906742,63.18144232,63.18144322,60.14906393,63.18143884,63.18143928,1.214846044e-05,5.839858296e-06,4.399999463,4.599999464,3.799999393,0.6000001589,0.6000001573,0.6000001784,8.400002687,8.600002678,8.600003037
58.5,60.14906733,63.18144223,63.18144311,60.14906389,63.1814388,63.18143922,1.197910618e-05,5.758406919e-06,4.39999947,4.599999472,3.799999401,0.6000001567,0.6000001551,0.6000001759,8.40000265,8.60000264,8.600002995
58.55,60.14906724,63.18144213,63.18144301,60.14906384,63.18143875,63.18143917,1.181211907e-05,5.678091587e-06,4.399999477,4.599999479,3.799999409,0.6000001545,0.6000001529,0.6000001735,8.400002613,8.600002604,8.600002953
58.6,60.14906715,63.18144204,63.1814429,60.1490638,63.18143871,63.18143912,1.16474638e-05,5.598896454e-06,4.399999485,4.599999487,3.799999418,0.6000001524,0.6000001508,0.600000171,8.400002576,8.600002567,8.600002912
58.65,60.14906706,63.18144195,63.1814428,60.14906376,63.18143867,63.18143908,1.148510515e-05,5.520805889e-06,4.399999492,4.599999494,3.799999426,0.6000001503,0.6000001487,0.6000001687,8.40000254,8.600002531,8.600002871
58.7,60.14906697,63.18144187,63.1814427,60.14906371,63.18143863,63.18143903,1.132500789e-05,5.443804495e-06,4.399999499,4.599999501,3.799999434,0.6000001482,0.6000001466,0.6000001663,8.400002505,8.600002496,8.600002831
58.75,60.14906688,63.18144178,63.1814426,60.14906367,63.18143858,63.18143898,1.11671368e-05,5.367877075e-06,4.399999506,4.599999508,3.799999442,0.6000001461,0.6000001446,0.600000164,8.40000247,8.600002461,8.600002792
58.8,60.14906679,63.18144169,63.18144251,60.14906363,63.18143854,63.18143893,1.10114566e-05,5.293008652e-06,4.399999513,4.599999515,3.799999449,0.6000001441,0.6000001426,0.6000001617,8.400002436,8.600002427,8.600002753
58.85,60.14906671,63.18144161,63.18144241,60.14906359,63.1814385,63.18143889,1.085793192e-05,5.21918446e-06,4.39999952,4.599999521,3.799999457,0.6000001421,0.6000001406,0.6000001595,8.400002402,8.600002393,8.600002714
58.9,60.14906662,63.18144153,63.18144232,60.14906355,63.18143846,63.18143884,1.070652725e-05,5.146389924e-06,4.399999526,4.599999528,3.799999465,0.6000001401,0.6000001386,0.6000001572,8.400002368,8.60000236,8.600002677
58.95,60.14906654,63.18144144,63.18144222,60.14906351,63.18143842,63.1814388,1.055720763e-05,5.074610696e-06,4.399999533,4.599999535,3.799999472,0.6000001381,0.6000001367,0.600000155,8.400002335,8.600002327,8.600002639
59,60.14906646,63.18144136,63.18144213,60.14906347,63.18143838,63.18143875,1.040996106e-05,5.003832606e-06,4.39999954,4.599999541,3.79999948,0.6000001362,0.6000001348,0.6000001529,8.400002302,8.600002295,8.600002602
59.05,60.14906638,63.18144128,63.18144204,60.14906343,63.18143834,63.18143871,1.026476821e-05,4.93404169e-06,4.399999546,4.599999547,3.799999487,0.6000001343,0.6000001329,0.6000001507,8.40000227,8.600002263,8.600002566
59.1,60.1490663,63.1814412,63.18144195,60.14906339,63.18143831,63.18143867,1.012160045e-05,4.865224185e-06,4.399999552,4.599999554,3.799999494,0.6000001324,0.6000001311,0.6000001486,8.400002239,8.600002231,8.60000253
59.15,60.14906622,63.18144113,63.18144186,60.14906336,63.18143827,63.18143862,9.980429504e-06,4.797366511e-06,4.399999559,4.59999956,3.799999501,0.6000001306,0.6000001292,0.6000001466,8.400002207,8.6000022,8.600002495
59.2,60.14906615,63.18144105,63.18144178,60.14906332,63.18143823,63.18143858,9.841227545e-06,4.730455281e-06,4.399999565,4.599999566,3.799999508,0.6000001288,0.6000001274,0.6000001445,8.400002177,8.600002169,8.60000246
59.25,60.14906607,63.18144097,63.18144169,60.14906328,63.1814382,63.18143854,9.703967106e-06,4.664477294e-06,4.399999571,4.599999572,3.799999515,0.600000127,0.6000001256,0.6000001425,8.400002146,8.600002139,8.600002426
59.3,60.149066,63.1814409,63.18144161,60.14906325,63.18143816,63.1814385,9.568621104e-06,4.599419535e-06,4.399999577,4.599999578,3.799999522,0.6000001252,0.6000001239,0.6000001405,8.400002116,8.600002109,8.600002392
59.35,60.14906592,63.18144082,63.18144152,60.14906321,63.18143812,63.18143846,9.43516284e-06,4.535269169e-06,4.399999583,4.599999584,3.799999528,0.6000001234,0.6000001222,0.6000001386,8.400002087,8.60000208,8.600002359
59.4,60.14906585,63.18144075,63.18144144,60.14906318,63.18143809,63.18143842,9.303565986e-06,4.472013539e-06,4.399999588,4.59999959,3.799999535,0.6000001217,0.6000001205,0.6000001366,8.400002058,8.600002051,8.600002326
59.45,60.14906578,63.18144068,63.18144136,60.14906314,63.18143806,63.18143838,9.173804578e-06,4.409640164e-06,4.399999594,4.599999596,3.799999541,0.60000012,0.6000001188,0.6000001347,8.400002029,8.600002022,8.600002293
59.5,60.14906571,63.18144061,63.18144128,60.14906311,63.18143802,63.18143834,9.045853017e-06,4.348136744e-06,4.3999996,4.599999601,3.799999548,0.6000001184,0.6000001171,0.6000001328,8.400002001,8.600001994,8.600002261
59.55,60.14906564,63.18144054,63.1814412,60.14906308,63.18143799,63.18143831,8.919686054e-06,4.287491143e-06,4.399999605,4.599999607,3.799999554,0.6000001167,0.6000001155,0.600000131,8.400001973,8.600001966,8.60000223
59.6,60.14906557,63.18144047,63.18144112,60.14906304,63.18143796,63.18143827,8.795278809e-06,4.227691398e-06,4.399999611,4.599999612,3.79999956,0.6000001151,0.6000001139,0.6000001292,8.400001945,8.600001939,8.600002199
59.65,60.1490655,63.1814404,63.18144105,60.14906301,63.18143792,63.18143823,8.672606731e-06,4.168725702e-06,4.399999616,4.599999618,3.799999566,0.6000001135,0.6000001123,0.6000001274,8.400001918,8.600001912,8.600002168
59.7,60.14906543,63.18144034,63.18144097,60.14906298,63.18143789,63.18143819,8.551645619e-06,4.110582436e-06,4.399999622,4.599999623,3.799999572,0.6000001119,0.6000001107,0.6000001256,8.400001891,8.600001885,8.600002138
59.75,60.14906537,63.18144027,63.1814409,60.14906295,63.18143786,63.18143816,8.432371611e-06,4.05325012e-06,4.399999627,4.599999628,3.799999578,0.6000001103,0.6000001092,0.6000001238,8.400001865,8.600001859,8.600002108
59.8,60.1490653,63.18144021,63.18144082,60.14906291,63.18143783,63.18143812,8.314761172e-06,3.996717451e-06,4.399999632,4.599999633,3.799999584,0.6000001088,0.6000001077,0.6000001221,8.400001839,8.600001833,8.600002079
59.85,60.14906524,63.18144014,63.18144075,60.14906288,63.1814378,63.18143809,8.198791112e-06,3.940973263e-06,4.399999637,4.599999639,3.79999959,0.6000001073,0.6000001062,0.6000001204,8.400001813,8.600001807,8.60000205
59.9,60.14906518,63.18144008,63.18144068,60.14906285,63.18143777,63.18143805,8.08443854e-06,3.886006576e-06,4.399999642,4.599999644,3.799999596,0.6000001058,0.6000001047,0.6000001187,8.400001788,8.600001782,8.600002021
59.95,60.14906511,63.18144002,63.18144061,60.14906282,63.18143774,63.18143802,7.971680902e-06,3.831806527e-06,4.399999647,4.599999649,3.799999601,0.6000001043,0.6000001032,0.6000001171,8.400001763,8.600001757,8.600001993
60,60.14906505,63.18143996,63.18144054,60.14906279,63.18143771,63.18143799,7.860495944e-06,3.778362437e-06,4.399999652,4.599999653,3.799999607,0.6000001028,0.6000001018,0.6000001154,8.400001739,8.600001733,8.600001965
